cv_fold,maze_name,episode_id,query_index,start_x,start_y,goal_x,goal_y,strategy,requested_steps,compute_seconds,steps_until_stop,seconds_per_step,goal_reached
3,OPEN,16,16,2,3,2,4,greedy,16,0.03058119979687035,13,0.0023523999843746424,True
3,OPEN,16,16,2,3,2,4,beam_2,16,0.0011965001467615366,1,0.0011965001467615366,True
3,OPEN,16,16,2,3,2,4,beam_3,16,0.0011674000415951014,1,0.0011674000415951014,True
3,OPEN,47,47,2,5,2,4,greedy,16,0.03488049982115626,11,0.003170954529196024,True
3,OPEN,47,47,2,5,2,4,beam_2,16,0.003439500229433179,1,0.003439500229433179,True
3,OPEN,47,47,2,5,2,4,beam_3,16,0.0021072998642921448,1,0.0021072998642921448,True
3,OPEN,76,76,3,3,2,3,greedy,16,0.015071700094267726,5,0.0030143400188535454,True
3,OPEN,76,76,3,3,2,3,beam_2,16,0.0025640001986175776,1,0.0025640001986175776,True
3,OPEN,76,76,3,3,2,3,beam_3,16,0.00531770009547472,1,0.00531770009547472,True
3,OPEN,95,95,3,4,3,3,greedy,16,0.0027127000503242016,1,0.0027127000503242016,True
3,OPEN,95,95,3,4,3,3,beam_2,16,0.0033192001283168793,1,0.0033192001283168793,True
3,OPEN,95,95,3,4,3,3,beam_3,16,0.001890100073069334,1,0.001890100073069334,True
3,OPEN,115,115,3,5,4,5,greedy,16,0.0367036999668926,15,0.002446913331126173,True
3,OPEN,115,115,3,5,4,5,beam_2,16,0.002675799885764718,1,0.002675799885764718,True
3,OPEN,115,115,3,5,4,5,beam_3,16,0.001820300007238984,1,0.001820300007238984,True
3,OPEN,143,143,4,3,4,2,greedy,16,0.0017104002181440592,1,0.0017104002181440592,True
3,OPEN,143,143,4,3,4,2,beam_2,16,0.0022964999079704285,1,0.0022964999079704285,True
3,OPEN,143,143,4,3,4,2,beam_3,16,0.00223249988630414,1,0.00223249988630414,True
3,OPEN,160,160,4,4,4,5,greedy,16,0.00179130001924932,1,0.00179130001924932,True
3,OPEN,160,160,4,4,4,5,beam_2,16,0.0018143001943826675,1,0.0018143001943826675,True
3,OPEN,160,160,4,4,4,5,beam_3,16,0.0023539999965578318,1,0.0023539999965578318,True
3,OPEN,188,188,5,2,4,2,greedy,16,0.018938599852845073,9,0.0021042888725383412,True
3,OPEN,188,188,5,2,4,2,beam_2,16,0.00139000010676682,1,0.00139000010676682,True
3,OPEN,188,188,5,2,4,2,beam_3,16,0.001258899923413992,1,0.001258899923413992,True
3,OPEN,220,220,5,4,4,4,greedy,16,0.038104800041764975,16,0.002381550002610311,False
3,OPEN,220,220,5,4,4,4,beam_2,16,0.0013651000335812569,1,0.0013651000335812569,True
3,OPEN,220,220,5,4,4,4,beam_3,16,0.0011661001481115818,1,0.0011661001481115818,True
3,OPEN,1,1,2,2,2,4,greedy,16,0.0031533001456409693,2,0.0015766500728204846,True
3,OPEN,1,1,2,2,2,4,beam_2,16,0.003171600168570876,2,0.001585800084285438,True
3,OPEN,1,1,2,2,2,4,beam_3,16,0.0024242999497801065,2,0.0012121499748900533,True
3,OPEN,20,20,2,3,3,4,greedy,16,0.02951209992170334,16,0.0018445062451064587,False
3,OPEN,20,20,2,3,3,4,beam_2,16,0.0037050999235361814,2,0.0018525499617680907,True
3,OPEN,20,20,2,3,3,4,beam_3,16,0.003847199957817793,2,0.0019235999789088964,True
3,OPEN,39,39,2,4,4,4,greedy,16,0.030217499937862158,16,0.0018885937461163849,False
3,OPEN,39,39,2,4,4,4,beam_2,16,0.0307479000184685,16,0.0019217437511542812,False
3,OPEN,39,39,2,4,4,4,beam_3,16,0.026719900080934167,16,0.0016699937550583854,False
3,OPEN,65,65,3,2,3,4,greedy,16,0.00424680020660162,2,0.00212340010330081,True
3,OPEN,65,65,3,2,3,4,beam_2,16,0.003584400052204728,2,0.001792200026102364,True
3,OPEN,65,65,3,2,3,4,beam_3,16,0.004757599905133247,2,0.0023787999525666237,True
3,OPEN,81,81,3,3,3,5,greedy,16,0.003435600083321333,2,0.0017178000416606665,True
3,OPEN,81,81,3,3,3,5,beam_2,16,0.004950900096446276,2,0.002475450048223138,True
3,OPEN,81,81,3,3,3,5,beam_3,16,0.003680999856442213,2,0.0018404999282211065,True
3,OPEN,93,93,3,4,2,5,greedy,16,0.003564199898391962,2,0.001782099949195981,True
3,OPEN,93,93,3,4,2,5,beam_2,16,0.003492899937555194,2,0.001746449968777597,True
3,OPEN,93,93,3,4,2,5,beam_3,16,0.004523499868810177,2,0.0022617499344050884,True
3,OPEN,107,107,3,5,2,4,greedy,16,0.0180779998190701,10,0.00180779998190701,True
3,OPEN,107,107,3,5,2,4,beam_2,16,0.019895799923688173,10,0.0019895799923688173,True
3,OPEN,107,107,3,5,2,4,beam_3,16,0.02105209999717772,10,0.002105209999717772,True
3,OPEN,125,125,4,2,3,3,greedy,16,0.0027836000081151724,2,0.0013918000040575862,True
3,OPEN,125,125,4,2,3,3,beam_2,16,0.004411000059917569,2,0.0022055000299587846,True
3,OPEN,125,125,4,2,3,3,beam_3,16,0.004981099860742688,2,0.002490549930371344,True
3,OPEN,141,141,4,3,3,4,greedy,16,0.004244199953973293,2,0.0021220999769866467,True
3,OPEN,141,141,4,3,3,4,beam_2,16,0.004681099904701114,2,0.002340549952350557,True
3,OPEN,141,141,4,3,3,4,beam_3,16,0.004393399925902486,2,0.002196699962951243,True
3,OPEN,155,155,4,4,3,3,greedy,16,0.0050005000084638596,2,0.0025002500042319298,True
3,OPEN,155,155,4,4,3,3,beam_2,16,0.0040583000518381596,2,0.0020291500259190798,True
3,OPEN,155,155,4,4,3,3,beam_3,16,0.005319199990481138,2,0.002659599995240569,True
3,OPEN,168,168,4,5,2,5,greedy,16,0.004862499888986349,2,0.0024312499444931746,True
3,OPEN,168,168,4,5,2,5,beam_2,16,0.004085599910467863,2,0.0020427999552339315,True
3,OPEN,168,168,4,5,2,5,beam_3,16,0.004981099860742688,2,0.002490549930371344,True
3,OPEN,189,189,5,2,4,3,greedy,16,0.019769799895584583,16,0.0012356124934740365,True
3,OPEN,189,189,5,2,4,3,beam_2,16,0.0027375000063329935,2,0.0013687500031664968,True
3,OPEN,189,189,5,2,4,3,beam_3,16,0.002679599914699793,2,0.0013397999573498964,True
3,OPEN,209,209,5,3,5,5,greedy,16,0.0024244000669568777,2,0.0012122000334784389,True
3,OPEN,209,209,5,3,5,5,beam_2,16,0.0026845999527722597,2,0.0013422999763861299,True
3,OPEN,209,209,5,3,5,5,beam_3,16,0.0023364999797195196,2,0.0011682499898597598,True
3,OPEN,232,232,5,5,3,5,greedy,16,0.011595299933105707,10,0.0011595299933105708,True
3,OPEN,232,232,5,5,3,5,beam_2,16,0.0027556000277400017,2,0.0013778000138700008,True
3,OPEN,232,232,5,5,3,5,beam_3,16,0.003049400169402361,2,0.0015247000847011805,True
3,OPEN,8,8,2,2,4,3,greedy,16,0.015258400002494454,11,0.0013871272729540412,True
3,OPEN,8,8,2,2,4,3,beam_2,16,0.0035075999330729246,3,0.001169199977690975,True
3,OPEN,8,8,2,2,4,3,beam_3,16,0.004162299912422895,3,0.0013874333041409652,True
3,OPEN,27,27,2,3,5,3,greedy,16,0.005238900193944573,5,0.0010477800387889147,True
3,OPEN,27,27,2,3,5,3,beam_2,16,0.00623299996368587,3,0.002077666654561957,True
3,OPEN,27,27,2,3,5,3,beam_3,16,0.0063627001363784075,3,0.0021209000454594693,True
3,OPEN,45,45,2,5,2,2,greedy,16,0.005903299897909164,3,0.0019677666326363883,True
3,OPEN,45,45,2,5,2,2,beam_2,16,0.0035085000563412905,3,0.00116950001878043,True
3,OPEN,45,45,2,5,2,2,beam_3,16,0.004580399952828884,3,0.0015267999842762947,True
3,OPEN,66,66,3,2,3,5,greedy,16,0.005301299970597029,3,0.0017670999901990096,True
3,OPEN,66,66,3,2,3,5,beam_2,16,0.0063801000360399485,3,0.002126700012013316,True
3,OPEN,66,66,3,2,3,5,beam_3,16,0.0062333999667316675,3,0.002077799988910556,True
3,OPEN,86,86,3,3,5,2,greedy,16,0.005619300063699484,3,0.0018731000212331612,True
3,OPEN,86,86,3,3,5,2,beam_2,16,0.00570239988155663,3,0.0019007999605188768,True
3,OPEN,86,86,3,3,5,2,beam_3,16,0.006673099938780069,3,0.002224366646260023,True
3,OPEN,104,104,3,4,5,5,greedy,16,0.0058340998366475105,3,0.0019446999455491702,True
3,OPEN,104,104,3,4,5,5,beam_2,16,0.006103500025346875,3,0.0020345000084489584,True
3,OPEN,104,104,3,4,5,5,beam_3,16,0.00587490014731884,3,0.00195830004910628,True
3,OPEN,121,121,4,2,2,3,greedy,16,0.008417100179940462,7,0.0012024428828486375,True
3,OPEN,121,121,4,2,2,3,beam_2,16,0.004128800006583333,3,0.001376266668861111,True
3,OPEN,121,121,4,2,2,3,beam_3,16,0.003459000028669834,3,0.0011530000095566113,True
3,OPEN,137,137,4,3,2,4,greedy,16,0.006215699948370457,5,0.0012431399896740913,True
3,OPEN,137,137,4,3,2,4,beam_2,16,0.004776600049808621,3,0.0015922000166028738,True
3,OPEN,137,137,4,3,2,4,beam_3,16,0.006639600032940507,3,0.002213200010980169,True
3,OPEN,154,154,4,4,3,2,greedy,16,0.020029599778354168,16,0.0012518499861471355,False
3,OPEN,154,154,4,4,3,2,beam_2,16,0.007192300166934729,5,0.0014384600333869457,True
3,OPEN,154,154,4,4,3,2,beam_3,16,0.010633999947458506,5,0.002126799989491701,True
3,OPEN,177,177,4,5,5,3,greedy,16,0.005811699898913503,3,0.0019372332996378343,True
3,OPEN,177,177,4,5,5,3,beam_2,16,0.005930599989369512,3,0.0019768666631231704,True
3,OPEN,177,177,4,5,5,3,beam_3,16,0.006153699941933155,3,0.0020512333139777184,True
3,OPEN,196,196,5,3,2,3,greedy,16,0.010588299948722124,5,0.002117659989744425,True
3,OPEN,196,196,5,3,2,3,beam_2,16,0.005818899953737855,3,0.0019396333179126184,True
3,OPEN,196,196,5,3,2,3,beam_3,16,0.006467200117185712,3,0.0021557333723952374,True
3,OPEN,215,215,5,4,3,3,greedy,16,0.009226599941030145,5,0.001845319988206029,True
3,OPEN,215,215,5,4,3,3,beam_2,16,0.006115300115197897,3,0.002038433371732632,True
3,OPEN,215,215,5,4,3,3,beam_3,16,0.006399499950930476,3,0.0021331666503101587,True
3,OPEN,234,234,5,5,4,3,greedy,16,0.027490099892020226,16,0.001718131243251264,False
3,OPEN,234,234,5,5,4,3,beam_2,16,0.023439300013706088,11,0.0021308454557914624,True
3,OPEN,234,234,5,5,4,3,beam_3,16,0.015137800015509129,9,0.0016819777795010144,True
3,OPEN,25,25,2,3,4,5,greedy,16,0.004470099927857518,4,0.0011175249819643795,True
3,OPEN,25,25,2,3,4,5,beam_2,16,0.0052767000161111355,4,0.0013191750040277839,True
3,OPEN,25,25,2,3,4,5,beam_3,16,0.005085600074380636,4,0.001271400018595159,True
3,OPEN,44,44,2,4,5,5,greedy,16,0.004534200066700578,4,0.0011335500166751444,True
3,OPEN,44,44,2,4,5,5,beam_2,16,0.0056275001261383295,4,0.0014068750315345824,True
3,OPEN,44,44,2,4,5,5,beam_3,16,0.005442899884656072,4,0.001360724971164018,True
3,OPEN,70,70,3,2,4,5,greedy,16,0.004841300193220377,4,0.0012103250483050942,True
3,OPEN,70,70,3,2,4,5,beam_2,16,0.006660199956968427,4,0.0016650499892421067,True
3,OPEN,70,70,3,2,4,5,beam_3,16,0.009303699946030974,4,0.0023259249865077436,True
3,OPEN,112,112,3,5,4,2,greedy,16,0.007525100139901042,4,0.0018812750349752605,True
3,OPEN,112,112,3,5,4,2,beam_2,16,0.007898300187662244,4,0.001974575046915561,True
3,OPEN,112,112,3,5,4,2,beam_3,16,0.008550200145691633,4,0.0021375500364229083,True
3,OPEN,138,138,4,3,2,5,greedy,16,0.006877099862322211,4,0.0017192749655805528,True
3,OPEN,138,138,4,3,2,5,beam_2,16,0.008607499999925494,4,0.0021518749999813735,True
3,OPEN,138,138,4,3,2,5,beam_3,16,0.008276199921965599,4,0.0020690499804913998,True
3,OPEN,181,181,5,2,2,3,greedy,16,0.01553449989296496,8,0.00194181248662062,True
3,OPEN,181,181,5,2,2,3,beam_2,16,0.008262500166893005,4,0.0020656250417232513,True
3,OPEN,181,181,5,2,2,3,beam_3,16,0.00826140004210174,4,0.002065350010525435,True
3,OPEN,202,202,5,3,3,5,greedy,16,0.004009200027212501,4,0.0010023000068031251,True
3,OPEN,202,202,5,3,3,5,beam_2,16,0.007642899872735143,4,0.0019107249681837857,True
3,OPEN,202,202,5,3,3,5,beam_3,16,0.008412699913606048,4,0.002103174978401512,True
3,OPEN,230,230,5,5,3,3,greedy,16,0.01923130010254681,10,0.0019231300102546811,True
3,OPEN,230,230,5,5,3,3,beam_2,16,0.008392099989578128,4,0.002098024997394532,True
3,OPEN,230,230,5,5,3,3,beam_3,16,0.008770799962803721,4,0.0021926999907009304,True
3,OPEN,41,41,2,4,5,2,greedy,16,0.008982400177046657,5,0.0017964800354093313,True
3,OPEN,41,41,2,4,5,2,beam_2,16,0.007164000067859888,5,0.0014328000135719777,True
3,OPEN,41,41,2,4,5,2,beam_3,16,0.00790320010855794,5,0.001580640021711588,True
3,OPEN,123,123,4,2,2,5,greedy,16,0.009748199954628944,5,0.0019496399909257889,True
3,OPEN,123,123,4,2,2,5,beam_2,16,0.01006419979967177,5,0.002012839959934354,True
3,OPEN,123,123,4,2,2,5,beam_3,16,0.010991999879479408,5,0.0021983999758958817,True
3,OPEN,210,210,5,4,2,2,greedy,16,0.04338349984027445,16,0.0027114687400171533,False
3,OPEN,210,210,5,4,2,2,beam_2,16,0.0158628998324275,5,0.0031725799664855,True
3,OPEN,210,210,5,4,2,2,beam_3,16,0.007029599975794554,5,0.0014059199951589108,True
3,OPEN,183,183,5,2,2,5,greedy,16,0.016045500058680773,6,0.002674250009780129,True
3,OPEN,183,183,5,2,2,5,beam_2,16,0.01642489992082119,6,0.002737483320136865,True
3,OPEN,183,183,5,2,2,5,beam_3,16,0.020965100033208728,6,0.003494183338868121,True
3,U_MAZE,250,250,2,3,2,4,greedy,16,0.04832289996556938,16,0.003020181247848086,False
3,U_MAZE,250,250,2,3,2,4,beam_2,16,0.002508500125259161,1,0.002508500125259161,True
3,U_MAZE,250,250,2,3,2,4,beam_3,16,0.0022461998742073774,1,0.0022461998742073774,True
3,U_MAZE,280,280,3,2,4,2,greedy,16,0.017182700103148818,7,0.002454671443306974,True
3,U_MAZE,280,280,3,2,4,2,beam_2,16,0.0023495000787079334,1,0.0023495000787079334,True
3,U_MAZE,280,280,3,2,4,2,beam_3,16,0.003147799987345934,1,0.003147799987345934,True
3,U_MAZE,309,309,5,3,5,2,greedy,16,0.0018008002080023289,1,0.0018008002080023289,True
3,U_MAZE,309,309,5,3,5,2,beam_2,16,0.0011911001056432724,1,0.0011911001056432724,True
3,U_MAZE,309,309,5,3,5,2,beam_3,16,0.0010995001066476107,1,0.0010995001066476107,True
3,U_MAZE,241,241,2,2,2,4,greedy,16,0.0036820999812334776,2,0.0018410499906167388,True
3,U_MAZE,241,241,2,2,2,4,beam_2,16,0.0035568999592214823,2,0.0017784499796107411,True
3,U_MAZE,241,241,2,2,2,4,beam_3,16,0.0034858998842537403,2,0.0017429499421268702,True
3,U_MAZE,268,268,2,5,2,3,greedy,16,0.0033042998984456062,2,0.0016521499492228031,True
3,U_MAZE,268,268,2,5,2,3,beam_2,16,0.004460899857804179,2,0.0022304499289020896,True
3,U_MAZE,268,268,2,5,2,3,beam_3,16,0.0035825001541525126,2,0.0017912500770762563,True
3,U_MAZE,298,298,5,2,3,2,greedy,16,0.004510300001129508,2,0.002255150000564754,True
3,U_MAZE,298,298,5,2,3,2,beam_2,16,0.004090399947017431,2,0.0020451999735087156,True
3,U_MAZE,298,298,5,2,3,2,beam_3,16,0.005506000015884638,2,0.002753000007942319,True
3,U_MAZE,328,328,5,5,5,3,greedy,16,0.005572200054302812,2,0.002786100027151406,True
3,U_MAZE,328,328,5,5,5,3,beam_2,16,0.00396060012280941,2,0.001980300061404705,True
3,U_MAZE,328,328,5,5,5,3,beam_3,16,0.005163100082427263,2,0.0025815500412136316,True
3,U_MAZE,267,267,2,5,2,2,greedy,16,0.005439199972897768,3,0.0018130666576325893,True
3,U_MAZE,267,267,2,5,2,2,beam_2,16,0.005355600034818053,3,0.0017852000116060178,True
3,U_MAZE,267,267,2,5,2,2,beam_3,16,0.0038642999716103077,3,0.0012880999905367692,True
3,U_MAZE,294,294,5,2,2,2,greedy,16,0.010840800125151873,9,0.0012045333472390969,True
3,U_MAZE,294,294,5,2,2,2,beam_2,16,0.0033585000783205032,3,0.0011195000261068344,True
3,U_MAZE,294,294,5,2,2,2,beam_3,16,0.004835600033402443,3,0.0016118666778008144,True
3,U_MAZE,246,246,2,2,5,3,greedy,16,0.015882199862971902,10,0.0015882199862971903,True
3,U_MAZE,246,246,2,2,5,3,beam_2,16,0.008458700031042099,4,0.0021146750077605247,True
3,U_MAZE,246,246,2,2,5,3,beam_3,16,0.017677199793979526,4,0.004419299948494881,True
3,U_MAZE,283,283,3,2,5,4,greedy,16,0.008955300087109208,4,0.002238825021777302,True
3,U_MAZE,283,283,3,2,5,4,beam_2,16,0.009786299895495176,4,0.002446574973873794,True
3,U_MAZE,283,283,3,2,5,4,beam_3,16,0.009253399912267923,4,0.002313349978066981,True
3,U_MAZE,316,316,5,4,3,2,greedy,16,0.005775700090453029,4,0.0014439250226132572,True
3,U_MAZE,316,316,5,4,3,2,beam_2,16,0.006531500024721026,4,0.0016328750061802566,True
3,U_MAZE,316,316,5,4,3,2,beam_3,16,0.005872700130566955,4,0.0014681750326417387,True
3,U_MAZE,271,271,2,5,4,2,greedy,16,0.006013200152665377,5,0.0012026400305330752,True
3,U_MAZE,271,271,2,5,4,2,beam_2,16,0.010714600095525384,5,0.002142920019105077,True
3,U_MAZE,271,271,2,5,4,2,beam_3,16,0.006335499929264188,5,0.0012670999858528376,True
3,U_MAZE,312,312,5,4,2,2,greedy,16,0.005736100021749735,5,0.001147220004349947,True
3,U_MAZE,312,312,5,4,2,2,beam_2,16,0.007471600081771612,5,0.0014943200163543223,True
3,U_MAZE,312,312,5,4,2,2,beam_3,16,0.007416700012981892,5,0.0014833400025963783,True
3,U_MAZE,272,272,2,5,5,2,greedy,16,0.007579800207167864,6,0.0012633000345279772,True
3,U_MAZE,272,272,2,5,5,2,beam_2,16,0.009190599899739027,6,0.0015317666499565046,True
3,U_MAZE,272,272,2,5,5,2,beam_3,16,0.008344699861481786,6,0.0013907833102469642,True
3,U_MAZE,257,257,2,3,5,5,greedy,16,0.01134129986166954,7,0.0016201856945242202,True
3,U_MAZE,257,257,2,3,5,5,beam_2,16,0.01428519980981946,7,0.0020407428299742086,True
3,U_MAZE,257,257,2,3,5,5,beam_3,16,0.016394099919125438,7,0.002342014274160777,True
3,U_MAZE,322,322,5,5,2,3,greedy,16,0.009133900050073862,7,0.001304842864296266,True
3,U_MAZE,322,322,5,5,2,3,beam_2,16,0.008601999841630459,7,0.0012288571202329227,True
3,U_MAZE,322,322,5,5,2,3,beam_3,16,0.012797300005331635,7,0.0018281857150473765,True
3,U_MAZE,275,275,2,5,5,5,greedy,20,0.016480999998748302,9,0.0018312222220831448,True
3,U_MAZE,275,275,2,5,5,5,beam_2,20,0.019668899942189455,9,0.0021854333269099393,True
3,U_MAZE,275,275,2,5,5,5,beam_3,20,0.022729699965566397,9,0.0025255222183962664,True
3,SMALL_MAZE,427,427,2,4,2,3,greedy,16,0.028959699906408787,16,0.0018099812441505492,False
3,SMALL_MAZE,427,427,2,4,2,3,beam_2,16,0.0012660000938922167,1,0.0012660000938922167,True
3,SMALL_MAZE,427,427,2,4,2,3,beam_3,16,0.001577099785208702,1,0.001577099785208702,True
3,SMALL_MAZE,436,436,5,3,5,4,greedy,16,0.0020129999611526728,1,0.0020129999611526728,True
3,SMALL_MAZE,436,436,5,3,5,4,beam_2,16,0.0012759000528603792,1,0.0012759000528603792,True
3,SMALL_MAZE,436,436,5,3,5,4,beam_3,16,0.0012621001806110144,1,0.0012621001806110144,True
3,SMALL_MAZE,425,425,2,3,2,5,greedy,16,0.0022160999942570925,2,0.0011080499971285462,True
3,SMALL_MAZE,425,425,2,3,2,5,beam_2,16,0.0031557001639157534,2,0.0015778500819578767,True
3,SMALL_MAZE,425,425,2,3,2,5,beam_3,16,0.002443399978801608,2,0.001221699989400804,True
3,SMALL_MAZE,438,438,5,4,5,2,greedy,16,0.001944999909028411,2,0.0009724999545142055,True
3,SMALL_MAZE,438,438,5,4,5,2,beam_2,16,0.0018855000380426645,2,0.0009427500190213323,True
3,SMALL_MAZE,438,438,5,4,5,2,beam_3,16,0.0034435000270605087,2,0.0017217500135302544,True
3,SMALL_MAZE,441,441,5,5,5,2,greedy,16,0.003288599895313382,3,0.0010961999651044607,True
3,SMALL_MAZE,441,441,5,5,5,2,beam_2,16,0.004924299893900752,3,0.0016414332979669173,True
3,SMALL_MAZE,441,441,5,5,5,2,beam_3,16,0.0034921998158097267,3,0.001164066605269909,True
3,MEDIUM_MAZE,473,473,1,2,2,2,greedy,16,0.0015038999263197184,1,0.0015038999263197184,True
3,MEDIUM_MAZE,473,473,1,2,2,2,beam_2,16,0.001106400042772293,1,0.001106400042772293,True
3,MEDIUM_MAZE,473,473,1,2,2,2,beam_3,16,0.0010924998205155134,1,0.0010924998205155134,True
3,MEDIUM_MAZE,544,544,2,1,1,1,greedy,16,0.001123199937865138,1,0.001123199937865138,True
3,MEDIUM_MAZE,544,544,2,1,1,1,beam_2,16,0.0010590001475065947,1,0.0010590001475065947,True
3,MEDIUM_MAZE,544,544,2,1,1,1,beam_3,16,0.001620100112631917,1,0.001620100112631917,True
3,MEDIUM_MAZE,599,599,2,3,2,2,greedy,16,0.020485799992457032,16,0.0012803624995285645,False
3,MEDIUM_MAZE,599,599,2,3,2,2,beam_2,16,0.0010844001080840826,1,0.0010844001080840826,True
3,MEDIUM_MAZE,599,599,2,3,2,2,beam_3,16,0.001014400040730834,1,0.001014400040730834,True
3,MEDIUM_MAZE,647,647,2,6,1,6,greedy,16,0.03017549985088408,16,0.001885968740680255,False
3,MEDIUM_MAZE,647,647,2,6,1,6,beam_2,16,0.0016860999166965485,1,0.0016860999166965485,True
3,MEDIUM_MAZE,647,647,2,6,1,6,beam_3,16,0.0019088999833911657,1,0.0019088999833911657,True
3,MEDIUM_MAZE,703,703,3,4,3,3,greedy,16,0.002063299994915724,1,0.002063299994915724,True
3,MEDIUM_MAZE,703,703,3,4,3,3,beam_2,16,0.001786199864000082,1,0.001786199864000082,True
3,MEDIUM_MAZE,703,703,3,4,3,3,beam_3,16,0.0016338001005351543,1,0.0016338001005351543,True
3,MEDIUM_MAZE,756,756,4,1,4,2,greedy,16,0.013705599820241332,7,0.0019579428314630476,True
3,MEDIUM_MAZE,756,756,4,1,4,2,beam_2,16,0.001709299860522151,1,0.001709299860522151,True
3,MEDIUM_MAZE,756,756,4,1,4,2,beam_3,16,0.001642799936234951,1,0.001642799936234951,True
3,MEDIUM_MAZE,807,807,4,3,4,2,greedy,16,0.0018187998794019222,1,0.0018187998794019222,True
3,MEDIUM_MAZE,807,807,4,3,4,2,beam_2,16,0.001220199977979064,1,0.001220199977979064,True
3,MEDIUM_MAZE,807,807,4,3,4,2,beam_3,16,0.0010982002131640911,1,0.0010982002131640911,True
3,MEDIUM_MAZE,863,863,4,6,5,6,greedy,16,0.013889499939978123,11,0.0012626818127252839,True
3,MEDIUM_MAZE,863,863,4,6,5,6,beam_2,16,0.001262999838218093,1,0.001262999838218093,True
3,MEDIUM_MAZE,863,863,4,6,5,6,beam_3,16,0.0011168001219630241,1,0.0011168001219630241,True
3,MEDIUM_MAZE,937,937,5,4,5,3,greedy,16,0.0011378999333828688,1,0.0011378999333828688,True
3,MEDIUM_MAZE,937,937,5,4,5,3,beam_2,16,0.00103859999217093,1,0.00103859999217093,True
3,MEDIUM_MAZE,937,937,5,4,5,3,beam_3,16,0.0010343000758439302,1,0.0010343000758439302,True
3,MEDIUM_MAZE,990,990,6,1,6,2,greedy,16,0.023274699924513698,16,0.001454668745282106,False
3,MEDIUM_MAZE,990,990,6,1,6,2,beam_2,16,0.0016810998786240816,1,0.0016810998786240816,True
3,MEDIUM_MAZE,990,990,6,1,6,2,beam_3,16,0.0022173000033944845,1,0.0022173000033944845,True
3,MEDIUM_MAZE,1068,1068,6,5,6,6,greedy,16,0.0018361001275479794,1,0.0018361001275479794,True
3,MEDIUM_MAZE,1068,1068,6,5,6,6,beam_2,16,0.0016610999591648579,1,0.0016610999591648579,True
3,MEDIUM_MAZE,1068,1068,6,5,6,6,beam_3,16,0.0016331998631358147,1,0.0016331998631358147,True
3,MEDIUM_MAZE,474,474,1,2,2,3,greedy,16,0.0037344000302255154,2,0.0018672000151127577,True
3,MEDIUM_MAZE,474,474,1,2,2,3,beam_2,16,0.0034832002129405737,2,0.0017416001064702868,True
3,MEDIUM_MAZE,474,474,1,2,2,3,beam_3,16,0.004536500200629234,2,0.002268250100314617,True
3,MEDIUM_MAZE,549,549,2,1,2,3,greedy,16,0.00752390013076365,4,0.0018809750326909125,True
3,MEDIUM_MAZE,549,549,2,1,2,3,beam_2,16,0.0036218001041561365,2,0.0018109000520780683,True
3,MEDIUM_MAZE,549,549,2,1,2,3,beam_3,16,0.004879799904301763,2,0.0024398999521508813,True
3,MEDIUM_MAZE,603,603,2,3,3,4,greedy,16,0.003400299930945039,2,0.0017001499654725194,True
3,MEDIUM_MAZE,603,603,2,3,3,4,beam_2,16,0.004452199907973409,2,0.0022260999539867043,True
3,MEDIUM_MAZE,603,603,2,3,3,4,beam_3,16,0.003949600039049983,2,0.0019748000195249915,True
3,MEDIUM_MAZE,646,646,2,6,1,5,greedy,16,0.0037145998794585466,2,0.0018572999397292733,True
3,MEDIUM_MAZE,646,646,2,6,1,5,beam_2,16,0.0020486998837441206,2,0.0010243499418720603,True
3,MEDIUM_MAZE,646,646,2,6,1,5,beam_3,16,0.002019899897277355,2,0.0010099499486386776,True
3,MEDIUM_MAZE,686,686,3,3,5,3,greedy,16,0.002996500115841627,2,0.0014982500579208136,True
3,MEDIUM_MAZE,686,686,3,3,5,3,beam_2,16,0.002319999970495701,2,0.0011599999852478504,True
3,MEDIUM_MAZE,686,686,3,3,5,3,beam_3,16,0.0025561999063938856,2,0.0012780999531969428,True
3,MEDIUM_MAZE,721,721,3,5,1,5,greedy,16,0.02058349992148578,16,0.0012864687450928614,False
3,MEDIUM_MAZE,721,721,3,5,1,5,beam_2,16,0.002413300098851323,2,0.0012066500494256616,True
3,MEDIUM_MAZE,721,721,3,5,1,5,beam_3,16,0.002286599949002266,2,0.001143299974501133,True
3,MEDIUM_MAZE,764,764,4,1,6,1,greedy,16,0.028970600105822086,16,0.0018106625066138804,False
3,MEDIUM_MAZE,764,764,4,1,6,1,beam_2,16,0.002246200107038021,2,0.0011231000535190105,True
3,MEDIUM_MAZE,764,764,4,1,6,1,beam_3,16,0.0023223001044243574,2,0.0011611500522121787,True
3,MEDIUM_MAZE,804,804,4,3,3,4,greedy,16,0.002809500088915229,2,0.0014047500444576144,True
3,MEDIUM_MAZE,804,804,4,3,3,4,beam_2,16,0.002250900026410818,2,0.001125450013205409,True
3,MEDIUM_MAZE,804,804,4,3,3,4,beam_3,16,0.0022615999914705753,2,0.0011307999957352877,True
3,MEDIUM_MAZE,838,838,4,5,5,6,greedy,16,0.0025955000892281532,2,0.0012977500446140766,True
3,MEDIUM_MAZE,838,838,4,5,5,6,beam_2,16,0.002262299880385399,2,0.0011311499401926994,True
3,MEDIUM_MAZE,838,838,4,5,5,6,beam_3,16,0.002350500086322427,2,0.0011752500431612134,True
3,MEDIUM_MAZE,903,903,5,3,3,3,greedy,16,0.0036134999245405197,2,0.0018067499622702599,True
3,MEDIUM_MAZE,903,903,5,3,3,3,beam_2,16,0.0023521999828517437,2,0.0011760999914258718,True
3,MEDIUM_MAZE,903,903,5,3,3,3,beam_3,16,0.0023150001652538776,2,0.0011575000826269388,True
3,MEDIUM_MAZE,959,959,5,6,4,5,greedy,16,0.0028894999995827675,2,0.0014447499997913837,True
3,MEDIUM_MAZE,959,959,5,6,4,5,beam_2,16,0.0023833001032471657,2,0.0011916500516235828,True
3,MEDIUM_MAZE,959,959,5,6,4,5,beam_3,16,0.0022714000660926104,2,0.0011357000330463052,True
3,MEDIUM_MAZE,1043,1043,6,4,6,6,greedy,16,0.0029704999178647995,2,0.0014852499589323997,True
3,MEDIUM_MAZE,1043,1043,6,4,6,6,beam_2,16,0.0024111999664455652,2,0.0012055999832227826,True
3,MEDIUM_MAZE,1043,1043,6,4,6,6,beam_3,16,0.0022676000371575356,2,0.0011338000185787678,True
3,MEDIUM_MAZE,449,449,1,1,2,3,greedy,16,0.0042177001014351845,3,0.0014059000338117282,True
3,MEDIUM_MAZE,449,449,1,1,2,3,beam_2,16,0.0034564000088721514,3,0.0011521333362907171,True
3,MEDIUM_MAZE,449,449,1,1,2,3,beam_3,16,0.0060656999703496695,3,0.0020218999901165566,True
3,MEDIUM_MAZE,552,552,2,1,3,3,greedy,16,0.00904489983804524,5,0.0018089799676090478,True
3,MEDIUM_MAZE,552,552,2,1,3,3,beam_2,16,0.0038459000643342733,3,0.0012819666881114244,True
3,MEDIUM_MAZE,552,552,2,1,3,3,beam_3,16,0.005209499970078468,3,0.0017364999900261562,True
3,MEDIUM_MAZE,606,606,2,3,4,2,greedy,16,0.02184169995598495,16,0.0013651062472490594,False
3,MEDIUM_MAZE,606,606,2,3,4,2,beam_2,16,0.003577600000426173,3,0.0011925333334753911,True
3,MEDIUM_MAZE,606,606,2,3,4,2,beam_3,16,0.004420800134539604,3,0.0014736000448465347,True
3,MEDIUM_MAZE,658,658,2,6,4,5,greedy,16,0.027249100152403116,16,0.0017030687595251948,False
3,MEDIUM_MAZE,658,658,2,6,4,5,beam_2,16,0.006009800126776099,3,0.0020032667089253664,True
3,MEDIUM_MAZE,658,658,2,6,4,5,beam_3,16,0.00638160016387701,3,0.00212720005462567,True
3,MEDIUM_MAZE,683,683,3,3,4,5,greedy,16,0.005313399946317077,3,0.0017711333154390256,True
3,MEDIUM_MAZE,683,683,3,3,4,5,beam_2,16,0.004952399991452694,3,0.001650799997150898,True
3,MEDIUM_MAZE,683,683,3,3,4,5,beam_3,16,0.0036159001756459475,3,0.001205300058548649,True
3,MEDIUM_MAZE,706,706,3,4,4,2,greedy,16,0.004291499964892864,3,0.0014304999882976215,True
3,MEDIUM_MAZE,706,706,3,4,4,2,beam_2,16,0.003470000112429261,3,0.0011566667041430871,True
3,MEDIUM_MAZE,706,706,3,4,4,2,beam_3,16,0.004401399986818433,3,0.0014671333289394777,True
3,MEDIUM_MAZE,732,732,3,5,4,3,greedy,16,0.002887299982830882,3,0.000962433327610294,True
3,MEDIUM_MAZE,732,732,3,5,4,3,beam_2,16,0.003929700003936887,3,0.0013099000013122957,True
3,MEDIUM_MAZE,732,732,3,5,4,3,beam_3,16,0.0038869997952133417,3,0.0012956665984044473,True
3,MEDIUM_MAZE,775,775,4,2,2,3,greedy,16,0.004633399890735745,3,0.0015444666302452485,True
3,MEDIUM_MAZE,775,775,4,2,2,3,beam_2,16,0.005989299854263663,3,0.0019964332847545543,True
3,MEDIUM_MAZE,775,775,4,2,2,3,beam_3,16,0.005800500046461821,3,0.0019335000154872735,True
3,MEDIUM_MAZE,805,805,4,3,3,5,greedy,16,0.006029099924489856,3,0.0020096999748299518,True
3,MEDIUM_MAZE,805,805,4,3,3,5,beam_2,16,0.006102999905124307,3,0.0020343333017081022,True
3,MEDIUM_MAZE,805,805,4,3,3,5,beam_3,16,0.005911099957302213,3,0.001970366652434071,True
3,MEDIUM_MAZE,828,828,4,5,3,3,greedy,16,0.003670299891382456,3,0.0012234332971274853,True
3,MEDIUM_MAZE,828,828,4,5,3,3,beam_2,16,0.0034525999799370766,3,0.0011508666599790256,True
3,MEDIUM_MAZE,828,828,4,5,3,3,beam_3,16,0.00419429992325604,3,0.00139809997441868,True
3,MEDIUM_MAZE,883,883,5,1,4,3,greedy,16,0.0032540999818593264,3,0.0010846999939531088,True
3,MEDIUM_MAZE,883,883,5,1,4,3,beam_2,16,0.003928499994799495,3,0.0013094999982664983,True
3,MEDIUM_MAZE,883,883,5,1,4,3,beam_3,16,0.0036909000482410192,3,0.0012303000160803397,True
3,MEDIUM_MAZE,928,928,5,4,3,3,greedy,16,0.026865700026974082,16,0.0016791062516858801,False
3,MEDIUM_MAZE,928,928,5,4,3,3,beam_2,16,0.004013099940493703,3,0.0013376999801645677,True
3,MEDIUM_MAZE,928,928,5,4,3,3,beam_3,16,0.0035420998465269804,3,0.0011806999488423269,True
3,MEDIUM_MAZE,982,982,6,1,4,2,greedy,16,0.0040039001032710075,3,0.0013346333677570026,True
3,MEDIUM_MAZE,982,982,6,1,4,2,beam_2,16,0.002825499977916479,3,0.0009418333259721597,True
3,MEDIUM_MAZE,982,982,6,1,4,2,beam_3,16,0.004077000077813864,3,0.0013590000259379547,True
3,MEDIUM_MAZE,1062,1062,6,5,5,3,greedy,16,0.0034577001351863146,3,0.0011525667117287715,True
3,MEDIUM_MAZE,1062,1062,6,5,5,3,beam_2,16,0.0038372999988496304,3,0.0012790999996165435,True
3,MEDIUM_MAZE,1062,1062,6,5,5,3,beam_3,16,0.0035190999042242765,3,0.0011730333014080923,True
3,MEDIUM_MAZE,482,482,1,2,4,3,greedy,16,0.004761599935591221,4,0.0011903999838978052,True
3,MEDIUM_MAZE,482,482,1,2,4,3,beam_2,16,0.004592200042679906,4,0.0011480500106699765,True
3,MEDIUM_MAZE,482,482,1,2,4,3,beam_3,16,0.005450499942526221,4,0.0013626249856315553,True
3,MEDIUM_MAZE,553,553,2,1,3,4,greedy,16,0.007271199952811003,6,0.0012118666588018339,True
3,MEDIUM_MAZE,553,553,2,1,3,4,beam_2,16,0.005264099920168519,4,0.0013160249800421298,True
3,MEDIUM_MAZE,553,553,2,1,3,4,beam_3,16,0.005099199945107102,4,0.0012747999862767756,True
3,MEDIUM_MAZE,600,600,2,3,2,5,greedy,16,0.005143000045791268,4,0.001285750011447817,True
3,MEDIUM_MAZE,600,600,2,3,2,5,beam_2,16,0.0046310999896377325,4,0.0011577749974094331,True
3,MEDIUM_MAZE,600,600,2,3,2,5,beam_3,16,0.0058576001320034266,4,0.0014644000330008566,True
3,MEDIUM_MAZE,632,632,2,5,4,3,greedy,16,0.004734399961307645,4,0.0011835999903269112,True
3,MEDIUM_MAZE,632,632,2,5,4,3,beam_2,16,0.004612399963662028,4,0.001153099990915507,True
3,MEDIUM_MAZE,632,632,2,5,4,3,beam_3,16,0.0078044000547379255,4,0.0019511000136844814,True
3,MEDIUM_MAZE,671,671,3,3,1,5,greedy,16,0.007537199882790446,4,0.0018842999706976116,True
3,MEDIUM_MAZE,671,671,3,3,1,5,beam_2,16,0.008370500057935715,4,0.0020926250144839287,True
3,MEDIUM_MAZE,671,671,3,3,1,5,beam_3,16,0.00824199989438057,4,0.0020604999735951424,True
3,MEDIUM_MAZE,695,695,3,4,1,2,greedy,16,0.008142500184476376,4,0.002035625046119094,True
3,MEDIUM_MAZE,695,695,3,4,1,2,beam_2,16,0.011055300012230873,4,0.0027638250030577183,True
3,MEDIUM_MAZE,695,695,3,4,1,2,beam_3,16,0.010623800102621317,4,0.0026559500256553292,True
3,MEDIUM_MAZE,713,713,3,4,5,6,greedy,16,0.008133899886161089,4,0.0020334749715402722,True
3,MEDIUM_MAZE,713,713,3,4,5,6,beam_2,16,0.009835700038820505,4,0.0024589250097051263,True
3,MEDIUM_MAZE,713,713,3,4,5,6,beam_3,16,0.010971399955451488,4,0.002742849988862872,True
3,MEDIUM_MAZE,750,750,4,1,2,3,greedy,16,0.03388540004380047,16,0.0021178375027375296,False
3,MEDIUM_MAZE,750,750,4,1,2,3,beam_2,16,0.008522700052708387,4,0.002130675013177097,True
3,MEDIUM_MAZE,750,750,4,1,2,3,beam_3,16,0.006152099929749966,4,0.0015380249824374914,True
3,MEDIUM_MAZE,790,790,4,2,6,2,greedy,16,0.025258699897676706,16,0.0015786687436047941,False
3,MEDIUM_MAZE,790,790,4,2,6,2,beam_2,16,0.028842899948358536,16,0.0018026812467724085,False
3,MEDIUM_MAZE,790,790,4,2,6,2,beam_3,16,0.02530969982035458,16,0.0015818562387721613,False
3,MEDIUM_MAZE,808,808,4,3,4,5,greedy,16,0.007890000008046627,4,0.0019725000020116568,True
3,MEDIUM_MAZE,808,808,4,3,4,5,beam_2,16,0.008022499969229102,4,0.0020056249923072755,True
3,MEDIUM_MAZE,808,808,4,3,4,5,beam_3,16,0.008691299939528108,4,0.002172824984882027,True
3,MEDIUM_MAZE,833,833,4,5,4,3,greedy,16,0.005723799811676145,4,0.0014309499529190361,True
3,MEDIUM_MAZE,833,833,4,5,4,3,beam_2,16,0.004718399839475751,4,0.0011795999598689377,True
3,MEDIUM_MAZE,833,833,4,5,4,3,beam_3,16,0.0058964998461306095,4,0.0014741249615326524,True
3,MEDIUM_MAZE,866,866,4,6,6,4,greedy,16,0.009480600012466311,8,0.001185075001558289,True
3,MEDIUM_MAZE,866,866,4,6,6,4,beam_2,16,0.01001740014180541,8,0.0012521750177256763,True
3,MEDIUM_MAZE,866,866,4,6,6,4,beam_3,16,0.005363499978557229,4,0.0013408749946393073,True
3,MEDIUM_MAZE,911,911,5,3,5,1,greedy,16,0.004597499966621399,4,0.0011493749916553497,True
3,MEDIUM_MAZE,911,911,5,3,5,1,beam_2,16,0.004633900010958314,4,0.0011584750027395785,True
3,MEDIUM_MAZE,911,911,5,3,5,1,beam_3,16,0.00553410011343658,4,0.001383525028359145,True
3,MEDIUM_MAZE,938,938,5,4,5,6,greedy,16,0.008757899980992079,6,0.0014596499968320131,True
3,MEDIUM_MAZE,938,938,5,4,5,6,beam_2,16,0.00789100001566112,4,0.00197275000391528,True
3,MEDIUM_MAZE,938,938,5,4,5,6,beam_3,16,0.008174899965524673,4,0.0020437249913811684,True
3,MEDIUM_MAZE,1007,1007,6,2,4,2,greedy,16,0.006647600093856454,4,0.0016619000234641135,True
3,MEDIUM_MAZE,1007,1007,6,2,4,2,beam_2,16,0.004390800138935447,4,0.0010977000347338617,True
3,MEDIUM_MAZE,1007,1007,6,2,4,2,beam_3,16,0.0075916999485343695,4,0.0018979249871335924,True
3,MEDIUM_MAZE,1059,1059,6,5,4,5,greedy,16,0.007459199987351894,4,0.0018647999968379736,True
3,MEDIUM_MAZE,1059,1059,6,5,4,5,beam_2,16,0.00843190005980432,4,0.00210797501495108,True
3,MEDIUM_MAZE,1059,1059,6,5,4,5,beam_3,16,0.008416000055149198,4,0.0021040000137872994,True
3,MEDIUM_MAZE,479,479,1,2,3,5,greedy,16,0.009513899916782975,5,0.001902779983356595,True
3,MEDIUM_MAZE,479,479,1,2,3,5,beam_2,16,0.010905399918556213,5,0.0021810799837112425,True
3,MEDIUM_MAZE,479,479,1,2,3,5,beam_3,16,0.010878900066018105,5,0.002175780013203621,True
3,MEDIUM_MAZE,513,513,1,5,5,6,greedy,16,0.0068743000738322735,5,0.0013748600147664547,True
3,MEDIUM_MAZE,513,513,1,5,5,6,beam_2,16,0.006709999870508909,5,0.0013419999741017818,True
3,MEDIUM_MAZE,513,513,1,5,5,6,beam_3,16,0.00796650000847876,5,0.0015933000016957522,True
3,MEDIUM_MAZE,561,561,2,1,5,3,greedy,16,0.009689899859949946,7,0.001384271408564278,True
3,MEDIUM_MAZE,561,561,2,1,5,3,beam_2,16,0.009990999940782785,5,0.001998199988156557,True
3,MEDIUM_MAZE,561,561,2,1,5,3,beam_3,16,0.010678899940103292,5,0.0021357799880206583,True
3,MEDIUM_MAZE,596,596,2,3,1,5,greedy,16,0.009369299979880452,5,0.0018738599959760905,True
3,MEDIUM_MAZE,596,596,2,3,1,5,beam_2,16,0.009931599954143167,5,0.0019863199908286334,True
3,MEDIUM_MAZE,596,596,2,3,1,5,beam_3,16,0.010098400060087442,5,0.0020196800120174884,True
3,MEDIUM_MAZE,624,624,2,5,2,2,greedy,16,0.024826599983498454,16,0.0015516624989686534,False
3,MEDIUM_MAZE,624,624,2,5,2,2,beam_2,16,0.024499300168827176,16,0.0015312062605516985,False
3,MEDIUM_MAZE,624,624,2,5,2,2,beam_3,16,0.007185599999502301,5,0.0014371199999004603,True
3,MEDIUM_MAZE,657,657,2,6,4,3,greedy,16,0.007206900045275688,5,0.0014413800090551376,True
3,MEDIUM_MAZE,657,657,2,6,4,3,beam_2,16,0.007697300054132938,5,0.0015394600108265878,True
3,MEDIUM_MAZE,657,657,2,6,4,3,beam_3,16,0.01123179984278977,5,0.0022463599685579537,True
3,MEDIUM_MAZE,692,692,3,3,6,5,greedy,16,0.008910400094464421,5,0.0017820800188928843,True
3,MEDIUM_MAZE,692,692,3,3,6,5,beam_2,16,0.009965799981728196,5,0.0019931599963456392,True
3,MEDIUM_MAZE,692,692,3,3,6,5,beam_3,16,0.011795899830758572,5,0.0023591799661517145,True
3,MEDIUM_MAZE,720,720,3,5,1,2,greedy,16,0.009754900122061372,5,0.0019509800244122744,True
3,MEDIUM_MAZE,720,720,3,5,1,2,beam_2,16,0.009976200060918927,5,0.0019952400121837854,True
3,MEDIUM_MAZE,720,720,3,5,1,2,beam_3,16,0.008018099935725331,5,0.0016036199871450663,True
3,MEDIUM_MAZE,749,749,4,1,2,2,greedy,16,0.02022830001078546,16,0.0012642687506740913,False
3,MEDIUM_MAZE,749,749,4,1,2,2,beam_2,16,0.026906199986115098,16,0.0016816374991321936,False
3,MEDIUM_MAZE,749,749,4,1,2,2,beam_3,16,0.011013699928298593,5,0.0022027399856597183,True
3,MEDIUM_MAZE,776,776,4,2,2,5,greedy,16,0.009275200078263879,5,0.0018550400156527758,True
3,MEDIUM_MAZE,776,776,4,2,2,5,beam_2,16,0.011955199996009469,5,0.0023910399992018937,True
3,MEDIUM_MAZE,776,776,4,2,2,5,beam_3,16,0.0066651999950408936,5,0.0013330399990081788,True
3,MEDIUM_MAZE,802,802,4,3,2,6,greedy,16,0.009715399937704206,5,0.001943079987540841,True
3,MEDIUM_MAZE,802,802,4,3,2,6,beam_2,16,0.009687699843198061,5,0.0019375399686396122,True
3,MEDIUM_MAZE,802,802,4,3,2,6,beam_3,16,0.008951999945566058,5,0.0017903999891132117,True
3,MEDIUM_MAZE,832,832,4,5,4,2,greedy,16,0.019660399993881583,16,0.001228774999617599,False
3,MEDIUM_MAZE,832,832,4,5,4,2,beam_2,16,0.006628300063312054,5,0.0013256600126624108,True
3,MEDIUM_MAZE,832,832,4,5,4,2,beam_3,16,0.006587000098079443,5,0.0013174000196158886,True
3,MEDIUM_MAZE,858,858,4,6,4,3,greedy,16,0.006500100018456578,5,0.0013000200036913157,True
3,MEDIUM_MAZE,858,858,4,6,4,3,beam_2,16,0.008042400004342198,5,0.0016084800008684397,True
3,MEDIUM_MAZE,858,858,4,6,4,3,beam_3,16,0.011494900099933147,5,0.0022989800199866295,True
3,MEDIUM_MAZE,895,895,5,3,1,2,greedy,16,0.009611600078642368,5,0.0019223200157284736,True
3,MEDIUM_MAZE,895,895,5,3,1,2,beam_2,16,0.00845389999449253,5,0.0016907799988985061,True
3,MEDIUM_MAZE,895,895,5,3,1,2,beam_3,16,0.010780900018289685,5,0.002156180003657937,True
3,MEDIUM_MAZE,914,914,5,3,6,1,greedy,16,0.02868240000680089,15,0.0019121600004533927,True
3,MEDIUM_MAZE,914,914,5,3,6,1,beam_2,16,0.0096303999889642,5,0.00192607999779284,True
3,MEDIUM_MAZE,914,914,5,3,6,1,beam_3,16,0.01090770005248487,5,0.002181540010496974,True
3,MEDIUM_MAZE,946,946,5,6,1,5,greedy,16,0.007272500079125166,5,0.0014545000158250332,True
3,MEDIUM_MAZE,946,946,5,6,1,5,beam_2,16,0.005944600095972419,5,0.0011889200191944837,True
3,MEDIUM_MAZE,946,946,5,6,1,5,beam_3,16,0.007839600089937449,5,0.0015679200179874897,True
3,MEDIUM_MAZE,987,987,6,1,5,3,greedy,16,0.02532789995893836,15,0.001688526663929224,True
3,MEDIUM_MAZE,987,987,6,1,5,3,beam_2,16,0.011322800070047379,5,0.0022645600140094755,True
3,MEDIUM_MAZE,987,987,6,1,5,3,beam_3,16,0.011885900050401688,5,0.0023771800100803376,True
3,MEDIUM_MAZE,1034,1034,6,4,4,5,greedy,16,0.007808599853888154,5,0.0015617199707776308,True
3,MEDIUM_MAZE,1034,1034,6,4,4,5,beam_2,16,0.008129999972879887,5,0.0016259999945759773,True
3,MEDIUM_MAZE,1034,1034,6,4,4,5,beam_3,16,0.010620899964123964,5,0.0021241799928247928,True
3,MEDIUM_MAZE,1079,1079,6,6,3,4,greedy,16,0.03160970006138086,16,0.001975606253836304,False
3,MEDIUM_MAZE,1079,1079,6,6,3,4,beam_2,16,0.033535700058564544,16,0.002095981253660284,False
3,MEDIUM_MAZE,1079,1079,6,6,3,4,beam_3,16,0.012993499869480729,5,0.002598699973896146,True
3,MEDIUM_MAZE,475,475,1,2,2,5,greedy,16,0.014841899974271655,6,0.0024736499957119427,True
3,MEDIUM_MAZE,475,475,1,2,2,5,beam_2,16,0.01568010007031262,6,0.00261335001171877,True
3,MEDIUM_MAZE,475,475,1,2,2,5,beam_3,16,0.012442500097677112,6,0.0020737500162795186,True
3,MEDIUM_MAZE,506,506,1,5,4,2,greedy,16,0.023483100114390254,16,0.0014676937571493909,False
3,MEDIUM_MAZE,506,506,1,5,4,2,beam_2,16,0.007933099986985326,6,0.001322183331164221,True
3,MEDIUM_MAZE,506,506,1,5,4,2,beam_3,16,0.010260700015351176,6,0.0017101166692251961,True
3,MEDIUM_MAZE,538,538,1,6,5,6,greedy,16,0.00884270016103983,6,0.0014737833601733048,True
3,MEDIUM_MAZE,538,538,1,6,5,6,beam_2,16,0.008606499992311,6,0.0014344166653851669,True
3,MEDIUM_MAZE,538,538,1,6,5,6,beam_3,16,0.008037999970838428,6,0.0013396666618064046,True
3,MEDIUM_MAZE,571,571,2,2,1,5,greedy,16,0.014616400003433228,12,0.0012180333336194356,True
3,MEDIUM_MAZE,571,571,2,2,1,5,beam_2,16,0.008248199941590428,6,0.0013746999902650714,True
3,MEDIUM_MAZE,571,571,2,2,1,5,beam_3,16,0.011353599838912487,6,0.0018922666398187478,True
3,MEDIUM_MAZE,597,597,2,3,1,6,greedy,16,0.012204400030896068,6,0.0020340666718160114,True
3,MEDIUM_MAZE,597,597,2,3,1,6,beam_2,16,0.01161279994994402,6,0.0019354666583240032,True
3,MEDIUM_MAZE,597,597,2,3,1,6,beam_3,16,0.013732299907132983,6,0.0022887166511888304,True
3,MEDIUM_MAZE,623,623,2,5,2,1,greedy,16,0.010946800000965595,6,0.0018244666668275993,True
3,MEDIUM_MAZE,623,623,2,5,2,1,beam_2,16,0.011560400016605854,6,0.0019267333361009757,True
3,MEDIUM_MAZE,623,623,2,5,2,1,beam_3,16,0.008342900080606341,6,0.0013904833467677236,True
3,MEDIUM_MAZE,656,656,2,6,4,2,greedy,16,0.02427619998343289,16,0.0015172624989645556,False
3,MEDIUM_MAZE,656,656,2,6,4,2,beam_2,16,0.013008299982175231,6,0.0021680499970292053,True
3,MEDIUM_MAZE,656,656,2,6,4,2,beam_3,16,0.012309900019317865,6,0.002051650003219644,True
3,MEDIUM_MAZE,714,714,3,4,6,1,greedy,16,0.007457799976691604,6,0.001242966662781934,True
3,MEDIUM_MAZE,714,714,3,4,6,1,beam_2,16,0.007513799937441945,6,0.0012522999895736575,True
3,MEDIUM_MAZE,714,714,3,4,6,1,beam_3,16,0.008119199890643358,6,0.0013531999817738931,True
3,MEDIUM_MAZE,745,745,4,1,1,2,greedy,16,0.009878800017759204,8,0.0012348500022199005,True
3,MEDIUM_MAZE,745,745,4,1,1,2,beam_2,16,0.010305800009518862,8,0.0012882250011898577,True
3,MEDIUM_MAZE,745,745,4,1,1,2,beam_3,16,0.00830160011537373,6,0.001383600019228955,True
3,MEDIUM_MAZE,769,769,4,2,1,1,greedy,16,0.009654200170189142,6,0.0016090333616981904,True
3,MEDIUM_MAZE,769,769,4,2,1,1,beam_2,16,0.012589000165462494,6,0.002098166694243749,True
3,MEDIUM_MAZE,769,769,4,2,1,1,beam_3,16,0.012926999945193529,6,0.002154499990865588,True
3,MEDIUM_MAZE,797,797,4,3,1,6,greedy,16,0.011578300036489964,6,0.0019297166727483273,True
3,MEDIUM_MAZE,797,797,4,3,1,6,beam_2,16,0.012103799963369966,6,0.0020172999938949943,True
3,MEDIUM_MAZE,797,797,4,3,1,6,beam_3,16,0.014795799972489476,6,0.0024659666620815792,True
3,MEDIUM_MAZE,837,837,4,5,5,4,greedy,16,0.011543900007382035,6,0.0019239833345636725,True
3,MEDIUM_MAZE,837,837,4,5,5,4,beam_2,16,0.013232999946922064,6,0.0022054999911536774,True
3,MEDIUM_MAZE,837,837,4,5,5,4,beam_3,16,0.014020599890500307,6,0.002336766648416718,True
3,MEDIUM_MAZE,880,880,5,1,3,5,greedy,16,0.009553099982440472,6,0.0015921833304067452,True
3,MEDIUM_MAZE,880,880,5,1,3,5,beam_2,16,0.0074734000954777,6,0.0012455666825796168,True
3,MEDIUM_MAZE,880,880,5,1,3,5,beam_3,16,0.007414199877530336,6,0.0012356999795883894,True
3,MEDIUM_MAZE,910,910,5,3,4,6,greedy,16,0.010406000073999166,6,0.0017343333456665277,True
3,MEDIUM_MAZE,910,910,5,3,4,6,beam_2,16,0.012472299858927727,6,0.002078716643154621,True
3,MEDIUM_MAZE,910,910,5,3,4,6,beam_3,16,0.012872499879449606,6,0.0021454166465749345,True
3,MEDIUM_MAZE,934,934,5,4,4,5,greedy,16,0.011798900086432695,6,0.0019664833477387824,True
3,MEDIUM_MAZE,934,934,5,4,4,5,beam_2,16,0.00815599993802607,6,0.0013593333230043452,True
3,MEDIUM_MAZE,934,934,5,4,4,5,beam_3,16,0.008501400006935,6,0.0014169000011558335,True
3,MEDIUM_MAZE,975,975,6,1,2,3,greedy,16,0.007174799917265773,6,0.001195799986210962,True
3,MEDIUM_MAZE,975,975,6,1,2,3,beam_2,16,0.007072999840602279,6,0.0011788333067670465,True
3,MEDIUM_MAZE,975,975,6,1,2,3,beam_3,16,0.013332000002264977,6,0.0022220000003774962,True
3,MEDIUM_MAZE,1024,1024,6,4,2,2,greedy,16,0.032246199902147055,16,0.002015387493884191,False
3,MEDIUM_MAZE,1024,1024,6,4,2,2,beam_2,16,0.01271799998357892,6,0.00211966666392982,True
3,MEDIUM_MAZE,1024,1024,6,4,2,2,beam_3,16,0.011929200030863285,6,0.001988200005143881,True
3,MEDIUM_MAZE,1054,1054,6,5,3,4,greedy,16,0.023181899916380644,16,0.0014488687447737902,False
3,MEDIUM_MAZE,1054,1054,6,5,3,4,beam_2,16,0.024585700128227472,16,0.001536606258014217,False
3,MEDIUM_MAZE,1054,1054,6,5,3,4,beam_3,16,0.008782499935477972,6,0.0014637499892463286,True
3,MEDIUM_MAZE,1082,1082,6,6,4,2,greedy,16,0.03103690012358129,16,0.0019398062577238306,False
3,MEDIUM_MAZE,1082,1082,6,6,4,2,beam_2,16,0.011004999978467822,6,0.0018341666630779703,True
3,MEDIUM_MAZE,1082,1082,6,6,4,2,beam_3,16,0.007744099944829941,6,0.0012906833241383235,True
3,MEDIUM_MAZE,470,470,1,2,1,5,greedy,16,0.018750699935480952,16,0.0011719187459675595,False
3,MEDIUM_MAZE,470,470,1,2,1,5,beam_2,16,0.009773300029337406,7,0.0013961857184767723,True
3,MEDIUM_MAZE,470,470,1,2,1,5,beam_3,16,0.009879600023850799,7,0.0014113714319786855,True
3,MEDIUM_MAZE,495,495,1,5,1,2,greedy,16,0.017465499928221107,9,0.0019406111031356785,True
3,MEDIUM_MAZE,495,495,1,5,1,2,beam_2,16,0.01224089995957911,7,0.001748699994225587,True
3,MEDIUM_MAZE,495,495,1,5,1,2,beam_3,16,0.013880199985578656,7,0.0019828857122255223,True
3,MEDIUM_MAZE,523,523,1,6,2,2,greedy,16,0.029948299983516335,16,0.001871768748969771,False
3,MEDIUM_MAZE,523,523,1,6,2,2,beam_2,16,0.03214220004156232,16,0.002008887502597645,False
3,MEDIUM_MAZE,523,523,1,6,2,2,beam_3,16,0.036250799894332886,16,0.0022656749933958054,False
3,MEDIUM_MAZE,551,551,2,1,2,6,greedy,16,0.03251389996148646,16,0.0020321187475929037,False
3,MEDIUM_MAZE,551,551,2,1,2,6,beam_2,16,0.015148799866437912,7,0.0021641142666339874,True
3,MEDIUM_MAZE,551,551,2,1,2,6,beam_3,16,0.01429879991337657,7,0.0020426857019109385,True
3,MEDIUM_MAZE,588,588,2,2,5,6,greedy,16,0.012840599985793233,7,0.0018343714265418904,True
3,MEDIUM_MAZE,588,588,2,2,5,6,beam_2,16,0.018437099875882268,7,0.002633871410840324,True
3,MEDIUM_MAZE,588,588,2,2,5,6,beam_3,16,0.012222300050780177,7,0.0017460428643971682,True
3,MEDIUM_MAZE,619,619,2,5,1,1,greedy,16,0.010168799897655845,7,0.0014526856996651208,True
3,MEDIUM_MAZE,619,619,2,5,1,1,beam_2,16,0.016816299874335527,7,0.002402328553476504,True
3,MEDIUM_MAZE,619,619,2,5,1,1,beam_3,16,0.017481400165706873,7,0.0024973428808152676,True
3,MEDIUM_MAZE,655,655,2,6,4,1,greedy,16,0.008940699975937605,7,0.001277242853705372,True
3,MEDIUM_MAZE,655,655,2,6,4,1,beam_2,16,0.01160850003361702,7,0.0016583571476595743,True
3,MEDIUM_MAZE,655,655,2,6,4,1,beam_3,16,0.015858399914577603,7,0.0022654857020825148,True
3,MEDIUM_MAZE,744,744,4,1,1,1,greedy,16,0.03079570014961064,13,0.0023689000115085105,True
3,MEDIUM_MAZE,744,744,4,1,1,1,beam_2,16,0.014497599797323346,7,0.0020710856853319065,True
3,MEDIUM_MAZE,744,744,4,1,1,1,beam_3,16,0.011911500012502074,7,0.0017016428589288677,True
3,MEDIUM_MAZE,772,772,4,2,1,6,greedy,16,0.012510200031101704,7,0.0017871714330145291,True
3,MEDIUM_MAZE,772,772,4,2,1,6,beam_2,16,0.0141075998544693,7,0.0020153714077813284,True
3,MEDIUM_MAZE,772,772,4,2,1,6,beam_3,16,0.015341099817305803,7,0.002191585688186543,True
3,MEDIUM_MAZE,848,848,4,6,2,1,greedy,16,0.018570000072941184,11,0.001688181824812835,True
3,MEDIUM_MAZE,848,848,4,6,2,1,beam_2,16,0.013514399994164705,7,0.001930628570594958,True
3,MEDIUM_MAZE,848,848,4,6,2,1,beam_3,16,0.01063540019094944,7,0.0015193428844213486,True
3,MEDIUM_MAZE,884,884,5,1,4,5,greedy,16,0.00863930000923574,7,0.0012341857156051056,True
3,MEDIUM_MAZE,884,884,5,1,4,5,beam_2,16,0.014792899833992124,7,0.0021132714048560175,True
3,MEDIUM_MAZE,884,884,5,1,4,5,beam_3,16,0.015745799988508224,7,0.002249399998358318,True
3,MEDIUM_MAZE,927,927,5,4,2,6,greedy,16,0.025348399998620152,13,0.0019498769229707809,True
3,MEDIUM_MAZE,927,927,5,4,2,6,beam_2,16,0.018468800000846386,9,0.0020520888889829316,True
3,MEDIUM_MAZE,927,927,5,4,2,6,beam_3,16,0.00952830002643168,7,0.0013611857180616685,True
3,MEDIUM_MAZE,980,980,6,1,3,5,greedy,16,0.010715499985963106,9,0.0011906111095514563,True
3,MEDIUM_MAZE,980,980,6,1,3,5,beam_2,16,0.009309799876064062,7,0.0013299714108662947,True
3,MEDIUM_MAZE,980,980,6,1,3,5,beam_3,16,0.009736499981954694,7,0.0013909285688506706,True
3,MEDIUM_MAZE,1020,1020,6,4,1,2,greedy,16,0.016467700013890862,9,0.0018297444459878737,True
3,MEDIUM_MAZE,1020,1020,6,4,1,2,beam_2,16,0.01973770000040531,9,0.0021930777778228125,True
3,MEDIUM_MAZE,1020,1020,6,4,1,2,beam_3,16,0.019893900025635958,9,0.002210433336181773,True
3,MEDIUM_MAZE,1049,1049,6,5,2,2,greedy,16,0.013736400054767728,7,0.0019623428649668184,True
3,MEDIUM_MAZE,1049,1049,6,5,2,2,beam_2,16,0.010973099851980805,7,0.001567585693140115,True
3,MEDIUM_MAZE,1049,1049,6,5,2,2,beam_3,16,0.00984250009059906,7,0.0014060714415141515,True
3,MEDIUM_MAZE,1081,1081,6,6,4,1,greedy,16,0.00980799994431436,7,0.0014011428491877659,True
3,MEDIUM_MAZE,1081,1081,6,6,4,1,beam_2,16,0.013908599968999624,7,0.001986942852714232,True
3,MEDIUM_MAZE,1081,1081,6,6,4,1,beam_3,16,0.016087600030004978,7,0.0022982285757149968,True
3,MEDIUM_MAZE,466,466,1,1,6,4,greedy,18,0.014677200000733137,8,0.0018346500000916421,True
3,MEDIUM_MAZE,466,466,1,1,6,4,beam_2,18,0.009653099812567234,8,0.0012066374765709043,True
3,MEDIUM_MAZE,466,466,1,1,6,4,beam_3,18,0.015843800036236644,8,0.0019804750045295805,True
3,MEDIUM_MAZE,494,494,1,5,1,1,greedy,18,0.015298600075766444,8,0.0019123250094708055,True
3,MEDIUM_MAZE,494,494,1,5,1,1,beam_2,18,0.01724060019478202,8,0.0021550750243477523,True
3,MEDIUM_MAZE,494,494,1,5,1,1,beam_3,18,0.01327509991824627,8,0.0016593874897807837,True
3,MEDIUM_MAZE,530,530,1,6,4,1,greedy,18,0.014695000136271119,8,0.0018368750170338899,True
3,MEDIUM_MAZE,530,530,1,6,4,1,beam_2,18,0.014046099968254566,8,0.0017557624960318208,True
3,MEDIUM_MAZE,530,530,1,6,4,1,beam_3,18,0.01602210011333227,8,0.002002762514166534,True
3,MEDIUM_MAZE,564,564,2,1,6,1,greedy,18,0.021400599973276258,10,0.0021400599973276256,True
3,MEDIUM_MAZE,564,564,2,1,6,1,beam_2,18,0.01797609985806048,8,0.00224701248225756,True
3,MEDIUM_MAZE,564,564,2,1,6,1,beam_3,18,0.016748699825257063,8,0.002093587478157133,True
3,MEDIUM_MAZE,644,644,2,6,1,1,greedy,18,0.009765599854290485,8,0.0012206999817863107,True
3,MEDIUM_MAZE,644,644,2,6,1,1,beam_2,18,0.013577699894085526,8,0.0016972124867606908,True
3,MEDIUM_MAZE,644,644,2,6,1,1,beam_3,18,0.01734029990620911,8,0.002167537488276139,True
3,MEDIUM_MAZE,763,763,4,1,5,6,greedy,18,0.013434400083497167,8,0.0016793000104371458,True
3,MEDIUM_MAZE,763,763,4,1,5,6,beam_2,18,0.016304600052535534,8,0.0020380750065669417,True
3,MEDIUM_MAZE,763,763,4,1,5,6,beam_3,18,0.018092799931764603,8,0.0022615999914705753,True
3,MEDIUM_MAZE,871,871,5,1,1,5,greedy,18,0.012069699820131063,8,0.001508712477516383,True
3,MEDIUM_MAZE,871,871,5,1,1,5,beam_2,18,0.014821999939158559,8,0.0018527499923948199,True
3,MEDIUM_MAZE,871,871,5,1,1,5,beam_3,18,0.017494700150564313,8,0.002186837518820539,True
3,MEDIUM_MAZE,945,945,5,6,1,2,greedy,18,0.023341000080108643,12,0.0019450833400090535,True
3,MEDIUM_MAZE,945,945,5,6,1,2,beam_2,18,0.011560600018128753,8,0.001445075002266094,True
3,MEDIUM_MAZE,945,945,5,6,1,2,beam_3,18,0.015214999904856086,8,0.0019018749881070107,True
3,MEDIUM_MAZE,976,976,6,1,2,5,greedy,18,0.01267209998331964,10,0.001267209998331964,True
3,MEDIUM_MAZE,976,976,6,1,2,5,beam_2,18,0.018078099936246872,8,0.002259762492030859,True
3,MEDIUM_MAZE,976,976,6,1,2,5,beam_3,18,0.017234500031918287,8,0.002154312503989786,True
3,MEDIUM_MAZE,1016,1016,6,2,6,4,greedy,18,0.015253700083121657,8,0.0019067125103902072,True
3,MEDIUM_MAZE,1016,1016,6,2,6,4,beam_2,18,0.010480100056156516,8,0.0013100125070195645,True
3,MEDIUM_MAZE,1016,1016,6,2,6,4,beam_3,18,0.011166800046339631,8,0.0013958500057924539,True
3,MEDIUM_MAZE,1045,1045,6,5,1,2,greedy,18,0.014772600028663874,12,0.0012310500023886561,True
3,MEDIUM_MAZE,1045,1045,6,5,1,2,beam_2,18,0.013568600174039602,8,0.0016960750217549503,True
3,MEDIUM_MAZE,1045,1045,6,5,1,2,beam_3,18,0.018030700040981174,8,0.0022538375051226467,True
3,MEDIUM_MAZE,1086,1086,6,6,5,1,greedy,18,0.01952879992313683,8,0.002441099990392104,True
3,MEDIUM_MAZE,1086,1086,6,6,5,1,beam_2,18,0.020127700176090002,8,0.0025159625220112503,True
3,MEDIUM_MAZE,1086,1086,6,6,5,1,beam_3,18,0.020453699864447117,8,0.0025567124830558896,True
3,MEDIUM_MAZE,490,490,1,2,6,2,greedy,20,0.017331199953332543,9,0.001925688883703616,True
3,MEDIUM_MAZE,490,490,1,2,6,2,beam_2,20,0.020007500192150474,9,0.002223055576905608,True
3,MEDIUM_MAZE,490,490,1,2,6,2,beam_3,20,0.01322500011883676,9,0.001469444457648529,True
3,MEDIUM_MAZE,541,541,1,6,6,4,greedy,20,0.013180699897930026,9,0.001464522210881114,True
3,MEDIUM_MAZE,541,541,1,6,6,4,beam_2,20,0.018595200031995773,9,0.0020661333368884195,True
3,MEDIUM_MAZE,541,541,1,6,6,4,beam_3,20,0.017412599874660373,9,0.001934733319406708,True
3,MEDIUM_MAZE,840,840,4,5,6,2,greedy,20,0.011631000088527799,9,0.0012923333431697553,True
3,MEDIUM_MAZE,840,840,4,5,6,2,beam_2,20,0.011889199959114194,9,0.0013210222176793548,True
3,MEDIUM_MAZE,840,840,4,5,6,2,beam_3,20,0.014681999804452062,9,0.0016313333116057846,True
3,MEDIUM_MAZE,961,961,5,6,5,1,greedy,20,0.0171272000297904,9,0.0019030222255322668,True
3,MEDIUM_MAZE,961,961,5,6,5,1,beam_2,20,0.02056189998984337,9,0.0022846555544270408,True
3,MEDIUM_MAZE,961,961,5,6,5,1,beam_3,20,0.019947099965065718,9,0.0022163444405628573,True
3,MEDIUM_MAZE,993,993,6,1,6,6,greedy,20,0.032092400128021836,19,0.0016890736909485177,False
3,MEDIUM_MAZE,993,993,6,1,6,6,beam_2,20,0.019015399971976876,9,0.002112822219108542,True
3,MEDIUM_MAZE,993,993,6,1,6,6,beam_3,20,0.01913769985549152,9,0.0021264110950546134,True
3,MEDIUM_MAZE,1017,1017,6,2,6,5,greedy,20,0.013007899979129434,9,0.0014453222199032705,True
3,MEDIUM_MAZE,1017,1017,6,2,6,5,beam_2,20,0.018990500131621957,9,0.0021100555701802173,True
3,MEDIUM_MAZE,1017,1017,6,2,6,5,beam_3,20,0.020553299924358726,9,0.002283699991595414,True
3,MEDIUM_MAZE,1073,1073,6,6,2,1,greedy,20,0.017221599817276,9,0.0019135110908084446,True
3,MEDIUM_MAZE,1073,1073,6,6,2,1,beam_2,20,0.011449199868366122,9,0.001272133318707347,True
3,MEDIUM_MAZE,1073,1073,6,6,2,1,beam_3,20,0.01373920007608831,9,0.0015265777862320344,True
3,MEDIUM_MAZE,539,539,1,6,6,1,greedy,22,0.031372300116345286,19,0.0016511736903339624,False
3,MEDIUM_MAZE,539,539,1,6,6,1,beam_2,22,0.013000000035390258,10,0.0013000000035390258,True
3,MEDIUM_MAZE,539,539,1,6,6,1,beam_3,22,0.022343099815770984,10,0.0022343099815770985,True
3,MEDIUM_MAZE,989,989,6,1,5,6,greedy,22,0.036687400192022324,19,0.0019309157995801222,False
3,MEDIUM_MAZE,989,989,6,1,5,6,beam_2,22,0.02157380012795329,10,0.002157380012795329,True
3,MEDIUM_MAZE,989,989,6,1,5,6,beam_3,22,0.01873319991864264,10,0.001873319991864264,True
3,MEDIUM_MAZE,1018,1018,6,2,6,6,greedy,22,0.030802700202912092,19,0.0016211947475216891,False
3,MEDIUM_MAZE,1018,1018,6,2,6,6,beam_2,22,0.01992719992995262,10,0.001992719992995262,True
3,MEDIUM_MAZE,1018,1018,6,2,6,6,beam_3,22,0.017378099961206317,10,0.0017378099961206316,True
3,MEDIUM_MAZE,997,997,6,2,1,6,greedy,24,0.013830899959430099,11,0.0012573545417663727,True
3,MEDIUM_MAZE,997,997,6,2,1,6,beam_2,24,0.023931600153446198,11,0.002175600013949654,True
3,MEDIUM_MAZE,997,997,6,2,1,6,beam_3,24,0.02588080009445548,11,0.002352800008586862,True
3,LARGE_MAZE,1790,1790,1,2,1,3,greedy,16,0.0013801001477986574,1,0.0013801001477986574,True
3,LARGE_MAZE,1790,1790,1,2,1,3,beam_2,16,0.0009664001408964396,1,0.0009664001408964396,True
3,LARGE_MAZE,1790,1790,1,2,1,3,beam_3,16,0.0009089000523090363,1,0.0009089000523090363,True
3,LARGE_MAZE,1882,1882,1,4,1,5,greedy,16,0.000950200017541647,1,0.000950200017541647,True
3,LARGE_MAZE,1882,1882,1,4,1,5,beam_2,16,0.0018588998354971409,1,0.0018588998354971409,True
3,LARGE_MAZE,1882,1882,1,4,1,5,beam_3,16,0.0010915999300777912,1,0.0010915999300777912,True
3,LARGE_MAZE,2019,2019,1,8,1,7,greedy,16,0.02257369994185865,16,0.0014108562463661656,False
3,LARGE_MAZE,2019,2019,1,8,1,7,beam_2,16,0.0022003999911248684,1,0.0022003999911248684,True
3,LARGE_MAZE,2019,2019,1,8,1,7,beam_3,16,0.001764299813657999,1,0.001764299813657999,True
3,LARGE_MAZE,2116,2116,1,10,2,10,greedy,16,0.031918999971821904,16,0.001994937498238869,False
3,LARGE_MAZE,2116,2116,1,10,2,10,beam_2,16,0.001671699807047844,1,0.001671699807047844,True
3,LARGE_MAZE,2116,2116,1,10,2,10,beam_3,16,0.001658200053498149,1,0.001658200053498149,True
3,LARGE_MAZE,2243,2243,2,5,1,5,greedy,16,0.0274383001960814,16,0.0017148937622550875,False
3,LARGE_MAZE,2243,2243,2,5,1,5,beam_2,16,0.0017947000451385975,1,0.0017947000451385975,True
3,LARGE_MAZE,2243,2243,2,5,1,5,beam_3,16,0.001765600172802806,1,0.001765600172802806,True
3,LARGE_MAZE,2350,2350,2,10,3,10,greedy,16,0.001742199994623661,1,0.001742199994623661,True
3,LARGE_MAZE,2350,2350,2,10,3,10,beam_2,16,0.0022243999410420656,1,0.0022243999410420656,True
3,LARGE_MAZE,2350,2350,2,10,3,10,beam_3,16,0.0017943000420928001,1,0.0017943000420928001,True
3,LARGE_MAZE,2434,2434,3,2,3,3,greedy,16,0.02123870002105832,16,0.001327418751316145,False
3,LARGE_MAZE,2434,2434,3,2,3,3,beam_2,16,0.0015158001333475113,1,0.0015158001333475113,True
3,LARGE_MAZE,2434,2434,3,2,3,3,beam_3,16,0.0011128999758511782,1,0.0011128999758511782,True
3,LARGE_MAZE,2532,2532,3,5,4,5,greedy,16,0.0011204001493752003,1,0.0011204001493752003,True
3,LARGE_MAZE,2532,2532,3,5,4,5,beam_2,16,0.0010403001215308905,1,0.0010403001215308905,True
3,LARGE_MAZE,2532,2532,3,5,4,5,beam_3,16,0.0010797998402267694,1,0.0010797998402267694,True
3,LARGE_MAZE,2618,2618,3,7,3,8,greedy,16,0.0010830000974237919,1,0.0010830000974237919,True
3,LARGE_MAZE,2618,2618,3,7,3,8,beam_2,16,0.0017558999825268984,1,0.0017558999825268984,True
3,LARGE_MAZE,2618,2618,3,7,3,8,beam_3,16,0.0016731000505387783,1,0.0016731000505387783,True
3,LARGE_MAZE,2747,2747,3,10,2,10,greedy,16,0.02332479995675385,16,0.0014577999972971156,False
3,LARGE_MAZE,2747,2747,3,10,2,10,beam_2,16,0.03683999995701015,16,0.0023024999973131344,False
3,LARGE_MAZE,2747,2747,3,10,2,10,beam_3,16,0.0024975999258458614,1,0.0024975999258458614,True
3,LARGE_MAZE,2841,2841,4,5,3,5,greedy,16,0.0023390999995172024,1,0.0023390999995172024,True
3,LARGE_MAZE,2841,2841,4,5,3,5,beam_2,16,0.0010406000073999166,1,0.0010406000073999166,True
3,LARGE_MAZE,2841,2841,4,5,3,5,beam_3,16,0.0009620001073926687,1,0.0009620001073926687,True
3,LARGE_MAZE,2940,2940,5,1,5,2,greedy,16,0.0010685999877750874,1,0.0010685999877750874,True
3,LARGE_MAZE,2940,2940,5,1,5,2,beam_2,16,0.000978600000962615,1,0.000978600000962615,True
3,LARGE_MAZE,2940,2940,5,1,5,2,beam_3,16,0.0010297000408172607,1,0.0010297000408172607,True
3,LARGE_MAZE,3037,3037,5,3,6,3,greedy,16,0.0015784997958689928,1,0.0015784997958689928,True
3,LARGE_MAZE,3037,3037,5,3,6,3,beam_2,16,0.001196499913930893,1,0.001196499913930893,True
3,LARGE_MAZE,3037,3037,5,3,6,3,beam_3,16,0.001055500004440546,1,0.001055500004440546,True
3,LARGE_MAZE,3128,3128,5,5,6,5,greedy,16,0.019653999945148826,16,0.0012283749965718016,False
3,LARGE_MAZE,3128,3128,5,5,6,5,beam_2,16,0.0011038000229746103,1,0.0011038000229746103,True
3,LARGE_MAZE,3128,3128,5,5,6,5,beam_3,16,0.0017921000253409147,1,0.0017921000253409147,True
3,LARGE_MAZE,3261,3261,5,10,5,9,greedy,16,0.03214349993504584,16,0.002008968745940365,False
3,LARGE_MAZE,3261,3261,5,10,5,9,beam_2,16,0.00117390020750463,1,0.00117390020750463,True
3,LARGE_MAZE,3261,3261,5,10,5,9,beam_3,16,0.0009348001331090927,1,0.0009348001331090927,True
3,LARGE_MAZE,3395,3395,6,7,5,7,greedy,16,0.027449400164186954,16,0.0017155875102616847,False
3,LARGE_MAZE,3395,3395,6,7,5,7,beam_2,16,0.001666399883106351,1,0.001666399883106351,True
3,LARGE_MAZE,3395,3395,6,7,5,7,beam_3,16,0.001934099942445755,1,0.001934099942445755,True
3,LARGE_MAZE,3537,3537,7,2,7,1,greedy,16,0.022900299867615104,13,0.001761561528278085,True
3,LARGE_MAZE,3537,3537,7,2,7,1,beam_2,16,0.001905200071632862,1,0.001905200071632862,True
3,LARGE_MAZE,3537,3537,7,2,7,1,beam_3,16,0.0019384000916033983,1,0.0019384000916033983,True
3,LARGE_MAZE,3630,3630,7,5,7,6,greedy,16,0.025381899904459715,16,0.0015863687440287322,False
3,LARGE_MAZE,3630,3630,7,5,7,6,beam_2,16,0.0011292998678982258,1,0.0011292998678982258,True
3,LARGE_MAZE,3630,3630,7,5,7,6,beam_3,16,0.0010488999541848898,1,0.0010488999541848898,True
3,LARGE_MAZE,3761,3761,7,9,6,9,greedy,16,0.001123199937865138,1,0.001123199937865138,True
3,LARGE_MAZE,3761,3761,7,9,6,9,beam_2,16,0.0017836999613791704,1,0.0017836999613791704,True
3,LARGE_MAZE,3761,3761,7,9,6,9,beam_3,16,0.0015159000176936388,1,0.0015159000176936388,True
3,LARGE_MAZE,1791,1791,1,2,1,4,greedy,16,0.0025596001651138067,2,0.0012798000825569034,True
3,LARGE_MAZE,1791,1791,1,2,1,4,beam_2,16,0.0024228000547736883,2,0.0012114000273868442,True
3,LARGE_MAZE,1791,1791,1,2,1,4,beam_3,16,0.002848900156095624,2,0.001424450078047812,True
3,LARGE_MAZE,1849,1849,1,3,3,3,greedy,16,0.0236905999481678,16,0.0014806624967604876,False
3,LARGE_MAZE,1849,1849,1,3,3,3,beam_2,16,0.032437700079753995,16,0.0020273562549846247,False
3,LARGE_MAZE,1849,1849,1,3,3,3,beam_3,16,0.0038485999684780836,2,0.0019242999842390418,True
3,LARGE_MAZE,1940,1940,1,5,3,5,greedy,16,0.004381299950182438,2,0.002190649975091219,True
3,LARGE_MAZE,1940,1940,1,5,3,5,beam_2,16,0.004325099987909198,2,0.002162549993954599,True
3,LARGE_MAZE,1940,1940,1,5,3,5,beam_3,16,0.004110800102353096,2,0.002055400051176548,True
3,LARGE_MAZE,2064,2064,1,9,1,7,greedy,16,0.0035965999122709036,2,0.0017982999561354518,True
3,LARGE_MAZE,2064,2064,1,9,1,7,beam_2,16,0.004444400081411004,2,0.002222200040705502,True
3,LARGE_MAZE,2064,2064,1,9,1,7,beam_3,16,0.003680300200358033,2,0.0018401501001790166,True
3,LARGE_MAZE,2163,2163,2,1,3,2,greedy,16,0.02759360009804368,16,0.00172460000612773,False
3,LARGE_MAZE,2163,2163,2,1,3,2,beam_2,16,0.03463370003737509,16,0.0021646062523359433,False
3,LARGE_MAZE,2163,2163,2,1,3,2,beam_3,16,0.004094199975952506,2,0.002047099987976253,True
3,LARGE_MAZE,2242,2242,2,5,1,4,greedy,16,0.022841199999675155,14,0.0016315142856910825,True
3,LARGE_MAZE,2242,2242,2,5,1,4,beam_2,16,0.0192331001162529,14,0.0013737928654466356,True
3,LARGE_MAZE,2242,2242,2,5,1,4,beam_3,16,0.0028487001545727253,2,0.0014243500772863626,True
3,LARGE_MAZE,2303,2303,2,7,3,8,greedy,16,0.02166999992914498,16,0.0013543749955715612,False
3,LARGE_MAZE,2303,2303,2,7,3,8,beam_2,16,0.004376400029286742,2,0.002188200014643371,True
3,LARGE_MAZE,2303,2303,2,7,3,8,beam_3,16,0.0036080998834222555,2,0.0018040499417111278,True
3,LARGE_MAZE,2389,2389,3,1,3,3,greedy,16,0.003929200116544962,2,0.001964600058272481,True
3,LARGE_MAZE,2389,2389,3,1,3,3,beam_2,16,0.00347719993442297,2,0.001738599967211485,True
3,LARGE_MAZE,2389,2389,3,1,3,3,beam_3,16,0.003999799955636263,2,0.0019998999778181314,True
3,LARGE_MAZE,2466,2466,3,3,1,3,greedy,16,0.003404300194233656,2,0.001702150097116828,True
3,LARGE_MAZE,2466,2466,3,3,1,3,beam_2,16,0.004179699812084436,2,0.002089849906042218,True
3,LARGE_MAZE,2466,2466,3,3,1,3,beam_3,16,0.003994200145825744,2,0.001997100072912872,True
3,LARGE_MAZE,2565,2565,3,6,2,5,greedy,16,0.003874999936670065,2,0.0019374999683350325,True
3,LARGE_MAZE,2565,2565,3,6,2,5,beam_2,16,0.0036152000539004803,2,0.0018076000269502401,True
3,LARGE_MAZE,2565,2565,3,6,2,5,beam_3,16,0.004216999979689717,2,0.0021084999898448586,True
3,LARGE_MAZE,2616,2616,3,7,3,5,greedy,16,0.03240359993651509,16,0.0020252249960321933,False
3,LARGE_MAZE,2616,2616,3,7,3,5,beam_2,16,0.00252070021815598,2,0.00126035010907799,True
3,LARGE_MAZE,2616,2616,3,7,3,5,beam_3,16,0.00233820010907948,2,0.00116910005453974,True
3,LARGE_MAZE,2702,2702,3,9,2,10,greedy,16,0.02999960002489388,16,0.0018749750015558675,False
3,LARGE_MAZE,2702,2702,3,9,2,10,beam_2,16,0.0344650000333786,16,0.0021540625020861626,False
3,LARGE_MAZE,2702,2702,3,9,2,10,beam_3,16,0.0023493000771850348,2,0.0011746500385925174,True
3,LARGE_MAZE,2766,2766,3,10,5,10,greedy,16,0.0026898998767137527,2,0.0013449499383568764,True
3,LARGE_MAZE,2766,2766,3,10,5,10,beam_2,16,0.0027125999331474304,2,0.0013562999665737152,True
3,LARGE_MAZE,2766,2766,3,10,5,10,beam_3,16,0.002294400008395314,2,0.001147200004197657,True
3,LARGE_MAZE,2842,2842,4,5,3,6,greedy,16,0.02925590006634593,16,0.0018284937541466206,False
3,LARGE_MAZE,2842,2842,4,5,3,6,beam_2,16,0.0036606998182833195,2,0.0018303499091416597,True
3,LARGE_MAZE,2842,2842,4,5,3,6,beam_3,16,0.004197800066322088,2,0.002098900033161044,True
3,LARGE_MAZE,2900,2900,4,10,5,9,greedy,16,0.029485200066119432,16,0.0018428250041324645,False
3,LARGE_MAZE,2900,2900,4,10,5,9,beam_2,16,0.023472500033676624,16,0.001467031252104789,False
3,LARGE_MAZE,2900,2900,4,10,5,9,beam_3,16,0.002454400062561035,2,0.0012272000312805176,True
3,LARGE_MAZE,2992,2992,5,2,6,3,greedy,16,0.002588799921795726,2,0.001294399960897863,True
3,LARGE_MAZE,2992,2992,5,2,6,3,beam_2,16,0.002264800015836954,2,0.001132400007918477,True
3,LARGE_MAZE,2992,2992,5,2,6,3,beam_3,16,0.0022750000935047865,2,0.0011375000467523932,True
3,LARGE_MAZE,3076,3076,5,4,5,2,greedy,16,0.0037901001051068306,2,0.0018950500525534153,True
3,LARGE_MAZE,3076,3076,5,4,5,2,beam_2,16,0.0034687998704612255,2,0.0017343999352306128,True
3,LARGE_MAZE,3076,3076,5,4,5,2,beam_3,16,0.004125199979171157,2,0.0020625999895855784,True
3,LARGE_MAZE,3134,3134,5,5,7,5,greedy,16,0.025921599939465523,16,0.0016200999962165952,False
3,LARGE_MAZE,3134,3134,5,5,7,5,beam_2,16,0.03628879995085299,16,0.002268049996928312,False
3,LARGE_MAZE,3134,3134,5,5,7,5,beam_3,16,0.004440200049430132,2,0.002220100024715066,True
3,LARGE_MAZE,3265,3265,5,10,6,9,greedy,16,0.026651599910110235,16,0.0016657249943818897,False
3,LARGE_MAZE,3265,3265,5,10,6,9,beam_2,16,0.004182100063189864,2,0.002091050031594932,True
3,LARGE_MAZE,3265,3265,5,10,6,9,beam_3,16,0.0038053998723626137,2,0.0019026999361813068,True
3,LARGE_MAZE,3348,3348,6,5,5,4,greedy,16,0.0038712001405656338,2,0.0019356000702828169,True
3,LARGE_MAZE,3348,3348,6,5,5,4,beam_2,16,0.0036236001178622246,2,0.0018118000589311123,True
3,LARGE_MAZE,3348,3348,6,5,5,4,beam_3,16,0.0038215001113712788,2,0.0019107500556856394,True
3,LARGE_MAZE,3493,3493,7,1,7,3,greedy,16,0.0026533000636845827,2,0.0013266500318422914,True
3,LARGE_MAZE,3493,3493,7,1,7,3,beam_2,16,0.001895399997010827,2,0.0009476999985054135,True
3,LARGE_MAZE,3493,3493,7,1,7,3,beam_3,16,0.0018515000119805336,2,0.0009257500059902668,True
3,LARGE_MAZE,3631,3631,7,5,7,7,greedy,16,0.030903399921953678,16,0.0019314624951221049,False
3,LARGE_MAZE,3631,3631,7,5,7,7,beam_2,16,0.0038209999911487103,2,0.0019104999955743551,True
3,LARGE_MAZE,3631,3631,7,5,7,7,beam_3,16,0.0038962000980973244,2,0.0019481000490486622,True
3,LARGE_MAZE,3756,3756,7,9,5,9,greedy,16,0.007553400006145239,4,0.0018883500015363097,True
3,LARGE_MAZE,3756,3756,7,9,5,9,beam_2,16,0.0034473000559955835,2,0.0017236500279977918,True
3,LARGE_MAZE,3756,3756,7,9,5,9,beam_3,16,0.004338700091466308,2,0.002169350045733154,True
3,LARGE_MAZE,1766,1766,1,1,4,1,greedy,16,0.031334000173956156,16,0.0019583750108722597,False
3,LARGE_MAZE,1766,1766,1,1,4,1,beam_2,16,0.022387800039723516,13,0.0017221384645941167,True
3,LARGE_MAZE,1766,1766,1,1,4,1,beam_3,16,0.006386300083249807,3,0.0021287666944166026,True
3,LARGE_MAZE,1844,1844,1,3,2,5,greedy,16,0.005661499919369817,3,0.001887166639789939,True
3,LARGE_MAZE,1844,1844,1,3,2,5,beam_2,16,0.005999899934977293,3,0.001999966644992431,True
3,LARGE_MAZE,1844,1844,1,3,2,5,beam_3,16,0.005572200054302812,3,0.0018574000181009371,True
3,LARGE_MAZE,1925,1925,1,5,1,2,greedy,16,0.03430299996398389,16,0.0021439374977489933,False
3,LARGE_MAZE,1925,1925,1,5,1,2,beam_2,16,0.032427400117740035,13,0.0024944153936723103,True
3,LARGE_MAZE,1925,1925,1,5,1,2,beam_3,16,0.007033299887552857,3,0.0023444332958509526,True
3,LARGE_MAZE,1986,1986,1,7,3,6,greedy,16,0.004548500059172511,3,0.001516166686390837,True
3,LARGE_MAZE,1986,1986,1,7,3,6,beam_2,16,0.0039682998321950436,3,0.0013227666107316811,True
3,LARGE_MAZE,1986,1986,1,7,3,6,beam_3,16,0.005224400199949741,3,0.0017414667333165805,True
3,LARGE_MAZE,2080,2080,1,9,3,10,greedy,16,0.031690599862486124,16,0.0019806624914053828,False
3,LARGE_MAZE,2080,2080,1,9,3,10,beam_2,16,0.007240100065246224,3,0.002413366688415408,True
3,LARGE_MAZE,2080,2080,1,9,3,10,beam_3,16,0.0063772001303732395,3,0.00212573337679108,True
3,LARGE_MAZE,2164,2164,2,1,3,3,greedy,16,0.03337940014898777,16,0.0020862125093117356,False
3,LARGE_MAZE,2164,2164,2,1,3,3,beam_2,16,0.05229510017670691,16,0.003268443761044182,False
3,LARGE_MAZE,2164,2164,2,1,3,3,beam_3,16,0.009120099944993854,3,0.003040033314997951,True
3,LARGE_MAZE,2241,2241,2,5,1,3,greedy,16,0.032948599895462394,13,0.002534507684266338,True
3,LARGE_MAZE,2241,2241,2,5,1,3,beam_2,16,0.007441200083121657,3,0.002480400027707219,True
3,LARGE_MAZE,2241,2241,2,5,1,3,beam_3,16,0.007961800089105964,3,0.0026539333630353212,True
3,LARGE_MAZE,2304,2304,2,7,3,9,greedy,16,0.03944480000063777,16,0.0024653000000398606,False
3,LARGE_MAZE,2304,2304,2,7,3,9,beam_2,16,0.006486100144684315,3,0.002162033381561438,True
3,LARGE_MAZE,2304,2304,2,7,3,9,beam_3,16,0.007791199954226613,3,0.002597066651408871,True
3,LARGE_MAZE,2384,2384,3,1,2,3,greedy,16,0.0305377000477165,16,0.0019086062529822811,False
3,LARGE_MAZE,2384,2384,3,1,2,3,beam_2,16,0.005074599990621209,3,0.0016915333302070696,True
3,LARGE_MAZE,2384,2384,3,1,2,3,beam_3,16,0.004304199945181608,3,0.0014347333150605361,True
3,LARGE_MAZE,2465,2465,3,3,1,2,greedy,16,0.03280519996769726,16,0.002050324997981079,False
3,LARGE_MAZE,2465,2465,3,3,1,2,beam_2,16,0.00611330009996891,3,0.002037766699989637,True
3,LARGE_MAZE,2465,2465,3,3,1,2,beam_3,16,0.0036819998640567064,3,0.001227333288018902,True
3,LARGE_MAZE,2521,2521,3,5,2,7,greedy,16,0.024993499973788857,16,0.0015620937483618036,False
3,LARGE_MAZE,2521,2521,3,5,2,7,beam_2,16,0.004437900148332119,3,0.0014793000494440396,True
3,LARGE_MAZE,2521,2521,3,5,2,7,beam_3,16,0.0038636999670416117,3,0.0012878999890138705,True
3,LARGE_MAZE,2559,2559,3,6,1,7,greedy,16,0.023442900041118264,16,0.0014651812525698915,False
3,LARGE_MAZE,2559,2559,3,6,1,7,beam_2,16,0.04117179987952113,16,0.0025732374924700707,False
3,LARGE_MAZE,2559,2559,3,6,1,7,beam_3,16,0.008071100106462836,3,0.0026903667021542788,True
3,LARGE_MAZE,2620,2620,3,7,3,10,greedy,16,0.00625990005210042,3,0.00208663335070014,True
3,LARGE_MAZE,2620,2620,3,7,3,10,beam_2,16,0.005154100013896823,3,0.0017180333379656076,True
3,LARGE_MAZE,2620,2620,3,7,3,10,beam_3,16,0.004433699883520603,3,0.0014778999611735344,True
3,LARGE_MAZE,2668,2668,3,8,4,10,greedy,16,0.004501800052821636,3,0.001500600017607212,True
3,LARGE_MAZE,2668,2668,3,8,4,10,beam_2,16,0.0037574998568743467,3,0.0012524999522914488,True
3,LARGE_MAZE,2668,2668,3,8,4,10,beam_3,16,0.006425600033253431,3,0.002141866677751144,True
3,LARGE_MAZE,2741,2741,3,10,1,9,greedy,16,0.03709480003453791,16,0.0023184250021586195,False
3,LARGE_MAZE,2741,2741,3,10,1,9,beam_2,16,0.015743799973279238,7,0.002249114281897034,True
3,LARGE_MAZE,2741,2741,3,10,1,9,beam_3,16,0.007367399986833334,3,0.002455799995611111,True
3,LARGE_MAZE,2806,2806,4,1,5,3,greedy,16,0.007322000106796622,3,0.0024406667022655406,True
3,LARGE_MAZE,2806,2806,4,1,5,3,beam_2,16,0.006022999994456768,3,0.0020076666648189225,True
3,LARGE_MAZE,2806,2806,4,1,5,3,beam_3,16,0.00667749997228384,3,0.0022258333240946135,True
3,LARGE_MAZE,2877,2877,4,10,1,10,greedy,16,0.034948499873280525,16,0.002184281242080033,False
3,LARGE_MAZE,2877,2877,4,10,1,10,beam_2,16,0.006219200091436505,3,0.0020730666971455016,True
3,LARGE_MAZE,2877,2877,4,10,1,10,beam_3,16,0.004114599898457527,3,0.0013715332994858425,True
3,LARGE_MAZE,2942,2942,5,1,5,4,greedy,16,0.004602900007739663,3,0.0015343000025798876,True
3,LARGE_MAZE,2942,2942,5,1,5,4,beam_2,16,0.0037541999481618404,3,0.0012513999827206135,True
3,LARGE_MAZE,2942,2942,5,1,5,4,beam_3,16,0.005304899998009205,3,0.0017682999993364017,True
3,LARGE_MAZE,3027,3027,5,3,4,1,greedy,16,0.032961699878796935,16,0.0020601062424248084,False
3,LARGE_MAZE,3027,3027,5,3,4,1,beam_2,16,0.021992499940097332,13,0.0016917307646228718,True
3,LARGE_MAZE,3027,3027,5,3,4,1,beam_3,16,0.006387299858033657,3,0.0021290999526778855,True
3,LARGE_MAZE,3075,3075,5,4,5,1,greedy,16,0.005855900002643466,3,0.001951966667547822,True
3,LARGE_MAZE,3075,3075,5,4,5,1,beam_2,16,0.005966100143268704,3,0.0019887000477562347,True
3,LARGE_MAZE,3075,3075,5,4,5,1,beam_3,16,0.0047963999677449465,3,0.0015987999892483156,True
3,LARGE_MAZE,3121,3121,5,5,5,2,greedy,16,0.0041894998867064714,3,0.0013964999622354906,True
3,LARGE_MAZE,3121,3121,5,5,5,2,beam_2,16,0.004778200061991811,3,0.0015927333539972703,True
3,LARGE_MAZE,3121,3121,5,5,5,2,beam_3,16,0.004273099824786186,3,0.001424366608262062,True
3,LARGE_MAZE,3228,3228,5,9,7,10,greedy,16,0.026097399881109595,16,0.0016310874925693497,False
3,LARGE_MAZE,3228,3228,5,9,7,10,beam_2,16,0.008151400135830045,3,0.002717133378610015,True
3,LARGE_MAZE,3228,3228,5,9,7,10,beam_3,16,0.00809570006094873,3,0.0026985666869829097,True
3,LARGE_MAZE,3304,3304,6,3,5,5,greedy,16,0.00695910002104938,3,0.00231970000701646,True
3,LARGE_MAZE,3304,3304,6,3,5,5,beam_2,16,0.00610130000859499,3,0.0020337666695316634,True
3,LARGE_MAZE,3304,3304,6,3,5,5,beam_3,16,0.004047800088301301,3,0.0013492666961004336,True
3,LARGE_MAZE,3404,3404,6,7,7,5,greedy,16,0.003899600123986602,3,0.001299866707995534,True
3,LARGE_MAZE,3404,3404,6,7,7,5,beam_2,16,0.003759500104933977,3,0.001253166701644659,True
3,LARGE_MAZE,3404,3404,6,7,7,5,beam_3,16,0.005252799950540066,3,0.0017509333168466885,True
3,LARGE_MAZE,3573,3573,7,3,5,4,greedy,16,0.005362299969419837,3,0.0017874333231399457,True
3,LARGE_MAZE,3573,3573,7,3,5,4,beam_2,16,0.004028300056234002,3,0.001342766685411334,True
3,LARGE_MAZE,3573,3573,7,3,5,4,beam_3,16,0.0050224000588059425,3,0.0016741333529353142,True
3,LARGE_MAZE,3665,3665,7,6,5,7,greedy,16,0.03488880000077188,16,0.0021805500000482425,False
3,LARGE_MAZE,3665,3665,7,6,5,7,beam_2,16,0.007076599868014455,3,0.002358866622671485,True
3,LARGE_MAZE,3665,3665,7,6,5,7,beam_3,16,0.006259100046008825,3,0.0020863666820029416,True
3,LARGE_MAZE,1759,1759,1,1,3,3,greedy,16,0.03322899993509054,16,0.002076812495943159,False
3,LARGE_MAZE,1759,1759,1,1,3,3,beam_2,16,0.009287400171160698,4,0.0023218500427901745,True
3,LARGE_MAZE,1759,1759,1,1,3,3,beam_3,16,0.01027469988912344,4,0.00256867497228086,True
3,LARGE_MAZE,1847,1847,1,3,3,1,greedy,16,0.02736120019108057,12,0.002280100015923381,True
3,LARGE_MAZE,1847,1847,1,3,3,1,beam_2,16,0.009386399993672967,4,0.0023465999984182417,True
3,LARGE_MAZE,1847,1847,1,3,3,1,beam_3,16,0.010505300015211105,4,0.0026263250038027763,True
3,LARGE_MAZE,1902,1902,1,4,4,5,greedy,16,0.006246499950066209,4,0.0015616249875165522,True
3,LARGE_MAZE,1902,1902,1,4,4,5,beam_2,16,0.005438700085505843,4,0.0013596750213764608,True
3,LARGE_MAZE,1902,1902,1,4,4,5,beam_3,16,0.006131400121375918,4,0.0015328500303439796,True
3,LARGE_MAZE,1981,1981,1,7,2,10,greedy,16,0.03391170012764633,16,0.0021194812579778954,False
3,LARGE_MAZE,1981,1981,1,7,2,10,beam_2,16,0.014599599875509739,6,0.0024332666459182897,True
3,LARGE_MAZE,1981,1981,1,7,2,10,beam_3,16,0.009681599913164973,4,0.0024203999782912433,True
3,LARGE_MAZE,2035,2035,1,8,3,10,greedy,16,0.009806800168007612,4,0.002451700042001903,True
3,LARGE_MAZE,2035,2035,1,8,3,10,beam_2,16,0.011879700003191829,4,0.002969925000797957,True
3,LARGE_MAZE,2035,2035,1,8,3,10,beam_3,16,0.007384199881926179,4,0.0018460499704815447,True
3,LARGE_MAZE,2123,2123,1,10,3,8,greedy,16,0.026062499964609742,16,0.0016289062477881089,False
3,LARGE_MAZE,2123,2123,1,10,3,8,beam_2,16,0.010102800093591213,4,0.0025257000233978033,True
3,LARGE_MAZE,2123,2123,1,10,3,8,beam_3,16,0.010810100007802248,4,0.002702525001950562,True
3,LARGE_MAZE,2203,2203,2,3,2,1,greedy,16,0.01250780001282692,4,0.00312695000320673,True
3,LARGE_MAZE,2203,2203,2,3,2,1,beam_2,16,0.01190879987552762,4,0.002977199968881905,True
3,LARGE_MAZE,2203,2203,2,3,2,1,beam_3,16,0.012797700008377433,4,0.003199425002094358,True
3,LARGE_MAZE,2250,2250,2,5,2,7,greedy,16,0.03994920011609793,16,0.0024968250072561204,False
3,LARGE_MAZE,2250,2250,2,5,2,7,beam_2,16,0.005383999785408378,4,0.0013459999463520944,True
3,LARGE_MAZE,2250,2250,2,5,2,7,beam_3,16,0.006729200016707182,4,0.0016823000041767955,True
3,LARGE_MAZE,2295,2295,2,7,2,5,greedy,16,0.006347099784761667,4,0.0015867749461904168,True
3,LARGE_MAZE,2295,2295,2,7,2,5,beam_2,16,0.005998900160193443,4,0.0014997250400483608,True
3,LARGE_MAZE,2295,2295,2,7,2,5,beam_3,16,0.005393899977207184,4,0.001348474994301796,True
3,LARGE_MAZE,2360,2360,2,10,5,9,greedy,16,0.006302099907770753,4,0.0015755249769426882,True
3,LARGE_MAZE,2360,2360,2,10,5,9,beam_2,16,0.011375500122085214,4,0.0028438750305213034,True
3,LARGE_MAZE,2360,2360,2,10,5,9,beam_3,16,0.009977199835702777,4,0.0024942999589256942,True
3,LARGE_MAZE,2445,2445,3,2,5,2,greedy,16,0.009408099809661508,4,0.002352024952415377,True
3,LARGE_MAZE,2445,2445,3,2,5,2,beam_2,16,0.008338799932971597,4,0.002084699983242899,True
3,LARGE_MAZE,2445,2445,3,2,5,2,beam_3,16,0.006727099884301424,4,0.001681774971075356,True
3,LARGE_MAZE,2514,2514,3,5,1,7,greedy,16,0.023405499989166856,16,0.0014628437493229285,False
3,LARGE_MAZE,2514,2514,3,5,1,7,beam_2,16,0.02746419981122017,16,0.0017165124882012606,False
3,LARGE_MAZE,2514,2514,3,5,1,7,beam_3,16,0.006309400079771876,4,0.001577350019942969,True
3,LARGE_MAZE,2560,2560,3,6,1,8,greedy,16,0.016164000146090984,8,0.002020500018261373,True
3,LARGE_MAZE,2560,2560,3,6,1,8,beam_2,16,0.02121639996767044,8,0.002652049995958805,True
3,LARGE_MAZE,2560,2560,3,6,1,8,beam_3,16,0.01109760021790862,4,0.002774400054477155,True
3,LARGE_MAZE,2606,2606,3,7,1,9,greedy,16,0.009982299990952015,6,0.0016637166651586692,True
3,LARGE_MAZE,2606,2606,3,7,1,9,beam_2,16,0.007232800126075745,4,0.0018082000315189362,True
3,LARGE_MAZE,2606,2606,3,7,1,9,beam_3,16,0.006835399894043803,4,0.0017088499735109508,True
3,LARGE_MAZE,2652,2652,3,8,1,10,greedy,16,0.005382099887356162,4,0.0013455249718390405,True
3,LARGE_MAZE,2652,2652,3,8,1,10,beam_2,16,0.006244200048968196,4,0.001561050012242049,True
3,LARGE_MAZE,2652,2652,3,8,1,10,beam_3,16,0.005681999959051609,4,0.0014204999897629023,True
3,LARGE_MAZE,2696,2696,3,9,1,9,greedy,16,0.022266200045123696,16,0.001391637502820231,False
3,LARGE_MAZE,2696,2696,3,9,1,9,beam_2,16,0.015299099963158369,6,0.0025498499938597283,True
3,LARGE_MAZE,2696,2696,3,9,1,9,beam_3,16,0.007655000081285834,4,0.0019137500203214586,True
3,LARGE_MAZE,2752,2752,3,10,3,6,greedy,16,0.006021599983796477,4,0.0015053999959491193,True
3,LARGE_MAZE,2752,2752,3,10,3,6,beam_2,16,0.006082599982619286,4,0.0015206499956548214,True
3,LARGE_MAZE,2752,2752,3,10,3,6,beam_3,16,0.006054899888113141,4,0.0015137249720282853,True
3,LARGE_MAZE,2812,2812,4,1,6,3,greedy,16,0.03027540002949536,16,0.00189221250184346,False
3,LARGE_MAZE,2812,2812,4,1,6,3,beam_2,16,0.009421499911695719,4,0.0023553749779239297,True
3,LARGE_MAZE,2812,2812,4,1,6,3,beam_3,16,0.009162499802187085,4,0.0022906249505467713,True
3,LARGE_MAZE,2857,2857,4,5,6,3,greedy,16,0.033359199995175004,14,0.0023827999996553573,True
3,LARGE_MAZE,2857,2857,4,5,6,3,beam_2,16,0.008850899990648031,4,0.002212724997662008,True
3,LARGE_MAZE,2857,2857,4,5,6,3,beam_3,16,0.009739700006321073,4,0.002434925001580268,True
3,LARGE_MAZE,2914,2914,5,1,1,1,greedy,16,0.0365748000331223,16,0.002285925002070144,False
3,LARGE_MAZE,2914,2914,5,1,1,1,beam_2,16,0.009432199876755476,4,0.002358049969188869,True
3,LARGE_MAZE,2914,2914,5,1,1,1,beam_3,16,0.009868700057268143,4,0.0024671750143170357,True
3,LARGE_MAZE,2974,2974,5,2,3,2,greedy,16,0.008965299930423498,4,0.0022413249826058745,True
3,LARGE_MAZE,2974,2974,5,2,3,2,beam_2,16,0.009947400074452162,4,0.0024868500186130404,True
3,LARGE_MAZE,2974,2974,5,2,3,2,beam_3,16,0.013030300149694085,4,0.0032575750374235213,True
3,LARGE_MAZE,3021,3021,5,3,3,5,greedy,16,0.013496399857103825,4,0.003374099964275956,True
3,LARGE_MAZE,3021,3021,5,3,3,5,beam_2,16,0.013988499995321035,4,0.003497124998830259,True
3,LARGE_MAZE,3021,3021,5,3,3,5,beam_3,16,0.012711899820715189,4,0.0031779749551787972,True
3,LARGE_MAZE,3072,3072,5,4,4,1,greedy,16,0.04104960011318326,16,0.0025656000070739537,False
3,LARGE_MAZE,3072,3072,5,4,4,1,beam_2,16,0.03180679981596768,16,0.00198792498849798,False
3,LARGE_MAZE,3072,3072,5,4,4,1,beam_3,16,0.007025800179690123,4,0.0017564500449225307,True
3,LARGE_MAZE,3120,3120,5,5,5,1,greedy,16,0.006145599996671081,4,0.0015363999991677701,True
3,LARGE_MAZE,3120,3120,5,5,5,1,beam_2,16,0.0055704000405967236,4,0.0013926000101491809,True
3,LARGE_MAZE,3120,3120,5,5,5,1,beam_3,16,0.005654999986290932,4,0.001413749996572733,True
3,LARGE_MAZE,3205,3205,5,9,3,9,greedy,16,0.007491699885576963,4,0.0018729249713942409,True
3,LARGE_MAZE,3205,3205,5,9,3,9,beam_2,16,0.0075356001034379005,4,0.0018839000258594751,True
3,LARGE_MAZE,3205,3205,5,9,3,9,beam_3,16,0.0064888999331742525,4,0.0016222249832935631,True
3,LARGE_MAZE,3298,3298,6,3,4,5,greedy,16,0.005363499978557229,4,0.0013408749946393073,True
3,LARGE_MAZE,3298,3298,6,3,4,5,beam_2,16,0.006968199973925948,4,0.001742049993481487,True
3,LARGE_MAZE,3298,3298,6,3,4,5,beam_3,16,0.008287200005725026,4,0.0020718000014312565,True
3,LARGE_MAZE,3353,3353,6,5,6,3,greedy,16,0.03740469994954765,16,0.002337793746846728,False
3,LARGE_MAZE,3353,3353,6,5,6,3,beam_2,16,0.01033249986357987,4,0.0025831249658949673,True
3,LARGE_MAZE,3353,3353,6,5,6,3,beam_3,16,0.009682999923825264,4,0.002420749980956316,True
3,LARGE_MAZE,3526,3526,7,2,5,2,greedy,16,0.005978700006380677,4,0.0014946750015951693,True
3,LARGE_MAZE,3526,3526,7,2,5,2,beam_2,16,0.007650299929082394,4,0.0019125749822705984,True
3,LARGE_MAZE,3526,3526,7,2,5,2,beam_3,16,0.009821699932217598,4,0.0024554249830543995,True
3,LARGE_MAZE,3617,3617,7,5,5,3,greedy,16,0.009290399961173534,4,0.0023225999902933836,True
3,LARGE_MAZE,3617,3617,7,5,5,3,beam_2,16,0.010047199903056026,4,0.0025117999757640064,True
3,LARGE_MAZE,3617,3617,7,5,5,3,beam_3,16,0.009733000071719289,4,0.002433250017929822,True
3,LARGE_MAZE,3749,3749,7,9,4,10,greedy,16,0.009322399972006679,4,0.0023305999930016696,True
3,LARGE_MAZE,3749,3749,7,9,4,10,beam_2,16,0.008996499935165048,4,0.002249124983791262,True
3,LARGE_MAZE,3749,3749,7,9,4,10,beam_3,16,0.009992500068619847,4,0.002498125017154962,True
3,LARGE_MAZE,1814,1814,1,2,5,1,greedy,16,0.012962999986484647,5,0.002592599997296929,True
3,LARGE_MAZE,1814,1814,1,2,5,1,beam_2,16,0.013935900060459971,5,0.0027871800120919943,True
3,LARGE_MAZE,1814,1814,1,2,5,1,beam_3,16,0.013767899945378304,5,0.0027535799890756607,True
3,LARGE_MAZE,1897,1897,1,4,3,7,greedy,16,0.015111700166016817,5,0.0030223400332033633,True
3,LARGE_MAZE,1897,1897,1,4,3,7,beam_2,16,0.016372299985960126,5,0.003274459997192025,True
3,LARGE_MAZE,1897,1897,1,4,3,7,beam_3,16,0.012947000097483397,5,0.0025894000194966794,True
3,LARGE_MAZE,1943,1943,1,5,3,8,greedy,16,0.010392399970442057,5,0.0020784799940884112,True
3,LARGE_MAZE,1943,1943,1,5,3,8,beam_2,16,0.01709800004027784,5,0.0034196000080555676,True
3,LARGE_MAZE,1943,1943,1,5,3,8,beam_3,16,0.015335200121626258,5,0.0030670400243252515,True
3,LARGE_MAZE,1992,1992,1,7,4,5,greedy,16,0.010716200107708573,5,0.002143240021541715,True
3,LARGE_MAZE,1992,1992,1,7,4,5,beam_2,16,0.01406479999423027,5,0.002812959998846054,True
3,LARGE_MAZE,1992,1992,1,7,4,5,beam_3,16,0.008980000158771873,5,0.0017960000317543746,True
3,LARGE_MAZE,2078,2078,1,9,3,8,greedy,16,0.02747200010344386,16,0.0017170000064652413,False
3,LARGE_MAZE,2078,2078,1,9,3,8,beam_2,16,0.013492400059476495,5,0.002698480011895299,True
3,LARGE_MAZE,2078,2078,1,9,3,8,beam_3,16,0.011595400050282478,5,0.002319080010056496,True
3,LARGE_MAZE,2176,2176,2,1,5,3,greedy,16,0.011762999929487705,5,0.002352599985897541,True
3,LARGE_MAZE,2176,2176,2,1,5,3,beam_2,16,0.012830500025302172,5,0.0025661000050604343,True
3,LARGE_MAZE,2176,2176,2,1,5,3,beam_3,16,0.013577599776908755,5,0.002715519955381751,True
3,LARGE_MAZE,2254,2254,2,5,3,3,greedy,16,0.030120300129055977,16,0.0018825187580659986,False
3,LARGE_MAZE,2254,2254,2,5,3,3,beam_2,16,0.027918400010094047,11,0.002538036364554004,True
3,LARGE_MAZE,2254,2254,2,5,3,3,beam_3,16,0.036132399924099445,11,0.003284763629463586,True
3,LARGE_MAZE,2296,2296,2,7,2,10,greedy,16,0.008719499921426177,5,0.0017438999842852355,True
3,LARGE_MAZE,2296,2296,2,7,2,10,beam_2,16,0.010417700046673417,5,0.0020835400093346832,True
3,LARGE_MAZE,2296,2296,2,7,2,10,beam_3,16,0.008142600068822503,5,0.0016285200137645007,True
3,LARGE_MAZE,2365,2365,2,10,6,9,greedy,16,0.024014499969780445,16,0.0015009062481112778,False
3,LARGE_MAZE,2365,2365,2,10,6,9,beam_2,16,0.008067300077527761,5,0.0016134600155055523,True
3,LARGE_MAZE,2365,2365,2,10,6,9,beam_3,16,0.008050799835473299,5,0.00161015996709466,True
3,LARGE_MAZE,2446,2446,3,2,5,3,greedy,16,0.006561599904671311,5,0.0013123199809342624,True
3,LARGE_MAZE,2446,2446,3,2,5,3,beam_2,16,0.00963800004683435,5,0.00192760000936687,True
3,LARGE_MAZE,2446,2446,3,2,5,3,beam_3,16,0.009214999852702022,5,0.0018429999705404042,True
3,LARGE_MAZE,2519,2519,3,5,2,3,greedy,16,0.010912200203165412,5,0.0021824400406330823,True
3,LARGE_MAZE,2519,2519,3,5,2,3,beam_2,16,0.011022899998351932,5,0.0022045799996703863,True
3,LARGE_MAZE,2519,2519,3,5,2,3,beam_3,16,0.01263619982637465,5,0.00252723996527493,True
3,LARGE_MAZE,2556,2556,3,6,1,3,greedy,16,0.015256599988788366,5,0.003051319997757673,True
3,LARGE_MAZE,2556,2556,3,6,1,3,beam_2,16,0.01312880008481443,5,0.002625760016962886,True
3,LARGE_MAZE,2556,2556,3,6,1,3,beam_3,16,0.008469899883493781,5,0.0016939799766987561,True
3,LARGE_MAZE,2594,2594,3,6,7,5,greedy,16,0.008050299948081374,5,0.0016100599896162748,True
3,LARGE_MAZE,2594,2594,3,6,7,5,beam_2,16,0.01567799993790686,5,0.0031355999875813723,True
3,LARGE_MAZE,2594,2594,3,6,7,5,beam_3,16,0.01577510009519756,5,0.003155020019039512,True
3,LARGE_MAZE,2633,2633,3,7,6,5,greedy,16,0.012147500179708004,5,0.0024295000359416006,True
3,LARGE_MAZE,2633,2633,3,7,6,5,beam_2,16,0.01435939990915358,5,0.002871879981830716,True
3,LARGE_MAZE,2633,2633,3,7,6,5,beam_3,16,0.011379300151020288,5,0.0022758600302040578,True
3,LARGE_MAZE,2695,2695,3,9,1,8,greedy,16,0.008826900040730834,5,0.0017653800081461669,True
3,LARGE_MAZE,2695,2695,3,9,1,8,beam_2,16,0.00861809984780848,5,0.0017236199695616961,True
3,LARGE_MAZE,2695,2695,3,9,1,8,beam_3,16,0.008119799895212054,5,0.0016239599790424109,True
3,LARGE_MAZE,2751,2751,3,10,3,5,greedy,16,0.009688900085166097,5,0.0019377800170332193,True
3,LARGE_MAZE,2751,2751,3,10,3,5,beam_2,16,0.012730800081044436,5,0.002546160016208887,True
3,LARGE_MAZE,2751,2751,3,10,3,5,beam_3,16,0.01142310001887381,5,0.002284620003774762,True
3,LARGE_MAZE,2826,2826,4,5,1,3,greedy,16,0.011186799965798855,5,0.002237359993159771,True
3,LARGE_MAZE,2826,2826,4,5,1,3,beam_2,16,0.012365899980068207,5,0.002473179996013641,True
3,LARGE_MAZE,2826,2826,4,5,1,3,beam_3,16,0.012187900021672249,5,0.00243758000433445,True
3,LARGE_MAZE,2866,2866,4,5,7,7,greedy,16,0.011979299830272794,5,0.0023958599660545586,True
3,LARGE_MAZE,2866,2866,4,5,7,7,beam_2,16,0.00933249993249774,5,0.001866499986499548,True
3,LARGE_MAZE,2866,2866,4,5,7,7,beam_3,16,0.007621200056746602,5,0.0015242400113493204,True
3,LARGE_MAZE,2915,2915,5,1,1,2,greedy,16,0.03909229999408126,16,0.0024432687496300787,False
3,LARGE_MAZE,2915,2915,5,1,1,2,beam_2,16,0.051237199921160936,16,0.0032023249950725585,False
3,LARGE_MAZE,2915,2915,5,1,1,2,beam_3,16,0.014044499956071377,5,0.0028088999912142753,True
3,LARGE_MAZE,2959,2959,5,2,1,1,greedy,16,0.04091190011240542,16,0.0025569937570253387,False
3,LARGE_MAZE,2959,2959,5,2,1,1,beam_2,16,0.006474599940702319,5,0.0012949199881404638,True
3,LARGE_MAZE,2959,2959,5,2,1,1,beam_3,16,0.007655599853023887,5,0.0015311199706047774,True
3,LARGE_MAZE,3013,3013,5,3,2,1,greedy,16,0.012325200019404292,5,0.0024650400038808582,True
3,LARGE_MAZE,3013,3013,5,3,2,1,beam_2,16,0.007665999932214618,5,0.0015331999864429235,True
3,LARGE_MAZE,3013,3013,5,3,2,1,beam_3,16,0.009307399857789278,5,0.0018614799715578555,True
3,LARGE_MAZE,3053,3053,5,4,1,5,greedy,16,0.02500080014578998,16,0.0015625500091118738,False
3,LARGE_MAZE,3053,3053,5,4,1,5,beam_2,16,0.009206400020048022,5,0.0018412800040096045,True
3,LARGE_MAZE,3053,3053,5,4,1,5,beam_3,16,0.01289180014282465,5,0.00257836002856493,True
3,LARGE_MAZE,3097,3097,5,5,1,4,greedy,16,0.010200999910011888,5,0.0020401999820023773,True
3,LARGE_MAZE,3097,3097,5,5,1,4,beam_2,16,0.008911800105124712,5,0.0017823600210249424,True
3,LARGE_MAZE,3097,3097,5,5,1,4,beam_3,16,0.007695599924772978,5,0.0015391199849545956,True
3,LARGE_MAZE,3132,3132,5,5,7,2,greedy,16,0.015456600114703178,11,0.0014051454649730163,True
3,LARGE_MAZE,3132,3132,5,5,7,2,beam_2,16,0.007084200158715248,5,0.0014168400317430495,True
3,LARGE_MAZE,3132,3132,5,5,7,2,beam_3,16,0.007331700064241886,5,0.0014663400128483773,True
3,LARGE_MAZE,3248,3248,5,10,3,7,greedy,16,0.006504700053483248,5,0.0013009400106966495,True
3,LARGE_MAZE,3248,3248,5,10,3,7,beam_2,16,0.00756950001232326,5,0.001513900002464652,True
3,LARGE_MAZE,3248,3248,5,10,3,7,beam_3,16,0.010906699812039733,5,0.0021813399624079468,True
3,LARGE_MAZE,3338,3338,6,5,3,7,greedy,16,0.007361200172454119,5,0.0014722400344908237,True
3,LARGE_MAZE,3338,3338,6,5,3,7,beam_2,16,0.008890399942174554,5,0.0017780799884349109,True
3,LARGE_MAZE,3338,3338,6,5,3,7,beam_3,16,0.007977699860930443,5,0.0015955399721860886,True
3,LARGE_MAZE,3422,3422,6,9,2,10,greedy,16,0.026218599872663617,16,0.001638662492041476,False
3,LARGE_MAZE,3422,3422,6,9,2,10,beam_2,16,0.008548200130462646,5,0.0017096400260925293,True
3,LARGE_MAZE,3422,3422,6,9,2,10,beam_3,16,0.014764999970793724,5,0.002952999994158745,True
3,LARGE_MAZE,3529,3529,7,2,5,5,greedy,16,0.014848300023004413,5,0.0029696600046008824,True
3,LARGE_MAZE,3529,3529,7,2,5,5,beam_2,16,0.014166099950671196,5,0.002833219990134239,True
3,LARGE_MAZE,3529,3529,7,2,5,5,beam_3,16,0.01365320011973381,5,0.002730640023946762,True
3,LARGE_MAZE,3607,3607,7,5,3,6,greedy,16,0.012649399926885962,5,0.0025298799853771927,True
3,LARGE_MAZE,3607,3607,7,5,3,6,beam_2,16,0.013272899901494384,5,0.0026545799802988766,True
3,LARGE_MAZE,3607,3607,7,5,3,6,beam_3,16,0.01234299992211163,5,0.002468599984422326,True
3,LARGE_MAZE,3703,3703,7,7,4,5,greedy,16,0.011566999834030867,5,0.002313399966806173,True
3,LARGE_MAZE,3703,3703,7,7,4,5,beam_2,16,0.01178200007416308,5,0.002356400014832616,True
3,LARGE_MAZE,3703,3703,7,7,4,5,beam_3,16,0.015388600062578917,5,0.0030777200125157835,True
3,LARGE_MAZE,1771,1771,1,1,5,3,greedy,16,0.0367183000780642,16,0.0022948937548790127,False
3,LARGE_MAZE,1771,1771,1,1,5,3,beam_2,16,0.008616399951279163,6,0.0014360666585465272,True
3,LARGE_MAZE,1771,1771,1,1,5,3,beam_3,16,0.00989270000718534,6,0.00164878333453089,True
3,LARGE_MAZE,1859,1859,1,3,5,1,greedy,16,0.010239900089800358,6,0.0017066500149667263,True
3,LARGE_MAZE,1859,1859,1,3,5,1,beam_2,16,0.01375519996508956,6,0.0022925333275149264,True
3,LARGE_MAZE,1859,1859,1,3,5,1,beam_3,16,0.01595730008557439,6,0.0026595500142623982,True
3,LARGE_MAZE,1907,1907,1,4,5,4,greedy,16,0.013303600018844008,6,0.002217266669807335,True
3,LARGE_MAZE,1907,1907,1,4,5,4,beam_2,16,0.010400400031358004,6,0.0017334000052263339,True
3,LARGE_MAZE,1907,1907,1,4,5,4,beam_3,16,0.010890599805861712,6,0.0018150999676436186,True
3,LARGE_MAZE,1951,1951,1,5,5,3,greedy,16,0.00920189986936748,6,0.0015336499782279134,True
3,LARGE_MAZE,1951,1951,1,5,5,3,beam_2,16,0.008896499872207642,6,0.0014827499787012737,True
3,LARGE_MAZE,1951,1951,1,5,5,3,beam_3,16,0.014168699970468879,6,0.0023614499950781465,True
3,LARGE_MAZE,2024,2024,1,8,2,5,greedy,16,0.03668630006723106,16,0.002292893754201941,False
3,LARGE_MAZE,2024,2024,1,8,2,5,beam_2,16,0.01467280020006001,6,0.0024454667000100017,True
3,LARGE_MAZE,2024,2024,1,8,2,5,beam_3,16,0.01323199993930757,6,0.0022053333232179284,True
3,LARGE_MAZE,2121,2121,1,10,3,6,greedy,16,0.01185130001977086,6,0.00197521666996181,True
3,LARGE_MAZE,2121,2121,1,10,3,6,beam_2,16,0.0167259001173079,6,0.0027876500195513168,True
3,LARGE_MAZE,2121,2121,1,10,3,6,beam_3,16,0.013906100066378713,6,0.002317683344396452,True
3,LARGE_MAZE,2211,2211,2,3,3,6,greedy,16,0.024327200138941407,16,0.001520450008683838,False
3,LARGE_MAZE,2211,2211,2,3,3,6,beam_2,16,0.010795499896630645,6,0.001799249982771774,True
3,LARGE_MAZE,2211,2211,2,3,3,6,beam_3,16,0.011068599997088313,6,0.0018447666661813855,True
3,LARGE_MAZE,2253,2253,2,5,3,2,greedy,16,0.02117779990658164,16,0.0013236124941613525,False
3,LARGE_MAZE,2253,2253,2,5,3,2,beam_2,16,0.012323600007221103,6,0.0020539333345368505,True
3,LARGE_MAZE,2253,2253,2,5,3,2,beam_3,16,0.015301200095564127,6,0.0025502000159273544,True
3,LARGE_MAZE,2287,2287,2,7,1,4,greedy,16,0.011646999977529049,6,0.001941166662921508,True
3,LARGE_MAZE,2287,2287,2,7,1,4,beam_2,16,0.00931049999780953,6,0.0015517499996349216,True
3,LARGE_MAZE,2287,2287,2,7,1,4,beam_3,16,0.009255000157281756,6,0.0015425000262136261,True
3,LARGE_MAZE,2372,2372,2,10,7,9,greedy,16,0.008630499942228198,6,0.001438416657038033,True
3,LARGE_MAZE,2372,2372,2,10,7,9,beam_2,16,0.0094781001098454,6,0.0015796833516409,True
3,LARGE_MAZE,2372,2372,2,10,7,9,beam_3,16,0.01102470001205802,6,0.00183745000200967,True
3,LARGE_MAZE,2447,2447,3,2,5,4,greedy,16,0.007953899912536144,6,0.0013256499854226906,True
3,LARGE_MAZE,2447,2447,3,2,5,4,beam_2,16,0.014203900005668402,6,0.0023673166676114,True
3,LARGE_MAZE,2447,2447,3,2,5,4,beam_3,16,0.014777400065213442,6,0.002462900010868907,True
3,LARGE_MAZE,2516,2516,3,5,1,9,greedy,16,0.025674500036984682,14,0.0018338928597846202,True
3,LARGE_MAZE,2516,2516,3,5,1,9,beam_2,16,0.010556800058111548,6,0.0017594666763519247,True
3,LARGE_MAZE,2516,2516,3,5,1,9,beam_3,16,0.011098500108346343,6,0.0018497500180577238,True
3,LARGE_MAZE,2548,2548,3,5,7,3,greedy,16,0.01507850014604628,6,0.0025130833576743803,True
3,LARGE_MAZE,2548,2548,3,5,7,3,beam_2,16,0.011593800038099289,6,0.0019323000063498814,True
3,LARGE_MAZE,2548,2548,3,5,7,3,beam_3,16,0.010312099941074848,6,0.0017186833235124748,True
3,LARGE_MAZE,2580,2580,3,6,5,2,greedy,16,0.011090599931776524,6,0.001848433321962754,True
3,LARGE_MAZE,2580,2580,3,6,5,2,beam_2,16,0.015164599986746907,6,0.0025274333311244845,True
3,LARGE_MAZE,2580,2580,3,6,5,2,beam_3,16,0.01478490000590682,6,0.00246415000098447,True
3,LARGE_MAZE,2626,2626,3,7,5,3,greedy,16,0.014346100157126784,6,0.002391016692854464,True
3,LARGE_MAZE,2626,2626,3,7,5,3,beam_2,16,0.015751499915495515,6,0.0026252499859159193,True
3,LARGE_MAZE,2626,2626,3,7,5,3,beam_3,16,0.014962799847126007,6,0.0024937999745210013,True
3,LARGE_MAZE,2678,2678,3,8,6,5,greedy,16,0.025532200001180172,16,0.0015957625000737607,False
3,LARGE_MAZE,2678,2678,3,8,6,5,beam_2,16,0.010486900107935071,6,0.0017478166846558452,True
3,LARGE_MAZE,2678,2678,3,8,6,5,beam_3,16,0.01109150005504489,6,0.0018485833425074816,True
3,LARGE_MAZE,2745,2745,3,10,2,5,greedy,16,0.013708599843084812,6,0.0022847666405141354,True
3,LARGE_MAZE,2745,2745,3,10,2,5,beam_2,16,0.010972700081765652,6,0.001828783346960942,True
3,LARGE_MAZE,2745,2745,3,10,2,5,beam_3,16,0.010535900015383959,6,0.0017559833358973265,True
3,LARGE_MAZE,2813,2813,4,1,6,5,greedy,16,0.012912899954244494,6,0.0021521499923740826,True
3,LARGE_MAZE,2813,2813,4,1,6,5,beam_2,16,0.01430350006558001,6,0.0023839166775966683,True
3,LARGE_MAZE,2813,2813,4,1,6,5,beam_3,16,0.016119700158014894,6,0.0026866166930024824,True
3,LARGE_MAZE,2846,2846,4,5,3,10,greedy,16,0.03185259993188083,16,0.001990787495742552,False
3,LARGE_MAZE,2846,2846,4,5,3,10,beam_2,16,0.01406350010074675,6,0.002343916683457792,True
3,LARGE_MAZE,2846,2846,4,5,3,10,beam_3,16,0.01758380001410842,6,0.0029306333356847367,True
3,LARGE_MAZE,2886,2886,4,10,3,5,greedy,16,0.011693299980834126,6,0.0019488833301390212,True
3,LARGE_MAZE,2886,2886,4,10,3,5,beam_2,16,0.01610799995251,6,0.0026846666587516665,True
3,LARGE_MAZE,2886,2886,4,10,3,5,beam_3,16,0.024809799855574965,6,0.004134966642595828,True
3,LARGE_MAZE,2960,2960,5,2,1,2,greedy,16,0.03891259990632534,16,0.0024320374941453338,False
3,LARGE_MAZE,2960,2960,5,2,1,2,beam_2,16,0.04161150008440018,16,0.002600718755275011,False
3,LARGE_MAZE,2960,2960,5,2,1,2,beam_3,16,0.03081470006145537,16,0.0019259187538409606,False
3,LARGE_MAZE,3004,3004,5,3,1,1,greedy,16,0.008481399854645133,6,0.0014135666424408555,True
3,LARGE_MAZE,3004,3004,5,3,1,1,beam_2,16,0.01003660005517304,6,0.0016727666758621733,True
3,LARGE_MAZE,3004,3004,5,3,1,1,beam_3,16,0.010926400078460574,6,0.001821066679743429,True
3,LARGE_MAZE,3052,3052,5,4,1,4,greedy,16,0.02223859983496368,16,0.00138991248968523,False
3,LARGE_MAZE,3052,3052,5,4,1,4,beam_2,16,0.009902800200507045,6,0.0016504667000845075,True
3,LARGE_MAZE,3052,3052,5,4,1,4,beam_3,16,0.009259599959477782,6,0.0015432666599129636,True
3,LARGE_MAZE,3084,3084,5,4,6,7,greedy,16,0.02393070003017783,16,0.0014956687518861145,False
3,LARGE_MAZE,3084,3084,5,4,6,7,beam_2,16,0.008690099930390716,6,0.0014483499883984525,True
3,LARGE_MAZE,3084,3084,5,4,6,7,beam_3,16,0.01396839995868504,6,0.00232806665978084,True
3,LARGE_MAZE,3124,3124,5,5,5,7,greedy,16,0.013664899859577417,6,0.0022774833099295697,True
3,LARGE_MAZE,3124,3124,5,5,5,7,beam_2,16,0.013213800033554435,6,0.002202300005592406,True
3,LARGE_MAZE,3124,3124,5,5,5,7,beam_3,16,0.01539059984497726,6,0.0025650999741628766,True
3,LARGE_MAZE,3235,3235,5,10,1,8,greedy,16,0.03633369994349778,16,0.002270856246468611,False
3,LARGE_MAZE,3235,3235,5,10,1,8,beam_2,16,0.009174299892038107,6,0.0015290499820063512,True
3,LARGE_MAZE,3235,3235,5,10,1,8,beam_3,16,0.0141504998318851,6,0.0023584166386475167,True
3,LARGE_MAZE,3289,3289,6,3,3,2,greedy,16,0.013654300011694431,6,0.0022757166686157384,True
3,LARGE_MAZE,3289,3289,6,3,3,2,beam_2,16,0.015986300073564053,6,0.002664383345594009,True
3,LARGE_MAZE,3289,3289,6,3,3,2,beam_3,16,0.015990599989891052,6,0.0026650999983151755,True
3,LARGE_MAZE,3339,3339,6,5,3,8,greedy,16,0.03553349990397692,16,0.0022208437439985573,False
3,LARGE_MAZE,3339,3339,6,5,3,8,beam_2,16,0.009460299974307418,6,0.0015767166623845696,True
3,LARGE_MAZE,3339,3339,6,5,3,8,beam_3,16,0.01113549992442131,6,0.0018559166540702183,True
3,LARGE_MAZE,3417,3417,6,9,1,10,greedy,16,0.034812199883162975,16,0.002175762492697686,False
3,LARGE_MAZE,3417,3417,6,9,1,10,beam_2,16,0.011393599910661578,6,0.0018989333184435964,True
3,LARGE_MAZE,3417,3417,6,9,1,10,beam_3,16,0.015445900149643421,6,0.002574316691607237,True
3,LARGE_MAZE,3523,3523,7,2,4,5,greedy,16,0.013457799796015024,6,0.002242966632669171,True
3,LARGE_MAZE,3523,3523,7,2,4,5,beam_2,16,0.012989999959245324,6,0.002164999993207554,True
3,LARGE_MAZE,3523,3523,7,2,4,5,beam_3,16,0.015311399940401316,6,0.002551899990066886,True
3,LARGE_MAZE,3593,3593,7,5,1,5,greedy,16,0.027572500053793192,16,0.0017232812533620745,False
3,LARGE_MAZE,3593,3593,7,5,1,5,beam_2,16,0.008786199847236276,6,0.0014643666412060459,True
3,LARGE_MAZE,3593,3593,7,5,1,5,beam_3,16,0.009619800141081214,6,0.0016033000235135357,True
3,LARGE_MAZE,3652,3652,7,6,3,6,greedy,16,0.011454900028184056,6,0.0019091500046973426,True
3,LARGE_MAZE,3652,3652,7,6,3,6,beam_2,16,0.01434309990145266,6,0.0023905166502421102,True
3,LARGE_MAZE,3652,3652,7,6,3,6,beam_3,16,0.015274100005626678,6,0.002545683334271113,True
3,LARGE_MAZE,3737,3737,7,9,2,10,greedy,16,0.023044700035825372,16,0.0014402937522390857,False
3,LARGE_MAZE,3737,3737,7,9,2,10,beam_2,16,0.010362700093537569,6,0.0017271166822562616,True
3,LARGE_MAZE,3737,3737,7,9,2,10,beam_3,16,0.009408900048583746,6,0.001568150008097291,True
3,LARGE_MAZE,1772,1772,1,1,5,4,greedy,16,0.024538900004699826,16,0.0015336812502937391,False
3,LARGE_MAZE,1772,1772,1,1,5,4,beam_2,16,0.033827099949121475,16,0.002114193746820092,False
3,LARGE_MAZE,1772,1772,1,1,5,4,beam_3,16,0.01790950004942715,7,0.0025585000070610215,True
3,LARGE_MAZE,1845,1845,1,3,2,7,greedy,16,0.0156526998616755,7,0.002236099980239357,True
3,LARGE_MAZE,1845,1845,1,3,2,7,beam_2,16,0.014372099889442325,7,0.0020531571270631893,True
3,LARGE_MAZE,1845,1845,1,3,2,7,beam_3,16,0.010904599912464619,7,0.0015577999874949455,True
3,LARGE_MAZE,1883,1883,1,4,1,7,greedy,16,0.009054000023752451,7,0.0012934285748217786,True
3,LARGE_MAZE,1883,1883,1,4,1,7,beam_2,16,0.01141729997470975,7,0.0016310428535299642,True
3,LARGE_MAZE,1883,1883,1,4,1,7,beam_3,16,0.013401299947872758,7,0.0019144714211246797,True
3,LARGE_MAZE,1929,1929,1,5,1,8,greedy,16,0.01570370001718402,7,0.002243385716740574,True
3,LARGE_MAZE,1929,1929,1,5,1,8,beam_2,16,0.016386999981477857,7,0.0023409999973539796,True
3,LARGE_MAZE,1929,1929,1,5,1,8,beam_3,16,0.01674919994547963,7,0.002392742849354233,True
3,LARGE_MAZE,1965,1965,1,5,7,6,greedy,16,0.010926299961283803,7,0.0015608999944691146,True
3,LARGE_MAZE,1965,1965,1,5,7,6,beam_2,16,0.01039499999023974,7,0.001484999998605677,True
3,LARGE_MAZE,1965,1965,1,5,7,6,beam_3,16,0.01103039993904531,7,0.0015757714198636158,True
3,LARGE_MAZE,2018,2018,1,8,1,5,greedy,16,0.028007500106468797,16,0.0017504687566542998,False
3,LARGE_MAZE,2018,2018,1,8,1,5,beam_2,16,0.017959999851882458,7,0.0025657142645546366,True
3,LARGE_MAZE,2018,2018,1,8,1,5,beam_3,16,0.01355680008418858,7,0.0019366857263126544,True
3,LARGE_MAZE,2095,2095,1,9,6,9,greedy,16,0.018871899927034974,11,0.0017156272660940886,True
3,LARGE_MAZE,2095,2095,1,9,6,9,beam_2,16,0.029880800051614642,11,0.0027164363683286038,True
3,LARGE_MAZE,2095,2095,1,9,6,9,beam_3,16,0.023527299985289574,7,0.003361042855041368,True
3,LARGE_MAZE,2188,2188,2,1,7,3,greedy,16,0.015556300058960915,7,0.002222328579851559,True
3,LARGE_MAZE,2188,2188,2,1,7,3,beam_2,16,0.017255299957469106,7,0.0024650428510670152,True
3,LARGE_MAZE,2188,2188,2,1,7,3,beam_3,16,0.01879740017466247,7,0.0026853428820946385,True
3,LARGE_MAZE,2251,2251,2,5,2,10,greedy,16,0.023549900157377124,16,0.0014718687598360702,False
3,LARGE_MAZE,2251,2251,2,5,2,10,beam_2,16,0.013051999965682626,7,0.0018645714236689465,True
3,LARGE_MAZE,2251,2251,2,5,2,10,beam_3,16,0.01760119991376996,7,0.002514457130538566,True
3,LARGE_MAZE,2281,2281,2,5,7,7,greedy,16,0.01591550000011921,7,0.002273642857159887,True
3,LARGE_MAZE,2281,2281,2,5,7,7,beam_2,16,0.013269100105389953,7,0.0018955857293414219,True
3,LARGE_MAZE,2281,2281,2,5,7,7,beam_3,16,0.013567799935117364,7,0.0019382571335881948,True
3,LARGE_MAZE,2340,2340,2,10,2,5,greedy,16,0.015648600179702044,7,0.002235514311386006,True
3,LARGE_MAZE,2340,2340,2,10,2,5,beam_2,16,0.021770700113847852,7,0.0031101000162639786,True
3,LARGE_MAZE,2340,2340,2,10,2,5,beam_3,16,0.014923499897122383,7,0.002131928556731769,True
3,LARGE_MAZE,2408,2408,3,1,6,5,greedy,16,0.024120499845594168,16,0.0015075312403496355,False
3,LARGE_MAZE,2408,2408,3,1,6,5,beam_2,16,0.011090199928730726,7,0.001584314275532961,True
3,LARGE_MAZE,2408,2408,3,1,6,5,beam_3,16,0.01102169998921454,7,0.0015745285698877914,True
3,LARGE_MAZE,2481,2481,3,3,3,6,greedy,16,0.009264799999073148,7,0.0013235428570104496,True
3,LARGE_MAZE,2481,2481,3,3,3,6,beam_2,16,0.011208000127226114,7,0.0016011428753180163,True
3,LARGE_MAZE,2481,2481,3,3,3,6,beam_3,16,0.010979400016367435,7,0.0015684857166239194,True
3,LARGE_MAZE,2518,2518,3,5,2,1,greedy,16,0.013547200011089444,9,0.001505244445676605,True
3,LARGE_MAZE,2518,2518,3,5,2,1,beam_2,16,0.013118600007146597,9,0.0014576222230162886,True
3,LARGE_MAZE,2518,2518,3,5,2,1,beam_3,16,0.012202400015667081,7,0.0017432000022381544,True
3,LARGE_MAZE,2547,2547,3,5,7,2,greedy,16,0.016699800034984946,7,0.002385685719283564,True
3,LARGE_MAZE,2547,2547,3,5,7,2,beam_2,16,0.02353509981185198,7,0.003362157115978854,True
3,LARGE_MAZE,2547,2547,3,5,7,2,beam_3,16,0.024199799867346883,7,0.0034571142667638405,True
3,LARGE_MAZE,2593,2593,3,6,7,3,greedy,16,0.019774100044742227,7,0.0028248714349631754,True
3,LARGE_MAZE,2593,2593,3,6,7,3,beam_2,16,0.02411170001141727,7,0.00344452857305961,True
3,LARGE_MAZE,2593,2593,3,6,7,3,beam_3,16,0.022417600033804774,7,0.0032025142905435394,True
3,LARGE_MAZE,2632,2632,3,7,6,3,greedy,16,0.020554499933496118,7,0.002936357133356588,True
3,LARGE_MAZE,2632,2632,3,7,6,3,beam_2,16,0.023721400182694197,7,0.0033887714546705994,True
3,LARGE_MAZE,2632,2632,3,7,6,3,beam_3,16,0.023223800119012594,7,0.0033176857312875135,True
3,LARGE_MAZE,2684,2684,3,8,7,5,greedy,16,0.021354799857363105,7,0.003050685693909015,True
3,LARGE_MAZE,2684,2684,3,8,7,5,beam_2,16,0.022538299905136228,7,0.0032197571293051752,True
3,LARGE_MAZE,2684,2684,3,8,7,5,beam_3,16,0.023082999978214502,7,0.0032975714254592147,True
3,LARGE_MAZE,2733,2733,3,9,7,10,greedy,16,0.016978299943730235,7,0.002425471420532891,True
3,LARGE_MAZE,2733,2733,3,9,7,10,beam_2,16,0.016138100065290928,7,0.0023054428664701326,True
3,LARGE_MAZE,2733,2733,3,9,7,10,beam_3,16,0.020175499841570854,7,0.0028822142630815506,True
3,LARGE_MAZE,2816,2816,4,1,7,1,greedy,16,0.011146500008180737,7,0.0015923571440258197,True
3,LARGE_MAZE,2816,2816,4,1,7,1,beam_2,16,0.012454899959266186,7,0.0017792714227523123,True
3,LARGE_MAZE,2816,2816,4,1,7,1,beam_3,16,0.01966509991325438,7,0.0028092999876077685,True
3,LARGE_MAZE,2838,2838,4,5,3,1,greedy,16,0.01802479987964034,9,0.00200275554218226,True
3,LARGE_MAZE,2838,2838,4,5,3,1,beam_2,16,0.010642000008374453,7,0.0015202857154820646,True
3,LARGE_MAZE,2838,2838,4,5,3,1,beam_3,16,0.010367800015956163,7,0.0014811142879937375,True
3,LARGE_MAZE,2880,2880,4,10,2,5,greedy,16,0.009815300116315484,7,0.001402185730902212,True
3,LARGE_MAZE,2880,2880,4,10,2,5,beam_2,16,0.012337099993601441,7,0.0017624428562287772,True
3,LARGE_MAZE,2880,2880,4,10,2,5,beam_3,16,0.016723199980333447,7,0.002389028568619064,True
3,LARGE_MAZE,2955,2955,5,1,7,6,greedy,16,0.03504689992405474,16,0.0021904312452534214,False
3,LARGE_MAZE,2955,2955,5,1,7,6,beam_2,16,0.015289100119844079,7,0.0021841571599777255,True
3,LARGE_MAZE,2955,2955,5,1,7,6,beam_3,16,0.017129600048065186,7,0.0024470857211521695,True
3,LARGE_MAZE,3005,3005,5,3,1,2,greedy,16,0.03569980012252927,16,0.0022312375076580793,False
3,LARGE_MAZE,3005,3005,5,3,1,2,beam_2,16,0.041348000057041645,16,0.002584250003565103,False
3,LARGE_MAZE,3005,3005,5,3,1,2,beam_3,16,0.05179239995777607,16,0.0032370249973610044,False
3,LARGE_MAZE,3039,3039,5,3,6,7,greedy,16,0.020556099945679307,7,0.002936585706525615,True
3,LARGE_MAZE,3039,3039,5,3,6,7,beam_2,16,0.02309980010613799,7,0.003299971443733999,True
3,LARGE_MAZE,3039,3039,5,3,6,7,beam_3,16,0.017828699899837375,7,0.0025469571285481963,True
3,LARGE_MAZE,3070,3070,5,4,3,9,greedy,16,0.01643100008368492,7,0.002347285726240703,True
3,LARGE_MAZE,3070,3070,5,4,3,9,beam_2,16,0.015362799866124988,7,0.0021946856951607125,True
3,LARGE_MAZE,3070,3070,5,4,3,9,beam_3,16,0.014208500040695071,7,0.002029785720099296,True
3,LARGE_MAZE,3104,3104,5,5,2,3,greedy,16,0.009636500151827931,7,0.0013766428788325616,True
3,LARGE_MAZE,3104,3104,5,5,2,3,beam_2,16,0.01081399992108345,7,0.00154485713158335,True
3,LARGE_MAZE,3104,3104,5,5,2,3,beam_3,16,0.0116822998970747,7,0.0016688999852963857,True
3,LARGE_MAZE,3190,3190,5,9,1,8,greedy,16,0.026454699924215674,16,0.0016534187452634797,False
3,LARGE_MAZE,3190,3190,5,9,1,8,beam_2,16,0.029690399998798966,16,0.0018556499999249354,False
3,LARGE_MAZE,3190,3190,5,9,1,8,beam_3,16,0.019030299969017506,7,0.002718614281288215,True
3,LARGE_MAZE,3274,3274,6,3,1,1,greedy,16,0.01241900003515184,7,0.0017741428621645486,True
3,LARGE_MAZE,3274,3274,6,3,1,1,beam_2,16,0.011431799968704581,7,0.0016331142812435115,True
3,LARGE_MAZE,3274,3274,6,3,1,1,beam_3,16,0.010149599984288216,7,0.0014499428548983165,True
3,LARGE_MAZE,3321,3321,6,5,1,3,greedy,16,0.01912149996496737,11,0.0017383181786333973,True
3,LARGE_MAZE,3321,3321,6,5,1,3,beam_2,16,0.028141999850049615,11,0.0025583636227317834,True
3,LARGE_MAZE,3321,3321,6,5,1,3,beam_3,16,0.01567710004746914,7,0.00223958572106702,True
3,LARGE_MAZE,3381,3381,6,7,3,5,greedy,16,0.010714499978348613,7,0.0015306428540498018,True
3,LARGE_MAZE,3381,3381,6,7,3,5,beam_2,16,0.009839299833402038,7,0.0014056142619145767,True
3,LARGE_MAZE,3381,3381,6,7,3,5,beam_3,16,0.010443799896165729,7,0.0014919714137379611,True
3,LARGE_MAZE,3478,3478,7,1,4,5,greedy,16,0.010496499948203564,7,0.001499499992600509,True
3,LARGE_MAZE,3478,3478,7,1,4,5,beam_2,16,0.018290500156581402,7,0.002612928593797343,True
3,LARGE_MAZE,3478,3478,7,1,4,5,beam_3,16,0.016938399989157915,7,0.0024197714270225595,True
3,LARGE_MAZE,3553,3553,7,3,2,1,greedy,16,0.01502629998140037,7,0.002146614283057196,True
3,LARGE_MAZE,3553,3553,7,3,2,1,beam_2,16,0.01666660001501441,7,0.002380942859287773,True
3,LARGE_MAZE,3553,3553,7,3,2,1,beam_3,16,0.013192800106480718,7,0.0018846857294972455,True
3,LARGE_MAZE,3592,3592,7,5,1,4,greedy,16,0.023123000049963593,16,0.0014451875031227246,False
3,LARGE_MAZE,3592,3592,7,5,1,4,beam_2,16,0.01242879987694323,7,0.0017755428395633186,True
3,LARGE_MAZE,3592,3592,7,5,1,4,beam_3,16,0.010718100005760789,7,0.0015311571436801127,True
3,LARGE_MAZE,3638,3638,7,6,1,5,greedy,16,0.0242079000454396,16,0.001512993752839975,False
3,LARGE_MAZE,3638,3638,7,6,1,5,beam_2,16,0.014308999991044402,7,0.002044142855863486,True
3,LARGE_MAZE,3638,3638,7,6,1,5,beam_3,16,0.01958970003761351,7,0.0027985285768019302,True
3,LARGE_MAZE,3697,3697,7,7,3,6,greedy,16,0.04002860002219677,16,0.002501787501387298,False
3,LARGE_MAZE,3697,3697,7,7,3,6,beam_2,16,0.010807299986481667,7,0.0015438999980688095,True
3,LARGE_MAZE,3697,3697,7,7,3,6,beam_3,16,0.009799200110137463,7,0.0013998857300196374,True
3,LARGE_MAZE,3782,3782,7,10,2,10,greedy,16,0.022555399918928742,16,0.0014097124949330464,False
3,LARGE_MAZE,3782,3782,7,10,2,10,beam_2,16,0.009797099977731705,7,0.0013995857111045293,True
3,LARGE_MAZE,3782,3782,7,10,2,10,beam_3,16,0.009143600007519126,7,0.0013062285725027323,True
3,LARGE_MAZE,1800,1800,1,2,2,7,greedy,18,0.009712999919429421,8,0.0012141249899286777,True
3,LARGE_MAZE,1800,1800,1,2,2,7,beam_2,18,0.010257500223815441,8,0.0012821875279769301,True
3,LARGE_MAZE,1800,1800,1,2,2,7,beam_3,18,0.01559779979288578,8,0.0019497249741107225,True
3,LARGE_MAZE,1838,1838,1,3,1,7,greedy,18,0.015219200169667602,8,0.0019024000212084502,True
3,LARGE_MAZE,1838,1838,1,3,1,7,beam_2,18,0.01669640000909567,8,0.0020870500011369586,True
3,LARGE_MAZE,1838,1838,1,3,1,7,beam_3,18,0.01779119996353984,8,0.00222389999544248,True
3,LARGE_MAZE,1900,1900,1,4,3,10,greedy,18,0.01472129998728633,8,0.0018401624984107912,True
3,LARGE_MAZE,1900,1900,1,4,3,10,beam_2,18,0.01667959988117218,8,0.0020849499851465225,True
3,LARGE_MAZE,1900,1900,1,4,3,10,beam_3,18,0.012079200008884072,8,0.001509900001110509,True
3,LARGE_MAZE,1936,1936,1,5,2,10,greedy,18,0.009315300034359097,8,0.0011644125042948872,True
3,LARGE_MAZE,1936,1936,1,5,2,10,beam_2,18,0.015544500201940536,8,0.001943062525242567,True
3,LARGE_MAZE,1936,1936,1,5,2,10,beam_3,18,0.01739399996586144,8,0.00217424999573268,True
3,LARGE_MAZE,1971,1971,1,7,1,3,greedy,18,0.015511299949139357,8,0.0019389124936424196,True
3,LARGE_MAZE,1971,1971,1,7,1,3,beam_2,18,0.015860100043937564,8,0.0019825125054921955,True
3,LARGE_MAZE,1971,1971,1,7,1,3,beam_3,18,0.022253300063312054,8,0.0027816625079140067,True
3,LARGE_MAZE,2042,2042,1,8,5,4,greedy,18,0.015096500050276518,8,0.0018870625062845647,True
3,LARGE_MAZE,2042,2042,1,8,5,4,beam_2,18,0.012737999903038144,8,0.001592249987879768,True
3,LARGE_MAZE,2042,2042,1,8,5,4,beam_3,18,0.016816900111734867,8,0.0021021125139668584,True
3,LARGE_MAZE,2102,2102,1,9,7,9,greedy,18,0.014677200000733137,8,0.0018346500000916421,True
3,LARGE_MAZE,2102,2102,1,9,7,9,beam_2,18,0.016397499945014715,8,0.0020496874931268394,True
3,LARGE_MAZE,2102,2102,1,9,7,9,beam_3,18,0.01816930016502738,8,0.0022711625206284225,True
3,LARGE_MAZE,2172,2172,2,1,4,5,greedy,18,0.0379095000680536,18,0.002106083337114089,False
3,LARGE_MAZE,2172,2172,2,1,4,5,beam_2,18,0.016466100001707673,8,0.002058262500213459,True
3,LARGE_MAZE,2172,2172,2,1,4,5,beam_3,18,0.017268499825149775,8,0.002158562478143722,True
3,LARGE_MAZE,2222,2222,2,3,5,4,greedy,18,0.026702199829742312,18,0.0014834555460967952,False
3,LARGE_MAZE,2222,2222,2,3,5,4,beam_2,18,0.011259299935773015,8,0.0014074124919716269,True
3,LARGE_MAZE,2222,2222,2,3,5,4,beam_3,18,0.019121599849313498,8,0.002390199981164187,True
3,LARGE_MAZE,2271,2271,2,5,5,10,greedy,18,0.014824099838733673,8,0.0018530124798417091,True
3,LARGE_MAZE,2271,2271,2,5,5,10,beam_2,18,0.013332200003787875,8,0.0016665250004734844,True
3,LARGE_MAZE,2271,2271,2,5,5,10,beam_3,18,0.01702799997292459,8,0.0021284999966155738,True
3,LARGE_MAZE,2310,2310,2,7,5,2,greedy,18,0.03580259997397661,18,0.0019890333318875898,False
3,LARGE_MAZE,2310,2310,2,7,5,2,beam_2,18,0.016070700017735362,8,0.0020088375022169203,True
3,LARGE_MAZE,2310,2310,2,7,5,2,beam_3,18,0.017557699931785464,8,0.002194712491473183,True
3,LARGE_MAZE,2358,2358,2,10,5,5,greedy,18,0.016183699946850538,8,0.0020229624933563173,True
3,LARGE_MAZE,2358,2358,2,10,5,5,beam_2,18,0.011044900165870786,8,0.0013806125207338482,True
3,LARGE_MAZE,2358,2358,2,10,5,5,beam_3,18,0.010650500189512968,8,0.001331312523689121,True
3,LARGE_MAZE,2442,2442,3,2,4,5,greedy,18,0.03143749991431832,18,0.0017465277730176847,False
3,LARGE_MAZE,2442,2442,3,2,4,5,beam_2,18,0.015901000006124377,8,0.001987625000765547,True
3,LARGE_MAZE,2442,2442,3,2,4,5,beam_3,18,0.012365200091153383,8,0.001545650011394173,True
3,LARGE_MAZE,2503,2503,3,3,7,3,greedy,18,0.0103857999201864,8,0.0012982249900233,True
3,LARGE_MAZE,2503,2503,3,3,7,3,beam_2,18,0.010487999999895692,8,0.0013109999999869615,True
3,LARGE_MAZE,2503,2503,3,3,7,3,beam_3,18,0.01045089983381331,8,0.0013063624792266637,True
3,LARGE_MAZE,2563,2563,3,6,2,1,greedy,18,0.009176400024443865,8,0.001147050003055483,True
3,LARGE_MAZE,2563,2563,3,6,2,1,beam_2,18,0.012678800150752068,8,0.0015848500188440084,True
3,LARGE_MAZE,2563,2563,3,6,2,1,beam_3,18,0.01770239998586476,8,0.002212799998233095,True
3,LARGE_MAZE,2592,2592,3,6,7,2,greedy,18,0.015008799964562058,8,0.0018760999955702573,True
3,LARGE_MAZE,2592,2592,3,6,7,2,beam_2,18,0.016339300200343132,8,0.0020424125250428915,True
3,LARGE_MAZE,2592,2592,3,6,7,2,beam_3,18,0.01491690007969737,8,0.0018646125099621713,True
3,LARGE_MAZE,2641,2641,3,7,7,7,greedy,18,0.024300199933350086,18,0.0013500111074083382,False
3,LARGE_MAZE,2641,2641,3,7,7,7,beam_2,18,0.012728200061246753,8,0.001591025007655844,True
3,LARGE_MAZE,2641,2641,3,7,7,7,beam_3,18,0.0176833001896739,8,0.0022104125237092376,True
3,LARGE_MAZE,2677,2677,3,8,6,3,greedy,18,0.015161899849772453,8,0.0018952374812215567,True
3,LARGE_MAZE,2677,2677,3,8,6,3,beam_2,18,0.017283600056543946,8,0.0021604500070679933,True
3,LARGE_MAZE,2677,2677,3,8,6,3,beam_3,18,0.017713099950924516,8,0.0022141374938655645,True
3,LARGE_MAZE,2729,2729,3,9,7,5,greedy,18,0.011247999966144562,8,0.0014059999957680702,True
3,LARGE_MAZE,2729,2729,3,9,7,5,beam_2,18,0.017149400198832154,8,0.0021436750248540193,True
3,LARGE_MAZE,2729,2729,3,9,7,5,beam_3,18,0.012964399997144938,8,0.0016205499996431172,True
3,LARGE_MAZE,2797,2797,4,1,3,6,greedy,18,0.010116600198671222,8,0.0012645750248339027,True
3,LARGE_MAZE,2797,2797,4,1,3,6,beam_2,18,0.01300229993648827,8,0.0016252874920610338,True
3,LARGE_MAZE,2797,2797,4,1,3,6,beam_3,18,0.013604299863800406,8,0.0017005374829750508,True
3,LARGE_MAZE,2856,2856,4,5,5,10,greedy,18,0.015959100099280477,8,0.0019948875124100596,True
3,LARGE_MAZE,2856,2856,4,5,5,10,beam_2,18,0.01600419986061752,8,0.00200052498257719,True
3,LARGE_MAZE,2856,2856,4,5,5,10,beam_3,18,0.015265899943187833,8,0.001908237492898479,True
3,LARGE_MAZE,2956,2956,5,1,7,7,greedy,18,0.009908000007271767,8,0.0012385000009089708,True
3,LARGE_MAZE,2956,2956,5,1,7,7,beam_2,18,0.014440099941566586,8,0.0018050124926958233,True
3,LARGE_MAZE,2956,2956,5,1,7,7,beam_3,18,0.015125799924135208,8,0.001890724990516901,True
3,LARGE_MAZE,3006,3006,5,3,1,3,greedy,18,0.01067899982444942,8,0.0013348749780561775,True
3,LARGE_MAZE,3006,3006,5,3,1,3,beam_2,18,0.016337400069460273,8,0.002042175008682534,True
3,LARGE_MAZE,3006,3006,5,3,1,3,beam_3,18,0.01008390006609261,8,0.0012604875082615763,True
3,LARGE_MAZE,3055,3055,5,4,1,8,greedy,18,0.009272200055420399,8,0.0011590250069275498,True
3,LARGE_MAZE,3055,3055,5,4,1,8,beam_2,18,0.01034879987128079,8,0.0012935999839100987,True
3,LARGE_MAZE,3055,3055,5,4,1,8,beam_3,18,0.012771900044754148,8,0.0015964875055942684,True
3,LARGE_MAZE,3107,3107,5,5,2,10,greedy,18,0.026300199795514345,18,0.001461122210861908,False
3,LARGE_MAZE,3107,3107,5,5,2,10,beam_2,18,0.016964299837127328,8,0.002120537479640916,True
3,LARGE_MAZE,3107,3107,5,5,2,10,beam_3,18,0.018419399857521057,8,0.002302424982190132,True
3,LARGE_MAZE,3189,3189,5,9,1,7,greedy,18,0.030288200126960874,18,0.0016826777848311597,False
3,LARGE_MAZE,3189,3189,5,9,1,7,beam_2,18,0.017260099994018674,8,0.0021575124992523342,True
3,LARGE_MAZE,3189,3189,5,9,1,7,beam_3,18,0.016973299905657768,8,0.002121662488207221,True
3,LARGE_MAZE,3277,3277,6,3,1,4,greedy,18,0.02791950013488531,18,0.0015510833408269617,False
3,LARGE_MAZE,3277,3277,6,3,1,4,beam_2,18,0.016189400106668472,8,0.002023675013333559,True
3,LARGE_MAZE,3277,3277,6,3,1,4,beam_3,18,0.017857200000435114,8,0.0022321500000543892,True
3,LARGE_MAZE,3320,3320,6,5,1,2,greedy,18,0.03166459989733994,18,0.0017591444387411077,False
3,LARGE_MAZE,3320,3320,6,5,1,2,beam_2,18,0.02675629989244044,10,0.002675629989244044,True
3,LARGE_MAZE,3320,3320,6,5,1,2,beam_3,18,0.02479889988899231,10,0.002479889988899231,True
3,LARGE_MAZE,3341,3341,6,5,3,10,greedy,18,0.02164170006290078,8,0.0027052125078625977,True
3,LARGE_MAZE,3341,3341,6,5,3,10,beam_2,18,0.011824100045487285,8,0.0014780125056859106,True
3,LARGE_MAZE,3341,3341,6,5,3,10,beam_3,18,0.012603800045326352,8,0.001575475005665794,True
3,LARGE_MAZE,3415,3415,6,9,1,8,greedy,18,0.024666499812155962,18,0.0013703611006753312,False
3,LARGE_MAZE,3415,3415,6,9,1,8,beam_2,18,0.03965550009161234,18,0.0022030833384229075,False
3,LARGE_MAZE,3415,3415,6,9,1,8,beam_3,18,0.017818700056523085,8,0.0022273375070653856,True
3,LARGE_MAZE,3494,3494,7,1,7,5,greedy,18,0.014816700015217066,8,0.0018520875019021332,True
3,LARGE_MAZE,3494,3494,7,1,7,5,beam_2,18,0.012795899994671345,8,0.001599487499333918,True
3,LARGE_MAZE,3494,3494,7,1,7,5,beam_3,18,0.011412800056859851,8,0.0014266000071074814,True
3,LARGE_MAZE,3540,3540,7,2,7,6,greedy,18,0.010345199843868613,8,0.0012931499804835767,True
3,LARGE_MAZE,3540,3540,7,2,7,6,beam_2,18,0.0157494000159204,8,0.00196867500199005,True
3,LARGE_MAZE,3540,3540,7,2,7,6,beam_3,18,0.01533149997703731,8,0.0019164374971296638,True
3,LARGE_MAZE,3586,3586,7,3,7,7,greedy,18,0.014011300168931484,8,0.0017514125211164355,True
3,LARGE_MAZE,3586,3586,7,3,7,7,beam_2,18,0.01594639988616109,8,0.001993299985770136,True
3,LARGE_MAZE,3586,3586,7,3,7,7,beam_3,18,0.017061300110071898,8,0.002132662513758987,True
3,LARGE_MAZE,3627,3627,7,5,7,1,greedy,18,0.015455200104042888,8,0.001931900013005361,True
3,LARGE_MAZE,3627,3627,7,5,7,1,beam_2,18,0.012700999854132533,8,0.0015876249817665666,True
3,LARGE_MAZE,3627,3627,7,5,7,1,beam_3,18,0.01718049985356629,8,0.002147562481695786,True
3,LARGE_MAZE,3673,3673,7,6,7,2,greedy,18,0.014674700098112226,8,0.0018343375122640282,True
3,LARGE_MAZE,3673,3673,7,6,7,2,beam_2,18,0.01087510003708303,8,0.0013593875046353787,True
3,LARGE_MAZE,3673,3673,7,6,7,2,beam_3,18,0.014222099911421537,8,0.0017777624889276922,True
3,LARGE_MAZE,3731,3731,7,9,1,9,greedy,18,0.023390799993649125,18,0.0012994888885360626,False
3,LARGE_MAZE,3731,3731,7,9,1,9,beam_2,18,0.01034020003862679,8,0.0012925250048283488,True
3,LARGE_MAZE,3731,3731,7,9,1,9,beam_3,18,0.015219199936836958,8,0.0019023999921046197,True
3,LARGE_MAZE,1763,1763,1,1,3,8,greedy,20,0.01758629991672933,9,0.0019540333240810367,True
3,LARGE_MAZE,1763,1763,1,1,3,8,beam_2,20,0.01613040012307465,9,0.001792266680341628,True
3,LARGE_MAZE,1763,1763,1,1,3,8,beam_3,20,0.012694999808445573,9,0.0014105555342717303,True
3,LARGE_MAZE,1828,1828,1,2,7,3,greedy,20,0.012464800151064992,9,0.0013849777945627768,True
3,LARGE_MAZE,1828,1828,1,2,7,3,beam_2,20,0.018314399989321828,9,0.00203493333214687,True
3,LARGE_MAZE,1828,1828,1,2,7,3,beam_3,20,0.01457119989208877,9,0.0016190222102320856,True
3,LARGE_MAZE,1875,1875,1,3,7,6,greedy,20,0.010311400052160025,9,0.0011457111169066695,True
3,LARGE_MAZE,1875,1875,1,3,7,6,beam_2,20,0.01502919988706708,9,0.001669911098563009,True
3,LARGE_MAZE,1875,1875,1,3,7,6,beam_3,20,0.020591899985447526,9,0.0022879888872719472,True
3,LARGE_MAZE,1921,1921,1,4,7,7,greedy,20,0.01682530017569661,9,0.0018694777972996235,True
3,LARGE_MAZE,1921,1921,1,4,7,7,beam_2,20,0.011186599964275956,9,0.0012429555515862173,True
3,LARGE_MAZE,1921,1921,1,4,7,7,beam_3,20,0.013422300107777119,9,0.001491366678641902,True
3,LARGE_MAZE,1970,1970,1,7,1,2,greedy,20,0.012767300009727478,9,0.0014185888899697198,True
3,LARGE_MAZE,1970,1970,1,7,1,2,beam_2,20,0.012090899981558323,9,0.001343433331284258,True
3,LARGE_MAZE,1970,1970,1,7,1,2,beam_3,20,0.016503100050613284,9,0.001833677783401476,True
3,LARGE_MAZE,2010,2010,1,7,7,6,greedy,20,0.01698810001835227,9,0.0018875666687058078,True
3,LARGE_MAZE,2010,2010,1,7,7,6,beam_2,20,0.019121099961921573,9,0.0021245666624357304,True
3,LARGE_MAZE,2010,2010,1,7,7,6,beam_3,20,0.020442900015041232,9,0.002271433335004581,True
3,LARGE_MAZE,2062,2062,1,9,1,4,greedy,20,0.011667300015687943,9,0.0012963666684097713,True
3,LARGE_MAZE,2062,2062,1,9,1,4,beam_2,20,0.01808859989978373,9,0.0020098444333093036,True
3,LARGE_MAZE,2062,2062,1,9,1,4,beam_3,20,0.01739379996433854,9,0.0019326444404820602,True
3,LARGE_MAZE,2133,2133,1,10,5,5,greedy,20,0.01216870010830462,9,0.0013520777898116244,True
3,LARGE_MAZE,2133,2133,1,10,5,5,beam_2,20,0.011022399878129363,9,0.0012247110975699292,True
3,LARGE_MAZE,2133,2133,1,10,5,5,beam_3,20,0.013330700108781457,9,0.0014811889009757175,True
3,LARGE_MAZE,2214,2214,2,3,3,9,greedy,20,0.021238500019535422,13,0.001633730770733494,True
3,LARGE_MAZE,2214,2214,2,3,3,9,beam_2,20,0.018882100004702806,9,0.0020980111116336454,True
3,LARGE_MAZE,2214,2214,2,3,3,9,beam_3,20,0.02008919999934733,9,0.002232133333260814,True
3,LARGE_MAZE,2276,2276,2,5,7,1,greedy,20,0.014710899908095598,9,0.0016345444342328443,True
3,LARGE_MAZE,2276,2276,2,5,7,1,beam_2,20,0.01575829996727407,9,0.0017509222185860078,True
3,LARGE_MAZE,2276,2276,2,5,7,1,beam_3,20,0.01857500011101365,9,0.002063888901223739,True
3,LARGE_MAZE,2326,2326,2,7,7,7,greedy,20,0.015071599977090955,9,0.0016746222196767728,True
3,LARGE_MAZE,2326,2326,2,7,7,7,beam_2,20,0.011682000011205673,9,0.001298000001245075,True
3,LARGE_MAZE,2326,2326,2,7,7,7,beam_3,20,0.019836799940094352,9,0.0022040888822327056,True
3,LARGE_MAZE,2391,2391,3,1,3,6,greedy,20,0.021943600149825215,9,0.0024381777944250237,True
3,LARGE_MAZE,2391,2391,3,1,3,6,beam_2,20,0.022171499906107783,9,0.0024634999895675313,True
3,LARGE_MAZE,2391,2391,3,1,3,6,beam_3,20,0.021702699828892946,9,0.0024114110920992163,True
3,LARGE_MAZE,2476,2476,3,3,2,7,greedy,20,0.011127999983727932,9,0.0012364444426364368,True
3,LARGE_MAZE,2476,2476,3,3,2,7,beam_2,20,0.013403000077232718,9,0.0014892222308036354,True
3,LARGE_MAZE,2476,2476,3,3,2,7,beam_3,20,0.03807639982551336,9,0.004230711091723707,True
3,LARGE_MAZE,2568,2568,3,6,3,1,greedy,20,0.022745999973267317,9,0.002527333330363035,True
3,LARGE_MAZE,2568,2568,3,6,3,1,beam_2,20,0.013658300042152405,9,0.0015175888935724895,True
3,LARGE_MAZE,2568,2568,3,6,3,1,beam_3,20,0.014782000100240111,9,0.0016424444555822345,True
3,LARGE_MAZE,2614,2614,3,7,3,2,greedy,20,0.017586200032383204,9,0.001954022225820356,True
3,LARGE_MAZE,2614,2614,3,7,3,2,beam_2,20,0.01848149998113513,9,0.0020534999979039035,True
3,LARGE_MAZE,2614,2614,3,7,3,2,beam_3,20,0.0177303000818938,9,0.0019700333424326447,True
3,LARGE_MAZE,2644,2644,3,8,1,1,greedy,20,0.014669700060039759,9,0.001629966673337751,True
3,LARGE_MAZE,2644,2644,3,8,1,1,beam_2,20,0.015616500051692128,9,0.0017351666724102364,True
3,LARGE_MAZE,2644,2644,3,8,1,1,beam_3,20,0.019140500109642744,9,0.0021267222344047492,True
3,LARGE_MAZE,2690,2690,3,9,1,2,greedy,20,0.01659130002371967,9,0.0018434777804132965,True
3,LARGE_MAZE,2690,2690,3,9,1,2,beam_2,20,0.012387500144541264,9,0.0013763889049490292,True
3,LARGE_MAZE,2690,2690,3,9,1,2,beam_3,20,0.011987899895757437,9,0.001331988877306382,True
3,LARGE_MAZE,2736,2736,3,10,1,3,greedy,20,0.01466190000064671,9,0.0016291000000718567,True
3,LARGE_MAZE,2736,2736,3,10,1,3,beam_2,20,0.01394810015335679,9,0.0015497889059285324,True
3,LARGE_MAZE,2736,2736,3,10,1,3,beam_3,20,0.01487229997292161,9,0.0016524777747690678,True
3,LARGE_MAZE,2855,2855,4,5,5,9,greedy,20,0.030496699968352914,15,0.002033113331223528,True
3,LARGE_MAZE,2855,2855,4,5,5,9,beam_2,20,0.014027300057932734,9,0.0015585888953258593,True
3,LARGE_MAZE,2855,2855,4,5,5,9,beam_3,20,0.01221590000204742,9,0.0013573222224497134,True
3,LARGE_MAZE,2934,2934,5,1,3,8,greedy,20,0.011496099876239896,9,0.0012773444306933219,True
3,LARGE_MAZE,2934,2934,5,1,3,8,beam_2,20,0.012351399986073375,9,0.001372377776230375,True
3,LARGE_MAZE,2934,2934,5,1,3,8,beam_3,20,0.016595900058746338,9,0.0018439888954162598,True
3,LARGE_MAZE,3010,3010,5,3,1,8,greedy,20,0.031139400089159608,19,0.0016389157941662951,False
3,LARGE_MAZE,3010,3010,5,3,1,8,beam_2,20,0.018036900088191032,9,0.0020041000097990036,True
3,LARGE_MAZE,3010,3010,5,3,1,8,beam_3,20,0.01901950011961162,9,0.002113277791067958,True
3,LARGE_MAZE,3102,3102,5,5,1,10,greedy,20,0.03166139987297356,19,0.0016663894669986085,False
3,LARGE_MAZE,3102,3102,5,5,1,10,beam_2,20,0.014809699961915612,9,0.0016455222179906236,True
3,LARGE_MAZE,3102,3102,5,5,1,10,beam_3,20,0.019672299968078732,9,0.0021858111075643036,True
3,LARGE_MAZE,3172,3172,5,7,6,3,greedy,20,0.01666550012305379,9,0.0018517222358948654,True
3,LARGE_MAZE,3172,3172,5,7,6,3,beam_2,20,0.016225900035351515,9,0.0018028777817057238,True
3,LARGE_MAZE,3172,3172,5,7,6,3,beam_3,20,0.013489099917933345,9,0.0014987888797703716,True
3,LARGE_MAZE,3276,3276,6,3,1,3,greedy,20,0.015358899952843785,9,0.0017065444392048651,True
3,LARGE_MAZE,3276,3276,6,3,1,3,beam_2,20,0.012554900022223592,9,0.001394988891358177,True
3,LARGE_MAZE,3276,3276,6,3,1,3,beam_3,20,0.018214400159195065,9,0.002023822239910563,True
3,LARGE_MAZE,3326,3326,6,5,1,9,greedy,20,0.020294599933549762,11,0.0018449636303227055,True
3,LARGE_MAZE,3326,3326,6,5,1,9,beam_2,20,0.01882939995266497,9,0.002092155550296108,True
3,LARGE_MAZE,3326,3326,6,5,1,9,beam_3,20,0.017182899871841073,9,0.0019092110968712303,True
3,LARGE_MAZE,3383,3383,6,7,3,7,greedy,20,0.02458389988169074,9,0.002731544431298971,True
3,LARGE_MAZE,3383,3383,6,7,3,7,beam_2,20,0.06005610013380647,9,0.006672900014867385,True
3,LARGE_MAZE,3383,3383,6,7,3,7,beam_3,20,0.0322545999661088,9,0.0035838444406787553,True
3,LARGE_MAZE,3463,3463,7,1,2,1,greedy,20,0.012013500090688467,9,0.0013348333434098298,True
3,LARGE_MAZE,3463,3463,7,1,2,1,beam_2,20,0.016852299915626645,9,0.0018724777684029606,True
3,LARGE_MAZE,3463,3463,7,1,2,1,beam_3,20,0.019144600024446845,9,0.002127177780494094,True
3,LARGE_MAZE,3499,3499,7,2,1,1,greedy,20,0.01641019992530346,9,0.0018233555472559398,True
3,LARGE_MAZE,3499,3499,7,2,1,1,beam_2,20,0.016207499895244837,9,0.0018008333216938707,True
3,LARGE_MAZE,3499,3499,7,2,1,1,beam_3,20,0.015606800094246864,9,0.0017340888993607627,True
3,LARGE_MAZE,3545,3545,7,3,1,2,greedy,20,0.033346999902278185,19,0.0017551052580146414,False
3,LARGE_MAZE,3545,3545,7,3,1,2,beam_2,20,0.024989099940285087,9,0.0027765666600316763,True
3,LARGE_MAZE,3545,3545,7,3,1,2,beam_3,20,0.028433100087568164,9,0.003159233343063129,True
3,LARGE_MAZE,3580,3580,7,3,6,7,greedy,20,0.014000799972563982,9,0.001555644441395998,True
3,LARGE_MAZE,3580,3580,7,3,6,7,beam_2,20,0.013913900125771761,9,0.001545988902863529,True
3,LARGE_MAZE,3580,3580,7,3,6,7,beam_3,20,0.014370899880304933,9,0.0015967666533672148,True
3,LARGE_MAZE,3604,3604,7,5,3,2,greedy,20,0.024938499787822366,19,0.0013125526204117034,False
3,LARGE_MAZE,3604,3604,7,5,3,2,beam_2,20,0.01260100002400577,9,0.0014001111137784189,True
3,LARGE_MAZE,3604,3604,7,5,3,2,beam_3,20,0.016157699981704354,9,0.0017952999979671505,True
3,LARGE_MAZE,3655,3655,7,6,3,9,greedy,20,0.012625999981537461,9,0.0014028888868374957,True
3,LARGE_MAZE,3655,3655,7,6,3,9,beam_2,20,0.01977860019542277,9,0.002197622243935863,True
3,LARGE_MAZE,3655,3655,7,6,3,9,beam_3,20,0.02282740012742579,9,0.0025363777919361987,True
3,LARGE_MAZE,3702,3702,7,7,4,1,greedy,20,0.011010400019586086,9,0.0012233777799540097,True
3,LARGE_MAZE,3702,3702,7,7,4,1,beam_2,20,0.011458799941465259,9,0.0012731999934961398,True
3,LARGE_MAZE,3702,3702,7,7,4,1,beam_3,20,0.012492200126871467,9,0.0013880222363190518,True
3,LARGE_MAZE,3776,3776,7,10,1,9,greedy,20,0.0242162998765707,19,0.001274542098766879,False
3,LARGE_MAZE,3776,3776,7,10,1,9,beam_2,20,0.01195960002951324,9,0.0013288444477236932,True
3,LARGE_MAZE,3776,3776,7,10,1,9,beam_3,20,0.0159447998739779,9,0.0017716444304419889,True
3,LARGE_MAZE,1784,1784,1,1,7,5,greedy,22,0.014943600166589022,10,0.0014943600166589023,True
3,LARGE_MAZE,1784,1784,1,1,7,5,beam_2,22,0.021067299880087376,10,0.0021067299880087377,True
3,LARGE_MAZE,1784,1784,1,1,7,5,beam_3,22,0.020194499986246228,10,0.0020194499986246226,True
3,LARGE_MAZE,1840,1840,1,3,1,9,greedy,22,0.018193300114944577,12,0.001516108342912048,True
3,LARGE_MAZE,1840,1840,1,3,1,9,beam_2,22,0.02160910004749894,10,0.0021609100047498943,True
3,LARGE_MAZE,1840,1840,1,3,1,9,beam_3,22,0.020896000089123845,10,0.0020896000089123843,True
3,LARGE_MAZE,1886,1886,1,4,1,10,greedy,22,0.013864299980923533,10,0.0013864299980923533,True
3,LARGE_MAZE,1886,1886,1,4,1,10,beam_2,22,0.012947799870744348,10,0.0012947799870744348,True
3,LARGE_MAZE,1886,1886,1,4,1,10,beam_3,22,0.016139699844643474,10,0.0016139699844643473,True
3,LARGE_MAZE,1955,1955,1,5,5,9,greedy,22,0.01830970006994903,10,0.001830970006994903,True
3,LARGE_MAZE,1955,1955,1,5,5,9,beam_2,22,0.016553400084376335,10,0.0016553400084376336,True
3,LARGE_MAZE,1955,1955,1,5,5,9,beam_3,22,0.022061499999836087,10,0.0022061499999836086,True
3,LARGE_MAZE,2008,2008,1,7,7,3,greedy,22,0.013067000079900026,10,0.0013067000079900026,True
3,LARGE_MAZE,2008,2008,1,7,7,3,beam_2,22,0.01619239989668131,10,0.0016192399896681308,True
3,LARGE_MAZE,2008,2008,1,7,7,3,beam_3,22,0.023185099940747023,10,0.002318509994074702,True
3,LARGE_MAZE,2040,2040,1,8,5,2,greedy,22,0.013541199965402484,10,0.0013541199965402483,True
3,LARGE_MAZE,2040,2040,1,8,5,2,beam_2,22,0.012825500220060349,10,0.001282550022006035,True
3,LARGE_MAZE,2040,2040,1,8,5,2,beam_3,22,0.014309299876913428,10,0.0014309299876913428,True
3,LARGE_MAZE,2086,2086,1,9,5,3,greedy,22,0.012807599967345595,10,0.0012807599967345595,True
3,LARGE_MAZE,2086,2086,1,9,5,3,beam_2,22,0.02048619999550283,10,0.002048619999550283,True
3,LARGE_MAZE,2086,2086,1,9,5,3,beam_3,22,0.022130100056529045,10,0.0022130100056529044,True
3,LARGE_MAZE,2160,2160,2,1,2,7,greedy,22,0.011891799978911877,10,0.0011891799978911877,True
3,LARGE_MAZE,2160,2160,2,1,2,7,beam_2,22,0.01346769998781383,10,0.001346769998781383,True
3,LARGE_MAZE,2160,2160,2,1,2,7,beam_3,22,0.020320799900218844,10,0.0020320799900218844,True
3,LARGE_MAZE,2232,2232,2,3,7,2,greedy,22,0.01998700015246868,10,0.001998700015246868,True
3,LARGE_MAZE,2232,2232,2,3,7,2,beam_2,22,0.02259010006673634,10,0.002259010006673634,True
3,LARGE_MAZE,2232,2232,2,3,7,2,beam_3,22,0.022506000008434057,10,0.002250600000843406,True
3,LARGE_MAZE,2306,2306,2,7,4,1,greedy,22,0.01821790006943047,10,0.001821790006943047,True
3,LARGE_MAZE,2306,2306,2,7,4,1,beam_2,22,0.01692910003475845,10,0.0016929100034758448,True
3,LARGE_MAZE,2306,2306,2,7,4,1,beam_3,22,0.01455379999242723,10,0.001455379999242723,True
3,LARGE_MAZE,2356,2356,2,10,5,3,greedy,22,0.013133700005710125,10,0.0013133700005710125,True
3,LARGE_MAZE,2356,2356,2,10,5,3,beam_2,22,0.012794400099664927,10,0.0012794400099664927,True
3,LARGE_MAZE,2356,2356,2,10,5,3,beam_3,22,0.016820999793708324,10,0.0016820999793708325,True
3,LARGE_MAZE,2438,2438,3,2,3,8,greedy,22,0.014508499996736646,10,0.0014508499996736645,True
3,LARGE_MAZE,2438,2438,3,2,3,8,beam_2,22,0.015548700001090765,10,0.0015548700001090765,True
3,LARGE_MAZE,2438,2438,3,2,3,8,beam_3,22,0.01760419993661344,10,0.001760419993661344,True
3,LARGE_MAZE,2504,2504,3,3,7,5,greedy,22,0.01234060013666749,10,0.001234060013666749,True
3,LARGE_MAZE,2504,2504,3,3,7,5,beam_2,22,0.012923100031912327,10,0.0012923100031912327,True
3,LARGE_MAZE,2504,2504,3,3,7,5,beam_3,22,0.019869100069627166,10,0.0019869100069627166,True
3,LARGE_MAZE,2636,2636,3,7,7,1,greedy,22,0.03671239991672337,19,0.001932231574564388,False
3,LARGE_MAZE,2636,2636,3,7,7,1,beam_2,22,0.019483499927446246,10,0.0019483499927446246,True
3,LARGE_MAZE,2636,2636,3,7,7,1,beam_3,22,0.02385680004954338,10,0.002385680004954338,True
3,LARGE_MAZE,2682,2682,3,8,7,2,greedy,22,0.021761500043794513,10,0.002176150004379451,True
3,LARGE_MAZE,2682,2682,3,8,7,2,beam_2,22,0.019105900079011917,10,0.0019105900079011916,True
3,LARGE_MAZE,2682,2682,3,8,7,2,beam_3,22,0.02242089994251728,10,0.002242089994251728,True
3,LARGE_MAZE,2731,2731,3,9,7,7,greedy,22,0.01271390006877482,10,0.001271390006877482,True
3,LARGE_MAZE,2731,2731,3,9,7,7,beam_2,22,0.019690100103616714,10,0.0019690100103616714,True
3,LARGE_MAZE,2731,2731,3,9,7,7,beam_3,22,0.02477989997714758,10,0.002477989997714758,True
3,LARGE_MAZE,2775,2775,3,10,7,6,greedy,22,0.015228499891236424,10,0.0015228499891236425,True
3,LARGE_MAZE,2775,2775,3,10,7,6,beam_2,22,0.01721780002117157,10,0.001721780002117157,True
3,LARGE_MAZE,2775,2775,3,10,7,6,beam_3,22,0.022853299975395203,10,0.00228532999753952,True
3,LARGE_MAZE,2871,2871,4,10,1,3,greedy,22,0.016146200010553002,10,0.0016146200010553001,True
3,LARGE_MAZE,2871,2871,4,10,1,3,beam_2,22,0.01876459992490709,10,0.0018764599924907088,True
3,LARGE_MAZE,2871,2871,4,10,1,3,beam_3,22,0.025216399924829602,10,0.0025216399924829604,True
3,LARGE_MAZE,2944,2944,5,1,5,7,greedy,22,0.01626210007816553,10,0.001626210007816553,True
3,LARGE_MAZE,2944,2944,5,1,5,7,beam_2,22,0.024133600061759353,10,0.0024133600061759354,True
3,LARGE_MAZE,2944,2944,5,1,5,7,beam_3,22,0.01861039991490543,10,0.001861039991490543,True
3,LARGE_MAZE,3029,3029,5,3,4,10,greedy,22,0.015407100087031722,10,0.0015407100087031721,True
3,LARGE_MAZE,3029,3029,5,3,4,10,beam_2,22,0.021821199916303158,10,0.0021821199916303158,True
3,LARGE_MAZE,3029,3029,5,3,4,10,beam_3,22,0.019694099901244044,10,0.0019694099901244044,True
3,LARGE_MAZE,3158,3158,5,7,3,7,greedy,22,0.012407999951392412,10,0.0012407999951392413,True
3,LARGE_MAZE,3158,3158,5,7,3,7,beam_2,22,0.012457699980586767,10,0.0012457699980586768,True
3,LARGE_MAZE,3158,3158,5,7,3,7,beam_3,22,0.014227099949494004,10,0.0014227099949494005,True
3,LARGE_MAZE,3232,3232,5,10,1,4,greedy,22,0.012340199900791049,10,0.001234019990079105,True
3,LARGE_MAZE,3232,3232,5,10,1,4,beam_2,22,0.016955799888819456,10,0.0016955799888819455,True
3,LARGE_MAZE,3232,3232,5,10,1,4,beam_3,22,0.022019400028511882,10,0.0022019400028511884,True
3,LARGE_MAZE,3327,3327,6,5,1,10,greedy,22,0.030983499949797988,19,0.0016307105236735783,False
3,LARGE_MAZE,3327,3327,6,5,1,10,beam_2,22,0.013067000079900026,10,0.0013067000079900026,True
3,LARGE_MAZE,3327,3327,6,5,1,10,beam_3,22,0.014429799979552627,10,0.0014429799979552627,True
3,LARGE_MAZE,3387,3387,6,7,4,1,greedy,22,0.016016499837860465,10,0.0016016499837860465,True
3,LARGE_MAZE,3387,3387,6,7,4,1,beam_2,22,0.013416999951004982,10,0.0013416999951004981,True
3,LARGE_MAZE,3387,3387,6,7,4,1,beam_3,22,0.013593100011348724,10,0.0013593100011348724,True
3,LARGE_MAZE,3458,3458,7,1,1,5,greedy,22,0.03675249987281859,19,0.0019343420985693995,False
3,LARGE_MAZE,3458,3458,7,1,1,5,beam_2,22,0.02054679999127984,10,0.002054679999127984,True
3,LARGE_MAZE,3458,3458,7,1,1,5,beam_3,22,0.0211992000695318,10,0.0021199200069531797,True
3,LARGE_MAZE,3502,3502,7,2,1,4,greedy,22,0.024854700081050396,19,0.0013081421095289681,False
3,LARGE_MAZE,3502,3502,7,2,1,4,beam_2,22,0.03206450003199279,19,0.001687605264841726,False
3,LARGE_MAZE,3502,3502,7,2,1,4,beam_3,22,0.02898619999177754,12,0.0024155166659814617,True
3,LARGE_MAZE,3546,3546,7,3,1,3,greedy,22,0.019576899940147996,10,0.0019576899940147996,True
3,LARGE_MAZE,3546,3546,7,3,1,3,beam_2,22,0.01402749982662499,10,0.001402749982662499,True
3,LARGE_MAZE,3546,3546,7,3,1,3,beam_3,22,0.016549200052395463,10,0.0016549200052395463,True
3,LARGE_MAZE,3596,3596,7,5,1,9,greedy,22,0.014354799874126911,12,0.0011962333228439093,True
3,LARGE_MAZE,3596,3596,7,5,1,9,beam_2,22,0.017591900192201138,12,0.001465991682683428,True
3,LARGE_MAZE,3596,3596,7,5,1,9,beam_3,22,0.022812300128862262,10,0.0022812300128862264,True
3,LARGE_MAZE,3640,3640,7,6,1,8,greedy,22,0.018681199988350272,10,0.0018681199988350272,True
3,LARGE_MAZE,3640,3640,7,6,1,8,beam_2,22,0.01556119997985661,10,0.001556119997985661,True
3,LARGE_MAZE,3640,3640,7,6,1,8,beam_3,22,0.014767999993637204,10,0.0014767999993637205,True
3,LARGE_MAZE,3681,3681,7,7,1,3,greedy,22,0.029474700102582574,19,0.001551300005399083,False
3,LARGE_MAZE,3681,3681,7,7,1,3,beam_2,22,0.02391149988397956,14,0.0017079642774271114,True
3,LARGE_MAZE,3681,3681,7,7,1,3,beam_3,22,0.022539400029927492,10,0.002253940002992749,True
3,LARGE_MAZE,3729,3729,7,9,1,7,greedy,22,0.03578700008802116,19,0.0018835263204221662,False
3,LARGE_MAZE,3729,3729,7,9,1,7,beam_2,22,0.019289900083094835,10,0.0019289900083094835,True
3,LARGE_MAZE,3729,3729,7,9,1,7,beam_3,22,0.01716589997522533,10,0.001716589997522533,True
3,LARGE_MAZE,1749,1749,1,1,1,8,greedy,24,0.01352849998511374,11,0.00122986363501034,True
3,LARGE_MAZE,1749,1749,1,1,1,8,beam_2,24,0.02206160011701286,11,0.0020056000106375327,True
3,LARGE_MAZE,1749,1749,1,1,1,8,beam_3,24,0.01636249991133809,11,0.0014874999919398265,True
3,LARGE_MAZE,1813,1813,1,2,4,10,greedy,24,0.01557749998755753,11,0.00141613636250523,True
3,LARGE_MAZE,1813,1813,1,2,4,10,beam_2,24,0.023270600009709597,11,0.0021155090917917814,True
3,LARGE_MAZE,1813,1813,1,2,4,10,beam_3,24,0.019695800030604005,11,0.001790527275509455,True
3,LARGE_MAZE,1869,1869,1,3,6,7,greedy,24,0.018329600105062127,11,0.0016663272822783752,True
3,LARGE_MAZE,1869,1869,1,3,6,7,beam_2,24,0.022876900155097246,11,0.0020797181959179315,True
3,LARGE_MAZE,1869,1869,1,3,6,7,beam_3,24,0.023813300067558885,11,0.0021648454606871714,True
3,LARGE_MAZE,1960,1960,1,5,6,9,greedy,24,0.016253700014203787,11,0.0014776090922003443,True
3,LARGE_MAZE,1960,1960,1,5,6,9,beam_2,24,0.023269900120794773,11,0.0021154454655267978,True
3,LARGE_MAZE,1960,1960,1,5,6,9,beam_3,24,0.02805249998345971,11,0.00255022727122361,True
3,LARGE_MAZE,2007,2007,1,7,7,2,greedy,24,0.023822000017389655,11,0.0021656363652172413,True
3,LARGE_MAZE,2007,2007,1,7,7,2,beam_2,24,0.023219899972900748,11,0.0021108999975364318,True
3,LARGE_MAZE,2007,2007,1,7,7,2,beam_3,24,0.018326299963518977,11,0.0016660272694108162,True
3,LARGE_MAZE,2053,2053,1,8,7,3,greedy,24,0.01391540002077818,11,0.001265036365525289,True
3,LARGE_MAZE,2053,2053,1,8,7,3,beam_2,24,0.01694660005159676,11,0.0015406000046906147,True
3,LARGE_MAZE,2053,2053,1,8,7,3,beam_3,24,0.02446860005147755,11,0.002224418186497959,True
3,LARGE_MAZE,2092,2092,1,9,6,3,greedy,24,0.020715200109407306,11,0.0018832000099461186,True
3,LARGE_MAZE,2092,2092,1,9,6,3,beam_2,24,0.01632900000549853,11,0.0014844545459544117,True
3,LARGE_MAZE,2092,2092,1,9,6,3,beam_3,24,0.016720700077712536,11,0.0015200636434284124,True
3,LARGE_MAZE,2154,2154,2,1,1,7,greedy,24,0.030505599919706583,19,0.0016055578905108728,False
3,LARGE_MAZE,2154,2154,2,1,1,7,beam_2,24,0.025876799831166863,11,0.0023524363482878966,True
3,LARGE_MAZE,2154,2154,2,1,1,7,beam_3,24,0.018601200077682734,11,0.0016910181888802485,True
3,LARGE_MAZE,2218,2218,2,3,4,10,greedy,24,0.013701500138267875,11,0.0012455909216607158,True
3,LARGE_MAZE,2218,2218,2,3,4,10,beam_2,24,0.01497739995829761,11,0.0013615818143906918,True
3,LARGE_MAZE,2218,2218,2,3,4,10,beam_3,24,0.01568890013732016,11,0.0014262636488472874,True
3,LARGE_MAZE,2314,2314,2,7,5,7,greedy,24,0.023482399992644787,19,0.0012359157890865678,False
3,LARGE_MAZE,2314,2314,2,7,5,7,beam_2,24,0.014333800179883838,11,0.0013030727436258035,True
3,LARGE_MAZE,2314,2314,2,7,5,7,beam_3,24,0.03296380001120269,11,0.0029967090919275174,True
3,LARGE_MAZE,2362,2362,2,10,6,3,greedy,24,0.02451019990257919,11,0.0022281999911435628,True
3,LARGE_MAZE,2362,2362,2,10,6,3,beam_2,24,0.023695799987763166,11,0.002154163635251197,True
3,LARGE_MAZE,2362,2362,2,10,6,3,beam_3,24,0.017545900074765086,11,0.0015950818249786441,True
3,LARGE_MAZE,2424,2424,3,2,1,7,greedy,24,0.03636920009739697,19,0.001914168426178788,False
3,LARGE_MAZE,2424,2424,3,2,1,7,beam_2,24,0.023008599877357483,11,0.0020916908979415894,True
3,LARGE_MAZE,2424,2424,3,2,1,7,beam_3,24,0.021903099957853556,11,0.001991190905259414,True
3,LARGE_MAZE,2505,2505,3,3,7,6,greedy,24,0.018895599991083145,11,0.001717781817371195,True
3,LARGE_MAZE,2505,2505,3,3,7,6,beam_2,24,0.021574599901214242,11,0.0019613272637467494,True
3,LARGE_MAZE,2505,2505,3,3,7,6,beam_3,24,0.016969599993899465,11,0.001542690908536315,True
3,LARGE_MAZE,2698,2698,3,9,2,1,greedy,24,0.014316300163045526,11,0.0013014818330041387,True
3,LARGE_MAZE,2698,2698,3,9,2,1,beam_2,24,0.014309799997135997,11,0.0013008909088305452,True
3,LARGE_MAZE,2698,2698,3,9,2,1,beam_3,24,0.01530490000732243,11,0.001391354546120221,True
3,LARGE_MAZE,2734,2734,3,10,1,1,greedy,24,0.01409439998678863,11,0.0012813090897080574,True
3,LARGE_MAZE,2734,2734,3,10,1,1,beam_2,24,0.015983000164851546,11,0.0014530000149865043,True
3,LARGE_MAZE,2734,2734,3,10,1,1,beam_3,24,0.015765400137752295,11,0.0014332181943411176,True
3,LARGE_MAZE,2784,2784,4,1,1,7,greedy,24,0.021232099970802665,19,0.0011174789458317192,False
3,LARGE_MAZE,2784,2784,4,1,1,7,beam_2,24,0.0222934999037534,11,0.0020266818094321275,True
3,LARGE_MAZE,2784,2784,4,1,1,7,beam_3,24,0.027496600057929754,11,0.0024996909143572502,True
3,LARGE_MAZE,2879,2879,4,10,2,3,greedy,24,0.019110599998384714,11,0.0017373272725804286,True
3,LARGE_MAZE,2879,2879,4,10,2,3,beam_2,24,0.015897999983280897,11,0.0014452727257528088,True
3,LARGE_MAZE,2879,2879,4,10,2,3,beam_3,24,0.020864800084382296,11,0.0018968000076711178,True
3,LARGE_MAZE,2936,2936,5,1,3,10,greedy,24,0.023011599900200963,11,0.0020919636272909966,True
3,LARGE_MAZE,2936,2936,5,1,3,10,beam_2,24,0.017133000073954463,11,0.0015575454612685876,True
3,LARGE_MAZE,2936,2936,5,1,3,10,beam_3,24,0.017654000082984567,11,0.0016049090984531424,True
3,LARGE_MAZE,3036,3036,5,3,5,10,greedy,24,0.021413099952042103,11,0.0019466454501856458,True
3,LARGE_MAZE,3036,3036,5,3,5,10,beam_2,24,0.02460370003245771,11,0.0022367000029507008,True
3,LARGE_MAZE,3036,3036,5,3,5,10,beam_3,24,0.016052900115028024,11,0.0014593545559116385,True
3,LARGE_MAZE,3159,3159,5,7,3,8,greedy,24,0.029836300062015653,19,0.0015703315822113502,False
3,LARGE_MAZE,3159,3159,5,7,3,8,beam_2,24,0.01863740012049675,11,0.0016943091018633409,True
3,LARGE_MAZE,3159,3159,5,7,3,8,beam_3,24,0.014912300044670701,11,0.0013556636404246092,True
3,LARGE_MAZE,3218,3218,5,9,6,5,greedy,24,0.013899100013077259,11,0.001263554546643387,True
3,LARGE_MAZE,3218,3218,5,9,6,5,beam_2,24,0.021012399811297655,11,0.0019102181646634233,True
3,LARGE_MAZE,3218,3218,5,9,6,5,beam_3,24,0.024125399999320507,11,0.0021932181817564097,True
3,LARGE_MAZE,3287,3287,6,3,2,10,greedy,24,0.03265150007791817,19,0.0017185000041009563,False
3,LARGE_MAZE,3287,3287,6,3,2,10,beam_2,24,0.019096400123089552,11,0.0017360363748263228,True
3,LARGE_MAZE,3287,3287,6,3,2,10,beam_3,24,0.015602500177919865,11,0.0014184091070836241,True
3,LARGE_MAZE,3378,3378,6,7,3,1,greedy,24,0.01743529993109405,15,0.0011623533287396033,True
3,LARGE_MAZE,3378,3378,6,7,3,1,beam_2,24,0.023288700031116605,15,0.0015525800020744402,True
3,LARGE_MAZE,3378,3378,6,7,3,1,beam_3,24,0.016950200079008937,11,0.0015409272799099033,True
3,LARGE_MAZE,3455,3455,7,1,1,2,greedy,24,0.01355840009637177,11,0.0012325818269428883,True
3,LARGE_MAZE,3455,3455,7,1,1,2,beam_2,24,0.022293300135061145,11,0.0020266636486419225,True
3,LARGE_MAZE,3455,3455,7,1,1,2,beam_3,24,0.02557249995879829,11,0.0023247727235271172,True
3,LARGE_MAZE,3490,3490,7,1,6,7,greedy,24,0.020005500176921487,11,0.0018186818342655897,True
3,LARGE_MAZE,3490,3490,7,1,6,7,beam_2,24,0.01644999999552965,11,0.00149545454504815,True
3,LARGE_MAZE,3490,3490,7,1,6,7,beam_3,24,0.02041830006055534,11,0.0018562090964141216,True
3,LARGE_MAZE,3550,3550,7,3,1,8,greedy,24,0.0313205998390913,19,0.0016484526231100684,False
3,LARGE_MAZE,3550,3550,7,3,1,8,beam_2,24,0.02480060001835227,11,0.0022546000016683884,True
3,LARGE_MAZE,3550,3550,7,3,1,8,beam_3,24,0.016072799917310476,11,0.001461163628846407,True
3,LARGE_MAZE,3641,3641,7,6,1,9,greedy,24,0.016002099961042404,13,0.0012309307662340312,True
3,LARGE_MAZE,3641,3641,7,6,1,9,beam_2,24,0.017206600168719888,11,0.0015642363789745352,True
3,LARGE_MAZE,3641,3641,7,6,1,9,beam_3,24,0.02424530009739101,11,0.00220411819067191,True
3,LARGE_MAZE,3685,3685,7,7,1,8,greedy,24,0.020367200020700693,11,0.0018515636382455175,True
3,LARGE_MAZE,3685,3685,7,7,1,8,beam_2,24,0.02373669994994998,11,0.0021578818136318164,True
3,LARGE_MAZE,3685,3685,7,7,1,8,beam_3,24,0.016456600045785308,11,0.001496054549616846,True
3,LARGE_MAZE,3735,3735,7,9,2,5,greedy,24,0.019033899996429682,11,0.001730354545129971,True
3,LARGE_MAZE,3735,3735,7,9,2,5,beam_2,24,0.02325850003398955,11,0.0021144090939990497,True
3,LARGE_MAZE,3735,3735,7,9,2,5,beam_3,24,0.018124300055205822,11,0.0016476636413823474,True
3,LARGE_MAZE,1756,1756,1,1,2,10,greedy,26,0.01787489978596568,12,0.0014895749821638067,True
3,LARGE_MAZE,1756,1756,1,1,2,10,beam_2,26,0.02020910009741783,12,0.0016840916747848194,True
3,LARGE_MAZE,1756,1756,1,1,2,10,beam_3,26,0.02724870014935732,12,0.002270725012446443,True
3,LARGE_MAZE,1824,1824,1,2,6,7,greedy,26,0.019348100060597062,12,0.0016123416717164218,True
3,LARGE_MAZE,1824,1824,1,2,6,7,beam_2,26,0.021724099991843104,12,0.0018103416659869254,True
3,LARGE_MAZE,1824,1824,1,2,6,7,beam_3,26,0.021911100018769503,12,0.0018259250015641253,True
3,LARGE_MAZE,1967,1967,1,5,7,9,greedy,26,0.014579099835827947,12,0.0012149249863189955,True
3,LARGE_MAZE,1967,1967,1,5,7,9,beam_2,26,0.018259899923577905,12,0.0015216583269648254,True
3,LARGE_MAZE,1967,1967,1,5,7,9,beam_3,26,0.03522949991747737,12,0.0029357916597897806,True
3,LARGE_MAZE,2028,2028,1,8,3,2,greedy,26,0.02704670000821352,12,0.0022538916673511267,True
3,LARGE_MAZE,2028,2028,1,8,3,2,beam_2,26,0.02177380002103746,12,0.0018144833350864549,True
3,LARGE_MAZE,2028,2028,1,8,3,2,beam_3,26,0.019193600164726377,12,0.0015994666803938646,True
3,LARGE_MAZE,2074,2074,1,9,3,3,greedy,26,0.016062699956819415,12,0.0013385583297349513,True
3,LARGE_MAZE,2074,2074,1,9,3,3,beam_2,26,0.016901700058951974,12,0.0014084750049126644,True
3,LARGE_MAZE,2074,2074,1,9,3,3,beam_3,26,0.026750999968498945,12,0.0022292499973749122,True
3,LARGE_MAZE,2113,2113,1,10,2,3,greedy,26,0.0223515999969095,12,0.0018626333330757916,True
3,LARGE_MAZE,2113,2113,1,10,2,3,beam_2,26,0.01754990010522306,12,0.001462491675435255,True
3,LARGE_MAZE,2113,2113,1,10,2,3,beam_3,26,0.021509200101718307,12,0.0017924333418098588,True
3,LARGE_MAZE,2170,2170,2,1,3,10,greedy,26,0.024201199878007174,12,0.002016766656500598,True
3,LARGE_MAZE,2170,2170,2,1,3,10,beam_2,26,0.02530750003643334,12,0.002108958336369445,True
3,LARGE_MAZE,2170,2170,2,1,3,10,beam_3,26,0.018642800161615014,12,0.0015535666801345844,True
3,LARGE_MAZE,2283,2283,2,5,7,10,greedy,26,0.03448250005021691,19,0.001814868423695627,False
3,LARGE_MAZE,2283,2283,2,5,7,10,beam_2,26,0.01673320005647838,12,0.001394433338039865,True
3,LARGE_MAZE,2283,2283,2,5,7,10,beam_3,26,0.026806199923157692,12,0.002233849993596474,True
3,LARGE_MAZE,2371,2371,2,10,7,7,greedy,26,0.02137380000203848,12,0.0017811500001698732,True
3,LARGE_MAZE,2371,2371,2,10,7,7,beam_2,26,0.016922499984502792,12,0.0014102083320418994,True
3,LARGE_MAZE,2371,2371,2,10,7,7,beam_3,26,0.01940320013090968,12,0.0016169333442424734,True
3,LARGE_MAZE,2440,2440,3,2,3,10,greedy,26,0.02009279979392886,12,0.0016743999828274052,True
3,LARGE_MAZE,2440,2440,3,2,3,10,beam_2,26,0.017601999919861555,12,0.0014668333266551297,True
3,LARGE_MAZE,2440,2440,3,2,3,10,beam_3,26,0.02687670011073351,12,0.0022397250092277923,True
3,LARGE_MAZE,2506,2506,3,3,7,7,greedy,26,0.02257730020210147,12,0.0018814416835084558,True
3,LARGE_MAZE,2506,2506,3,3,7,7,beam_2,26,0.019493799889460206,12,0.0016244833241216838,True
3,LARGE_MAZE,2506,2506,3,3,7,7,beam_3,26,0.02356510004028678,12,0.001963758336690565,True
3,LARGE_MAZE,2749,2749,3,10,3,2,greedy,26,0.01740760006941855,12,0.0014506333391182125,True
3,LARGE_MAZE,2749,2749,3,10,3,2,beam_2,26,0.025257800007238984,12,0.0021048166672699153,True
3,LARGE_MAZE,2749,2749,3,10,3,2,beam_3,26,0.026850300142541528,12,0.0022375250118784606,True
3,LARGE_MAZE,2801,2801,4,1,3,10,greedy,26,0.01854639989323914,12,0.001545533324436595,True
3,LARGE_MAZE,2801,2801,4,1,3,10,beam_2,26,0.01851269998587668,12,0.0015427249988230567,True
3,LARGE_MAZE,2801,2801,4,1,3,10,beam_3,26,0.021931600058451295,12,0.0018276333382042746,True
3,LARGE_MAZE,2908,2908,4,10,7,3,greedy,26,0.01608819980174303,12,0.0013406833168119192,True
3,LARGE_MAZE,2908,2908,4,10,7,3,beam_2,26,0.024878300027921796,12,0.002073191668993483,True
3,LARGE_MAZE,2908,2908,4,10,7,3,beam_3,26,0.026967799989506602,12,0.002247316665792217,True
3,LARGE_MAZE,2967,2967,5,2,1,10,greedy,26,0.014323299983516335,12,0.0011936083319596946,True
3,LARGE_MAZE,2967,2967,5,2,1,10,beam_2,26,0.016510199988260865,12,0.0013758499990217388,True
3,LARGE_MAZE,2967,2967,5,2,1,10,beam_3,26,0.017485500080510974,12,0.0014571250067092478,True
3,LARGE_MAZE,3141,3141,5,7,1,3,greedy,26,0.01723990007303655,12,0.0014366583394197126,True
3,LARGE_MAZE,3141,3141,5,7,1,3,beam_2,26,0.02917679981328547,12,0.0024313999844404557,True
3,LARGE_MAZE,3141,3141,5,7,1,3,beam_3,26,0.02267989981919527,12,0.0018899916515996058,True
3,LARGE_MAZE,3186,3186,5,9,1,3,greedy,26,0.01590800005942583,12,0.0013256666716188192,True
3,LARGE_MAZE,3186,3186,5,9,1,3,beam_2,26,0.016162100015208125,12,0.0013468416679340105,True
3,LARGE_MAZE,3186,3186,5,9,1,3,beam_3,26,0.016920199850574136,12,0.0014100166542145114,True
3,LARGE_MAZE,3256,3256,5,10,5,2,greedy,26,0.014503899961709976,12,0.001208658330142498,True
3,LARGE_MAZE,3256,3256,5,10,5,2,beam_2,26,0.016841100063174963,12,0.0014034250052645802,True
3,LARGE_MAZE,3256,3256,5,10,5,2,beam_3,26,0.025830599945038557,12,0.00215254999541988,True
3,LARGE_MAZE,3355,3355,6,5,6,9,greedy,26,0.02791210007853806,12,0.0023260083398781717,True
3,LARGE_MAZE,3355,3355,6,5,6,9,beam_2,26,0.018036099849268794,12,0.0015030083207723994,True
3,LARGE_MAZE,3355,3355,6,5,6,9,beam_3,26,0.025903599802404642,12,0.0021586333168670535,True
3,LARGE_MAZE,3379,3379,6,7,3,2,greedy,26,0.03595369984395802,19,0.0018922999917872641,False
3,LARGE_MAZE,3379,3379,6,7,3,2,beam_2,26,0.04374550003558397,19,0.002302394738714946,False
3,LARGE_MAZE,3379,3379,6,7,3,2,beam_3,26,0.02020330005325377,12,0.0016836083377711475,True
3,LARGE_MAZE,3456,3456,7,1,1,3,greedy,26,0.0173099001403898,12,0.0014424916783658166,True
3,LARGE_MAZE,3456,3456,7,1,1,3,beam_2,26,0.026086100144311786,12,0.0021738416786926487,True
3,LARGE_MAZE,3456,3456,7,1,1,3,beam_3,26,0.017722100019454956,12,0.001476841668287913,True
3,LARGE_MAZE,3521,3521,7,2,3,10,greedy,26,0.023241200018674135,12,0.0019367666682228446,True
3,LARGE_MAZE,3521,3521,7,2,3,10,beam_2,26,0.023235899861902,12,0.0019363249884918332,True
3,LARGE_MAZE,3521,3521,7,2,3,10,beam_3,26,0.022403599927201867,12,0.0018669666606001556,True
3,LARGE_MAZE,3642,3642,7,6,1,10,greedy,26,0.024444199865683913,19,0.0012865368350359954,False
3,LARGE_MAZE,3642,3642,7,6,1,10,beam_2,26,0.01951740006916225,12,0.0016264500057635207,True
3,LARGE_MAZE,3642,3642,7,6,1,10,beam_3,26,0.02051130007021129,12,0.001709275005850941,True
3,LARGE_MAZE,3695,3695,7,7,3,3,greedy,26,0.024056200170889497,19,0.0012661157984678682,False
3,LARGE_MAZE,3695,3695,7,7,3,3,beam_2,26,0.01717599993571639,12,0.0014313333279763658,True
3,LARGE_MAZE,3695,3695,7,7,3,3,beam_3,26,0.026903599966317415,12,0.0022419666638597846,True
3,LARGE_MAZE,3793,3793,7,10,4,5,greedy,26,0.023711299989372492,12,0.001975941665781041,True
3,LARGE_MAZE,3793,3793,7,10,4,5,beam_2,26,0.017525400035083294,12,0.0014604500029236078,True
3,LARGE_MAZE,3793,3793,7,10,4,5,beam_3,26,0.023080999962985516,12,0.0019234166635821264,True
3,LARGE_MAZE,1820,1820,1,2,5,9,greedy,28,0.025335400132462382,13,0.001948876933266337,True
3,LARGE_MAZE,1820,1820,1,2,5,9,beam_2,28,0.027358900057151914,13,0.0021045307736270702,True
3,LARGE_MAZE,1820,1820,1,2,5,9,beam_3,28,0.018018899951130152,13,0.0013860692270100117,True
3,LARGE_MAZE,2044,2044,1,8,5,7,greedy,28,0.02890769997611642,19,0.0015214578934798116,False
3,LARGE_MAZE,2044,2044,1,8,5,7,beam_2,28,0.02773499977774918,13,0.0021334615213653217,True
3,LARGE_MAZE,2044,2044,1,8,5,7,beam_3,28,0.022241400089114904,13,0.0017108769299319158,True
3,LARGE_MAZE,2094,2094,1,9,6,7,greedy,28,0.01591100008226931,13,0.0012239230832514854,True
3,LARGE_MAZE,2094,2094,1,9,6,7,beam_2,28,0.0180183001793921,13,0.0013860230907224691,True
3,LARGE_MAZE,2094,2094,1,9,6,7,beam_3,28,0.029328699922189116,13,0.0022560538401683937,True
3,LARGE_MAZE,2143,2143,1,10,7,3,greedy,28,0.0249720998108387,13,0.0019209307546799,True
3,LARGE_MAZE,2143,2143,1,10,7,3,beam_2,28,0.02316749980673194,13,0.0017821153697486108,True
3,LARGE_MAZE,2143,2143,1,10,7,3,beam_3,28,0.02088179998099804,13,0.0016062923062306184,True
3,LARGE_MAZE,2179,2179,2,1,5,7,greedy,28,0.015357399825006723,13,0.0011813384480774403,True
3,LARGE_MAZE,2179,2179,2,1,5,7,beam_2,28,0.018091399921104312,13,0.0013916461477772547,True
3,LARGE_MAZE,2179,2179,2,1,5,7,beam_3,28,0.025757200084626675,13,0.001981323083432821,True
3,LARGE_MAZE,2351,2351,2,10,4,1,greedy,28,0.025239800103008747,13,0.0019415230848468267,True
3,LARGE_MAZE,2351,2351,2,10,4,1,beam_2,28,0.023138700053095818,13,0.0017799000040842937,True
3,LARGE_MAZE,2351,2351,2,10,4,1,beam_3,28,0.020432300167158246,13,0.0015717153974737113,True
3,LARGE_MAZE,2426,2426,3,2,1,9,greedy,28,0.01835409994237125,15,0.0012236066628247499,True
3,LARGE_MAZE,2426,2426,3,2,1,9,beam_2,28,0.017922600032761693,13,0.0013786615409816687,True
3,LARGE_MAZE,2426,2426,3,2,1,9,beam_3,28,0.030766299925744534,13,0.0023666384558265027,True
3,LARGE_MAZE,2496,2496,3,3,5,10,greedy,28,0.0207867999561131,13,0.0015989846120087,True
3,LARGE_MAZE,2496,2496,3,3,5,10,beam_2,28,0.031139699975028634,13,0.0023953615365406643,True
3,LARGE_MAZE,2496,2496,3,3,5,10,beam_3,28,0.02947660000063479,13,0.002267430769279599,True
3,LARGE_MAZE,2786,2786,4,1,1,9,greedy,28,0.0347804999910295,19,0.001830552631106816,False
3,LARGE_MAZE,2786,2786,4,1,1,9,beam_2,28,0.027008000062778592,15,0.0018005333375185728,True
3,LARGE_MAZE,2786,2786,4,1,1,9,beam_3,28,0.03116409992799163,13,0.002397238455999356,True
3,LARGE_MAZE,2892,2892,4,10,4,1,greedy,28,0.025202299933880568,13,0.0019386384564523513,True
3,LARGE_MAZE,2892,2892,4,10,4,1,beam_2,28,0.022319699870422482,13,0.0017168999900324987,True
3,LARGE_MAZE,2892,2892,4,10,4,1,beam_3,28,0.018663200084120035,13,0.0014356307757015412,True
3,LARGE_MAZE,2990,2990,5,2,5,9,greedy,28,0.01608299999497831,13,0.0012371538457675623,True
3,LARGE_MAZE,2990,2990,5,2,5,9,beam_2,28,0.022344199940562248,13,0.0017187846108124806,True
3,LARGE_MAZE,2990,2990,5,2,5,9,beam_3,28,0.020920800045132637,13,0.001609292311164049,True
3,LARGE_MAZE,3145,3145,5,7,1,8,greedy,28,0.037333100102841854,19,0.001964900005412729,False
3,LARGE_MAZE,3145,3145,5,7,1,8,beam_2,28,0.024181899847462773,13,0.001860146142112521,True
3,LARGE_MAZE,3145,3145,5,7,1,8,beam_3,28,0.020234399940818548,13,0.0015564923031398882,True
3,LARGE_MAZE,3185,3185,5,9,1,2,greedy,28,0.024997000116854906,13,0.0019228461628349929,True
3,LARGE_MAZE,3185,3185,5,9,1,2,beam_2,28,0.022864399943500757,13,0.0017587999956539045,True
3,LARGE_MAZE,3185,3185,5,9,1,2,beam_3,28,0.02726770006120205,13,0.0020975153893232346,True
3,LARGE_MAZE,3229,3229,5,10,1,1,greedy,28,0.024885500082746148,13,0.001914269237134319,True
3,LARGE_MAZE,3229,3229,5,10,1,1,beam_2,28,0.018908000085502863,13,0.0014544615450386817,True
3,LARGE_MAZE,3229,3229,5,10,1,1,beam_3,28,0.02034369995817542,13,0.0015648999967827247,True
3,LARGE_MAZE,3306,3306,6,3,5,9,greedy,28,0.02307630004361272,13,0.0017751000033548246,True
3,LARGE_MAZE,3306,3306,6,3,5,9,beam_2,28,0.0180462000425905,13,0.001388169234045423,True
3,LARGE_MAZE,3306,3306,6,3,5,9,beam_3,28,0.03086910001002252,13,0.002374546154617117,True
3,LARGE_MAZE,3380,3380,6,7,3,3,greedy,28,0.042182100005447865,19,0.0022201105266025194,False
3,LARGE_MAZE,3380,3380,6,7,3,3,beam_2,28,0.04634479992091656,19,0.0024391999958377135,False
3,LARGE_MAZE,3380,3380,6,7,3,3,beam_3,28,0.038814199855551124,19,0.002042852623976375,False
3,LARGE_MAZE,3460,3460,7,1,1,8,greedy,28,0.016104599926620722,13,0.0012388153789708247,True
3,LARGE_MAZE,3460,3460,7,1,1,8,beam_2,28,0.017715700203552842,13,0.0013627461695040648,True
3,LARGE_MAZE,3460,3460,7,1,1,8,beam_3,28,0.02988209994509816,13,0.002298623072699859,True
3,LARGE_MAZE,3552,3552,7,3,1,10,greedy,28,0.032108499901369214,19,0.001689921047440485,False
3,LARGE_MAZE,3552,3552,7,3,1,10,beam_2,28,0.018009999999776483,13,0.0013853846153674217,True
3,LARGE_MAZE,3552,3552,7,3,1,10,beam_3,28,0.018541699973866343,13,0.001426284613374334,True
3,LARGE_MAZE,3712,3712,7,7,5,10,greedy,28,0.03203319991007447,19,0.0016859578900039196,False
3,LARGE_MAZE,3712,3712,7,7,5,10,beam_2,28,0.02757549984380603,13,0.0021211922956773867,True
3,LARGE_MAZE,3712,3712,7,7,5,10,beam_3,28,0.03827890008687973,13,0.0029445307759138253,True
3,LARGE_MAZE,3799,3799,7,10,5,5,greedy,28,0.027932799886912107,13,0.0021486769143778542,True
3,LARGE_MAZE,3799,3799,7,10,5,5,beam_2,28,0.03309929999522865,13,0.0025460999996329728,True
3,LARGE_MAZE,3799,3799,7,10,5,5,beam_3,28,0.03350899997167289,13,0.0025776153824363765,True
3,LARGE_MAZE,1923,1923,1,4,7,10,greedy,30,0.030210600001737475,14,0.0021579000001241055,True
3,LARGE_MAZE,1923,1923,1,4,7,10,beam_2,30,0.022489799885079265,14,0.0016064142775056617,True
3,LARGE_MAZE,1923,1923,1,4,7,10,beam_3,30,0.02873839996755123,14,0.002052742854825088,True
3,LARGE_MAZE,2118,2118,1,10,3,2,greedy,30,0.03505800012499094,19,0.0018451579013153126,False
3,LARGE_MAZE,2118,2118,1,10,3,2,beam_2,30,0.020169500028714538,14,0.0014406785734796099,True
3,LARGE_MAZE,2118,2118,1,10,3,2,beam_3,30,0.026154300197958946,14,0.0018681642998542105,True
3,LARGE_MAZE,2181,2181,2,1,5,10,greedy,30,0.027264999924227595,14,0.0019474999945876853,True
3,LARGE_MAZE,2181,2181,2,1,5,10,beam_2,30,0.025035900063812733,14,0.0017882785759866238,True
3,LARGE_MAZE,2181,2181,2,1,5,10,beam_3,30,0.028696499997749925,14,0.0020497499998392804,True
3,LARGE_MAZE,2381,2381,3,1,1,9,greedy,30,0.033606400014832616,19,0.001768757895517506,False
3,LARGE_MAZE,2381,2381,3,1,1,9,beam_2,30,0.027384599903598428,19,0.0014412947317683383,False
3,LARGE_MAZE,2381,2381,3,1,1,9,beam_3,30,0.026321900077164173,14,0.0018801357197974408,True
3,LARGE_MAZE,2494,2494,3,3,5,7,greedy,30,0.027483399957418442,14,0.00196309999695846,True
3,LARGE_MAZE,2494,2494,3,3,5,7,beam_2,30,0.02902769995853305,14,0.0020734071398952176,True
3,LARGE_MAZE,2494,2494,3,3,5,7,beam_3,30,0.035714600002393126,14,0.002551042857313795,True
3,LARGE_MAZE,2899,2899,4,10,5,7,greedy,30,0.020308699924498796,14,0.0014506214231784856,True
3,LARGE_MAZE,2899,2899,4,10,5,7,beam_2,30,0.0326477000489831,14,0.002331978574927364,True
3,LARGE_MAZE,2899,2899,4,10,5,7,beam_3,30,0.03197330003604293,14,0.0022838071454316378,True
3,LARGE_MAZE,3093,3093,5,4,7,10,greedy,30,0.023854299914091825,14,0.0017038785652922733,True
3,LARGE_MAZE,3093,3093,5,4,7,10,beam_2,30,0.02771439985372126,14,0.0019795999895515187,True
3,LARGE_MAZE,3093,3093,5,4,7,10,beam_3,30,0.032477700151503086,14,0.002319835725107363,True
3,LARGE_MAZE,3164,3164,5,7,4,10,greedy,30,0.02505280007608235,14,0.0017894857197201677,True
3,LARGE_MAZE,3164,3164,5,7,4,10,beam_2,30,0.03272399981506169,14,0.002337428558218692,True
3,LARGE_MAZE,3164,3164,5,7,4,10,beam_3,30,0.025179200107231736,14,0.0017985142933736955,True
3,LARGE_MAZE,3226,3226,5,9,7,7,greedy,30,0.028675199951976538,14,0.002048228567998324,True
3,LARGE_MAZE,3226,3226,5,9,7,7,beam_2,30,0.027009999845176935,14,0.001929285703226924,True
3,LARGE_MAZE,3226,3226,5,9,7,7,beam_3,30,0.021512500010430813,14,0.0015366071436022008,True
3,LARGE_MAZE,3267,3267,5,10,7,2,greedy,30,0.019183099968358874,14,0.0013702214263113482,True
3,LARGE_MAZE,3267,3267,5,10,7,2,beam_2,30,0.022707599913701415,14,0.001621971422407244,True
3,LARGE_MAZE,3267,3267,5,10,7,2,beam_3,30,0.03562089987099171,14,0.002544349990785122,True
3,LARGE_MAZE,3410,3410,6,9,1,2,greedy,30,0.018731300020590425,14,0.0013379500014707446,True
3,LARGE_MAZE,3410,3410,6,9,1,2,beam_2,30,0.022964700125157833,14,0.0016403357232255594,True
3,LARGE_MAZE,3410,3410,6,9,1,2,beam_3,30,0.030576399993151426,14,0.0021840285709393875,True
3,LARGE_MAZE,3461,3461,7,1,1,9,greedy,30,0.04211329994723201,19,0.002216489470906948,False
3,LARGE_MAZE,3461,3461,7,1,1,9,beam_2,30,0.024139499990269542,14,0.0017242499993049673,True
3,LARGE_MAZE,3461,3461,7,1,1,9,beam_3,30,0.03835560008883476,14,0.0027396857206310543,True
3,LARGE_MAZE,3576,3576,7,3,5,9,greedy,30,0.02933409996330738,14,0.0020952928545219557,True
3,LARGE_MAZE,3576,3576,7,3,5,9,beam_2,30,0.02201800001785159,14,0.0015727142869893993,True
3,LARGE_MAZE,3576,3576,7,3,5,9,beam_3,30,0.02199889998883009,14,0.0015713499992021493,True
3,LARGE_MAZE,3752,3752,7,9,5,3,greedy,30,0.018951900070533156,14,0.0013537071478952254,True
3,LARGE_MAZE,3752,3752,7,9,5,3,beam_2,30,0.020741699961945415,14,0.0014815499972818153,True
3,LARGE_MAZE,3752,3752,7,9,5,3,beam_3,30,0.02954259980469942,14,0.002110185700335673,True
3,LARGE_MAZE,1780,1780,1,1,6,9,greedy,32,0.02926350012421608,15,0.001950900008281072,True
3,LARGE_MAZE,1780,1780,1,1,6,9,beam_2,32,0.026727200020104647,15,0.0017818133346736431,True
3,LARGE_MAZE,1780,1780,1,1,6,9,beam_3,32,0.022444099886342883,15,0.0014962733257561922,True
3,LARGE_MAZE,2141,2141,1,10,7,1,greedy,32,0.018698599888011813,15,0.0012465733258674543,True
3,LARGE_MAZE,2141,2141,1,10,7,1,beam_2,32,0.023652399890124798,15,0.0015768266593416532,True
3,LARGE_MAZE,2141,2141,1,10,7,1,beam_3,32,0.022163900081068277,15,0.001477593338737885,True
3,LARGE_MAZE,2450,2450,3,2,5,9,greedy,32,0.017947300104424357,15,0.0011964866736282906,True
3,LARGE_MAZE,2450,2450,3,2,5,9,beam_2,32,0.02068180008791387,15,0.0013787866725275915,True
3,LARGE_MAZE,2450,2450,3,2,5,9,beam_3,32,0.02296909992583096,15,0.0015312733283887306,True
3,LARGE_MAZE,3048,3048,5,3,7,10,greedy,32,0.03343000006861985,15,0.002228666671241323,True
3,LARGE_MAZE,3048,3048,5,3,7,10,beam_2,32,0.035423099994659424,15,0.0023615399996439615,True
3,LARGE_MAZE,3048,3048,5,3,7,10,beam_3,32,0.048426900058984756,15,0.003228460003932317,True
3,LARGE_MAZE,3207,3207,5,9,4,1,greedy,32,0.02606859989464283,15,0.0017379066596428553,True
3,LARGE_MAZE,3207,3207,5,9,4,1,beam_2,32,0.0301212000194937,15,0.00200808000129958,True
3,LARGE_MAZE,3207,3207,5,9,4,1,beam_3,32,0.04036300000734627,15,0.0026908666671564183,True
3,LARGE_MAZE,3266,3266,5,10,7,1,greedy,32,0.04116749996319413,15,0.0027444999975462753,True
3,LARGE_MAZE,3266,3266,5,10,7,1,beam_2,32,0.04356710007414222,15,0.002904473338276148,True
3,LARGE_MAZE,3266,3266,5,10,7,1,beam_3,32,0.04546340019442141,15,0.003030893346294761,True
3,LARGE_MAZE,3435,3435,6,9,5,1,greedy,32,0.03931669984012842,15,0.002621113322675228,True
3,LARGE_MAZE,3435,3435,6,9,5,1,beam_2,32,0.038136000046506524,15,0.002542400003100435,True
3,LARGE_MAZE,3435,3435,6,9,5,1,beam_3,32,0.02743789996020496,15,0.0018291933306803306,True
3,LARGE_MAZE,3531,3531,7,2,5,9,greedy,32,0.023621200118213892,15,0.0015747466745475928,True
3,LARGE_MAZE,3531,3531,7,2,5,9,beam_2,32,0.022752600023522973,15,0.0015168400015681982,True
3,LARGE_MAZE,3531,3531,7,2,5,9,beam_3,32,0.02589829987846315,15,0.0017265533252308765,True
3,LARGE_MAZE,3725,3725,7,9,1,2,greedy,32,0.026675400091335177,15,0.0017783600060890118,True
3,LARGE_MAZE,3725,3725,7,9,1,2,beam_2,32,0.027975199976935983,15,0.0018650133317957322,True
3,LARGE_MAZE,3725,3725,7,9,1,2,beam_3,32,0.03775900020264089,15,0.0025172666801760593,True
3,LARGE_MAZE,3771,3771,7,10,1,3,greedy,32,0.03554850001819432,15,0.0023699000012129545,True
3,LARGE_MAZE,3771,3771,7,10,1,3,beam_2,32,0.031504400074481964,15,0.0021002933382987974,True
3,LARGE_MAZE,3771,3771,7,10,1,3,beam_3,32,0.03402949986048043,15,0.0022686333240320286,True
3,LARGE_MAZE,2185,2185,2,1,6,9,greedy,34,0.028965399833396077,16,0.0018103374895872548,True
3,LARGE_MAZE,2185,2185,2,1,6,9,beam_2,34,0.027970800176262856,16,0.0017481750110164285,True
3,LARGE_MAZE,2185,2185,2,1,6,9,beam_3,34,0.02427080017514527,16,0.0015169250109465793,True
3,LARGE_MAZE,2815,2815,4,1,6,9,greedy,34,0.025642700027674437,18,0.0014245944459819132,True
3,LARGE_MAZE,2815,2815,4,1,6,9,beam_2,34,0.04036680003628135,18,0.0022426000020156303,True
3,LARGE_MAZE,2815,2815,4,1,6,9,beam_3,34,0.027418499812483788,16,0.0017136562382802367,True
3,LARGE_MAZE,3215,3215,5,9,5,7,greedy,34,0.037995400140061975,19,0.001999757902108525,False
3,LARGE_MAZE,3215,3215,5,9,5,7,beam_2,34,0.03111619991250336,18,0.0017286777729168534,True
3,LARGE_MAZE,3215,3215,5,9,5,7,beam_3,34,0.03342969994992018,16,0.002089356246870011,True
3,LARGE_MAZE,3424,3424,6,9,3,2,greedy,34,0.0216303002089262,16,0.0013518937630578876,True
3,LARGE_MAZE,3424,3424,6,9,3,2,beam_2,34,0.0222074999473989,16,0.0013879687467124313,True
3,LARGE_MAZE,3424,3424,6,9,3,2,beam_3,34,0.024906500009819865,16,0.0015566562506137416,True
3,LARGE_MAZE,3536,3536,7,2,6,9,greedy,34,0.019797899993136525,16,0.0012373687495710328,True
3,LARGE_MAZE,3536,3536,7,2,6,9,beam_2,34,0.022594300098717213,16,0.0014121437561698258,True
3,LARGE_MAZE,3536,3536,7,2,6,9,beam_3,34,0.027255200082436204,16,0.0017034500051522627,True
3,LARGE_MAZE,3740,3740,7,9,3,3,greedy,34,0.03161080018617213,16,0.001975675011635758,True
3,LARGE_MAZE,3740,3740,7,9,3,3,beam_2,34,0.022574299946427345,16,0.001410893746651709,True
3,LARGE_MAZE,3740,3740,7,9,3,3,beam_3,34,0.035080399829894304,16,0.002192524989368394,True
3,LARGE_MAZE,3779,3779,7,10,2,3,greedy,34,0.031053300015628338,16,0.0019408312509767711,True
3,LARGE_MAZE,3779,3779,7,10,2,3,beam_2,34,0.02632070006802678,16,0.0016450437542516738,True
3,LARGE_MAZE,3779,3779,7,10,2,3,beam_3,34,0.023885299917310476,16,0.0014928312448319048,True
3,LARGE_MAZE,2192,2192,2,1,7,9,greedy,36,0.02359150000847876,19,0.0012416578951830928,True
3,LARGE_MAZE,2192,2192,2,1,7,9,beam_2,36,0.030172099824994802,17,0.0017748294014702825,True
3,LARGE_MAZE,2192,2192,2,1,7,9,beam_3,36,0.03990299999713898,17,0.0023472352939493514,True
3,LARGE_MAZE,2958,2958,5,1,7,10,greedy,36,0.029800400137901306,17,0.0017529647139941946,True
3,LARGE_MAZE,2958,2958,5,1,7,10,beam_2,36,0.03404109994880855,17,0.0020024176440475616,True
3,LARGE_MAZE,2958,2958,5,1,7,10,beam_3,36,0.03485920000821352,17,0.0020505411769537363,True
3,LARGE_MAZE,3446,3446,6,9,7,1,greedy,36,0.0316079999320209,17,0.0018592941136482883,True
3,LARGE_MAZE,3446,3446,6,9,7,1,beam_2,36,0.0326704999897629,17,0.0019217941170448765,True
3,LARGE_MAZE,3446,3446,6,9,7,1,beam_3,36,0.03289300017058849,17,0.0019348823629757937,True
3,LARGE_MAZE,3733,3733,7,9,2,1,greedy,36,0.04053430003114045,17,0.0023843705900670853,True
3,LARGE_MAZE,3733,3733,7,9,2,1,beam_2,36,0.04558080015704036,17,0.0026812235386494327,True
3,LARGE_MAZE,3733,3733,7,9,2,1,beam_3,36,0.03219099994748831,17,0.0018935882322051946,True
3,LARGE_MAZE,3769,3769,7,10,1,1,greedy,36,0.022075100103393197,17,0.0012985353001995997,True
3,LARGE_MAZE,3769,3769,7,10,1,1,beam_2,36,0.030784000176936388,17,0.0018108235398197874,True
3,LARGE_MAZE,3769,3769,7,10,1,1,beam_3,36,0.039150699973106384,17,0.002302982351359199,True
3,LARGE_MAZE,2193,2193,2,1,7,10,greedy,38,0.03719149995595217,19,0.0019574473661027455,False
3,LARGE_MAZE,2193,2193,2,1,7,10,beam_2,38,0.03649659990333021,18,0.0020275888835183447,True
3,LARGE_MAZE,2193,2193,2,1,7,10,beam_3,38,0.03078510006889701,18,0.001710283337160945,True
3,LARGE_MAZE,3408,3408,6,7,7,10,greedy,38,0.026011500041931868,18,0.0014450833356628816,True
3,LARGE_MAZE,3408,3408,6,7,7,10,beam_2,38,0.0254462999291718,18,0.0014136833293984334,True
3,LARGE_MAZE,3408,3408,6,7,7,10,beam_3,38,0.03155479999259114,18,0.0017530444440328414,True
3,LARGE_MAZE,3762,3762,7,9,7,1,greedy,38,0.03593049990013242,18,0.00199613888334069,True
3,LARGE_MAZE,3762,3762,7,9,7,1,beam_2,38,0.036538499873131514,18,0.0020299166596184173,True
3,LARGE_MAZE,3762,3762,7,9,7,1,beam_3,38,0.04161539999768138,18,0.0023119666665378544,True
3,LARGE_MAZE,3808,3808,7,10,7,2,greedy,38,0.021320800064131618,18,0.0011844888924517566,True
3,LARGE_MAZE,3808,3808,7,10,7,2,beam_2,38,0.025500999996438622,18,0.0014167222220243679,True
3,LARGE_MAZE,3808,3808,7,10,7,2,beam_3,38,0.04385440004989505,18,0.0024363555583275026,True
3,LARGE_MAZE,3800,3800,7,10,5,7,greedy,40,0.027127099921926856,19,0.001427742101154045,False
3,LARGE_MAZE,3800,3800,7,10,5,7,beam_2,40,0.034711499931290746,19,0.0018269210490153025,True
3,LARGE_MAZE,3800,3800,7,10,5,7,beam_3,40,0.041368599981069565,19,0.0021772947358457665,True
