cv_fold,maze_name,episode_id,query_index,start_x,start_y,goal_x,goal_y,strategy,requested_steps,compute_seconds,steps_until_stop,seconds_per_step,goal_reached
4,OPEN,19,19,2,3,3,3,greedy,16,0.05815620004432276,16,0.0036347625027701724,False
4,OPEN,19,19,2,3,3,3,beam_2,16,0.00294550001854077,1,0.00294550001854077,True
4,OPEN,19,19,2,3,3,3,beam_3,16,0.0024039000272750854,1,0.0024039000272750854,True
4,OPEN,51,51,2,5,3,5,greedy,16,0.01334780000615865,5,0.00266956000123173,True
4,OPEN,51,51,2,5,3,5,beam_2,16,0.0024685999960638583,1,0.0024685999960638583,True
4,OPEN,51,51,2,5,3,5,beam_3,16,0.0023099000100046396,1,0.0023099000100046396,True
4,OPEN,79,79,3,3,3,2,greedy,16,0.0025932000135071576,1,0.0025932000135071576,True
4,OPEN,79,79,3,3,3,2,beam_2,16,0.002400800003670156,1,0.002400800003670156,True
4,OPEN,79,79,3,3,3,2,beam_3,16,0.0021935999975539744,1,0.0021935999975539744,True
4,OPEN,96,96,3,4,3,5,greedy,16,0.002248500008136034,1,0.002248500008136034,True
4,OPEN,96,96,3,4,3,5,beam_2,16,0.002624400018248707,1,0.002624400018248707,True
4,OPEN,96,96,3,4,3,5,beam_3,16,0.0023706000065431,1,0.0023706000065431,True
4,OPEN,124,124,4,2,3,2,greedy,16,0.04163950000656769,15,0.0027759666671045126,True
4,OPEN,124,124,4,2,3,2,beam_2,16,0.03444160002982244,11,0.0031310545481656763,True
4,OPEN,124,124,4,2,3,2,beam_3,16,0.0034519999753683805,1,0.0034519999753683805,True
4,OPEN,144,144,4,3,4,4,greedy,16,0.04928719997406006,16,0.0030804499983787537,False
4,OPEN,144,144,4,3,4,4,beam_2,16,0.014331200043670833,5,0.0028662400087341665,True
4,OPEN,144,144,4,3,4,4,beam_3,16,0.0026555999647825956,1,0.0026555999647825956,True
4,OPEN,163,163,4,4,5,4,greedy,16,0.008662800013553351,3,0.002887600004517784,True
4,OPEN,163,163,4,4,5,4,beam_2,16,0.0024778000079095364,1,0.0024778000079095364,True
4,OPEN,163,163,4,4,5,4,beam_3,16,0.0023987999884411693,1,0.0023987999884411693,True
4,OPEN,192,192,5,2,5,3,greedy,16,0.002929900016169995,1,0.002929900016169995,True
4,OPEN,192,192,5,2,5,3,beam_2,16,0.0028449000092223287,1,0.0028449000092223287,True
4,OPEN,192,192,5,2,5,3,beam_3,16,0.0024719000211916864,1,0.0024719000211916864,True
4,OPEN,223,223,5,4,5,3,greedy,16,0.0027122999890707433,1,0.0027122999890707433,True
4,OPEN,223,223,5,4,5,3,beam_2,16,0.002303500019479543,1,0.002303500019479543,True
4,OPEN,223,223,5,4,5,3,beam_3,16,0.002764799981378019,1,0.002764799981378019,True
4,OPEN,4,4,2,2,3,3,greedy,16,0.005599799973424524,2,0.002799899986712262,True
4,OPEN,4,4,2,2,3,3,beam_2,16,0.006215000001247972,2,0.003107500000623986,True
4,OPEN,4,4,2,2,3,3,beam_3,16,0.005582300014793873,2,0.0027911500073969364,True
4,OPEN,23,23,2,3,4,3,greedy,16,0.04463929997291416,16,0.002789956248307135,False
4,OPEN,23,23,2,3,4,3,beam_2,16,0.05107820004923269,16,0.0031923875030770432,False
4,OPEN,23,23,2,3,4,3,beam_3,16,0.0055809999466873705,2,0.0027904999733436853,True
4,OPEN,46,46,2,5,2,3,greedy,16,0.004929800052195787,2,0.0024649000260978937,True
4,OPEN,46,46,2,5,2,3,beam_2,16,0.005016600014641881,2,0.0025083000073209405,True
4,OPEN,46,46,2,5,2,3,beam_3,16,0.0058305999846197665,2,0.0029152999923098832,True
4,OPEN,68,68,3,2,4,3,greedy,16,0.03119389998028055,12,0.002599491665023379,True
4,OPEN,68,68,3,2,4,3,beam_2,16,0.029569400008767843,10,0.0029569400008767842,True
4,OPEN,68,68,3,2,4,3,beam_3,16,0.00644349999492988,2,0.00322174999746494,True
4,OPEN,82,82,3,3,4,2,greedy,16,0.005600300035439432,2,0.002800150017719716,True
4,OPEN,82,82,3,3,4,2,beam_2,16,0.005319599993526936,2,0.002659799996763468,True
4,OPEN,82,82,3,3,4,2,beam_3,16,0.0053857999737374485,2,0.0026928999868687242,True
4,OPEN,94,94,3,4,3,2,greedy,16,0.04416560003301129,16,0.0027603500020632055,False
4,OPEN,94,94,3,4,3,2,beam_2,16,0.05021720001241192,16,0.003138575000775745,False
4,OPEN,94,94,3,4,3,2,beam_3,16,0.005704999959561974,2,0.002852499979780987,True
4,OPEN,110,110,3,5,3,3,greedy,16,0.004720900033134967,2,0.0023604500165674835,True
4,OPEN,110,110,3,5,3,3,beam_2,16,0.004794900014530867,2,0.0023974500072654337,True
4,OPEN,110,110,3,5,3,3,beam_3,16,0.005396400054451078,2,0.002698200027225539,True
4,OPEN,129,129,4,2,4,4,greedy,16,0.04208899999503046,16,0.002630562499689404,False
4,OPEN,129,129,4,2,4,4,beam_2,16,0.050472999981138855,16,0.0031545624988211785,False
4,OPEN,129,129,4,2,4,4,beam_3,16,0.01828309998381883,6,0.0030471833306364715,True
4,OPEN,145,145,4,3,4,5,greedy,16,0.03643819998251274,14,0.0026027285701794817,True
4,OPEN,145,145,4,3,4,5,beam_2,16,0.010822799988090992,4,0.002705699997022748,True
4,OPEN,145,145,4,3,4,5,beam_3,16,0.011118099966552109,4,0.002779524991638027,True
4,OPEN,157,157,4,4,3,5,greedy,16,0.00563589995726943,2,0.002817949978634715,True
4,OPEN,157,157,4,4,3,5,beam_2,16,0.006367499998304993,2,0.0031837499991524965,True
4,OPEN,157,157,4,4,3,5,beam_3,16,0.006890000018756837,2,0.0034450000093784183,True
4,OPEN,171,171,4,5,3,4,greedy,16,0.05388849996961653,16,0.0033680312481010333,False
4,OPEN,171,171,4,5,3,4,beam_2,16,0.00675320002483204,2,0.00337660001241602,True
4,OPEN,171,171,4,5,3,4,beam_3,16,0.0068441000184975564,2,0.0034220500092487782,True
4,OPEN,193,193,5,2,5,4,greedy,16,0.005773000011686236,2,0.002886500005843118,True
4,OPEN,193,193,5,2,5,4,beam_2,16,0.006016400002408773,2,0.0030082000012043864,True
4,OPEN,193,193,5,2,5,4,beam_3,16,0.006471099972259253,2,0.0032355499861296266,True
4,OPEN,216,216,5,4,3,4,greedy,16,0.05064129998208955,16,0.003165081248880597,False
4,OPEN,216,216,5,4,3,4,beam_2,16,0.00577829999383539,2,0.002889149996917695,True
4,OPEN,216,216,5,4,3,4,beam_3,16,0.005712500016670674,2,0.002856250008335337,True
4,OPEN,235,235,5,5,4,4,greedy,16,0.04767229995923117,16,0.002979518747451948,False
4,OPEN,235,235,5,5,4,4,beam_2,16,0.05421180004486814,16,0.003388237502804259,False
4,OPEN,235,235,5,5,4,4,beam_3,16,0.0052912000101059675,2,0.0026456000050529838,True
4,OPEN,11,11,2,2,5,2,greedy,16,0.012676300015300512,5,0.0025352600030601026,True
4,OPEN,11,11,2,2,5,2,beam_2,16,0.0140679000178352,5,0.00281358000356704,True
4,OPEN,11,11,2,2,5,2,beam_3,16,0.00863930000923574,3,0.0028797666697452464,True
4,OPEN,33,33,2,4,3,2,greedy,16,0.007969699974637479,3,0.0026565666582124927,True
4,OPEN,33,33,2,4,3,2,beam_2,16,0.008048000046983361,3,0.002682666682327787,True
4,OPEN,33,33,2,4,3,2,beam_3,16,0.008580400026403368,3,0.0028601333421344557,True
4,OPEN,49,49,2,5,3,3,greedy,16,0.04393849999178201,16,0.0027461562494863756,False
4,OPEN,49,49,2,5,3,3,beam_2,16,0.007888699998147786,3,0.002629566666049262,True
4,OPEN,49,49,2,5,3,3,beam_3,16,0.008799700008239597,3,0.0029332333360798657,True
4,OPEN,69,69,3,2,4,4,greedy,16,0.008096599951386452,3,0.0026988666504621506,True
4,OPEN,69,69,3,2,4,4,beam_2,16,0.009802800021134317,3,0.003267600007044772,True
4,OPEN,69,69,3,2,4,4,beam_3,16,0.009608599997591227,3,0.0032028666658637426,True
4,OPEN,88,88,3,3,5,4,greedy,16,0.007376800000201911,3,0.002458933333400637,True
4,OPEN,88,88,3,3,5,4,beam_2,16,0.008018900000024587,3,0.002672966666674862,True
4,OPEN,88,88,3,3,5,4,beam_3,16,0.008807199948932976,3,0.002935733316310992,True
4,OPEN,106,106,3,5,2,3,greedy,16,0.007775600010063499,3,0.0025918666700211665,True
4,OPEN,106,106,3,5,2,3,beam_2,16,0.008115699980407953,3,0.002705233326802651,True
4,OPEN,106,106,3,5,2,3,beam_3,16,0.00993399997241795,3,0.003311333324139317,True
4,OPEN,126,126,4,2,3,4,greedy,16,0.008264200005214661,3,0.002754733335071554,True
4,OPEN,126,126,4,2,3,4,beam_2,16,0.009879700024612248,3,0.003293233341537416,True
4,OPEN,126,126,4,2,3,4,beam_3,16,0.009764600021298975,3,0.0032548666737663248,True
4,OPEN,142,142,4,3,3,5,greedy,16,0.007836799952201545,3,0.0026122666507338486,True
4,OPEN,142,142,4,3,3,5,beam_2,16,0.008942299988120794,3,0.0029807666627069316,True
4,OPEN,142,142,4,3,3,5,beam_3,16,0.008773599984124303,3,0.0029245333280414343,True
4,OPEN,161,161,4,4,5,2,greedy,16,0.007425100018735975,3,0.0024750333395786583,True
4,OPEN,161,161,4,4,5,2,beam_2,16,0.008377400052268058,3,0.002792466684089353,True
4,OPEN,161,161,4,4,5,2,beam_3,16,0.008719399978872389,3,0.0029064666596241295,True
4,OPEN,180,180,5,2,2,2,greedy,16,0.025312300014775246,9,0.002812477779419472,True
4,OPEN,180,180,5,2,2,2,beam_2,16,0.02613969997037202,9,0.0029044111078191134,True
4,OPEN,180,180,5,2,2,2,beam_3,16,0.02922299999045208,9,0.00324699999893912,True
4,OPEN,199,199,5,3,3,2,greedy,16,0.0072867999551817775,3,0.0024289333183939257,True
4,OPEN,199,199,5,3,3,2,beam_2,16,0.007819499995093793,3,0.0026064999983645976,True
4,OPEN,199,199,5,3,3,2,beam_3,16,0.008466299972496927,3,0.002822099990832309,True
4,OPEN,217,217,5,4,3,5,greedy,16,0.007363400014583021,3,0.002454466671527674,True
4,OPEN,217,217,5,4,3,5,beam_2,16,0.008191100030671805,3,0.002730366676890602,True
4,OPEN,217,217,5,4,3,5,beam_3,16,0.008496800030115992,3,0.0028322666767053306,True
4,OPEN,237,237,5,5,5,2,greedy,16,0.007173599966336042,3,0.0023911999887786806,True
4,OPEN,237,237,5,5,5,2,beam_2,16,0.007533599971793592,3,0.002511199990597864,True
4,OPEN,237,237,5,5,5,2,beam_3,16,0.009800400002859533,3,0.0032668000009531775,True
4,OPEN,26,26,2,3,5,2,greedy,16,0.010318299988284707,4,0.0025795749970711768,True
4,OPEN,26,26,2,3,5,2,beam_2,16,0.010615199978929013,4,0.0026537999947322533,True
4,OPEN,26,26,2,3,5,2,beam_3,16,0.012291899998672307,4,0.0030729749996680766,True
4,OPEN,48,48,2,5,3,2,greedy,16,0.010303499992005527,4,0.0025758749980013818,True
4,OPEN,48,48,2,5,3,2,beam_2,16,0.011527199996635318,4,0.0028817999991588295,True
4,OPEN,48,48,2,5,3,2,beam_3,16,0.011954000045079738,4,0.0029885000112699345,True
4,OPEN,73,73,3,2,5,4,greedy,16,0.020178599981591105,8,0.002522324997698888,True
4,OPEN,73,73,3,2,5,4,beam_2,16,0.011204299982637167,4,0.0028010749956592917,True
4,OPEN,73,73,3,2,5,4,beam_3,16,0.01227349997498095,4,0.0030683749937452376,True
4,OPEN,117,117,3,5,5,3,greedy,16,0.009798200044315308,4,0.002449550011078827,True
4,OPEN,117,117,3,5,5,3,beam_2,16,0.01114750001579523,4,0.0027868750039488077,True
4,OPEN,117,117,3,5,5,3,beam_3,16,0.011246899957768619,4,0.0028117249894421548,True
4,OPEN,150,150,4,4,2,2,greedy,16,0.00936080003157258,4,0.002340200007893145,True
4,OPEN,150,150,4,4,2,2,beam_2,16,0.010875799984205514,4,0.0027189499960513785,True
4,OPEN,150,150,4,4,2,2,beam_3,16,0.013243300025351346,4,0.0033108250063378364,True
4,OPEN,186,186,5,2,3,4,greedy,16,0.010402599989902228,4,0.002600649997475557,True
4,OPEN,186,186,5,2,3,4,beam_2,16,0.011358599993400276,4,0.002839649998350069,True
4,OPEN,186,186,5,2,3,4,beam_3,16,0.012007699988316745,4,0.003001924997079186,True
4,OPEN,211,211,5,4,2,3,greedy,16,0.03808490000665188,14,0.002720350000475134,True
4,OPEN,211,211,5,4,2,3,beam_2,16,0.01086460001533851,4,0.0027161500038346276,True
4,OPEN,211,211,5,4,2,3,beam_3,16,0.011216500017326325,4,0.0028041250043315813,True
4,OPEN,233,233,5,5,4,2,greedy,16,0.010327399999368936,4,0.002581849999842234,True
4,OPEN,233,233,5,5,4,2,beam_2,16,0.011455199972260743,4,0.002863799993065186,True
4,OPEN,233,233,5,5,4,2,beam_3,16,0.011563399981241673,4,0.0028908499953104183,True
4,OPEN,52,52,2,5,4,2,greedy,16,0.01269300002604723,5,0.002538600005209446,True
4,OPEN,52,52,2,5,4,2,beam_2,16,0.015177699970081449,5,0.0030355399940162897,True
4,OPEN,52,52,2,5,4,2,beam_3,16,0.016042399976868182,5,0.0032084799953736366,True
4,OPEN,165,165,4,5,2,2,greedy,16,0.01291519997175783,5,0.002583039994351566,True
4,OPEN,165,165,4,5,2,2,beam_2,16,0.014378399995621294,5,0.002875679999124259,True
4,OPEN,165,165,4,5,2,2,beam_3,16,0.014763299957849085,5,0.002952659991569817,True
4,OPEN,226,226,5,5,2,3,greedy,16,0.01325299998279661,5,0.002650599996559322,True
4,OPEN,226,226,5,5,2,3,beam_2,16,0.01414939999813214,5,0.002829879999626428,True
4,OPEN,226,226,5,5,2,3,beam_3,16,0.016129499999806285,5,0.003225899999961257,True
4,OPEN,225,225,5,5,2,2,greedy,16,0.015184300020337105,6,0.0025307166700561843,True
4,OPEN,225,225,5,5,2,2,beam_2,16,0.016987000009976327,6,0.002831166668329388,True
4,OPEN,225,225,5,5,2,2,beam_3,16,0.019490899983793497,6,0.0032484833306322494,True
4,U_MAZE,259,259,2,4,2,3,greedy,16,0.002537699998356402,1,0.002537699998356402,True
4,U_MAZE,259,259,2,4,2,3,beam_2,16,0.002549300028476864,1,0.002549300028476864,True
4,U_MAZE,259,259,2,4,2,3,beam_3,16,0.0023236999986693263,1,0.0023236999986693263,True
4,U_MAZE,289,289,4,2,3,2,greedy,16,0.028170500008855015,9,0.003130055556539446,True
4,U_MAZE,289,289,4,2,3,2,beam_2,16,0.0032774000428617,1,0.0032774000428617,True
4,U_MAZE,289,289,4,2,3,2,beam_3,16,0.002574099984485656,1,0.002574099984485656,True
4,U_MAZE,310,310,5,3,5,4,greedy,16,0.0028885999927297235,1,0.0028885999927297235,True
4,U_MAZE,310,310,5,3,5,4,beam_2,16,0.0029418999911285937,1,0.0029418999911285937,True
4,U_MAZE,310,310,5,3,5,4,beam_3,16,0.002762999967671931,1,0.002762999967671931,True
4,U_MAZE,244,244,2,2,4,2,greedy,16,0.012244399986229837,4,0.0030610999965574592,True
4,U_MAZE,244,244,2,2,4,2,beam_2,16,0.007521199993789196,2,0.003760599996894598,True
4,U_MAZE,244,244,2,2,4,2,beam_3,16,0.007921700016595423,2,0.003960850008297712,True
4,U_MAZE,277,277,3,2,2,3,greedy,16,0.005911199958063662,2,0.002955599979031831,True
4,U_MAZE,277,277,3,2,2,3,beam_2,16,0.006425399973522872,2,0.003212699986761436,True
4,U_MAZE,277,277,3,2,2,3,beam_3,16,0.006608200026676059,2,0.0033041000133380294,True
4,U_MAZE,301,301,5,2,5,4,greedy,16,0.04555690003326163,14,0.003254064288090116,True
4,U_MAZE,301,301,5,2,5,4,beam_2,16,0.0063887000433169305,2,0.0031943500216584653,True
4,U_MAZE,301,301,5,2,5,4,beam_3,16,0.006202700024005026,2,0.003101350012002513,True
4,U_MAZE,242,242,2,2,2,5,greedy,16,0.00787029997445643,3,0.00262343332481881,True
4,U_MAZE,242,242,2,2,2,5,beam_2,16,0.008279500005301088,3,0.0027598333351003626,True
4,U_MAZE,242,242,2,2,2,5,beam_3,16,0.009276600030716509,3,0.003092200010238836,True
4,U_MAZE,278,278,3,2,2,4,greedy,16,0.042721600038930774,13,0.003286276926071598,True
4,U_MAZE,278,278,3,2,2,4,beam_2,16,0.010215999966021627,3,0.003405333322007209,True
4,U_MAZE,278,278,3,2,2,4,beam_3,16,0.010237000009510666,3,0.0034123333365035555,True
4,U_MAZE,302,302,5,2,5,5,greedy,16,0.008129100024234504,3,0.0027097000080781677,True
4,U_MAZE,302,302,5,2,5,5,beam_2,16,0.008398099977057427,3,0.0027993666590191424,True
4,U_MAZE,302,302,5,2,5,5,beam_3,16,0.009046899969689548,3,0.0030156333232298493,True
4,U_MAZE,254,254,2,3,5,2,greedy,16,0.011206499999389052,4,0.002801624999847263,True
4,U_MAZE,254,254,2,3,5,2,beam_2,16,0.012671699980273843,4,0.0031679249950684607,True
4,U_MAZE,254,254,2,3,5,2,beam_3,16,0.013004399952478707,4,0.0032510999881196767,True
4,U_MAZE,287,287,4,2,2,4,greedy,16,0.034160800045356154,12,0.002846733337113013,True
4,U_MAZE,287,287,4,2,2,4,beam_2,16,0.011739599984139204,4,0.002934899996034801,True
4,U_MAZE,287,287,4,2,2,4,beam_3,16,0.012235600035637617,4,0.0030589000089094043,True
4,U_MAZE,326,326,5,5,4,2,greedy,16,0.01056979998247698,4,0.002642449995619245,True
4,U_MAZE,326,326,5,5,4,2,beam_2,16,0.011416499968618155,4,0.0028541249921545386,True
4,U_MAZE,326,326,5,5,4,2,beam_3,16,0.01113579998491332,4,0.00278394999622833,True
4,U_MAZE,284,284,3,2,5,5,greedy,16,0.012902999995276332,5,0.0025805999990552663,True
4,U_MAZE,284,284,3,2,5,5,beam_2,16,0.014142900006845593,5,0.0028285800013691186,True
4,U_MAZE,284,284,3,2,5,5,beam_3,16,0.014547400001902133,5,0.0029094800003804265,True
4,U_MAZE,325,325,5,5,3,2,greedy,16,0.012507100007496774,5,0.0025014200014993548,True
4,U_MAZE,325,325,5,5,3,2,beam_2,16,0.013817799976095557,5,0.0027635599952191116,True
4,U_MAZE,325,325,5,5,3,2,beam_3,16,0.013981099997181445,5,0.002796219999436289,True
4,U_MAZE,297,297,5,2,2,5,greedy,16,0.014710200019180775,6,0.002451700003196796,True
4,U_MAZE,297,297,5,2,2,5,beam_2,16,0.01663849997567013,6,0.002773083329278355,True
4,U_MAZE,297,297,5,2,2,5,beam_3,16,0.018726400041487068,6,0.003121066673581178,True
4,U_MAZE,265,265,2,4,5,4,greedy,16,0.017514499952085316,7,0.002502071421726474,True
4,U_MAZE,265,265,2,4,5,4,beam_2,16,0.019692800007760525,7,0.0028132571439657894,True
4,U_MAZE,265,265,2,4,5,4,beam_3,16,0.021418899996206164,7,0.0030598428566008806,True
4,U_MAZE,266,266,2,4,5,5,greedy,18,0.020786400011274964,8,0.0025983000014093705,True
4,U_MAZE,266,266,2,4,5,5,beam_2,18,0.023819099995307624,8,0.002977387499413453,True
4,U_MAZE,266,266,2,4,5,5,beam_3,18,0.023577800020575523,8,0.0029472250025719404,True
4,U_MAZE,324,324,5,5,2,5,greedy,20,0.026871500012930483,9,0.0029857222236589426,True
4,U_MAZE,324,324,5,5,2,5,beam_2,20,0.027597000007517636,9,0.003066333334168626,True
4,U_MAZE,324,324,5,5,2,5,beam_3,20,0.02842460002284497,9,0.003158288891427219,True
4,SMALL_MAZE,428,428,2,4,2,5,greedy,16,0.002579700027126819,1,0.002579700027126819,True
4,SMALL_MAZE,428,428,2,4,2,5,beam_2,16,0.0024756999919191003,1,0.0024756999919191003,True
4,SMALL_MAZE,428,428,2,4,2,5,beam_3,16,0.002366799977608025,1,0.002366799977608025,True
4,SMALL_MAZE,439,439,5,4,5,3,greedy,16,0.007278700009919703,3,0.002426233336639901,True
4,SMALL_MAZE,439,439,5,4,5,3,beam_2,16,0.0023163000005297363,1,0.0023163000005297363,True
4,SMALL_MAZE,439,439,5,4,5,3,beam_3,16,0.0024037000257521868,1,0.0024037000257521868,True
4,SMALL_MAZE,426,426,2,4,2,2,greedy,16,0.015462799987290055,6,0.002577133331215009,True
4,SMALL_MAZE,426,426,2,4,2,2,beam_2,16,0.0055677000200375915,2,0.0027838500100187957,True
4,SMALL_MAZE,426,426,2,4,2,2,beam_3,16,0.005420400004368275,2,0.0027102000021841377,True
4,SMALL_MAZE,442,442,5,5,5,3,greedy,16,0.00463300000410527,2,0.002316500002052635,True
4,SMALL_MAZE,442,442,5,5,5,3,beam_2,16,0.005691200029104948,2,0.002845600014552474,True
4,SMALL_MAZE,442,442,5,5,5,3,beam_3,16,0.005211499985307455,2,0.0026057499926537275,True
4,MEDIUM_MAZE,496,496,1,5,1,6,greedy,16,0.04428690002532676,16,0.0027679312515829224,False
4,MEDIUM_MAZE,496,496,1,5,1,6,beam_2,16,0.0025456000003032386,1,0.0025456000003032386,True
4,MEDIUM_MAZE,496,496,1,5,1,6,beam_3,16,0.0022813999676145613,1,0.0022813999676145613,True
4,MEDIUM_MAZE,548,548,2,1,2,2,greedy,16,0.0073901999858208,3,0.0024633999952736,True
4,MEDIUM_MAZE,548,548,2,1,2,2,beam_2,16,0.0022452999837696552,1,0.0022452999837696552,True
4,MEDIUM_MAZE,548,548,2,1,2,2,beam_3,16,0.0022957000182941556,1,0.0022957000182941556,True
4,MEDIUM_MAZE,602,602,2,3,3,3,greedy,16,0.0023566000163555145,1,0.0023566000163555145,True
4,MEDIUM_MAZE,602,602,2,3,3,3,beam_2,16,0.0023012999445199966,1,0.0023012999445199966,True
4,MEDIUM_MAZE,602,602,2,3,3,3,beam_3,16,0.0025480000185780227,1,0.0025480000185780227,True
4,MEDIUM_MAZE,651,651,2,6,2,5,greedy,16,0.0026744999922811985,1,0.0026744999922811985,True
4,MEDIUM_MAZE,651,651,2,6,2,5,beam_2,16,0.0023897000355646014,1,0.0023897000355646014,True
4,MEDIUM_MAZE,651,651,2,6,2,5,beam_3,16,0.0022398000000976026,1,0.0022398000000976026,True
4,MEDIUM_MAZE,704,704,3,4,3,5,greedy,16,0.0026144000003114343,1,0.0026144000003114343,True
4,MEDIUM_MAZE,704,704,3,4,3,5,beam_2,16,0.0022043000208213925,1,0.0022043000208213925,True
4,MEDIUM_MAZE,704,704,3,4,3,5,beam_3,16,0.002195900015067309,1,0.002195900015067309,True
4,MEDIUM_MAZE,760,760,4,1,5,1,greedy,16,0.04198310000356287,16,0.0026239437502226792,False
4,MEDIUM_MAZE,760,760,4,1,5,1,beam_2,16,0.0026683000032790005,1,0.0026683000032790005,True
4,MEDIUM_MAZE,760,760,4,1,5,1,beam_3,16,0.0022764999885112047,1,0.0022764999885112047,True
4,MEDIUM_MAZE,811,811,4,3,5,3,greedy,16,0.02841560001252219,11,0.0025832363647747447,True
4,MEDIUM_MAZE,811,811,4,3,5,3,beam_2,16,0.0026889999862760305,1,0.0026889999862760305,True
4,MEDIUM_MAZE,811,811,4,3,5,3,beam_3,16,0.00214529997901991,1,0.00214529997901991,True
4,MEDIUM_MAZE,881,881,5,1,4,1,greedy,16,0.0020778000471182168,1,0.0020778000471182168,True
4,MEDIUM_MAZE,881,881,5,1,4,1,beam_2,16,0.0023581000277772546,1,0.0023581000277772546,True
4,MEDIUM_MAZE,881,881,5,1,4,1,beam_3,16,0.002374699979554862,1,0.002374699979554862,True
4,MEDIUM_MAZE,941,941,5,4,6,4,greedy,16,0.007255699951201677,3,0.002418566650400559,True
4,MEDIUM_MAZE,941,941,5,4,6,4,beam_2,16,0.0022623000550083816,1,0.0022623000550083816,True
4,MEDIUM_MAZE,941,941,5,4,6,4,beam_3,16,0.0021333000040613115,1,0.0021333000040613115,True
4,MEDIUM_MAZE,1015,1015,6,2,6,1,greedy,16,0.0027615000144578516,1,0.0027615000144578516,True
4,MEDIUM_MAZE,1015,1015,6,2,6,1,beam_2,16,0.002399599994532764,1,0.002399599994532764,True
4,MEDIUM_MAZE,1015,1015,6,2,6,1,beam_3,16,0.0022569000138901174,1,0.0022569000138901174,True
4,MEDIUM_MAZE,1089,1089,6,6,5,6,greedy,16,0.002562499954365194,1,0.002562499954365194,True
4,MEDIUM_MAZE,1089,1089,6,6,5,6,beam_2,16,0.002144399972166866,1,0.002144399972166866,True
4,MEDIUM_MAZE,1089,1089,6,6,5,6,beam_3,16,0.002063699997961521,1,0.002063699997961521,True
4,MEDIUM_MAZE,501,501,1,5,2,6,greedy,16,0.00472929998068139,2,0.002364649990340695,True
4,MEDIUM_MAZE,501,501,1,5,2,6,beam_2,16,0.005723099980968982,2,0.002861549990484491,True
4,MEDIUM_MAZE,501,501,1,5,2,6,beam_3,16,0.005775699974037707,2,0.0028878499870188534,True
4,MEDIUM_MAZE,569,569,2,2,1,1,greedy,16,0.042744900041725487,16,0.002671556252607843,False
4,MEDIUM_MAZE,569,569,2,2,1,1,beam_2,16,0.005232399969827384,2,0.002616199984913692,True
4,MEDIUM_MAZE,569,569,2,2,1,1,beam_3,16,0.005432499980088323,2,0.0027162499900441617,True
4,MEDIUM_MAZE,607,607,2,3,4,3,greedy,16,0.004868199990596622,2,0.002434099995298311,True
4,MEDIUM_MAZE,607,607,2,3,4,3,beam_2,16,0.005059899995103478,2,0.002529949997551739,True
4,MEDIUM_MAZE,607,607,2,3,4,3,beam_3,16,0.004964899970218539,2,0.0024824499851092696,True
4,MEDIUM_MAZE,654,654,2,6,3,5,greedy,16,0.005213900003582239,2,0.0026069500017911196,True
4,MEDIUM_MAZE,654,654,2,6,3,5,beam_2,16,0.0055884000030346215,2,0.0027942000015173107,True
4,MEDIUM_MAZE,654,654,2,6,3,5,beam_3,16,0.005636399961076677,2,0.0028181999805383384,True
4,MEDIUM_MAZE,700,700,3,4,2,3,greedy,16,0.004734000016469508,2,0.002367000008234754,True
4,MEDIUM_MAZE,700,700,3,4,2,3,beam_2,16,0.005058500042650849,2,0.0025292500213254243,True
4,MEDIUM_MAZE,700,700,3,4,2,3,beam_3,16,0.005131000012625009,2,0.0025655000063125044,True
4,MEDIUM_MAZE,727,727,3,5,2,6,greedy,16,0.03723449999233708,14,0.002659607142309791,True
4,MEDIUM_MAZE,727,727,3,5,2,6,beam_2,16,0.03453750000335276,12,0.0028781250002793968,True
4,MEDIUM_MAZE,727,727,3,5,2,6,beam_3,16,0.005426299991086125,2,0.0027131499955430627,True
4,MEDIUM_MAZE,778,778,4,2,3,3,greedy,16,0.050868499965872616,16,0.0031792812478670385,False
4,MEDIUM_MAZE,778,778,4,2,3,3,beam_2,16,0.0065324000315740705,2,0.0032662000157870352,True
4,MEDIUM_MAZE,778,778,4,2,3,3,beam_3,16,0.006284100003540516,2,0.003142050001770258,True
4,MEDIUM_MAZE,806,806,4,3,4,1,greedy,16,0.061797000002115965,16,0.003862312500132248,False
4,MEDIUM_MAZE,806,806,4,3,4,1,beam_2,16,0.0065591000020504,2,0.0032795500010252,True
4,MEDIUM_MAZE,806,806,4,3,4,1,beam_3,16,0.0066087000304833055,2,0.0033043500152416527,True
4,MEDIUM_MAZE,855,855,4,6,3,5,greedy,16,0.00594719999935478,2,0.00297359999967739,True
4,MEDIUM_MAZE,855,855,4,6,3,5,beam_2,16,0.006526999990455806,2,0.003263499995227903,True
4,MEDIUM_MAZE,855,855,4,6,3,5,beam_3,16,0.007093799998983741,2,0.0035468999994918704,True
4,MEDIUM_MAZE,907,907,5,3,4,2,greedy,16,0.04974330001277849,16,0.0031089562507986557,False
4,MEDIUM_MAZE,907,907,5,3,4,2,beam_2,16,0.005239400023128837,2,0.0026197000115644187,True
4,MEDIUM_MAZE,907,907,5,3,4,2,beam_3,16,0.00563760002842173,2,0.002818800014210865,True
4,MEDIUM_MAZE,967,967,5,6,6,5,greedy,16,0.030663499957881868,10,0.0030663499957881866,True
4,MEDIUM_MAZE,967,967,5,6,6,5,beam_2,16,0.00562130002072081,2,0.002810650010360405,True
4,MEDIUM_MAZE,967,967,5,6,6,5,beam_3,16,0.0052538999589160085,2,0.0026269499794580042,True
4,MEDIUM_MAZE,1063,1063,6,5,5,4,greedy,16,0.005150000040885061,2,0.0025750000204425305,True
4,MEDIUM_MAZE,1063,1063,6,5,5,4,beam_2,16,0.0049637999618425965,2,0.0024818999809212983,True
4,MEDIUM_MAZE,1063,1063,6,5,5,4,beam_3,16,0.005287499981932342,2,0.002643749990966171,True
4,MEDIUM_MAZE,477,477,1,2,3,3,greedy,16,0.008402000006753951,3,0.0028006666689179838,True
4,MEDIUM_MAZE,477,477,1,2,3,3,beam_2,16,0.008046900038607419,3,0.0026823000128691397,True
4,MEDIUM_MAZE,477,477,1,2,3,3,beam_3,16,0.008329799980856478,3,0.002776599993618826,True
4,MEDIUM_MAZE,578,578,2,2,3,4,greedy,16,0.007191399985458702,3,0.002397133328486234,True
4,MEDIUM_MAZE,578,578,2,2,3,4,beam_2,16,0.008143600018229336,3,0.0027145333394097784,True
4,MEDIUM_MAZE,578,578,2,2,3,4,beam_3,16,0.008643899986054748,3,0.0028812999953515828,True
4,MEDIUM_MAZE,611,611,2,3,5,3,greedy,16,0.04663980001350865,16,0.0029149875008442905,False
4,MEDIUM_MAZE,611,611,2,3,5,3,beam_2,16,0.008238899987190962,3,0.0027462999957303205,True
4,MEDIUM_MAZE,611,611,2,3,5,3,beam_3,16,0.008829600003082305,3,0.002943200001027435,True
4,MEDIUM_MAZE,670,670,3,3,1,2,greedy,16,0.041371400002390146,15,0.0027580933334926763,True
4,MEDIUM_MAZE,670,670,3,3,1,2,beam_2,16,0.04699990001972765,15,0.003133326667981843,True
4,MEDIUM_MAZE,670,670,3,3,1,2,beam_3,16,0.04994489997625351,15,0.003329659998416901,True
4,MEDIUM_MAZE,687,687,3,3,5,4,greedy,16,0.00743459997465834,3,0.00247819999155278,True
4,MEDIUM_MAZE,687,687,3,3,5,4,beam_2,16,0.007548200024757534,3,0.0025160666749191782,True
4,MEDIUM_MAZE,687,687,3,3,5,4,beam_3,16,0.008197199960704893,3,0.002732399986901631,True
4,MEDIUM_MAZE,709,709,3,4,4,6,greedy,16,0.03489810001337901,13,0.0026844692317983853,True
4,MEDIUM_MAZE,709,709,3,4,4,6,beam_2,16,0.03237579995766282,11,0.002943254541605711,True
4,MEDIUM_MAZE,709,709,3,4,4,6,beam_3,16,0.00830139999743551,3,0.0027671333324785032,True
4,MEDIUM_MAZE,738,738,3,5,5,6,greedy,16,0.02299279998987913,9,0.0025547555544310147,True
4,MEDIUM_MAZE,738,738,3,5,5,6,beam_2,16,0.007761900022160262,3,0.002587300007386754,True
4,MEDIUM_MAZE,738,738,3,5,5,6,beam_3,16,0.008421899983659387,3,0.0028072999945531287,True
4,MEDIUM_MAZE,779,779,4,2,3,4,greedy,16,0.007829700014553964,3,0.0026099000048513212,True
4,MEDIUM_MAZE,779,779,4,2,3,4,beam_2,16,0.007912600005511194,3,0.002637533335170398,True
4,MEDIUM_MAZE,779,779,4,2,3,4,beam_3,16,0.009030000015627593,3,0.0030100000052091977,True
4,MEDIUM_MAZE,810,810,4,3,5,1,greedy,16,0.03948969999328256,15,0.0026326466662188372,True
4,MEDIUM_MAZE,810,810,4,3,5,1,beam_2,16,0.044666700006928295,15,0.0029777800004618864,True
4,MEDIUM_MAZE,810,810,4,3,5,1,beam_3,16,0.008659600047394633,3,0.0028865333491315446,True
4,MEDIUM_MAZE,843,843,4,5,6,6,greedy,16,0.0072339000180363655,3,0.0024113000060121217,True
4,MEDIUM_MAZE,843,843,4,5,6,6,beam_2,16,0.007643000048119575,3,0.002547666682706525,True
4,MEDIUM_MAZE,843,843,4,5,6,6,beam_3,16,0.008155899995472282,3,0.002718633331824094,True
4,MEDIUM_MAZE,900,900,5,3,2,3,greedy,16,0.008103700005449355,3,0.002701233335149785,True
4,MEDIUM_MAZE,900,900,5,3,2,3,beam_2,16,0.008102100051473826,3,0.002700700017157942,True
4,MEDIUM_MAZE,900,900,5,3,2,3,beam_3,16,0.008810900035314262,3,0.0029369666784380874,True
4,MEDIUM_MAZE,932,932,5,4,4,2,greedy,16,0.0443504000431858,16,0.0027719000026991125,False
4,MEDIUM_MAZE,932,932,5,4,4,2,beam_2,16,0.00806279998505488,3,0.0026875999950182936,True
4,MEDIUM_MAZE,932,932,5,4,4,2,beam_3,16,0.00937720004003495,3,0.0031257333466783166,True
4,MEDIUM_MAZE,1006,1006,6,2,4,1,greedy,16,0.007426000025589019,3,0.0024753333418630064,True
4,MEDIUM_MAZE,1006,1006,6,2,4,1,beam_2,16,0.008100300037767738,3,0.002700100012589246,True
4,MEDIUM_MAZE,1006,1006,6,2,4,1,beam_3,16,0.00793389999307692,3,0.00264463333102564,True
4,MEDIUM_MAZE,1084,1084,6,6,4,5,greedy,16,0.045883099955972284,16,0.0028676937472482678,False
4,MEDIUM_MAZE,1084,1084,6,6,4,5,beam_2,16,0.008087299996986985,3,0.0026957666656623283,True
4,MEDIUM_MAZE,1084,1084,6,6,4,5,beam_3,16,0.008456700015813112,3,0.0028189000052710376,True
4,MEDIUM_MAZE,502,502,1,5,3,3,greedy,16,0.012570099963340908,4,0.003142524990835227,True
4,MEDIUM_MAZE,502,502,1,5,3,3,beam_2,16,0.012886299984529614,4,0.0032215749961324036,True
4,MEDIUM_MAZE,502,502,1,5,3,3,beam_3,16,0.012473199982196093,4,0.003118299995549023,True
4,MEDIUM_MAZE,557,557,2,1,4,3,greedy,16,0.015362199977971613,6,0.002560366662995269,True
4,MEDIUM_MAZE,557,557,2,1,4,3,beam_2,16,0.011087600025348365,4,0.0027719000063370913,True
4,MEDIUM_MAZE,557,557,2,1,4,3,beam_3,16,0.01391969999531284,4,0.00347992499882821,True
4,MEDIUM_MAZE,605,605,2,3,4,1,greedy,16,0.010490399959962815,4,0.0026225999899907038,True
4,MEDIUM_MAZE,605,605,2,3,4,1,beam_2,16,0.012456100026611239,4,0.0031140250066528097,True
4,MEDIUM_MAZE,605,605,2,3,4,1,beam_3,16,0.012367200048174709,4,0.0030918000120436773,True
4,MEDIUM_MAZE,638,638,2,5,5,6,greedy,16,0.00977559998864308,4,0.00244389999716077,True
4,MEDIUM_MAZE,638,638,2,5,5,6,beam_2,16,0.011067899991758168,4,0.002766974997939542,True
4,MEDIUM_MAZE,638,638,2,5,5,6,beam_3,16,0.011757000000216067,4,0.0029392500000540167,True
4,MEDIUM_MAZE,677,677,3,3,2,6,greedy,16,0.009454399987589568,4,0.002363599996897392,True
4,MEDIUM_MAZE,677,677,3,3,2,6,beam_2,16,0.010714099975302815,4,0.002678524993825704,True
4,MEDIUM_MAZE,677,677,3,3,2,6,beam_3,16,0.011022999999113381,4,0.0027557499997783452,True
4,MEDIUM_MAZE,697,697,3,4,1,6,greedy,16,0.00945870002033189,4,0.0023646750050829723,True
4,MEDIUM_MAZE,697,697,3,4,1,6,beam_2,16,0.010416000033728778,4,0.0026040000084321946,True
4,MEDIUM_MAZE,697,697,3,4,1,6,beam_3,16,0.011662700038868934,4,0.0029156750097172335,True
4,MEDIUM_MAZE,724,724,3,5,2,2,greedy,16,0.00981409999076277,4,0.0024535249976906925,True
4,MEDIUM_MAZE,724,724,3,5,2,2,beam_2,16,0.010124600026756525,4,0.0025311500066891313,True
4,MEDIUM_MAZE,724,724,3,5,2,2,beam_3,16,0.012155499949585646,4,0.0030388749873964116,True
4,MEDIUM_MAZE,754,754,4,1,3,4,greedy,16,0.009793100005481392,4,0.002448275001370348,True
4,MEDIUM_MAZE,754,754,4,1,3,4,beam_2,16,0.01063340000109747,4,0.0026583500002743676,True
4,MEDIUM_MAZE,754,754,4,1,3,4,beam_3,16,0.011696400004439056,4,0.002924100001109764,True
4,MEDIUM_MAZE,791,791,4,2,6,4,greedy,16,0.011825399997178465,4,0.0029563499992946163,True
4,MEDIUM_MAZE,791,791,4,2,6,4,beam_2,16,0.012624499970115721,4,0.0031561249925289303,True
4,MEDIUM_MAZE,791,791,4,2,6,4,beam_3,16,0.014138300030026585,4,0.003534575007506646,True
4,MEDIUM_MAZE,814,814,4,3,6,1,greedy,16,0.05366670002695173,16,0.003354168751684483,False
4,MEDIUM_MAZE,814,814,4,3,6,1,beam_2,16,0.0572874000063166,16,0.0035804625003947876,False
4,MEDIUM_MAZE,814,814,4,3,6,1,beam_3,16,0.0607640000525862,16,0.0037977500032866374,True
4,MEDIUM_MAZE,842,842,4,5,6,5,greedy,16,0.021103299979586154,8,0.0026379124974482693,True
4,MEDIUM_MAZE,842,842,4,5,6,5,beam_2,16,0.01146770000923425,4,0.0028669250023085624,True
4,MEDIUM_MAZE,842,842,4,5,6,5,beam_3,16,0.012394800025504082,4,0.0030987000063760206,True
4,MEDIUM_MAZE,878,878,5,1,3,3,greedy,16,0.010515200032386929,4,0.002628800008096732,True
4,MEDIUM_MAZE,878,878,5,1,3,3,beam_2,16,0.010779000003822148,4,0.002694750000955537,True
4,MEDIUM_MAZE,878,878,5,1,3,3,beam_3,16,0.011961599986534566,4,0.0029903999966336414,True
4,MEDIUM_MAZE,918,918,5,3,6,6,greedy,16,0.011079200019594282,4,0.0027698000048985705,True
4,MEDIUM_MAZE,918,918,5,3,6,6,beam_2,16,0.01166309998370707,4,0.0029157749959267676,True
4,MEDIUM_MAZE,918,918,5,3,6,6,beam_3,16,0.011766299954615533,4,0.0029415749886538833,True
4,MEDIUM_MAZE,951,951,5,6,2,5,greedy,16,0.01022009999724105,4,0.0025550249993102625,True
4,MEDIUM_MAZE,951,951,5,6,2,5,beam_2,16,0.011449599987827241,4,0.0028623999969568104,True
4,MEDIUM_MAZE,951,951,5,6,2,5,beam_3,16,0.012675700010731816,4,0.003168925002682954,True
4,MEDIUM_MAZE,1028,1028,6,4,3,3,greedy,16,0.04579100001137704,16,0.002861937500711065,False
4,MEDIUM_MAZE,1028,1028,6,4,3,3,beam_2,16,0.011331700021401048,4,0.002832925005350262,True
4,MEDIUM_MAZE,1028,1028,6,4,3,3,beam_3,16,0.012404899985995144,4,0.003101224996498786,True
4,MEDIUM_MAZE,1080,1080,6,6,3,5,greedy,16,0.045665399986319244,16,0.0028540874991449527,False
4,MEDIUM_MAZE,1080,1080,6,6,3,5,beam_2,16,0.01083070004824549,4,0.0027076750120613724,True
4,MEDIUM_MAZE,1080,1080,6,6,3,5,beam_3,16,0.011140600021462888,4,0.002785150005365722,True
4,MEDIUM_MAZE,481,481,1,2,4,2,greedy,16,0.012153299991041422,5,0.002430659998208284,True
4,MEDIUM_MAZE,481,481,1,2,4,2,beam_2,16,0.013917999982368201,5,0.00278359999647364,True
4,MEDIUM_MAZE,481,481,1,2,4,2,beam_3,16,0.014457900018896908,5,0.0028915800037793817,True
4,MEDIUM_MAZE,527,527,1,6,3,3,greedy,16,0.0122558000148274,5,0.0024511600029654803,True
4,MEDIUM_MAZE,527,527,1,6,3,3,beam_2,16,0.014628300035838038,5,0.0029256600071676077,True
4,MEDIUM_MAZE,527,527,1,6,3,3,beam_3,16,0.01581149996491149,5,0.0031622999929822983,True
4,MEDIUM_MAZE,575,575,2,2,2,5,greedy,16,0.012917399988509715,5,0.002583479997701943,True
4,MEDIUM_MAZE,575,575,2,2,2,5,beam_2,16,0.01464099995791912,5,0.002928199991583824,True
4,MEDIUM_MAZE,575,575,2,2,2,5,beam_3,16,0.014942299982067198,5,0.0029884599964134393,True
4,MEDIUM_MAZE,601,601,2,3,2,6,greedy,16,0.04265710001345724,16,0.0026660687508410774,False
4,MEDIUM_MAZE,601,601,2,3,2,6,beam_2,16,0.013760900008492172,5,0.0027521800016984343,True
4,MEDIUM_MAZE,601,601,2,3,2,6,beam_3,16,0.015375199960544705,5,0.003075039992108941,True
4,MEDIUM_MAZE,631,631,2,5,4,2,greedy,16,0.046403100015595555,16,0.002900193750974722,False
4,MEDIUM_MAZE,631,631,2,5,4,2,beam_2,16,0.015590500028338283,5,0.003118100005667657,True
4,MEDIUM_MAZE,631,631,2,5,4,2,beam_3,16,0.014690199983306229,5,0.0029380399966612456,True
4,MEDIUM_MAZE,663,663,2,6,5,6,greedy,16,0.012019200017675757,5,0.0024038400035351513,True
4,MEDIUM_MAZE,663,663,2,6,5,6,beam_2,16,0.013964899990241975,5,0.002792979998048395,True
4,MEDIUM_MAZE,663,663,2,6,5,6,beam_3,16,0.017523800022900105,5,0.003504760004580021,True
4,MEDIUM_MAZE,694,694,3,4,1,1,greedy,16,0.014103900000918657,5,0.0028207800001837312,True
4,MEDIUM_MAZE,694,694,3,4,1,1,beam_2,16,0.01472719997400418,5,0.0029454399948008357,True
4,MEDIUM_MAZE,694,694,3,4,1,1,beam_3,16,0.015213900012895465,5,0.003042780002579093,True
4,MEDIUM_MAZE,723,723,3,5,2,1,greedy,16,0.017740399984177202,7,0.0025343428548824576,True
4,MEDIUM_MAZE,723,723,3,5,2,1,beam_2,16,0.020275400020182133,7,0.0028964857171688762,True
4,MEDIUM_MAZE,723,723,3,5,2,1,beam_3,16,0.015272599994204938,5,0.0030545199988409877,True
4,MEDIUM_MAZE,755,755,4,1,3,5,greedy,16,0.012860799964983016,5,0.0025721599929966034,True
4,MEDIUM_MAZE,755,755,4,1,3,5,beam_2,16,0.015052600007038563,5,0.0030105200014077125,True
4,MEDIUM_MAZE,755,755,4,1,3,5,beam_3,16,0.016174099990166724,5,0.0032348199980333447,True
4,MEDIUM_MAZE,783,783,4,2,4,5,greedy,16,0.012865099997725338,5,0.0025730199995450675,True
4,MEDIUM_MAZE,783,783,4,2,4,5,beam_2,16,0.013726799981668591,5,0.0027453599963337184,True
4,MEDIUM_MAZE,783,783,4,2,4,5,beam_3,16,0.014485499996226281,5,0.002897099999245256,True
4,MEDIUM_MAZE,809,809,4,3,4,6,greedy,16,0.04321660002460703,16,0.0027010375015379395,False
4,MEDIUM_MAZE,809,809,4,3,4,6,beam_2,16,0.013809699972625822,5,0.002761939994525164,True
4,MEDIUM_MAZE,809,809,4,3,4,6,beam_3,16,0.01466640003491193,5,0.002933280006982386,True
4,MEDIUM_MAZE,836,836,4,5,5,3,greedy,16,0.04389560001436621,16,0.002743475000897888,False
4,MEDIUM_MAZE,836,836,4,5,5,3,beam_2,16,0.014665999973658472,5,0.0029331999947316946,True
4,MEDIUM_MAZE,836,836,4,5,5,3,beam_3,16,0.014426899957470596,5,0.002885379991494119,True
4,MEDIUM_MAZE,862,862,4,6,5,4,greedy,16,0.01763969997409731,7,0.002519957139156759,True
4,MEDIUM_MAZE,862,862,4,6,5,4,beam_2,16,0.01993339997716248,7,0.0028476285681660685,True
4,MEDIUM_MAZE,862,862,4,6,5,4,beam_3,16,0.021791999984998256,7,0.003113142854999751,True
4,MEDIUM_MAZE,898,898,5,3,2,1,greedy,16,0.01323969999793917,5,0.0026479399995878337,True
4,MEDIUM_MAZE,898,898,5,3,2,1,beam_2,16,0.01744760002475232,5,0.003489520004950464,True
4,MEDIUM_MAZE,898,898,5,3,2,1,beam_3,16,0.01905359997181222,5,0.0038107199943624437,True
4,MEDIUM_MAZE,924,924,5,4,2,2,greedy,16,0.014924100018106401,5,0.0029848200036212804,True
4,MEDIUM_MAZE,924,924,5,4,2,2,beam_2,16,0.017357399978209287,5,0.0034714799956418576,True
4,MEDIUM_MAZE,924,924,5,4,2,2,beam_3,16,0.01724269997794181,5,0.0034485399955883622,True
4,MEDIUM_MAZE,952,952,5,6,2,6,greedy,16,0.014309099991805851,5,0.0028618199983611705,True
4,MEDIUM_MAZE,952,952,5,6,2,6,beam_2,16,0.016255000024102628,5,0.0032510000048205255,True
4,MEDIUM_MAZE,952,952,5,6,2,6,beam_3,16,0.01732859999174252,5,0.0034657199983485045,True
4,MEDIUM_MAZE,1008,1008,6,2,4,3,greedy,16,0.013336299976799637,5,0.0026672599953599272,True
4,MEDIUM_MAZE,1008,1008,6,2,4,3,beam_2,16,0.016665599949192256,5,0.003333119989838451,True
4,MEDIUM_MAZE,1008,1008,6,2,4,3,beam_3,16,0.019184699980542064,5,0.003836939996108413,True
4,MEDIUM_MAZE,1053,1053,6,5,3,3,greedy,16,0.013897299999371171,5,0.0027794599998742344,True
4,MEDIUM_MAZE,1053,1053,6,5,3,3,beam_2,16,0.01591550000011921,5,0.003183100000023842,True
4,MEDIUM_MAZE,1053,1053,6,5,3,3,beam_3,16,0.018692300014663488,5,0.0037384600029326974,True
4,MEDIUM_MAZE,1083,1083,6,6,4,3,greedy,16,0.014066700008697808,5,0.0028133400017395617,True
4,MEDIUM_MAZE,1083,1083,6,6,4,3,beam_2,16,0.015939700009766966,5,0.0031879400019533934,True
4,MEDIUM_MAZE,1083,1083,6,6,4,3,beam_3,16,0.01618090004194528,5,0.003236180008389056,True
4,MEDIUM_MAZE,480,480,1,2,4,1,greedy,16,0.017444899945985526,6,0.002907483324330921,True
4,MEDIUM_MAZE,480,480,1,2,4,1,beam_2,16,0.019867499999236315,6,0.0033112499998727194,True
4,MEDIUM_MAZE,480,480,1,2,4,1,beam_3,16,0.020340499992016703,6,0.0033900833320027837,True
4,MEDIUM_MAZE,511,511,1,5,5,3,greedy,16,0.05017930001486093,16,0.003136206250928808,False
4,MEDIUM_MAZE,511,511,1,5,5,3,beam_2,16,0.018826399988029152,6,0.003137733331338192,True
4,MEDIUM_MAZE,511,511,1,5,5,3,beam_3,16,0.019778899964876473,6,0.0032964833274794123,True
4,MEDIUM_MAZE,550,550,2,1,2,5,greedy,16,0.0165123000042513,6,0.00275205000070855,True
4,MEDIUM_MAZE,550,550,2,1,2,5,beam_2,16,0.01794660004088655,6,0.0029911000068144253,True
4,MEDIUM_MAZE,550,550,2,1,2,5,beam_3,16,0.01840760000050068,6,0.00306793333341678,True
4,MEDIUM_MAZE,576,576,2,2,2,6,greedy,16,0.015399500029161572,6,0.0025665833381935954,True
4,MEDIUM_MAZE,576,576,2,2,2,6,beam_2,16,0.01890059997094795,6,0.003150099995157992,True
4,MEDIUM_MAZE,576,576,2,2,2,6,beam_3,16,0.024060599971562624,6,0.004010099995260437,True
4,MEDIUM_MAZE,613,613,2,3,5,6,greedy,16,0.015391300024930388,6,0.0025652166708217314,True
4,MEDIUM_MAZE,613,613,2,3,5,6,beam_2,16,0.01768579997587949,6,0.0029476333293132484,True
4,MEDIUM_MAZE,613,613,2,3,5,6,beam_3,16,0.022502899984829128,6,0.0037504833308048546,True
4,MEDIUM_MAZE,630,630,2,5,4,1,greedy,16,0.018092199985403568,6,0.003015366664233928,True
4,MEDIUM_MAZE,630,630,2,5,4,1,beam_2,16,0.01936169998953119,6,0.0032269499982551983,True
4,MEDIUM_MAZE,630,630,2,5,4,1,beam_3,16,0.018679800035897642,6,0.0031133000059829405,True
4,MEDIUM_MAZE,661,661,2,6,5,3,greedy,16,0.044521600008010864,16,0.002782600000500679,False
4,MEDIUM_MAZE,661,661,2,6,5,3,beam_2,16,0.01714219996938482,6,0.0028570333282308034,True
4,MEDIUM_MAZE,661,661,2,6,5,3,beam_3,16,0.01836589997401461,6,0.003060983329002435,True
4,MEDIUM_MAZE,717,717,3,4,6,5,greedy,16,0.015462999988812953,6,0.0025771666648021587,True
4,MEDIUM_MAZE,717,717,3,4,6,5,beam_2,16,0.01788869994925335,6,0.0029814499915422252,True
4,MEDIUM_MAZE,717,717,3,4,6,5,beam_3,16,0.018840799981262535,6,0.0031401333302104226,True
4,MEDIUM_MAZE,748,748,4,1,2,1,greedy,16,0.014797700045164675,6,0.002466283340860779,True
4,MEDIUM_MAZE,748,748,4,1,2,1,beam_2,16,0.0161270999815315,6,0.002687849996921917,True
4,MEDIUM_MAZE,748,748,4,1,2,1,beam_3,16,0.017850699950940907,6,0.002975116658490151,True
4,MEDIUM_MAZE,771,771,4,2,1,5,greedy,16,0.044485699967481196,16,0.0027803562479675747,False
4,MEDIUM_MAZE,771,771,4,2,1,5,beam_2,16,0.01671999995596707,6,0.0027866666593278446,True
4,MEDIUM_MAZE,771,771,4,2,1,5,beam_3,16,0.018529799999669194,6,0.0030882999999448657,True
4,MEDIUM_MAZE,813,813,4,3,5,6,greedy,16,0.01516130001982674,6,0.00252688333663779,True
4,MEDIUM_MAZE,813,813,4,3,5,6,beam_2,16,0.016988700022920966,6,0.002831450003820161,True
4,MEDIUM_MAZE,813,813,4,3,5,6,beam_3,16,0.017624599975533783,6,0.0029374333292556307,True
4,MEDIUM_MAZE,849,849,4,6,2,2,greedy,16,0.014687400020193309,6,0.0024479000033655516,True
4,MEDIUM_MAZE,849,849,4,6,2,2,beam_2,16,0.016911600017920136,6,0.0028186000029866896,True
4,MEDIUM_MAZE,849,849,4,6,2,2,beam_3,16,0.019533800019416958,6,0.003255633336569493,True
4,MEDIUM_MAZE,891,891,5,1,6,4,greedy,16,0.015824500005692244,6,0.002637416667615374,True
4,MEDIUM_MAZE,891,891,5,1,6,4,beam_2,16,0.019911799987312406,6,0.0033186333312187344,True
4,MEDIUM_MAZE,891,891,5,1,6,4,beam_3,16,0.018019600014667958,6,0.0030032666691113263,True
4,MEDIUM_MAZE,915,915,5,3,6,2,greedy,16,0.04343179997522384,16,0.00271448749845149,False
4,MEDIUM_MAZE,915,915,5,3,6,2,beam_2,16,0.05211500002769753,16,0.003257187501731096,False
4,MEDIUM_MAZE,915,915,5,3,6,2,beam_3,16,0.05383710004389286,16,0.0033648187527433038,False
4,MEDIUM_MAZE,939,939,5,4,6,1,greedy,16,0.01829939999151975,6,0.003049899998586625,True
4,MEDIUM_MAZE,939,939,5,4,6,1,beam_2,16,0.020930900005623698,6,0.0034884833342706165,True
4,MEDIUM_MAZE,939,939,5,4,6,1,beam_3,16,0.023950600007083267,6,0.0039917666678472115,True
4,MEDIUM_MAZE,979,979,6,1,3,4,greedy,16,0.01921060000313446,6,0.0032017666671890765,True
4,MEDIUM_MAZE,979,979,6,1,3,4,beam_2,16,0.02051110001048073,6,0.003418516668413455,True
4,MEDIUM_MAZE,979,979,6,1,3,4,beam_3,16,0.021449000050779432,6,0.003574833341796572,True
4,MEDIUM_MAZE,1030,1030,6,4,3,5,greedy,16,0.01902389997849241,6,0.0031706499964154014,True
4,MEDIUM_MAZE,1030,1030,6,4,3,5,beam_2,16,0.02208179997978732,6,0.00368029999663122,True
4,MEDIUM_MAZE,1030,1030,6,4,3,5,beam_3,16,0.018931499973405153,6,0.0031552499955675253,True
4,MEDIUM_MAZE,1056,1056,6,5,4,1,greedy,16,0.01660259999334812,6,0.0027670999988913536,True
4,MEDIUM_MAZE,1056,1056,6,5,4,1,beam_2,16,0.019114599970635027,6,0.0031857666617725044,True
4,MEDIUM_MAZE,1056,1056,6,5,4,1,beam_3,16,0.018874699948355556,6,0.003145783324725926,True
4,MEDIUM_MAZE,450,450,1,1,2,5,greedy,16,0.017404900048859417,7,0.0024864142926942024,True
4,MEDIUM_MAZE,450,450,1,1,2,5,beam_2,16,0.019536699983291328,7,0.00279095714047019,True
4,MEDIUM_MAZE,450,450,1,1,2,5,beam_3,16,0.02229489997262135,7,0.003184985710374479,True
4,MEDIUM_MAZE,476,476,1,2,2,6,greedy,16,0.022018800023943186,7,0.0031455428605633123,True
4,MEDIUM_MAZE,476,476,1,2,2,6,beam_2,16,0.02269840001827106,7,0.003242628574038723,True
4,MEDIUM_MAZE,476,476,1,2,2,6,beam_3,16,0.023954200034495443,7,0.0034220285763564917,True
4,MEDIUM_MAZE,497,497,1,5,2,1,greedy,16,0.021498399961274117,7,0.003071199994467731,True
4,MEDIUM_MAZE,497,497,1,5,2,1,beam_2,16,0.02155750000383705,7,0.003079642857691007,True
4,MEDIUM_MAZE,497,497,1,5,2,1,beam_3,16,0.02169519994640723,7,0.0030993142780581756,True
4,MEDIUM_MAZE,531,531,1,6,4,2,greedy,16,0.04388040001504123,16,0.002742525000940077,False
4,MEDIUM_MAZE,531,531,1,6,4,2,beam_2,16,0.020722100045531988,7,0.00296030000650457,True
4,MEDIUM_MAZE,531,531,1,6,4,2,beam_3,16,0.021573200006969273,7,0.0030818857152813245,True
4,MEDIUM_MAZE,559,559,2,1,4,6,greedy,16,0.017678999982308596,7,0.0025255714260440853,True
4,MEDIUM_MAZE,559,559,2,1,4,6,beam_2,16,0.01951409998582676,7,0.002787728569403823,True
4,MEDIUM_MAZE,559,559,2,1,4,6,beam_3,16,0.022011100023519248,7,0.0031444428605027497,True
4,MEDIUM_MAZE,589,589,2,2,6,1,greedy,16,0.01772160001564771,7,0.00253165714509253,True
4,MEDIUM_MAZE,589,589,2,2,6,1,beam_2,16,0.01930210000136867,7,0.002757442857338382,True
4,MEDIUM_MAZE,589,589,2,2,6,1,beam_3,16,0.021347999980207533,7,0.00304971428288679,True
4,MEDIUM_MAZE,635,635,2,5,5,1,greedy,16,0.01735229999758303,7,0.002478899999654719,True
4,MEDIUM_MAZE,635,635,2,5,5,1,beam_2,16,0.019682499987538904,7,0.002811785712505558,True
4,MEDIUM_MAZE,635,635,2,5,5,1,beam_3,16,0.020620199968107045,7,0.0029457428525867207,True
4,MEDIUM_MAZE,662,662,2,6,5,4,greedy,16,0.0192607999779284,7,0.0027515428539897713,True
4,MEDIUM_MAZE,662,662,2,6,5,4,beam_2,16,0.020243699953425676,7,0.002891957136203668,True
4,MEDIUM_MAZE,662,662,2,6,5,4,beam_3,16,0.02127869997639209,7,0.0030398142823417273,True
4,MEDIUM_MAZE,746,746,4,1,1,5,greedy,16,0.017120599979534745,7,0.002445799997076392,True
4,MEDIUM_MAZE,746,746,4,1,1,5,beam_2,16,0.020067400007974356,7,0.0028667714297106223,True
4,MEDIUM_MAZE,746,746,4,1,1,5,beam_3,16,0.021546399977523834,7,0.003078057139646262,True
4,MEDIUM_MAZE,788,788,4,2,5,6,greedy,16,0.01838389999466017,7,0.0026262714278085957,True
4,MEDIUM_MAZE,788,788,4,2,5,6,beam_2,16,0.020651600032579154,7,0.0029502285760827363,True
4,MEDIUM_MAZE,788,788,4,2,5,6,beam_3,16,0.021355500037316233,7,0.003050785719616605,True
4,MEDIUM_MAZE,856,856,4,6,4,1,greedy,16,0.018246999999973923,7,0.0026067142857105602,True
4,MEDIUM_MAZE,856,856,4,6,4,1,beam_2,16,0.01979300001403317,7,0.002827571430576167,True
4,MEDIUM_MAZE,856,856,4,6,4,1,beam_3,16,0.02209829998901114,7,0.0031568999984301627,True
4,MEDIUM_MAZE,892,892,5,1,6,5,greedy,16,0.034285100002307445,13,0.00263731538479288,True
4,MEDIUM_MAZE,892,892,5,1,6,5,beam_2,16,0.020295900001656264,7,0.002899414285950895,True
4,MEDIUM_MAZE,892,892,5,1,6,5,beam_3,16,0.0212110000429675,7,0.003030142863281071,True
4,MEDIUM_MAZE,940,940,5,4,6,2,greedy,16,0.04330479999771342,16,0.0027065499998570886,False
4,MEDIUM_MAZE,940,940,5,4,6,2,beam_2,16,0.020419200009200722,7,0.00291702857274296,True
4,MEDIUM_MAZE,940,940,5,4,6,2,beam_3,16,0.021140499971807003,7,0.0030200714245438576,True
4,MEDIUM_MAZE,991,991,6,1,6,4,greedy,16,0.01691260002553463,7,0.0024160857179335187,True
4,MEDIUM_MAZE,991,991,6,1,6,4,beam_2,16,0.01872900000307709,7,0.0026755714290110128,True
4,MEDIUM_MAZE,991,991,6,1,6,4,beam_3,16,0.02289949997793883,7,0.0032713571397055474,True
4,MEDIUM_MAZE,1023,1023,6,4,2,1,greedy,16,0.016702699998859316,7,0.0023860999998370452,True
4,MEDIUM_MAZE,1023,1023,6,4,2,1,beam_2,16,0.01933919999282807,7,0.002762742856118296,True
4,MEDIUM_MAZE,1023,1023,6,4,2,1,beam_3,16,0.019387100008316338,7,0.0027695857154737625,True
4,MEDIUM_MAZE,1052,1052,6,5,2,6,greedy,16,0.017457300040405244,7,0.0024939000057721777,True
4,MEDIUM_MAZE,1052,1052,6,5,2,6,beam_2,16,0.022871799999848008,7,0.003267399999978287,True
4,MEDIUM_MAZE,1052,1052,6,5,2,6,beam_3,16,0.024574299983214587,7,0.0035106142833163695,True
4,MEDIUM_MAZE,445,445,1,1,1,5,greedy,18,0.023482500051613897,8,0.002935312506451737,True
4,MEDIUM_MAZE,445,445,1,1,1,5,beam_2,18,0.030054900038521737,8,0.003756862504815217,True
4,MEDIUM_MAZE,445,445,1,1,1,5,beam_3,18,0.03523119998862967,8,0.004403899998578709,True
4,MEDIUM_MAZE,471,471,1,2,1,6,greedy,18,0.025146599975414574,8,0.0031433249969268218,True
4,MEDIUM_MAZE,471,471,1,2,1,6,beam_2,18,0.029665799986105412,8,0.0037082249982631765,True
4,MEDIUM_MAZE,471,471,1,2,1,6,beam_3,18,0.027672600001096725,8,0.0034590750001370907,True
4,MEDIUM_MAZE,510,510,1,5,5,1,greedy,18,0.020430799981113523,8,0.0025538499976391904,True
4,MEDIUM_MAZE,510,510,1,5,5,1,beam_2,18,0.02259730000514537,8,0.0028246625006431714,True
4,MEDIUM_MAZE,510,510,1,5,5,1,beam_3,18,0.023454500013031065,8,0.002931812501628883,True
4,MEDIUM_MAZE,537,537,1,6,5,4,greedy,18,0.020486800000071526,8,0.0025608500000089407,True
4,MEDIUM_MAZE,537,537,1,6,5,4,beam_2,18,0.022644200013019145,8,0.002830525001627393,True
4,MEDIUM_MAZE,537,537,1,6,5,4,beam_3,18,0.025017499981913716,8,0.0031271874977392145,True
4,MEDIUM_MAZE,567,567,2,1,6,5,greedy,18,0.02101349999429658,8,0.0026266874992870726,True
4,MEDIUM_MAZE,567,567,2,1,6,5,beam_2,18,0.022861699981149286,8,0.0028577124976436608,True
4,MEDIUM_MAZE,567,567,2,1,6,5,beam_3,18,0.02412479999475181,8,0.0030155999993439764,True
4,MEDIUM_MAZE,660,660,2,6,5,1,greedy,18,0.019576999999117106,8,0.0024471249998896383,True
4,MEDIUM_MAZE,660,660,2,6,5,1,beam_2,18,0.022409900033380836,8,0.0028012375041726045,True
4,MEDIUM_MAZE,660,660,2,6,5,1,beam_3,18,0.023443699989002198,8,0.0029304624986252747,True
4,MEDIUM_MAZE,839,839,4,5,6,1,greedy,18,0.02118680003331974,8,0.0026483500041649677,True
4,MEDIUM_MAZE,839,839,4,5,6,1,beam_2,18,0.021990399982314557,8,0.0027487999977893196,True
4,MEDIUM_MAZE,839,839,4,5,6,1,beam_3,18,0.024999499961268157,8,0.0031249374951585196,True
4,MEDIUM_MAZE,877,877,5,1,2,6,greedy,18,0.02110830001765862,8,0.0026385375022073276,True
4,MEDIUM_MAZE,877,877,5,1,2,6,beam_2,18,0.022454500023741275,8,0.0028068125029676594,True
4,MEDIUM_MAZE,877,877,5,1,2,6,beam_3,18,0.02453819999936968,8,0.00306727499992121,True
4,MEDIUM_MAZE,948,948,5,6,2,1,greedy,18,0.02469849999761209,10,0.002469849999761209,True
4,MEDIUM_MAZE,948,948,5,6,2,1,beam_2,18,0.02445549995172769,8,0.003056937493965961,True
4,MEDIUM_MAZE,948,948,5,6,2,1,beam_3,18,0.025060600019060075,8,0.0031325750023825094,True
4,MEDIUM_MAZE,984,984,6,1,4,5,greedy,18,0.02019249997101724,8,0.002524062496377155,True
4,MEDIUM_MAZE,984,984,6,1,4,5,beam_2,18,0.022589400003198534,8,0.0028236750003998168,True
4,MEDIUM_MAZE,984,984,6,1,4,5,beam_3,18,0.024652099993545562,8,0.0030815124991931953,True
4,MEDIUM_MAZE,1019,1019,6,4,1,1,greedy,18,0.02130119997309521,8,0.002662649996636901,True
4,MEDIUM_MAZE,1019,1019,6,4,1,1,beam_2,18,0.02296490001026541,8,0.0028706125012831762,True
4,MEDIUM_MAZE,1019,1019,6,4,1,1,beam_3,18,0.023356500023510307,8,0.0029195625029387884,True
4,MEDIUM_MAZE,1047,1047,6,5,1,6,greedy,18,0.019661500002257526,8,0.0024576875002821907,True
4,MEDIUM_MAZE,1047,1047,6,5,1,6,beam_2,18,0.022342099982779473,8,0.002792762497847434,True
4,MEDIUM_MAZE,1047,1047,6,5,1,6,beam_3,18,0.02380040002753958,8,0.0029750500034424476,True
4,MEDIUM_MAZE,446,446,1,1,1,6,greedy,20,0.025786700018215925,9,0.0028651888909128806,True
4,MEDIUM_MAZE,446,446,1,1,1,6,beam_2,20,0.02532080002129078,9,0.0028134222245878642,True
4,MEDIUM_MAZE,446,446,1,1,1,6,beam_3,20,0.02708359999815002,9,0.003009288888683336,True
4,MEDIUM_MAZE,493,493,1,2,6,6,greedy,20,0.022924399992916733,9,0.002547155554768526,True
4,MEDIUM_MAZE,493,493,1,2,6,6,beam_2,20,0.025437299977056682,9,0.002826366664117409,True
4,MEDIUM_MAZE,493,493,1,2,6,6,beam_3,20,0.026410799997393042,9,0.0029345333330436712,True
4,MEDIUM_MAZE,565,565,2,1,6,2,greedy,20,0.05585240002255887,19,0.002939600001187309,False
4,MEDIUM_MAZE,565,565,2,1,6,2,beam_2,20,0.06843599997228011,19,0.003601894735383164,False
4,MEDIUM_MAZE,565,565,2,1,6,2,beam_3,20,0.0707031000056304,19,0.0037212157897700215,False
4,MEDIUM_MAZE,864,864,4,6,6,1,greedy,20,0.028020800033118576,9,0.003113422225902064,True
4,MEDIUM_MAZE,864,864,4,6,6,1,beam_2,20,0.0321747999987565,9,0.0035749777776396107,True
4,MEDIUM_MAZE,864,864,4,6,6,1,beam_3,20,0.033867099962662905,9,0.003763011106962545,True
4,MEDIUM_MAZE,969,969,6,1,1,1,greedy,20,0.02607179997721687,9,0.002896866664135208,True
4,MEDIUM_MAZE,969,969,6,1,1,1,beam_2,20,0.02981279999949038,9,0.003312533333276709,True
4,MEDIUM_MAZE,969,969,6,1,1,1,beam_3,20,0.030133699998259544,9,0.003348188888695505,True
4,MEDIUM_MAZE,995,995,6,2,1,2,greedy,20,0.02442440000595525,9,0.0027138222228839165,True
4,MEDIUM_MAZE,995,995,6,2,1,2,beam_2,20,0.025555000000167638,9,0.002839444444463071,True
4,MEDIUM_MAZE,995,995,6,2,1,2,beam_3,20,0.02672990004066378,9,0.0029699888934070864,True
4,MEDIUM_MAZE,1022,1022,6,4,1,6,greedy,20,0.02496660000178963,9,0.0027740666668655146,True
4,MEDIUM_MAZE,1022,1022,6,4,1,6,beam_2,20,0.02615630003856495,9,0.00290625555984055,True
4,MEDIUM_MAZE,1022,1022,6,4,1,6,beam_3,20,0.027269900019746274,9,0.003029988891082919,True
4,MEDIUM_MAZE,1090,1090,6,6,6,1,greedy,20,0.023934500000905246,9,0.002659388888989472,True
4,MEDIUM_MAZE,1090,1090,6,6,6,1,beam_2,20,0.026601799996569753,9,0.002955755555174417,True
4,MEDIUM_MAZE,1090,1090,6,6,6,1,beam_3,20,0.027188499982003123,9,0.0030209444424447915,True
4,MEDIUM_MAZE,665,665,2,6,6,2,greedy,22,0.052381600020453334,19,0.002756926316865965,False
4,MEDIUM_MAZE,665,665,2,6,6,2,beam_2,22,0.028030899993609637,10,0.0028030899993609637,True
4,MEDIUM_MAZE,665,665,2,6,6,2,beam_3,22,0.02989010000601411,10,0.0029890100006014107,True
4,MEDIUM_MAZE,994,994,6,2,1,1,greedy,22,0.026576099975500256,10,0.0026576099975500257,True
4,MEDIUM_MAZE,994,994,6,2,1,1,beam_2,22,0.028663699980825186,10,0.0028663699980825187,True
4,MEDIUM_MAZE,994,994,6,2,1,1,beam_3,22,0.030156099994201213,10,0.003015609999420121,True
4,MEDIUM_MAZE,1069,1069,6,6,1,1,greedy,22,0.025741599965840578,10,0.002574159996584058,True
4,MEDIUM_MAZE,1069,1069,6,6,1,1,beam_2,22,0.02915039996150881,10,0.002915039996150881,True
4,MEDIUM_MAZE,1069,1069,6,6,1,1,beam_3,22,0.03385479998541996,10,0.003385479998541996,True
4,MEDIUM_MAZE,1014,1014,6,2,5,6,greedy,24,0.02886920003220439,11,0.002624472730200399,True
4,MEDIUM_MAZE,1014,1014,6,2,5,6,beam_2,24,0.031125799985602498,11,0.002829618180509318,True
4,MEDIUM_MAZE,1014,1014,6,2,5,6,beam_3,24,0.03180900000734255,11,0.002891727273394777,True
4,LARGE_MAZE,1835,1835,1,3,1,2,greedy,16,0.041381999966688454,16,0.0025863749979180284,False
4,LARGE_MAZE,1835,1835,1,3,1,2,beam_2,16,0.002095899952109903,1,0.002095899952109903,True
4,LARGE_MAZE,1835,1835,1,3,1,2,beam_3,16,0.0024048000341281295,1,0.0024048000341281295,True
4,LARGE_MAZE,1927,1927,1,5,1,4,greedy,16,0.04809470003237948,16,0.0030059187520237174,False
4,LARGE_MAZE,1927,1927,1,5,1,4,beam_2,16,0.0033477000542916358,1,0.0033477000542916358,True
4,LARGE_MAZE,1927,1927,1,5,1,4,beam_3,16,0.002378300006967038,1,0.002378300006967038,True
4,LARGE_MAZE,2020,2020,1,8,1,9,greedy,16,0.002307399990968406,1,0.002307399990968406,True
4,LARGE_MAZE,2020,2020,1,8,1,9,beam_2,16,0.002465199970174581,1,0.002465199970174581,True
4,LARGE_MAZE,2020,2020,1,8,1,9,beam_3,16,0.002118100004736334,1,0.002118100004736334,True
4,LARGE_MAZE,2149,2149,2,1,1,1,greedy,16,0.00205800001276657,1,0.00205800001276657,True
4,LARGE_MAZE,2149,2149,2,1,1,1,beam_2,16,0.00259719998575747,1,0.00259719998575747,True
4,LARGE_MAZE,2149,2149,2,1,1,1,beam_3,16,0.0024335000198334455,1,0.0024335000198334455,True
4,LARGE_MAZE,2255,2255,2,5,3,5,greedy,16,0.002628799993544817,1,0.002628799993544817,True
4,LARGE_MAZE,2255,2255,2,5,3,5,beam_2,16,0.0028817999991588295,1,0.0028817999991588295,True
4,LARGE_MAZE,2255,2255,2,5,3,5,beam_3,16,0.00225789996329695,1,0.00225789996329695,True
4,LARGE_MAZE,2383,2383,3,1,2,1,greedy,16,0.04905849997885525,16,0.0030661562486784533,False
4,LARGE_MAZE,2383,2383,3,1,2,1,beam_2,16,0.0023877000203356147,1,0.0023877000203356147,True
4,LARGE_MAZE,2383,2383,3,1,2,1,beam_3,16,0.002396700030658394,1,0.002396700030658394,True
4,LARGE_MAZE,2474,2474,3,3,2,3,greedy,16,0.002430099993944168,1,0.002430099993944168,True
4,LARGE_MAZE,2474,2474,3,3,2,3,beam_2,16,0.0022566000116057694,1,0.0022566000116057694,True
4,LARGE_MAZE,2474,2474,3,3,2,3,beam_3,16,0.0020286000217311084,1,0.0020286000217311084,True
4,LARGE_MAZE,2571,2571,3,6,3,5,greedy,16,0.042478499992284924,16,0.0026549062495178077,False
4,LARGE_MAZE,2571,2571,3,6,3,5,beam_2,16,0.002455799956806004,1,0.002455799956806004,True
4,LARGE_MAZE,2571,2571,3,6,3,5,beam_3,16,0.00208609999390319,1,0.00208609999390319,True
4,LARGE_MAZE,2663,2663,3,8,3,7,greedy,16,0.0020637999987229705,1,0.0020637999987229705,True
4,LARGE_MAZE,2663,2663,3,8,3,7,beam_2,16,0.0024680999922566116,1,0.0024680999922566116,True
4,LARGE_MAZE,2663,2663,3,8,3,7,beam_3,16,0.0023954000207595527,1,0.0023954000207595527,True
4,LARGE_MAZE,2755,2755,3,10,3,9,greedy,16,0.0021080999867990613,1,0.0021080999867990613,True
4,LARGE_MAZE,2755,2755,3,10,3,9,beam_2,16,0.0021561000030487776,1,0.0021561000030487776,True
4,LARGE_MAZE,2755,2755,3,10,3,9,beam_3,16,0.002489499980583787,1,0.002489499980583787,True
4,LARGE_MAZE,2853,2853,4,5,5,5,greedy,16,0.04289290000451729,16,0.0026808062502823304,False
4,LARGE_MAZE,2853,2853,4,5,5,5,beam_2,16,0.0020732999546453357,1,0.0020732999546453357,True
4,LARGE_MAZE,2853,2853,4,5,5,5,beam_3,16,0.002247299998998642,1,0.002247299998998642,True
4,LARGE_MAZE,2985,2985,5,2,5,1,greedy,16,0.0023114000214263797,1,0.0023114000214263797,True
4,LARGE_MAZE,2985,2985,5,2,5,1,beam_2,16,0.0023039999650791287,1,0.0023039999650791287,True
4,LARGE_MAZE,2985,2985,5,2,5,1,beam_3,16,0.0020617999834939837,1,0.0020617999834939837,True
4,LARGE_MAZE,3077,3077,5,4,5,3,greedy,16,0.04200539999874309,16,0.002625337499921443,False
4,LARGE_MAZE,3077,3077,5,4,5,3,beam_2,16,0.002489300037268549,1,0.002489300037268549,True
4,LARGE_MAZE,3077,3077,5,4,5,3,beam_3,16,0.002482099982444197,1,0.002482099982444197,True
4,LARGE_MAZE,3174,3174,5,7,6,7,greedy,16,0.002205899974796921,1,0.002205899974796921,True
4,LARGE_MAZE,3174,3174,5,7,6,7,beam_2,16,0.0025292999926023185,1,0.0025292999926023185,True
4,LARGE_MAZE,3174,3174,5,7,6,7,beam_3,16,0.0022031000116840005,1,0.0022031000116840005,True
4,LARGE_MAZE,3302,3302,6,3,5,3,greedy,16,0.0022193000186234713,1,0.0022193000186234713,True
4,LARGE_MAZE,3302,3302,6,3,5,3,beam_2,16,0.002354399999603629,1,0.002354399999603629,True
4,LARGE_MAZE,3302,3302,6,3,5,3,beam_3,16,0.0023392000002786517,1,0.0023392000002786517,True
4,LARGE_MAZE,3406,3406,6,7,7,7,greedy,16,0.002107099979184568,1,0.002107099979184568,True
4,LARGE_MAZE,3406,3406,6,7,7,7,beam_2,16,0.002051000017672777,1,0.002051000017672777,True
4,LARGE_MAZE,3406,3406,6,7,7,7,beam_3,16,0.0024728000280447304,1,0.0024728000280447304,True
4,LARGE_MAZE,3538,3538,7,2,7,3,greedy,16,0.0021675999742001295,1,0.0021675999742001295,True
4,LARGE_MAZE,3538,3538,7,2,7,3,beam_2,16,0.002110400004312396,1,0.002110400004312396,True
4,LARGE_MAZE,3538,3538,7,2,7,3,beam_3,16,0.002629399998113513,1,0.002629399998113513,True
4,LARGE_MAZE,3675,3675,7,6,7,5,greedy,16,0.0023135000374168158,1,0.0023135000374168158,True
4,LARGE_MAZE,3675,3675,7,6,7,5,beam_2,16,0.0022267999593168497,1,0.0022267999593168497,True
4,LARGE_MAZE,3675,3675,7,6,7,5,beam_3,16,0.0025044999783858657,1,0.0025044999783858657,True
4,LARGE_MAZE,3768,3768,7,9,7,10,greedy,16,0.0493688999558799,16,0.0030855562472424936,False
4,LARGE_MAZE,3768,3768,7,9,7,10,beam_2,16,0.0029143000137992203,1,0.0029143000137992203,True
4,LARGE_MAZE,3768,3768,7,9,7,10,beam_3,16,0.002855299971997738,1,0.002855299971997738,True
4,LARGE_MAZE,1797,1797,1,2,2,1,greedy,16,0.005683100025635213,2,0.0028415500128176063,True
4,LARGE_MAZE,1797,1797,1,2,2,1,beam_2,16,0.005333199980668724,2,0.002666599990334362,True
4,LARGE_MAZE,1797,1797,1,2,2,1,beam_3,16,0.006467700004577637,2,0.0032338500022888184,True
4,LARGE_MAZE,1880,1880,1,4,1,2,greedy,16,0.05319549998966977,16,0.0033247187493543606,False
4,LARGE_MAZE,1880,1880,1,4,1,2,beam_2,16,0.005840700003318489,2,0.0029203500016592443,True
4,LARGE_MAZE,1880,1880,1,4,1,2,beam_3,16,0.006510299979709089,2,0.0032551499898545444,True
4,LARGE_MAZE,1975,1975,1,7,1,9,greedy,16,0.021696199954021722,8,0.0027120249942527153,True
4,LARGE_MAZE,1975,1975,1,7,1,9,beam_2,16,0.0055677000200375915,2,0.0027838500100187957,True
4,LARGE_MAZE,1975,1975,1,7,1,9,beam_3,16,0.00577829999383539,2,0.002889149996917695,True
4,LARGE_MAZE,2071,2071,1,9,2,10,greedy,16,0.04799099999945611,16,0.0029994374999660067,False
4,LARGE_MAZE,2071,2071,1,9,2,10,beam_2,16,0.006687599990982562,2,0.003343799995491281,True
4,LARGE_MAZE,2071,2071,1,9,2,10,beam_3,16,0.005389900004956871,2,0.0026949500024784356,True
4,LARGE_MAZE,2171,2171,2,1,4,1,greedy,16,0.04732529999455437,16,0.002957831249659648,False
4,LARGE_MAZE,2171,2171,2,1,4,1,beam_2,16,0.00524469994707033,2,0.002622349973535165,True
4,LARGE_MAZE,2171,2171,2,1,4,1,beam_3,16,0.005454799975268543,2,0.0027273999876342714,True
4,LARGE_MAZE,2256,2256,2,5,3,6,greedy,16,0.005479399987962097,2,0.0027396999939810485,True
4,LARGE_MAZE,2256,2256,2,5,3,6,beam_2,16,0.006035800033714622,2,0.003017900016857311,True
4,LARGE_MAZE,2256,2256,2,5,3,6,beam_3,16,0.005611700005829334,2,0.002805850002914667,True
4,LARGE_MAZE,2336,2336,2,10,1,9,greedy,16,0.04453879996435717,16,0.002783674997772323,False
4,LARGE_MAZE,2336,2336,2,10,1,9,beam_2,16,0.025085499975830317,8,0.0031356874969787896,True
4,LARGE_MAZE,2336,2336,2,10,1,9,beam_3,16,0.0050549000152386725,2,0.0025274500076193362,True
4,LARGE_MAZE,2399,2399,3,1,5,1,greedy,16,0.004768499988131225,2,0.0023842499940656126,True
4,LARGE_MAZE,2399,2399,3,1,5,1,beam_2,16,0.005498100013937801,2,0.0027490500069689006,True
4,LARGE_MAZE,2399,2399,3,1,5,1,beam_3,16,0.005442699999548495,2,0.0027213499997742474,True
4,LARGE_MAZE,2478,2478,3,3,3,1,greedy,16,0.005159099993761629,2,0.0025795499968808144,True
4,LARGE_MAZE,2478,2478,3,3,3,1,beam_2,16,0.005564699997194111,2,0.0027823499985970557,True
4,LARGE_MAZE,2478,2478,3,3,3,1,beam_3,16,0.005657700006850064,2,0.002828850003425032,True
4,LARGE_MAZE,2566,2566,3,6,2,7,greedy,16,0.0048739000339992344,2,0.0024369500169996172,True
4,LARGE_MAZE,2566,2566,3,6,2,7,beam_2,16,0.005144399998243898,2,0.002572199999121949,True
4,LARGE_MAZE,2566,2566,3,6,2,7,beam_3,16,0.005524599982891232,2,0.002762299991445616,True
4,LARGE_MAZE,2619,2619,3,7,3,9,greedy,16,0.04653630004031584,16,0.00290851875251974,False
4,LARGE_MAZE,2619,2619,3,7,3,9,beam_2,16,0.005753599980380386,2,0.002876799990190193,True
4,LARGE_MAZE,2619,2619,3,7,3,9,beam_3,16,0.005473400000482798,2,0.002736700000241399,True
4,LARGE_MAZE,2708,2708,3,9,3,7,greedy,16,0.029472800029907376,10,0.0029472800029907375,True
4,LARGE_MAZE,2708,2708,3,9,3,7,beam_2,16,0.03030469996156171,10,0.003030469996156171,True
4,LARGE_MAZE,2708,2708,3,9,3,7,beam_3,16,0.005702999944332987,2,0.0028514999721664935,True
4,LARGE_MAZE,2788,2788,4,1,2,1,greedy,16,0.04500789998564869,16,0.0028129937491030432,False
4,LARGE_MAZE,2788,2788,4,1,2,1,beam_2,16,0.004942200030200183,2,0.0024711000151000917,True
4,LARGE_MAZE,2788,2788,4,1,2,1,beam_3,16,0.005113699997309595,2,0.0025568499986547977,True
4,LARGE_MAZE,2852,2852,4,5,5,4,greedy,16,0.04236479999963194,16,0.0026477999999769963,False
4,LARGE_MAZE,2852,2852,4,5,5,4,beam_2,16,0.04841869999654591,14,0.0034584785711818506,True
4,LARGE_MAZE,2852,2852,4,5,5,4,beam_3,16,0.005403999995905906,2,0.002701999997952953,True
4,LARGE_MAZE,2928,2928,5,1,3,1,greedy,16,0.04654270003084093,16,0.0029089187519275583,False
4,LARGE_MAZE,2928,2928,5,1,3,1,beam_2,16,0.006342099979519844,2,0.003171049989759922,True
4,LARGE_MAZE,2928,2928,5,1,3,1,beam_3,16,0.006702000042423606,2,0.003351000021211803,True
4,LARGE_MAZE,3030,3030,5,3,5,1,greedy,16,0.0063581999856978655,2,0.0031790999928489327,True
4,LARGE_MAZE,3030,3030,5,3,5,1,beam_2,16,0.004980600031558424,2,0.002490300015779212,True
4,LARGE_MAZE,3030,3030,5,3,5,1,beam_3,16,0.005926000012550503,2,0.0029630000062752515,True
4,LARGE_MAZE,3082,3082,5,4,6,3,greedy,16,0.005926599958911538,2,0.002963299979455769,True
4,LARGE_MAZE,3082,3082,5,4,6,3,beam_2,16,0.005525799992028624,2,0.002762899996014312,True
4,LARGE_MAZE,3082,3082,5,4,6,3,beam_3,16,0.00563309999415651,2,0.002816549997078255,True
4,LARGE_MAZE,3181,3181,5,7,7,7,greedy,16,0.005668400030117482,2,0.002834200015058741,True
4,LARGE_MAZE,3181,3181,5,7,7,7,beam_2,16,0.005726600007619709,2,0.0028633000038098544,True
4,LARGE_MAZE,3181,3181,5,7,7,7,beam_3,16,0.005514900025445968,2,0.002757450012722984,True
4,LARGE_MAZE,3301,3301,6,3,5,2,greedy,16,0.005717399995774031,2,0.0028586999978870153,True
4,LARGE_MAZE,3301,3301,6,3,5,2,beam_2,16,0.005626300000585616,2,0.002813150000292808,True
4,LARGE_MAZE,3301,3301,6,3,5,2,beam_3,16,0.005368000012822449,2,0.0026840000064112246,True
4,LARGE_MAZE,3360,3360,6,5,7,6,greedy,16,0.04690170002868399,16,0.0029313562517927494,False
4,LARGE_MAZE,3360,3360,6,5,7,6,beam_2,16,0.05295959999784827,16,0.003309974999865517,False
4,LARGE_MAZE,3360,3360,6,5,7,6,beam_3,16,0.005850300018209964,2,0.002925150009104982,True
4,LARGE_MAZE,3533,3533,7,2,6,3,greedy,16,0.0052970999968238175,2,0.0026485499984119087,True
4,LARGE_MAZE,3533,3533,7,2,6,3,beam_2,16,0.005100900016259402,2,0.002550450008129701,True
4,LARGE_MAZE,3533,3533,7,2,6,3,beam_3,16,0.005673599953297526,2,0.002836799976648763,True
4,LARGE_MAZE,3669,3669,7,6,6,5,greedy,16,0.005368200014345348,2,0.002684100007172674,True
4,LARGE_MAZE,3669,3669,7,6,6,5,beam_2,16,0.0056526000262238085,2,0.0028263000131119043,True
4,LARGE_MAZE,3669,3669,7,6,6,5,beam_3,16,0.005861699988599867,2,0.0029308499942999333,True
4,LARGE_MAZE,3806,3806,7,10,6,9,greedy,16,0.0055667999549768865,2,0.0027833999774884433,True
4,LARGE_MAZE,3806,3806,7,10,6,9,beam_2,16,0.004980799974873662,2,0.002490399987436831,True
4,LARGE_MAZE,3806,3806,7,10,6,9,beam_3,16,0.005828400026075542,2,0.002914200013037771,True
4,LARGE_MAZE,1792,1792,1,2,1,5,greedy,16,0.008388300018850714,3,0.0027961000062835715,True
4,LARGE_MAZE,1792,1792,1,2,1,5,beam_2,16,0.00833870004862547,3,0.0027795666828751564,True
4,LARGE_MAZE,1792,1792,1,2,1,5,beam_3,16,0.009526300011202693,3,0.0031754333370675645,True
4,LARGE_MAZE,1848,1848,1,3,3,2,greedy,16,0.04804209998110309,16,0.0030026312488189433,False
4,LARGE_MAZE,1848,1848,1,3,3,2,beam_2,16,0.05517070001224056,16,0.003448168750765035,False
4,LARGE_MAZE,1848,1848,1,3,3,2,beam_3,16,0.06348880002042279,16,0.003968050001276424,False
4,LARGE_MAZE,1933,1933,1,5,2,3,greedy,16,0.05389460001606494,16,0.003368412501004059,False
4,LARGE_MAZE,1933,1933,1,5,2,3,beam_2,16,0.011022999999113381,3,0.0036743333330377936,True
4,LARGE_MAZE,1933,1933,1,5,2,3,beam_3,16,0.011910000001080334,3,0.003970000000360112,True
4,LARGE_MAZE,1988,1988,1,7,3,8,greedy,16,0.05523719999473542,16,0.0034523249996709637,False
4,LARGE_MAZE,1988,1988,1,7,3,8,beam_2,16,0.011853799980599433,3,0.003951266660199811,True
4,LARGE_MAZE,1988,1988,1,7,3,8,beam_3,16,0.011987200006842613,3,0.003995733335614204,True
4,LARGE_MAZE,2109,2109,1,10,1,7,greedy,16,0.009231299976818264,3,0.0030770999922727547,True
4,LARGE_MAZE,2109,2109,1,10,1,7,beam_2,16,0.010624899994581938,3,0.0035416333315273127,True
4,LARGE_MAZE,2109,2109,1,10,1,7,beam_3,16,0.009700399998109788,3,0.003233466666036596,True
4,LARGE_MAZE,2174,2174,2,1,5,1,greedy,16,0.052969599957577884,16,0.0033105999973486178,False
4,LARGE_MAZE,2174,2174,2,1,5,1,beam_2,16,0.009771699958946556,3,0.003257233319648852,True
4,LARGE_MAZE,2174,2174,2,1,5,1,beam_3,16,0.010419600002933294,3,0.0034732000009777644,True
4,LARGE_MAZE,2257,2257,2,5,3,7,greedy,16,0.00806429999647662,3,0.0026880999988255403,True
4,LARGE_MAZE,2257,2257,2,5,3,7,beam_2,16,0.00841259997105226,3,0.002804199990350753,True
4,LARGE_MAZE,2257,2257,2,5,3,7,beam_3,16,0.011264399974606931,3,0.0037547999915356436,True
4,LARGE_MAZE,2335,2335,2,10,1,8,greedy,16,0.04868859995622188,16,0.0030430374972638674,False
4,LARGE_MAZE,2335,2335,2,10,1,8,beam_2,16,0.007964599994011223,3,0.0026548666646704078,True
4,LARGE_MAZE,2335,2335,2,10,1,8,beam_3,16,0.00873699999647215,3,0.0029123333321573832,True
4,LARGE_MAZE,2400,2400,3,1,5,2,greedy,16,0.007629799947608262,3,0.0025432666492027542,True
4,LARGE_MAZE,2400,2400,3,1,5,2,beam_2,16,0.007964299991726875,3,0.0026547666639089584,True
4,LARGE_MAZE,2400,2400,3,1,5,2,beam_3,16,0.008552599989343435,3,0.0028508666631144783,True
4,LARGE_MAZE,2467,2467,3,3,1,4,greedy,16,0.0072521999827586114,3,0.0024173999942528703,True
4,LARGE_MAZE,2467,2467,3,3,1,4,beam_2,16,0.007953599968459457,3,0.0026511999894864857,True
4,LARGE_MAZE,2467,2467,3,3,1,4,beam_3,16,0.008144200022798032,3,0.002714733340932677,True
4,LARGE_MAZE,2528,2528,3,5,3,8,greedy,16,0.007230899995192885,3,0.0024102999983976283,True
4,LARGE_MAZE,2528,2528,3,5,3,8,beam_2,16,0.0077948999824002385,3,0.002598299994133413,True
4,LARGE_MAZE,2528,2528,3,5,3,8,beam_3,16,0.008319799962919205,3,0.002773266654306402,True
4,LARGE_MAZE,2574,2574,3,6,3,9,greedy,16,0.04345130000729114,16,0.002715706250455696,False
4,LARGE_MAZE,2574,2574,3,6,3,9,beam_2,16,0.007743299996946007,3,0.0025810999989820025,True
4,LARGE_MAZE,2574,2574,3,6,3,9,beam_3,16,0.008926499984227121,3,0.0029754999947423735,True
4,LARGE_MAZE,2622,2622,3,7,4,5,greedy,16,0.009537399979308248,3,0.0031791333264360824,True
4,LARGE_MAZE,2622,2622,3,7,4,5,beam_2,16,0.009284199972171336,3,0.003094733324057112,True
4,LARGE_MAZE,2622,2622,3,7,4,5,beam_3,16,0.008658199978526682,3,0.0028860666595088937,True
4,LARGE_MAZE,2697,2697,3,9,1,10,greedy,16,0.007562399958260357,3,0.002520799986086786,True
4,LARGE_MAZE,2697,2697,3,9,1,10,beam_2,16,0.007895199989434332,3,0.002631733329811444,True
4,LARGE_MAZE,2697,2697,3,9,1,10,beam_3,16,0.009184699971228838,3,0.003061566657076279,True
4,LARGE_MAZE,2753,2753,3,10,3,7,greedy,16,0.04550950002158061,15,0.003033966668105374,True
4,LARGE_MAZE,2753,2753,3,10,3,7,beam_2,16,0.008530499995686114,3,0.002843499998562038,True
4,LARGE_MAZE,2753,2753,3,10,3,7,beam_3,16,0.008666099980473518,3,0.002888699993491173,True
4,LARGE_MAZE,2828,2828,4,5,1,5,greedy,16,0.007611199980601668,3,0.0025370666602005563,True
4,LARGE_MAZE,2828,2828,4,5,1,5,beam_2,16,0.007835199998226017,3,0.0026117333327420056,True
4,LARGE_MAZE,2828,2828,4,5,1,5,beam_3,16,0.008114499971270561,3,0.0027048333237568536,True
4,LARGE_MAZE,2889,2889,4,10,3,8,greedy,16,0.007354500005021691,3,0.0024515000016738973,True
4,LARGE_MAZE,2889,2889,4,10,3,8,beam_2,16,0.008197399962227792,3,0.0027324666540759304,True
4,LARGE_MAZE,2889,2889,4,10,3,8,beam_3,16,0.00795030000153929,3,0.002650100000513097,True
4,LARGE_MAZE,2947,2947,5,1,6,3,greedy,16,0.04469370003789663,16,0.0027933562523685396,False
4,LARGE_MAZE,2947,2947,5,1,6,3,beam_2,16,0.007933299988508224,3,0.0026444333295027414,True
4,LARGE_MAZE,2947,2947,5,1,6,3,beam_3,16,0.008842699986416847,3,0.0029475666621389487,True
4,LARGE_MAZE,3028,3028,5,3,4,5,greedy,16,0.008675099990796298,3,0.002891699996932099,True
4,LARGE_MAZE,3028,3028,5,3,4,5,beam_2,16,0.007771999982651323,3,0.0025906666608837745,True
4,LARGE_MAZE,3028,3028,5,3,4,5,beam_3,16,0.008460600045509636,3,0.002820200015169879,True
4,LARGE_MAZE,3088,3088,5,4,7,3,greedy,16,0.043848700006492436,16,0.0027405437504057772,False
4,LARGE_MAZE,3088,3088,5,4,7,3,beam_2,16,0.00765689997933805,3,0.0025522999931126833,True
4,LARGE_MAZE,3088,3088,5,4,7,3,beam_3,16,0.009401600051205605,3,0.0031338666837352016,True
4,LARGE_MAZE,3127,3127,5,5,6,3,greedy,16,0.04374039999675006,16,0.0027337749997968785,False
4,LARGE_MAZE,3127,3127,5,5,6,3,beam_2,16,0.008347499999217689,3,0.0027824999997392297,True
4,LARGE_MAZE,3127,3127,5,5,6,3,beam_3,16,0.008189000014681369,3,0.0027296666715604565,True
4,LARGE_MAZE,3242,3242,5,10,2,10,greedy,16,0.04251659999135882,16,0.002657287499459926,False
4,LARGE_MAZE,3242,3242,5,10,2,10,beam_2,16,0.007939099974464625,3,0.002646366658154875,True
4,LARGE_MAZE,3242,3242,5,10,2,10,beam_3,16,0.00818859995342791,3,0.0027295333178093037,True
4,LARGE_MAZE,3311,3311,6,3,7,1,greedy,16,0.04761579999467358,16,0.0029759874996670987,False
4,LARGE_MAZE,3311,3311,6,3,7,1,beam_2,16,0.051188900019042194,16,0.003199306251190137,False
4,LARGE_MAZE,3311,3311,6,3,7,1,beam_3,16,0.052630399994086474,16,0.0032893999996304046,False
4,LARGE_MAZE,3434,3434,6,9,4,10,greedy,16,0.007067699974868447,3,0.0023558999916228154,True
4,LARGE_MAZE,3434,3434,6,9,4,10,beam_2,16,0.008342700020875782,3,0.002780900006958594,True
4,LARGE_MAZE,3434,3434,6,9,4,10,beam_3,16,0.008240099996328354,3,0.002746699998776118,True
4,LARGE_MAZE,3613,3613,7,5,4,5,greedy,16,0.007884499966166914,3,0.0026281666553889713,True
4,LARGE_MAZE,3613,3613,7,5,4,5,beam_2,16,0.00774440000532195,3,0.0025814666684406498,True
4,LARGE_MAZE,3613,3613,7,5,4,5,beam_3,16,0.008594500017352402,3,0.0028648333391174674,True
4,LARGE_MAZE,3714,3714,7,7,6,5,greedy,16,0.007929200015496463,3,0.002643066671832154,True
4,LARGE_MAZE,3714,3714,7,7,6,5,beam_2,16,0.007813400006853044,3,0.0026044666689510145,True
4,LARGE_MAZE,3714,3714,7,7,6,5,beam_3,16,0.009220799955073744,3,0.003073599985024581,True
4,LARGE_MAZE,1769,1769,1,1,5,1,greedy,16,0.04445739998482168,16,0.002778587499051355,False
4,LARGE_MAZE,1769,1769,1,1,5,1,beam_2,16,0.010953199991490692,4,0.002738299997872673,True
4,LARGE_MAZE,1769,1769,1,1,5,1,beam_3,16,0.011373199988156557,4,0.0028432999970391393,True
4,LARGE_MAZE,1850,1850,1,3,3,5,greedy,16,0.009336800023447722,4,0.0023342000058619305,True
4,LARGE_MAZE,1850,1850,1,3,3,5,beam_2,16,0.011328900000080466,4,0.0028322250000201166,True
4,LARGE_MAZE,1850,1850,1,3,3,5,beam_3,16,0.0117655000067316,4,0.0029413750016829,True
4,LARGE_MAZE,1924,1924,1,5,1,1,greedy,16,0.03259660000912845,12,0.0027163833340940378,True
4,LARGE_MAZE,1924,1924,1,5,1,1,beam_2,16,0.01407080003991723,4,0.0035177000099793077,True
4,LARGE_MAZE,1924,1924,1,5,1,1,beam_3,16,0.017960999975912273,4,0.004490249993978068,True
4,LARGE_MAZE,1985,1985,1,7,3,5,greedy,16,0.01426039997022599,4,0.0035650999925564975,True
4,LARGE_MAZE,1985,1985,1,7,3,5,beam_2,16,0.013781299989204854,4,0.0034453249973012134,True
4,LARGE_MAZE,1985,1985,1,7,3,5,beam_3,16,0.01380559999961406,4,0.003451399999903515,True
4,LARGE_MAZE,2077,2077,1,9,3,7,greedy,16,0.05142909998539835,16,0.003214318749087397,False
4,LARGE_MAZE,2077,2077,1,9,3,7,beam_2,16,0.011529500014148653,4,0.002882375003537163,True
4,LARGE_MAZE,2077,2077,1,9,3,7,beam_3,16,0.011683700024150312,4,0.002920925006037578,True
4,LARGE_MAZE,2136,2136,1,10,5,10,greedy,16,0.015415500034578145,6,0.002569250005763024,True
4,LARGE_MAZE,2136,2136,1,10,5,10,beam_2,16,0.01119649998145178,4,0.002799124995362945,True
4,LARGE_MAZE,2136,2136,1,10,5,10,beam_3,16,0.013516799954231828,4,0.003379199988557957,True
4,LARGE_MAZE,2204,2204,2,3,2,5,greedy,16,0.012624200026039034,4,0.0031560500065097585,True
4,LARGE_MAZE,2204,2204,2,3,2,5,beam_2,16,0.015580100007355213,4,0.0038950250018388033,True
4,LARGE_MAZE,2204,2204,2,3,2,5,beam_3,16,0.012726699991617352,4,0.003181674997904338,True
4,LARGE_MAZE,2258,2258,2,5,3,8,greedy,16,0.04500119999283925,16,0.002812574999552453,False
4,LARGE_MAZE,2258,2258,2,5,3,8,beam_2,16,0.013564800028689206,4,0.0033912000071723014,True
4,LARGE_MAZE,2258,2258,2,5,3,8,beam_3,16,0.013403200020547956,4,0.003350800005136989,True
4,LARGE_MAZE,2305,2305,2,7,3,10,greedy,16,0.010732299997471273,4,0.0026830749993678182,True
4,LARGE_MAZE,2305,2305,2,7,3,10,beam_2,16,0.011188799981027842,4,0.0027971999952569604,True
4,LARGE_MAZE,2305,2305,2,7,3,10,beam_3,16,0.012023699993733317,4,0.003005924998433329,True
4,LARGE_MAZE,2376,2376,3,1,1,3,greedy,16,0.009985200013034046,4,0.0024963000032585114,True
4,LARGE_MAZE,2376,2376,3,1,1,3,beam_2,16,0.010992700001224875,4,0.002748175000306219,True
4,LARGE_MAZE,2376,2376,3,1,1,3,beam_3,16,0.012799500022083521,4,0.0031998750055208802,True
4,LARGE_MAZE,2464,2464,3,3,1,1,greedy,16,0.04358340002363548,16,0.0027239625014772173,False
4,LARGE_MAZE,2464,2464,3,3,1,1,beam_2,16,0.011665400001220405,4,0.0029163500003051013,True
4,LARGE_MAZE,2464,2464,3,3,1,1,beam_3,16,0.012257100024726242,4,0.0030642750061815605,True
4,LARGE_MAZE,2529,2529,3,5,3,9,greedy,16,0.009730199992191046,4,0.0024325499980477616,True
4,LARGE_MAZE,2529,2529,3,5,3,9,beam_2,16,0.010516899987123907,4,0.0026292249967809767,True
4,LARGE_MAZE,2529,2529,3,5,3,9,beam_3,16,0.01160989998606965,4,0.0029024749965174124,True
4,LARGE_MAZE,2575,2575,3,6,3,10,greedy,16,0.009348299994599074,4,0.0023370749986497685,True
4,LARGE_MAZE,2575,2575,3,6,3,10,beam_2,16,0.010510000050999224,4,0.002627500012749806,True
4,LARGE_MAZE,2575,2575,3,6,3,10,beam_3,16,0.011290099995676428,4,0.002822524998919107,True
4,LARGE_MAZE,2612,2612,3,7,2,10,greedy,16,0.010098800004925579,4,0.0025247000012313947,True
4,LARGE_MAZE,2612,2612,3,7,2,10,beam_2,16,0.010733500006608665,4,0.0026833750016521662,True
4,LARGE_MAZE,2612,2612,3,7,2,10,beam_3,16,0.012905899959150702,4,0.0032264749897876754,True
4,LARGE_MAZE,2655,2655,3,8,2,5,greedy,16,0.009628699976019561,4,0.0024071749940048903,True
4,LARGE_MAZE,2655,2655,3,8,2,5,beam_2,16,0.01065559999551624,4,0.00266389999887906,True
4,LARGE_MAZE,2655,2655,3,8,2,5,beam_3,16,0.011424000025726855,4,0.0028560000064317137,True
4,LARGE_MAZE,2706,2706,3,9,3,5,greedy,16,0.04170999996131286,16,0.0026068749975820538,False
4,LARGE_MAZE,2706,2706,3,9,3,5,beam_2,16,0.010984199994709343,4,0.0027460499986773357,True
4,LARGE_MAZE,2706,2706,3,9,3,5,beam_3,16,0.0114054000005126,4,0.00285135000012815,True
4,LARGE_MAZE,2770,2770,3,10,6,9,greedy,16,0.04318710003281012,16,0.0026991937520506326,False
4,LARGE_MAZE,2770,2770,3,10,6,9,beam_2,16,0.053310399991460145,16,0.003331899999466259,False
4,LARGE_MAZE,2770,2770,3,10,6,9,beam_3,16,0.011326399981044233,4,0.002831599995261058,True
4,LARGE_MAZE,2827,2827,4,5,1,4,greedy,16,0.010709499998483807,4,0.0026773749996209517,True
4,LARGE_MAZE,2827,2827,4,5,1,4,beam_2,16,0.010767600033432245,4,0.0026919000083580613,True
4,LARGE_MAZE,2827,2827,4,5,1,4,beam_3,16,0.011908400047104806,4,0.0029771000117762014,True
4,LARGE_MAZE,2865,2865,4,5,7,6,greedy,16,0.04407029994763434,16,0.002754393746727146,False
4,LARGE_MAZE,2865,2865,4,5,7,6,beam_2,16,0.04855659999884665,16,0.0030347874999279156,False
4,LARGE_MAZE,2865,2865,4,5,7,6,beam_3,16,0.051258500025141984,16,0.003203656251571374,False
4,LARGE_MAZE,2930,2930,5,1,3,3,greedy,16,0.04500680003548041,16,0.0028129250022175256,False
4,LARGE_MAZE,2930,2930,5,1,3,3,beam_2,16,0.049572299991268665,16,0.0030982687494542915,False
4,LARGE_MAZE,2930,2930,5,1,3,3,beam_3,16,0.01166749995900318,4,0.002916874989750795,True
4,LARGE_MAZE,2983,2983,5,2,4,5,greedy,16,0.010745399980805814,4,0.0026863499952014536,True
4,LARGE_MAZE,2983,2983,5,2,4,5,beam_2,16,0.012462500017136335,4,0.003115625004284084,True
4,LARGE_MAZE,2983,2983,5,2,4,5,beam_3,16,0.012692600023001432,4,0.003173150005750358,True
4,LARGE_MAZE,3041,3041,5,3,7,1,greedy,16,0.04394840000895783,16,0.0027467750005598646,False
4,LARGE_MAZE,3041,3041,5,3,7,1,beam_2,16,0.012158899975474924,4,0.003039724993868731,True
4,LARGE_MAZE,3041,3041,5,3,7,1,beam_3,16,0.011299800011329353,4,0.002824950002832338,True
4,LARGE_MAZE,3087,3087,5,4,7,2,greedy,16,0.047549700015224516,16,0.0029718562509515323,False
4,LARGE_MAZE,3087,3087,5,4,7,2,beam_2,16,0.01116980001097545,4,0.0027924500027438626,True
4,LARGE_MAZE,3087,3087,5,4,7,2,beam_3,16,0.011288200039416552,4,0.002822050009854138,True
4,LARGE_MAZE,3133,3133,5,5,7,3,greedy,16,0.011898499971721321,4,0.0029746249929303303,True
4,LARGE_MAZE,3133,3133,5,5,7,3,beam_2,16,0.014826899976469576,4,0.003706724994117394,True
4,LARGE_MAZE,3133,3133,5,5,7,3,beam_3,16,0.014714400051161647,4,0.0036786000127904117,True
4,LARGE_MAZE,3237,3237,5,10,1,10,greedy,16,0.012385899957735091,4,0.003096474989433773,True
4,LARGE_MAZE,3237,3237,5,10,1,10,beam_2,16,0.01403230003779754,4,0.003508075009449385,True
4,LARGE_MAZE,3237,3237,5,10,1,10,beam_3,16,0.018975400016643107,4,0.004743850004160777,True
4,LARGE_MAZE,3308,3308,6,3,6,5,greedy,16,0.05650120001519099,16,0.003531325000949437,False
4,LARGE_MAZE,3308,3308,6,3,6,5,beam_2,16,0.012951000011526048,4,0.003237750002881512,True
4,LARGE_MAZE,3308,3308,6,3,6,5,beam_3,16,0.013117399998009205,4,0.003279349999502301,True
4,LARGE_MAZE,3354,3354,6,5,6,7,greedy,16,0.010364499990828335,4,0.002591124997707084,True
4,LARGE_MAZE,3354,3354,6,5,6,7,beam_2,16,0.012457999982871115,4,0.003114499995717779,True
4,LARGE_MAZE,3354,3354,6,5,6,7,beam_3,16,0.012118500017095357,4,0.0030296250042738393,True
4,LARGE_MAZE,3528,3528,7,2,5,4,greedy,16,0.011262699961662292,4,0.002815674990415573,True
4,LARGE_MAZE,3528,3528,7,2,5,4,beam_2,16,0.01249119994463399,4,0.0031227999861584976,True
4,LARGE_MAZE,3528,3528,7,2,5,4,beam_3,16,0.013182700029574335,4,0.0032956750073935837,True
4,LARGE_MAZE,3620,3620,7,5,5,7,greedy,16,0.04544720001285896,16,0.002840450000803685,False
4,LARGE_MAZE,3620,3620,7,5,5,7,beam_2,16,0.04936880001332611,16,0.0030855500008328818,False
4,LARGE_MAZE,3620,3620,7,5,5,7,beam_3,16,0.01208549999864772,4,0.00302137499966193,True
4,LARGE_MAZE,3802,3802,7,10,5,10,greedy,16,0.00959039997542277,4,0.0023975999938556924,True
4,LARGE_MAZE,3802,3802,7,10,5,10,beam_2,16,0.010667999973520637,4,0.002666999993380159,True
4,LARGE_MAZE,3802,3802,7,10,5,10,beam_3,16,0.010457800002768636,4,0.002614450000692159,True
4,LARGE_MAZE,1851,1851,1,3,3,6,greedy,16,0.012133600015658885,5,0.0024267200031317772,True
4,LARGE_MAZE,1851,1851,1,3,3,6,beam_2,16,0.014331199985463172,5,0.0028662399970926346,True
4,LARGE_MAZE,1851,1851,1,3,3,6,beam_3,16,0.014962000015657395,5,0.002992400003131479,True
4,LARGE_MAZE,1908,1908,1,4,5,5,greedy,16,0.042118399986065924,16,0.0026323999991291203,False
4,LARGE_MAZE,1908,1908,1,4,5,5,beam_2,16,0.0132175000035204,5,0.00264350000070408,True
4,LARGE_MAZE,1908,1908,1,4,5,5,beam_3,16,0.014437500038184226,5,0.002887500007636845,True
4,LARGE_MAZE,1952,1952,1,5,5,4,greedy,16,0.011696199944708496,5,0.0023392399889416993,True
4,LARGE_MAZE,1952,1952,1,5,5,4,beam_2,16,0.013339500001166016,5,0.002667900000233203,True
4,LARGE_MAZE,1952,1952,1,5,5,4,beam_3,16,0.01835420000134036,5,0.003670840000268072,True
4,LARGE_MAZE,2030,2030,1,8,3,5,greedy,16,0.012670299969613552,5,0.0025340599939227106,True
4,LARGE_MAZE,2030,2030,1,8,3,5,beam_2,16,0.013404899975284934,5,0.002680979995056987,True
4,LARGE_MAZE,2030,2030,1,8,3,5,beam_3,16,0.014911999984178692,5,0.0029823999968357382,True
4,LARGE_MAZE,2091,2091,1,9,5,10,greedy,16,0.013000200036913157,5,0.0026000400073826315,True
4,LARGE_MAZE,2091,2091,1,9,5,10,beam_2,16,0.014417300000786781,5,0.0028834600001573563,True
4,LARGE_MAZE,2091,2091,1,9,5,10,beam_3,16,0.01474040001630783,5,0.002948080003261566,True
4,LARGE_MAZE,2210,2210,2,3,3,5,greedy,16,0.012886699987575412,5,0.0025773399975150824,True
4,LARGE_MAZE,2210,2210,2,3,3,5,beam_2,16,0.01314920000731945,5,0.0026298400014638902,True
4,LARGE_MAZE,2210,2210,2,3,3,5,beam_3,16,0.01466329995309934,5,0.002932659990619868,True
4,LARGE_MAZE,2259,2259,2,5,3,9,greedy,16,0.012709299975540489,5,0.002541859995108098,True
4,LARGE_MAZE,2259,2259,2,5,3,9,beam_2,16,0.013423800002783537,5,0.0026847600005567075,True
4,LARGE_MAZE,2259,2259,2,5,3,9,beam_3,16,0.015764899959322065,5,0.003152979991864413,True
4,LARGE_MAZE,2308,2308,2,7,4,10,greedy,16,0.012480700039304793,5,0.0024961400078609584,True
4,LARGE_MAZE,2308,2308,2,7,4,10,beam_2,16,0.013958399998955429,5,0.002791679999791086,True
4,LARGE_MAZE,2308,2308,2,7,4,10,beam_3,16,0.015172000043094158,5,0.003034400008618832,True
4,LARGE_MAZE,2377,2377,3,1,1,4,greedy,16,0.012651099998038262,5,0.0025302199996076525,True
4,LARGE_MAZE,2377,2377,3,1,1,4,beam_2,16,0.013135800021700561,5,0.0026271600043401124,True
4,LARGE_MAZE,2377,2377,3,1,1,4,beam_3,16,0.01484720001462847,5,0.002969440002925694,True
4,LARGE_MAZE,2475,2475,3,3,2,5,greedy,16,0.012661300017498434,5,0.002532260003499687,True
4,LARGE_MAZE,2475,2475,3,3,2,5,beam_2,16,0.013351299974601716,5,0.002670259994920343,True
4,LARGE_MAZE,2475,2475,3,3,2,5,beam_3,16,0.014922400005161762,5,0.0029844800010323524,True
4,LARGE_MAZE,2530,2530,3,5,3,10,greedy,16,0.012945699971169233,5,0.0025891399942338466,True
4,LARGE_MAZE,2530,2530,3,5,3,10,beam_2,16,0.015757299959659576,5,0.003151459991931915,True
4,LARGE_MAZE,2530,2530,3,5,3,10,beam_3,16,0.01603080000495538,5,0.003206160000991076,True
4,LARGE_MAZE,2561,2561,3,6,1,9,greedy,16,0.01776920002885163,7,0.002538457146978804,True
4,LARGE_MAZE,2561,2561,3,6,1,9,beam_2,16,0.013675499998498708,5,0.0027350999996997418,True
4,LARGE_MAZE,2561,2561,3,6,1,9,beam_3,16,0.014733300020452589,5,0.0029466600040905177,True
4,LARGE_MAZE,2602,2602,3,7,1,4,greedy,16,0.012784000020474195,5,0.002556800004094839,True
4,LARGE_MAZE,2602,2602,3,7,1,4,beam_2,16,0.01367230003233999,5,0.002734460006467998,True
4,LARGE_MAZE,2602,2602,3,7,1,4,beam_3,16,0.01479829999152571,5,0.002959659998305142,True
4,LARGE_MAZE,2648,2648,3,8,1,5,greedy,16,0.012461499951314181,5,0.002492299990262836,True
4,LARGE_MAZE,2648,2648,3,8,1,5,beam_2,16,0.013485900009982288,5,0.0026971800019964577,True
4,LARGE_MAZE,2648,2648,3,8,1,5,beam_3,16,0.01762529998086393,5,0.003525059996172786,True
4,LARGE_MAZE,2700,2700,3,9,2,5,greedy,16,0.03722409997135401,13,0.00286339230548877,True
4,LARGE_MAZE,2700,2700,3,9,2,5,beam_2,16,0.013652099994942546,5,0.002730419998988509,True
4,LARGE_MAZE,2700,2700,3,9,2,5,beam_3,16,0.016545299964491278,5,0.0033090599928982554,True
4,LARGE_MAZE,2777,2777,3,10,7,9,greedy,16,0.013133100001141429,5,0.002626620000228286,True
4,LARGE_MAZE,2777,2777,3,10,7,9,beam_2,16,0.015803700021933764,5,0.0031607400043867527,True
4,LARGE_MAZE,2777,2777,3,10,7,9,beam_3,16,0.014893600018694997,5,0.0029787200037389994,True
4,LARGE_MAZE,2829,2829,4,5,1,7,greedy,16,0.043829699978232384,16,0.002739356248639524,False
4,LARGE_MAZE,2829,2829,4,5,1,7,beam_2,16,0.01383810001425445,5,0.0027676200028508902,True
4,LARGE_MAZE,2829,2829,4,5,1,7,beam_3,16,0.015597100020386279,5,0.003119420004077256,True
4,LARGE_MAZE,2875,2875,4,10,1,8,greedy,16,0.04516979999607429,16,0.002823112499754643,False
4,LARGE_MAZE,2875,2875,4,10,1,8,beam_2,16,0.014718499965965748,5,0.0029436999931931494,True
4,LARGE_MAZE,2875,2875,4,10,1,8,beam_3,16,0.017233199963811785,5,0.003446639992762357,True
4,LARGE_MAZE,2924,2924,5,1,2,3,greedy,16,0.052776800002902746,16,0.0032985500001814216,False
4,LARGE_MAZE,2924,2924,5,1,2,3,beam_2,16,0.0616749000037089,16,0.003854681250231806,False
4,LARGE_MAZE,2924,2924,5,1,2,3,beam_3,16,0.01632130000507459,5,0.003264260001014918,True
4,LARGE_MAZE,2975,2975,5,2,3,3,greedy,16,0.04905149998376146,16,0.0030657187489850912,False
4,LARGE_MAZE,2975,2975,5,2,3,3,beam_2,16,0.017285200010519475,5,0.003457040002103895,True
4,LARGE_MAZE,2975,2975,5,2,3,3,beam_3,16,0.016236299998126924,5,0.003247259999625385,True
4,LARGE_MAZE,3015,3015,5,3,2,5,greedy,16,0.0446174000389874,16,0.0027885875024367124,False
4,LARGE_MAZE,3015,3015,5,3,2,5,beam_2,16,0.015768399985972792,5,0.003153679997194558,True
4,LARGE_MAZE,3015,3015,5,3,2,5,beam_3,16,0.017076599993743002,5,0.0034153199987486003,True
4,LARGE_MAZE,3063,3063,5,4,3,1,greedy,16,0.012953600031323731,5,0.002590720006264746,True
4,LARGE_MAZE,3063,3063,5,4,3,1,beam_2,16,0.03353800001787022,11,0.0030489090925336563,True
4,LARGE_MAZE,3063,3063,5,4,3,1,beam_3,16,0.015482600021641701,5,0.0030965200043283404,True
4,LARGE_MAZE,3106,3106,5,5,2,7,greedy,16,0.012315800006035715,5,0.002463160001207143,True
4,LARGE_MAZE,3106,3106,5,5,2,7,beam_2,16,0.013838900020346045,5,0.002767780004069209,True
4,LARGE_MAZE,3106,3106,5,5,2,7,beam_3,16,0.014431499992497265,5,0.002886299998499453,True
4,LARGE_MAZE,3173,3173,5,7,6,5,greedy,16,0.01294330001110211,5,0.002588660002220422,True
4,LARGE_MAZE,3173,3173,5,7,6,5,beam_2,16,0.013618300028610975,5,0.002723660005722195,True
4,LARGE_MAZE,3173,3173,5,7,6,5,beam_3,16,0.01486660004593432,5,0.0029733200091868637,True
4,LARGE_MAZE,3288,3288,6,3,3,1,greedy,16,0.04379480000352487,16,0.0027371750002203044,False
4,LARGE_MAZE,3288,3288,6,3,3,1,beam_2,16,0.013849099981598556,5,0.0027698199963197114,True
4,LARGE_MAZE,3288,3288,6,3,3,1,beam_3,16,0.014172700000926852,5,0.0028345400001853704,True
4,LARGE_MAZE,3345,3345,6,5,5,1,greedy,16,0.012050700024701655,5,0.002410140004940331,True
4,LARGE_MAZE,3345,3345,6,5,5,1,beam_2,16,0.013975600013509393,5,0.0027951200027018785,True
4,LARGE_MAZE,3345,3345,6,5,5,1,beam_3,16,0.014715999946929514,5,0.0029431999893859027,True
4,LARGE_MAZE,3430,3430,6,9,3,9,greedy,16,0.012772499991115183,5,0.0025544999982230364,True
4,LARGE_MAZE,3430,3430,6,9,3,9,beam_2,16,0.0147432999801822,5,0.00294865999603644,True
4,LARGE_MAZE,3430,3430,6,9,3,9,beam_3,16,0.016851000022143126,5,0.0033702000044286253,True
4,LARGE_MAZE,3567,3567,7,3,4,1,greedy,16,0.0437165999901481,16,0.002732287499384256,False
4,LARGE_MAZE,3567,3567,7,3,4,1,beam_2,16,0.013686400023289025,5,0.002737280004657805,True
4,LARGE_MAZE,3567,3567,7,3,4,1,beam_3,16,0.01406929997028783,5,0.002813859994057566,True
4,LARGE_MAZE,3616,3616,7,5,5,2,greedy,16,0.012234000023454428,5,0.0024468000046908855,True
4,LARGE_MAZE,3616,3616,7,5,5,2,beam_2,16,0.0140174999833107,5,0.00280349999666214,True
4,LARGE_MAZE,3616,3616,7,5,5,2,beam_3,16,0.014880499977152795,5,0.002976099995430559,True
4,LARGE_MAZE,3708,3708,7,7,5,4,greedy,16,0.012417799967806786,5,0.002483559993561357,True
4,LARGE_MAZE,3708,3708,7,7,5,4,beam_2,16,0.014190400019288063,5,0.002838080003857613,True
4,LARGE_MAZE,3708,3708,7,7,5,4,beam_3,16,0.017136599984951317,5,0.0034273199969902636,True
4,LARGE_MAZE,1806,1806,1,2,3,6,greedy,16,0.01811880001332611,6,0.003019800002221018,True
4,LARGE_MAZE,1806,1806,1,2,3,6,beam_2,16,0.017002200009301305,6,0.0028337000015502176,True
4,LARGE_MAZE,1806,1806,1,2,3,6,beam_3,16,0.01949959999183193,6,0.003249933331971988,True
4,LARGE_MAZE,1863,1863,1,3,5,5,greedy,16,0.015912699978798628,6,0.002652116663133105,True
4,LARGE_MAZE,1863,1863,1,3,5,5,beam_2,16,0.019357700017280877,6,0.0032262833362134793,True
4,LARGE_MAZE,1863,1863,1,3,5,5,beam_3,16,0.018931500031612813,6,0.0031552500052688024,True
4,LARGE_MAZE,1913,1913,1,4,6,5,greedy,16,0.01488410000456497,6,0.0024806833340941616,True
4,LARGE_MAZE,1913,1913,1,4,6,5,beam_2,16,0.017050699971150607,6,0.0028417833285251013,True
4,LARGE_MAZE,1913,1913,1,4,6,5,beam_3,16,0.018908699974417686,6,0.003151449995736281,True
4,LARGE_MAZE,1964,1964,1,5,7,5,greedy,16,0.04404619999695569,16,0.002752887499809731,False
4,LARGE_MAZE,1964,1964,1,5,7,5,beam_2,16,0.016911400016397238,6,0.0028185666693995395,True
4,LARGE_MAZE,1964,1964,1,5,7,5,beam_3,16,0.018100600049365312,6,0.003016766674894219,True
4,LARGE_MAZE,2037,2037,1,8,4,5,greedy,16,0.015199200017377734,6,0.002533200002896289,True
4,LARGE_MAZE,2037,2037,1,8,4,5,beam_2,16,0.02028150000842288,6,0.0033802500014038137,True
4,LARGE_MAZE,2037,2037,1,8,4,5,beam_3,16,0.019703100027982146,6,0.003283850004663691,True
4,LARGE_MAZE,2140,2140,1,10,6,9,greedy,16,0.04601659998297691,16,0.002876037498936057,False
4,LARGE_MAZE,2140,2140,1,10,6,9,beam_2,16,0.023803799995221198,8,0.0029754749994026497,True
4,LARGE_MAZE,2140,2140,1,10,6,9,beam_3,16,0.025830900005530566,8,0.0032288625006913207,True
4,LARGE_MAZE,2217,2217,2,3,4,5,greedy,16,0.04293500003404915,16,0.002683437502128072,False
4,LARGE_MAZE,2217,2217,2,3,4,5,beam_2,16,0.01693330000853166,6,0.00282221666808861,True
4,LARGE_MAZE,2217,2217,2,3,4,5,beam_3,16,0.02261499996529892,6,0.0037691666608831533,True
4,LARGE_MAZE,2260,2260,2,5,3,10,greedy,16,0.019202300056349486,6,0.003200383342724914,True
4,LARGE_MAZE,2260,2260,2,5,3,10,beam_2,16,0.02022559999022633,6,0.003370933331704388,True
4,LARGE_MAZE,2260,2260,2,5,3,10,beam_3,16,0.02288920001592487,6,0.003814866669320812,True
4,LARGE_MAZE,2312,2312,2,7,5,4,greedy,16,0.02040019998094067,6,0.0034000333301567784,True
4,LARGE_MAZE,2312,2312,2,7,5,4,beam_2,16,0.020519900019280612,6,0.003419983336546769,True
4,LARGE_MAZE,2312,2312,2,7,5,4,beam_3,16,0.022413300001062453,6,0.0037355500001770756,True
4,LARGE_MAZE,2378,2378,3,1,1,5,greedy,16,0.01671379996696487,6,0.0027856333278274783,True
4,LARGE_MAZE,2378,2378,3,1,1,5,beam_2,16,0.018110299948602915,6,0.0030183833247671523,True
4,LARGE_MAZE,2378,2378,3,1,1,5,beam_3,16,0.020600799995008856,6,0.003433466665834809,True
4,LARGE_MAZE,2452,2452,3,2,6,3,greedy,16,0.05124440003419295,16,0.0032027750021370593,False
4,LARGE_MAZE,2452,2452,3,2,6,3,beam_2,16,0.05119109997758642,16,0.003199443748599151,False
4,LARGE_MAZE,2452,2452,3,2,6,3,beam_3,16,0.054242200043518096,16,0.003390137502719881,False
4,LARGE_MAZE,2522,2522,3,5,2,10,greedy,16,0.015375800023321062,6,0.002562633337220177,True
4,LARGE_MAZE,2522,2522,3,5,2,10,beam_2,16,0.020020600000862032,6,0.003336766666810339,True
4,LARGE_MAZE,2522,2522,3,5,2,10,beam_3,16,0.020072099985554814,6,0.003345349997592469,True
4,LARGE_MAZE,2551,2551,3,5,7,7,greedy,16,0.01523969997651875,6,0.0025399499960864582,True
4,LARGE_MAZE,2551,2551,3,5,7,7,beam_2,16,0.01721009996253997,6,0.0028683499937566617,True
4,LARGE_MAZE,2551,2551,3,5,7,7,beam_3,16,0.01822500000707805,6,0.003037500001179675,True
4,LARGE_MAZE,2586,2586,3,6,5,10,greedy,16,0.016202400031033903,6,0.0027004000051723174,True
4,LARGE_MAZE,2586,2586,3,6,5,10,beam_2,16,0.0185658999835141,6,0.0030943166639190167,True
4,LARGE_MAZE,2586,2586,3,6,5,10,beam_3,16,0.023305199982132763,6,0.0038841999970221273,True
4,LARGE_MAZE,2630,2630,3,7,5,9,greedy,16,0.04329980001784861,14,0.003092842858417758,True
4,LARGE_MAZE,2630,2630,3,7,5,9,beam_2,16,0.018498499994166195,6,0.0030830833323610327,True
4,LARGE_MAZE,2630,2630,3,7,5,9,beam_3,16,0.019885299960151315,6,0.003314216660025219,True
4,LARGE_MAZE,2680,2680,3,8,6,9,greedy,16,0.04943399998592213,16,0.003089624999120133,False
4,LARGE_MAZE,2680,2680,3,8,6,9,beam_2,16,0.018781599996145815,6,0.0031302666660243026,True
4,LARGE_MAZE,2680,2680,3,8,6,9,beam_3,16,0.019344799977261573,6,0.0032241333295435957,True
4,LARGE_MAZE,2757,2757,3,10,4,5,greedy,16,0.016403299989178777,6,0.002733883331529796,True
4,LARGE_MAZE,2757,2757,3,10,4,5,beam_2,16,0.018029200029559433,6,0.003004866671593239,True
4,LARGE_MAZE,2757,2757,3,10,4,5,beam_3,16,0.01962229999480769,6,0.0032703833324679485,True
4,LARGE_MAZE,2817,2817,4,1,7,2,greedy,16,0.047656500013545156,16,0.0029785312508465722,False
4,LARGE_MAZE,2817,2817,4,1,7,2,beam_2,16,0.0181628999998793,6,0.0030271499999798834,True
4,LARGE_MAZE,2817,2817,4,1,7,2,beam_3,16,0.01925649994518608,6,0.0032094166575310132,True
4,LARGE_MAZE,2847,2847,4,5,4,1,greedy,16,0.029347899951972067,10,0.002934789995197207,True
4,LARGE_MAZE,2847,2847,4,5,4,1,beam_2,16,0.03239209996536374,10,0.003239209996536374,True
4,LARGE_MAZE,2847,2847,4,5,4,1,beam_3,16,0.021054499957244843,6,0.003509083326207474,True
4,LARGE_MAZE,2916,2916,5,1,1,3,greedy,16,0.044853300030808896,16,0.002803331251925556,False
4,LARGE_MAZE,2916,2916,5,1,1,3,beam_2,16,0.016650000005029142,6,0.0027750000008381903,True
4,LARGE_MAZE,2916,2916,5,1,1,3,beam_3,16,0.018376699998043478,6,0.0030627833330072463,True
4,LARGE_MAZE,2969,2969,5,2,2,3,greedy,16,0.043625000049360096,16,0.002726562503085006,False
4,LARGE_MAZE,2969,2969,5,2,2,3,beam_2,16,0.029659799998626113,10,0.002965979999862611,True
4,LARGE_MAZE,2969,2969,5,2,2,3,beam_3,16,0.017940299992915243,6,0.0029900499988192073,True
4,LARGE_MAZE,3008,3008,5,3,1,5,greedy,16,0.015190400008577853,6,0.0025317333347629756,True
4,LARGE_MAZE,3008,3008,5,3,1,5,beam_2,16,0.01794380001956597,6,0.0029906333365943283,True
4,LARGE_MAZE,3008,3008,5,3,1,5,beam_3,16,0.018358899978920817,6,0.0030598166631534696,True
4,LARGE_MAZE,3058,3058,5,4,2,1,greedy,16,0.015062800026498735,6,0.0025104666710831225,True
4,LARGE_MAZE,3058,3058,5,4,2,1,beam_2,16,0.017599700018763542,6,0.0029332833364605904,True
4,LARGE_MAZE,3058,3058,5,4,2,1,beam_3,16,0.017864599998574704,6,0.002977433333095784,True
4,LARGE_MAZE,3096,3096,5,5,1,3,greedy,16,0.014597000030335039,6,0.002432833338389173,True
4,LARGE_MAZE,3096,3096,5,5,1,3,beam_2,16,0.016990399977657944,6,0.002831733329609657,True
4,LARGE_MAZE,3096,3096,5,5,1,3,beam_3,16,0.022822100028861314,6,0.003803683338143552,True
4,LARGE_MAZE,3131,3131,5,5,7,1,greedy,16,0.05358790000900626,16,0.0033492437505628914,False
4,LARGE_MAZE,3131,3131,5,5,7,1,beam_2,16,0.02092310000443831,6,0.003487183334073052,True
4,LARGE_MAZE,3131,3131,5,5,7,1,beam_3,16,0.02240499999606982,6,0.0037341666660116366,True
4,LARGE_MAZE,3241,3241,5,10,2,7,greedy,16,0.018025900004431605,6,0.0030043166674052677,True
4,LARGE_MAZE,3241,3241,5,10,2,7,beam_2,16,0.01860320003470406,6,0.003100533339117343,True
4,LARGE_MAZE,3241,3241,5,10,2,7,beam_3,16,0.021985100000165403,6,0.0036641833333609006,True
4,LARGE_MAZE,3292,3292,6,3,3,6,greedy,16,0.019035000004805624,6,0.0031725000008009374,True
4,LARGE_MAZE,3292,3292,6,3,3,6,beam_2,16,0.0195024999557063,6,0.003250416659284383,True
4,LARGE_MAZE,3292,3292,6,3,3,6,beam_3,16,0.018974200007505715,6,0.003162366667917619,True
4,LARGE_MAZE,3342,3342,6,5,4,1,greedy,16,0.01597459998447448,6,0.002662433330745747,True
4,LARGE_MAZE,3342,3342,6,5,4,1,beam_2,16,0.01728420000290498,6,0.0028807000004841634,True
4,LARGE_MAZE,3342,3342,6,5,4,1,beam_3,16,0.017934000003151596,6,0.002989000000525266,True
4,LARGE_MAZE,3429,3429,6,9,3,8,greedy,16,0.015809799951966852,6,0.002634966658661142,True
4,LARGE_MAZE,3429,3429,6,9,3,8,beam_2,16,0.017688599997200072,6,0.0029480999995333454,True
4,LARGE_MAZE,3429,3429,6,9,3,8,beam_3,16,0.021753600041847676,6,0.003625600006974613,True
4,LARGE_MAZE,3534,3534,7,2,6,5,greedy,16,0.015912000031676143,6,0.002652000005279357,True
4,LARGE_MAZE,3534,3534,7,2,6,5,beam_2,16,0.016960399982053787,6,0.002826733330342298,True
4,LARGE_MAZE,3534,3534,7,2,6,5,beam_3,16,0.01829799998085946,6,0.0030496666634765766,True
4,LARGE_MAZE,3608,3608,7,5,3,7,greedy,16,0.017203299968969077,6,0.002867216661494846,True
4,LARGE_MAZE,3608,3608,7,5,3,7,beam_2,16,0.017884900036733598,6,0.002980816672788933,True
4,LARGE_MAZE,3608,3608,7,5,3,7,beam_3,16,0.01975289999973029,6,0.0032921499999550483,True
4,LARGE_MAZE,3661,3661,7,6,5,2,greedy,16,0.015298400016035885,6,0.0025497333360059806,True
4,LARGE_MAZE,3661,3661,7,6,5,2,beam_2,16,0.017607000016141683,6,0.0029345000026902803,True
4,LARGE_MAZE,3661,3661,7,6,5,2,beam_3,16,0.018856200040318072,6,0.0031427000067196786,True
4,LARGE_MAZE,3745,3745,7,9,3,9,greedy,16,0.015136300004087389,6,0.0025227166673478982,True
4,LARGE_MAZE,3745,3745,7,9,3,9,beam_2,16,0.017020299972500652,6,0.002836716662083442,True
4,LARGE_MAZE,3745,3745,7,9,3,9,beam_3,16,0.01767549995565787,6,0.0029459166592763117,True
4,LARGE_MAZE,1777,1777,1,1,6,3,greedy,16,0.04396799998357892,16,0.0027479999989736825,False
4,LARGE_MAZE,1777,1777,1,1,6,3,beam_2,16,0.03261339996242896,11,0.002964854542038996,True
4,LARGE_MAZE,1777,1777,1,1,6,3,beam_3,16,0.051656799972988665,16,0.0032285499983117916,False
4,LARGE_MAZE,1853,1853,1,3,3,8,greedy,16,0.017621400009375066,7,0.0025173428584821522,True
4,LARGE_MAZE,1853,1853,1,3,3,8,beam_2,16,0.02257229998940602,7,0.00322461428420086,True
4,LARGE_MAZE,1853,1853,1,3,3,8,beam_3,16,0.021965799969621003,7,0.003137971424231572,True
4,LARGE_MAZE,1899,1899,1,4,3,9,greedy,16,0.0174488999764435,7,0.0024926999966347857,True
4,LARGE_MAZE,1899,1899,1,4,3,9,beam_2,16,0.02083880000282079,7,0.0029769714289743987,True
4,LARGE_MAZE,1899,1899,1,4,3,9,beam_3,16,0.022260600002482533,7,0.003180085714640362,True
4,LARGE_MAZE,1945,1945,1,5,3,10,greedy,16,0.01927129999967292,7,0.0027530428570961313,True
4,LARGE_MAZE,1945,1945,1,5,3,10,beam_2,16,0.02310130000114441,7,0.0033001857144492014,True
4,LARGE_MAZE,1945,1945,1,5,3,10,beam_3,16,0.02284320001490414,7,0.003263314287843449,True
4,LARGE_MAZE,1972,1972,1,7,1,4,greedy,16,0.02030529995681718,7,0.0029007571366881685,True
4,LARGE_MAZE,1972,1972,1,7,1,4,beam_2,16,0.02237520000198856,7,0.003196457143141223,True
4,LARGE_MAZE,1972,1972,1,7,1,4,beam_3,16,0.022775600024033338,7,0.0032536571462904768,True
4,LARGE_MAZE,2043,2043,1,8,5,5,greedy,16,0.017895500001031905,7,0.0025565000001474152,True
4,LARGE_MAZE,2043,2043,1,8,5,5,beam_2,16,0.02158719999715686,7,0.003083885713879551,True
4,LARGE_MAZE,2043,2043,1,8,5,5,beam_3,16,0.021753799985162914,7,0.0031076857121661305,True
4,LARGE_MAZE,2120,2120,1,10,3,5,greedy,16,0.02022860001306981,7,0.0028898000018671155,True
4,LARGE_MAZE,2120,2120,1,10,3,5,beam_2,16,0.0203660000115633,7,0.0029094285730804715,True
4,LARGE_MAZE,2120,2120,1,10,3,5,beam_3,16,0.021672000002581626,7,0.0030960000003688037,True
4,LARGE_MAZE,2212,2212,2,3,3,7,greedy,16,0.01783560001058504,7,0.0025479428586550057,True
4,LARGE_MAZE,2212,2212,2,3,3,7,beam_2,16,0.019999200012534857,7,0.002857028573219265,True
4,LARGE_MAZE,2212,2212,2,3,3,7,beam_3,16,0.022054600005503744,7,0.003150657143643392,True
4,LARGE_MAZE,2252,2252,2,5,3,1,greedy,16,0.02365390001796186,9,0.0026282111131068733,True
4,LARGE_MAZE,2252,2252,2,5,3,1,beam_2,16,0.02023740002186969,7,0.0028910571459813844,True
4,LARGE_MAZE,2252,2252,2,5,3,1,beam_3,16,0.0241323999944143,7,0.0034474857134877573,True
4,LARGE_MAZE,2286,2286,2,7,1,3,greedy,16,0.04693020001286641,15,0.0031286800008577605,True
4,LARGE_MAZE,2286,2286,2,7,1,3,beam_2,16,0.02416500000981614,7,0.003452142858545163,True
4,LARGE_MAZE,2286,2286,2,7,1,3,beam_3,16,0.02492510003503412,7,0.0035607285764334457,True
4,LARGE_MAZE,2352,2352,2,10,4,5,greedy,16,0.0219721999601461,7,0.0031388857085923,True
4,LARGE_MAZE,2352,2352,2,10,4,5,beam_2,16,0.025883199996314943,7,0.003697599999473563,True
4,LARGE_MAZE,2352,2352,2,10,4,5,beam_3,16,0.02911169995786622,7,0.004158814279695174,True
4,LARGE_MAZE,2412,2412,3,1,7,2,greedy,16,0.02057479997165501,7,0.0029392571388078587,True
4,LARGE_MAZE,2412,2412,3,1,7,2,beam_2,16,0.02830170001834631,7,0.004043100002620902,True
4,LARGE_MAZE,2412,2412,3,1,7,2,beam_3,16,0.027272800041828305,7,0.003896114291689758,True
4,LARGE_MAZE,2487,2487,3,3,4,5,greedy,16,0.04619600001024082,16,0.0028872500006400514,False
4,LARGE_MAZE,2487,2487,3,3,4,5,beam_2,16,0.05134110001381487,16,0.003208818750863429,False
4,LARGE_MAZE,2487,2487,3,3,4,5,beam_3,16,0.023326000024098903,7,0.003332285717728415,True
4,LARGE_MAZE,2524,2524,3,5,3,2,greedy,16,0.04375479998998344,16,0.002734674999373965,False
4,LARGE_MAZE,2524,2524,3,5,3,2,beam_2,16,0.02074710000306368,7,0.0029638714290090968,True
4,LARGE_MAZE,2524,2524,3,5,3,2,beam_3,16,0.021448899991810322,7,0.0030641285702586174,True
4,LARGE_MAZE,2554,2554,3,6,1,1,greedy,16,0.017911600007209927,7,0.0025588000010299894,True
4,LARGE_MAZE,2554,2554,3,6,1,1,beam_2,16,0.019889399991370738,7,0.0028413428559101056,True
4,LARGE_MAZE,2554,2554,3,6,1,1,beam_3,16,0.02131440001539886,7,0.003044914287914123,True
4,LARGE_MAZE,2596,2596,3,6,7,7,greedy,16,0.04403160000219941,16,0.002751975000137463,False
4,LARGE_MAZE,2596,2596,3,6,7,7,beam_2,16,0.019439499999862164,7,0.002777071428551738,True
4,LARGE_MAZE,2596,2596,3,6,7,7,beam_3,16,0.02116900001419708,7,0.0030241428591710117,True
4,LARGE_MAZE,2635,2635,3,7,6,9,greedy,16,0.04315740003949031,16,0.0026973375024681445,False
4,LARGE_MAZE,2635,2635,3,7,6,9,beam_2,16,0.020808200002647936,7,0.0029726000003782766,True
4,LARGE_MAZE,2635,2635,3,7,6,9,beam_3,16,0.021525299991481006,7,0.003075042855925858,True
4,LARGE_MAZE,2687,2687,3,8,7,9,greedy,16,0.017696700000669807,7,0.0025281000000956866,True
4,LARGE_MAZE,2687,2687,3,8,7,9,beam_2,16,0.01980010000988841,7,0.0028285857156983446,True
4,LARGE_MAZE,2687,2687,3,8,7,9,beam_3,16,0.021755299996584654,7,0.0031078999995120932,True
4,LARGE_MAZE,2738,2738,3,10,1,5,greedy,16,0.03452909999759868,13,0.0026560846151998984,True
4,LARGE_MAZE,2738,2738,3,10,1,5,beam_2,16,0.021204099990427494,7,0.003029157141489642,True
4,LARGE_MAZE,2738,2738,3,10,1,5,beam_3,16,0.021204300050158054,7,0.0030291857214511503,True
4,LARGE_MAZE,2819,2819,4,1,7,5,greedy,16,0.01762800000142306,7,0.0025182857144890086,True
4,LARGE_MAZE,2819,2819,4,1,7,5,beam_2,16,0.01945790002355352,7,0.0027797000033647884,True
4,LARGE_MAZE,2819,2819,4,1,7,5,beam_3,16,0.020935499982442707,7,0.0029907857117775294,True
4,LARGE_MAZE,2840,2840,4,5,3,3,greedy,16,0.01753500004997477,7,0.0025050000071392526,True
4,LARGE_MAZE,2840,2840,4,5,3,3,beam_2,16,0.020470499992370605,7,0.0029243571417672293,True
4,LARGE_MAZE,2840,2840,4,5,3,3,beam_3,16,0.021613000018987805,7,0.003087571431283972,True
4,LARGE_MAZE,2893,2893,4,10,4,5,greedy,16,0.017738299968186766,7,0.0025340428525981095,True
4,LARGE_MAZE,2893,2893,4,10,4,5,beam_2,16,0.020603899960406125,7,0.0029434142800580177,True
4,LARGE_MAZE,2893,2893,4,10,4,5,beam_3,16,0.02502699999604374,7,0.0035752857137205346,True
4,LARGE_MAZE,2961,2961,5,2,1,3,greedy,16,0.023320899985264987,9,0.0025912111094738874,True
4,LARGE_MAZE,2961,2961,5,2,1,3,beam_2,16,0.027287900040391833,9,0.00303198889337687,True
4,LARGE_MAZE,2961,2961,5,2,1,3,beam_3,16,0.021928300033323467,7,0.003132614290474781,True
4,LARGE_MAZE,3007,3007,5,3,1,4,greedy,16,0.0454040999757126,16,0.0028377562484820373,False
4,LARGE_MAZE,3007,3007,5,3,1,4,beam_2,16,0.020581900025717914,7,0.0029402714322454165,True
4,LARGE_MAZE,3007,3007,5,3,1,4,beam_3,16,0.025565800024196506,7,0.0036522571463137865,True
4,LARGE_MAZE,3049,3049,5,4,1,1,greedy,16,0.019194599997717887,7,0.0027420857139596982,True
4,LARGE_MAZE,3049,3049,5,4,1,1,beam_2,16,0.027930100040975958,9,0.0031033444489973285,True
4,LARGE_MAZE,3049,3049,5,4,1,1,beam_3,16,0.023746500024572015,7,0.0033923571463674307,True
4,LARGE_MAZE,3079,3079,5,4,5,7,greedy,16,0.04718360002152622,16,0.0029489750013453886,False
4,LARGE_MAZE,3079,3079,5,4,5,7,beam_2,16,0.020980599976610392,7,0.002997228568087199,True
4,LARGE_MAZE,3079,3079,5,4,5,7,beam_3,16,0.02189529995666817,7,0.0031278999938097385,True
4,LARGE_MAZE,3109,3109,5,5,3,2,greedy,16,0.0446036999928765,16,0.0027877312495547812,False
4,LARGE_MAZE,3109,3109,5,5,3,2,beam_2,16,0.05053890001727268,16,0.0031586812510795426,False
4,LARGE_MAZE,3109,3109,5,5,3,2,beam_3,16,0.02214830002048984,7,0.003164042860069977,True
4,LARGE_MAZE,3196,3196,5,9,2,7,greedy,16,0.019800800015218556,7,0.002828685716459794,True
4,LARGE_MAZE,3196,3196,5,9,2,7,beam_2,16,0.02277670003240928,7,0.003253814290344183,True
4,LARGE_MAZE,3196,3196,5,9,2,7,beam_3,16,0.022548899985849857,7,0.0032212714265499797,True
4,LARGE_MAZE,3278,3278,6,3,1,5,greedy,16,0.047265400004107505,16,0.002954087500256719,False
4,LARGE_MAZE,3278,3278,6,3,1,5,beam_2,16,0.022385300020687282,7,0.003197900002955326,True
4,LARGE_MAZE,3278,3278,6,3,1,5,beam_3,16,0.02513979998184368,7,0.00359139999740624,True
4,LARGE_MAZE,3324,3324,6,5,1,7,greedy,16,0.06304580002324656,16,0.00394036250145291,False
4,LARGE_MAZE,3324,3324,6,5,1,7,beam_2,16,0.02294379996601492,7,0.0032776857094307032,True
4,LARGE_MAZE,3324,3324,6,5,1,7,beam_3,16,0.022433800040744245,7,0.003204828577249178,True
4,LARGE_MAZE,3392,3392,6,7,5,3,greedy,16,0.01973210001597181,7,0.0028188714308531155,True
4,LARGE_MAZE,3392,3392,6,7,5,3,beam_2,16,0.023282799986191094,7,0.0033261142837415847,True
4,LARGE_MAZE,3392,3392,6,7,5,3,beam_3,16,0.029254799999762326,7,0.0041792571428231895,True
4,LARGE_MAZE,3489,3489,7,1,6,5,greedy,16,0.018868700019083917,7,0.002695528574154845,True
4,LARGE_MAZE,3489,3489,7,1,6,5,beam_2,16,0.02182680001715198,7,0.003118114288164569,True
4,LARGE_MAZE,3489,3489,7,1,6,5,beam_3,16,0.024005300016142428,7,0.0034293285737346324,True
4,LARGE_MAZE,3555,3555,7,3,2,5,greedy,16,0.047440199996344745,16,0.0029650124997715466,False
4,LARGE_MAZE,3555,3555,7,3,2,5,beam_2,16,0.022085200005676597,7,0.003155028572239514,True
4,LARGE_MAZE,3555,3555,7,3,2,5,beam_3,16,0.02256320003652945,7,0.003223314290932779,True
4,LARGE_MAZE,3601,3601,7,5,2,7,greedy,16,0.018419899977743626,7,0.0026314142825348036,True
4,LARGE_MAZE,3601,3601,7,5,2,7,beam_2,16,0.02062369999475777,7,0.0029462428563939674,True
4,LARGE_MAZE,3601,3601,7,5,2,7,beam_3,16,0.02654579997761175,7,0.0037922571396588217,True
4,LARGE_MAZE,3653,3653,7,6,3,7,greedy,16,0.01957619999302551,7,0.0027965999990036444,True
4,LARGE_MAZE,3653,3653,7,6,3,7,beam_2,16,0.022788300004322082,7,0.0032554714291888687,True
4,LARGE_MAZE,3653,3653,7,6,3,7,beam_3,16,0.022858500014990568,7,0.00326550000214151,True
4,LARGE_MAZE,3706,3706,7,7,5,2,greedy,16,0.046475499984808266,16,0.0029047187490505166,False
4,LARGE_MAZE,3706,3706,7,7,5,2,beam_2,16,0.023633799981325865,7,0.0033762571401894093,True
4,LARGE_MAZE,3706,3706,7,7,5,2,beam_3,16,0.023665000044275075,7,0.0033807142920392963,True
4,LARGE_MAZE,3790,3790,7,10,3,9,greedy,16,0.01797200000146404,7,0.00256742857163772,True
4,LARGE_MAZE,3790,3790,7,10,3,9,beam_2,16,0.02208060002885759,7,0.0031543714326939414,True
4,LARGE_MAZE,3790,3790,7,10,3,9,beam_3,16,0.02323300001444295,7,0.0033190000020632787,True
4,LARGE_MAZE,1808,1808,1,2,3,8,greedy,18,0.020757600024808198,8,0.0025947000031010248,True
4,LARGE_MAZE,1808,1808,1,2,3,8,beam_2,18,0.02492789999814704,8,0.00311598749976838,True
4,LARGE_MAZE,1808,1808,1,2,3,8,beam_3,18,0.02527320000808686,8,0.0031591500010108575,True
4,LARGE_MAZE,1854,1854,1,3,3,9,greedy,18,0.02264459995785728,8,0.00283057499473216,True
4,LARGE_MAZE,1854,1854,1,3,3,9,beam_2,18,0.023263499955646694,8,0.0029079374944558367,True
4,LARGE_MAZE,1854,1854,1,3,3,9,beam_3,18,0.02389509999193251,8,0.002986887498991564,True
4,LARGE_MAZE,1905,1905,1,4,5,2,greedy,18,0.020773099968209863,8,0.002596637496026233,True
4,LARGE_MAZE,1905,1905,1,4,5,2,beam_2,18,0.023570099961943924,8,0.0029462624952429906,True
4,LARGE_MAZE,1905,1905,1,4,5,2,beam_3,18,0.024138599983416498,8,0.003017324997927062,True
4,LARGE_MAZE,1948,1948,1,5,4,10,greedy,18,0.019549200020264834,8,0.0024436500025331043,True
4,LARGE_MAZE,1948,1948,1,5,4,10,beam_2,18,0.023097300028894097,8,0.002887162503611762,True
4,LARGE_MAZE,1948,1948,1,5,4,10,beam_3,18,0.02494719997048378,8,0.0031183999963104725,True
4,LARGE_MAZE,1996,1996,1,7,5,3,greedy,18,0.02308650000486523,8,0.0028858125006081536,True
4,LARGE_MAZE,1996,1996,1,7,5,3,beam_2,18,0.03041289997054264,8,0.00380161249631783,True
4,LARGE_MAZE,1996,1996,1,7,5,3,beam_3,18,0.0326022999943234,8,0.004075287499290425,True
4,LARGE_MAZE,2048,2048,1,8,6,5,greedy,18,0.07092839997494593,18,0.003940466665274774,False
4,LARGE_MAZE,2048,2048,1,8,6,5,beam_2,18,0.03268549998756498,8,0.004085687498445623,True
4,LARGE_MAZE,2048,2048,1,8,6,5,beam_3,18,0.03310240001883358,8,0.004137800002354197,True
4,LARGE_MAZE,2114,2114,1,10,2,5,greedy,18,0.0289788999943994,8,0.003622362499299925,True
4,LARGE_MAZE,2114,2114,1,10,2,5,beam_2,18,0.03518759994767606,8,0.004398449993459508,True
4,LARGE_MAZE,2114,2114,1,10,2,5,beam_3,18,0.029801199969369918,8,0.0037251499961712398,True
4,LARGE_MAZE,2183,2183,2,1,6,5,greedy,18,0.02376929996535182,8,0.0029711624956689775,True
4,LARGE_MAZE,2183,2183,2,1,6,5,beam_2,18,0.027509299980010837,8,0.0034386624975013547,True
4,LARGE_MAZE,2183,2183,2,1,6,5,beam_3,18,0.02868229994783178,8,0.0035852874934789725,True
4,LARGE_MAZE,2227,2227,2,3,6,3,greedy,18,0.055799700028728694,18,0.0030999833349293717,False
4,LARGE_MAZE,2227,2227,2,3,6,3,beam_2,18,0.03448699996806681,10,0.003448699996806681,True
4,LARGE_MAZE,2227,2227,2,3,6,3,beam_3,18,0.034545499947853386,10,0.0034545499947853386,True
4,LARGE_MAZE,2274,2274,2,5,6,7,greedy,18,0.023831099970266223,8,0.002978887496283278,True
4,LARGE_MAZE,2274,2274,2,5,6,7,beam_2,18,0.026543900021351874,8,0.0033179875026689842,True
4,LARGE_MAZE,2274,2274,2,5,6,7,beam_3,18,0.027538100024685264,8,0.003442262503085658,True
4,LARGE_MAZE,2317,2317,2,7,6,3,greedy,18,0.02636349998647347,8,0.003295437498309184,True
4,LARGE_MAZE,2317,2317,2,7,6,3,beam_2,18,0.034531000012066215,8,0.004316375001508277,True
4,LARGE_MAZE,2317,2317,2,7,6,3,beam_3,18,0.02968989999499172,8,0.003711237499373965,True
4,LARGE_MAZE,2390,2390,3,1,3,5,greedy,18,0.022922999982256442,8,0.0028653749977820553,True
4,LARGE_MAZE,2390,2390,3,1,3,5,beam_2,18,0.026204199995845556,8,0.0032755249994806945,True
4,LARGE_MAZE,2390,2390,3,1,3,5,beam_3,18,0.0272349999868311,8,0.0034043749983538873,True
4,LARGE_MAZE,2453,2453,3,2,6,5,greedy,18,0.05336119997082278,18,0.0029645111094901543,False
4,LARGE_MAZE,2453,2453,3,2,6,5,beam_2,18,0.03193900000769645,10,0.003193900000769645,True
4,LARGE_MAZE,2453,2453,3,2,6,5,beam_3,18,0.027641299995593727,8,0.003455162499449216,True
4,LARGE_MAZE,2523,2523,3,5,3,1,greedy,18,0.021833200007677078,8,0.0027291500009596348,True
4,LARGE_MAZE,2523,2523,3,5,3,1,beam_2,18,0.024789799994323403,8,0.0030987249992904253,True
4,LARGE_MAZE,2523,2523,3,5,3,1,beam_3,18,0.025574799976311624,8,0.003196849997038953,True
4,LARGE_MAZE,2569,2569,3,6,3,2,greedy,18,0.05111709999619052,18,0.002839838888677251,False
4,LARGE_MAZE,2569,2569,3,6,3,2,beam_2,18,0.0239335999940522,8,0.002991699999256525,True
4,LARGE_MAZE,2569,2569,3,6,3,2,beam_3,18,0.024836700002197176,8,0.003104587500274647,True
4,LARGE_MAZE,2599,2599,3,7,1,1,greedy,18,0.022504599997773767,8,0.002813074999721721,True
4,LARGE_MAZE,2599,2599,3,7,1,1,beam_2,18,0.02340180001920089,8,0.0029252250024001114,True
4,LARGE_MAZE,2599,2599,3,7,1,1,beam_3,18,0.02573270001448691,8,0.0032165875018108636,True
4,LARGE_MAZE,2642,2642,3,7,7,9,greedy,18,0.04673279996495694,16,0.0029207999978098087,True
4,LARGE_MAZE,2642,2642,3,7,7,9,beam_2,18,0.02622130000963807,8,0.003277662501204759,True
4,LARGE_MAZE,2642,2642,3,7,7,9,beam_3,18,0.02889880002476275,8,0.0036123500030953437,True
4,LARGE_MAZE,2685,2685,3,8,7,6,greedy,18,0.07345749996602535,18,0.004080972220334742,False
4,LARGE_MAZE,2685,2685,3,8,7,6,beam_2,18,0.03358920000027865,8,0.0041986500000348315,True
4,LARGE_MAZE,2685,2685,3,8,7,6,beam_3,18,0.03191479999804869,8,0.003989349999756087,True
4,LARGE_MAZE,2737,2737,3,10,1,4,greedy,18,0.07434719998855144,8,0.00929339999856893,True
4,LARGE_MAZE,2737,2737,3,10,1,4,beam_2,18,0.030025699990801513,8,0.003753212498850189,True
4,LARGE_MAZE,2737,2737,3,10,1,4,beam_3,18,0.03505880001466721,8,0.004382350001833402,True
4,LARGE_MAZE,2820,2820,4,1,7,6,greedy,18,0.023795099987182766,8,0.0029743874983978458,True
4,LARGE_MAZE,2820,2820,4,1,7,6,beam_2,18,0.027789900021161884,8,0.0034737375026452355,True
4,LARGE_MAZE,2820,2820,4,1,7,6,beam_3,18,0.030518800020217896,8,0.003814850002527237,True
4,LARGE_MAZE,2873,2873,4,10,1,5,greedy,18,0.037624799995683134,12,0.0031353999996402613,True
4,LARGE_MAZE,2873,2873,4,10,1,5,beam_2,18,0.03232320002280176,8,0.00404040000285022,True
4,LARGE_MAZE,2873,2873,4,10,1,5,beam_3,18,0.03129239997360855,8,0.003911549996701069,True
4,LARGE_MAZE,2962,2962,5,2,1,4,greedy,18,0.05817259999457747,18,0.0032318111108098594,False
4,LARGE_MAZE,2962,2962,5,2,1,4,beam_2,18,0.026131500024348497,8,0.003266437503043562,True
4,LARGE_MAZE,2962,2962,5,2,1,4,beam_3,18,0.027202599972952157,8,0.0034003249966190197,True
4,LARGE_MAZE,3009,3009,5,3,1,7,greedy,18,0.022093000006861985,8,0.002761625000857748,True
4,LARGE_MAZE,3009,3009,5,3,1,7,beam_2,18,0.025306300027295947,8,0.0031632875034119934,True
4,LARGE_MAZE,3009,3009,5,3,1,7,beam_3,18,0.026270699978340417,8,0.003283837497292552,True
4,LARGE_MAZE,3059,3059,5,4,2,3,greedy,18,0.0536580000189133,18,0.0029810000010507386,False
4,LARGE_MAZE,3059,3059,5,4,2,3,beam_2,18,0.024614899943117052,8,0.0030768624928896315,True
4,LARGE_MAZE,3059,3059,5,4,2,3,beam_3,18,0.02631629997631535,8,0.0032895374970394187,True
4,LARGE_MAZE,3110,3110,5,5,3,3,greedy,18,0.02168030000757426,8,0.0027100375009467825,True
4,LARGE_MAZE,3110,3110,5,5,3,3,beam_2,18,0.02468619996216148,8,0.003085774995270185,True
4,LARGE_MAZE,3110,3110,5,5,3,3,beam_3,18,0.028954699984751642,8,0.0036193374980939552,True
4,LARGE_MAZE,3201,3201,5,9,3,5,greedy,18,0.029133400006685406,8,0.0036416750008356757,True
4,LARGE_MAZE,3201,3201,5,9,3,5,beam_2,18,0.032707199978176504,8,0.004088399997272063,True
4,LARGE_MAZE,3201,3201,5,9,3,5,beam_3,18,0.03523100004531443,8,0.004403875005664304,True
4,LARGE_MAZE,3284,3284,6,3,2,3,greedy,18,0.06936129997484386,18,0.0038534055541579923,False
4,LARGE_MAZE,3284,3284,6,3,2,3,beam_2,18,0.03924149996601045,10,0.003924149996601045,True
4,LARGE_MAZE,3284,3284,6,3,2,3,beam_3,18,0.04243460000725463,10,0.004243460000725463,True
4,LARGE_MAZE,3325,3325,6,5,1,8,greedy,18,0.029343700036406517,8,0.0036679625045508146,True
4,LARGE_MAZE,3325,3325,6,5,1,8,beam_2,18,0.02991629997268319,8,0.003739537496585399,True
4,LARGE_MAZE,3325,3325,6,5,1,8,beam_3,18,0.02778590004891157,8,0.0034732375061139464,True
4,LARGE_MAZE,3375,3375,6,7,2,5,greedy,18,0.05695580004248768,18,0.003164211113471538,False
4,LARGE_MAZE,3375,3375,6,7,2,5,beam_2,18,0.02556510001886636,8,0.003195637502358295,True
4,LARGE_MAZE,3375,3375,6,7,2,5,beam_3,18,0.03115380002418533,8,0.003894225003023166,True
4,LARGE_MAZE,3421,3421,6,9,2,7,greedy,18,0.06050580000737682,18,0.003361433333743157,False
4,LARGE_MAZE,3421,3421,6,9,2,7,beam_2,18,0.035621500050183386,8,0.004452687506272923,True
4,LARGE_MAZE,3421,3421,6,9,2,7,beam_3,18,0.03717009996762499,8,0.004646262495953124,True
4,LARGE_MAZE,3508,3508,7,2,2,1,greedy,18,0.026771699951495975,8,0.003346462493936997,True
4,LARGE_MAZE,3508,3508,7,2,2,1,beam_2,18,0.0354380999924615,8,0.004429762499057688,True
4,LARGE_MAZE,3508,3508,7,2,2,1,beam_3,18,0.03623819997301325,8,0.0045297749966266565,True
4,LARGE_MAZE,3544,3544,7,3,1,1,greedy,18,0.028446200012695044,8,0.0035557750015868805,True
4,LARGE_MAZE,3544,3544,7,3,1,1,beam_2,18,0.02776399999856949,8,0.003470499999821186,True
4,LARGE_MAZE,3544,3544,7,3,1,1,beam_3,18,0.03056859999196604,8,0.003821074998995755,True
4,LARGE_MAZE,3591,3591,7,5,1,3,greedy,18,0.02440319996094331,8,0.003050399995117914,True
4,LARGE_MAZE,3591,3591,7,5,1,3,beam_2,18,0.02738159999717027,8,0.0034226999996462837,True
4,LARGE_MAZE,3591,3591,7,5,1,3,beam_3,18,0.029371799959335476,8,0.0036714749949169345,True
4,LARGE_MAZE,3637,3637,7,6,1,4,greedy,18,0.05677999998442829,18,0.003154444443579349,False
4,LARGE_MAZE,3637,3637,7,6,1,4,beam_2,18,0.026734500017482787,8,0.0033418125021853484,True
4,LARGE_MAZE,3637,3637,7,6,1,4,beam_3,18,0.02843189996201545,8,0.0035539874952519313,True
4,LARGE_MAZE,3683,3683,7,7,1,5,greedy,18,0.05502680002246052,18,0.003057044445692251,False
4,LARGE_MAZE,3683,3683,7,7,1,5,beam_2,18,0.02601550001418218,8,0.0032519375017727725,True
4,LARGE_MAZE,3683,3683,7,7,1,5,beam_3,18,0.02862640004605055,8,0.0035783000057563186,True
4,LARGE_MAZE,3743,3743,7,9,3,7,greedy,18,0.027494999987538904,8,0.003436874998442363,True
4,LARGE_MAZE,3743,3743,7,9,3,7,beam_2,18,0.029828200000338256,8,0.003728525000042282,True
4,LARGE_MAZE,3743,3743,7,9,3,7,beam_3,18,0.03457149997120723,8,0.004321437496400904,True
4,LARGE_MAZE,1778,1778,1,1,6,5,greedy,20,0.03378649998921901,9,0.003754055554357668,True
4,LARGE_MAZE,1778,1778,1,1,6,5,beam_2,20,0.03757159999804571,9,0.0041746222220050795,True
4,LARGE_MAZE,1778,1778,1,1,6,5,beam_3,20,0.03519670001696795,9,0.0039107444463297725,True
4,LARGE_MAZE,1829,1829,1,2,7,5,greedy,20,0.032920499972533435,9,0.003657833330281493,True
4,LARGE_MAZE,1829,1829,1,2,7,5,beam_2,20,0.030462199996691197,9,0.0033846888885212443,True
4,LARGE_MAZE,1829,1829,1,2,7,5,beam_3,20,0.03286519995890558,9,0.003651688884322842,True
4,LARGE_MAZE,1885,1885,1,4,1,9,greedy,20,0.027769199979957193,9,0.003085466664439688,True
4,LARGE_MAZE,1885,1885,1,4,1,9,beam_2,20,0.029286500008311123,9,0.0032540555564790135,True
4,LARGE_MAZE,1885,1885,1,4,1,9,beam_3,20,0.033200400008354336,9,0.003688933334261593,True
4,LARGE_MAZE,1931,1931,1,5,1,10,greedy,20,0.02491330000339076,9,0.0027681444448211957,True
4,LARGE_MAZE,1931,1931,1,5,1,10,beam_2,20,0.030387200007680804,9,0.003376355556408978,True
4,LARGE_MAZE,1931,1931,1,5,1,10,beam_3,20,0.03406120004365221,9,0.003784577782628023,True
4,LARGE_MAZE,1978,1978,1,7,2,3,greedy,20,0.029994199983775616,9,0.0033326888870861796,True
4,LARGE_MAZE,1978,1978,1,7,2,3,beam_2,20,0.03284160001203418,9,0.0036490666680037975,True
4,LARGE_MAZE,1978,1978,1,7,2,3,beam_3,20,0.032378200034145266,9,0.003597577781571696,True
4,LARGE_MAZE,2016,2016,1,8,1,3,greedy,20,0.02763800002867356,9,0.00307088889207484,True
4,LARGE_MAZE,2016,2016,1,8,1,3,beam_2,20,0.03554660000372678,9,0.0039496222226363085,True
4,LARGE_MAZE,2016,2016,1,8,1,3,beam_3,20,0.03894129995023832,9,0.004326811105582035,True
4,LARGE_MAZE,2087,2087,1,9,5,4,greedy,20,0.06880539999110624,19,0.0036213368416371707,False
4,LARGE_MAZE,2087,2087,1,9,5,4,beam_2,20,0.03829359996598214,9,0.0042548444406646825,True
4,LARGE_MAZE,2087,2087,1,9,5,4,beam_3,20,0.036732900014612824,9,0.00408143333495698,True
4,LARGE_MAZE,2167,2167,2,1,3,7,greedy,20,0.040488400030881166,11,0.0036807636391710153,True
4,LARGE_MAZE,2167,2167,2,1,3,7,beam_2,20,0.03796870005317032,9,0.004218744450352258,True
4,LARGE_MAZE,2167,2167,2,1,3,7,beam_3,20,0.03761790000135079,9,0.004179766666816754,True
4,LARGE_MAZE,2233,2233,2,3,7,3,greedy,20,0.030565999972168356,9,0.0033962222191298175,True
4,LARGE_MAZE,2233,2233,2,3,7,3,beam_2,20,0.02998160000424832,9,0.0033312888893609247,True
4,LARGE_MAZE,2233,2233,2,3,7,3,beam_3,20,0.032899699988774955,9,0.003655522220974995,True
4,LARGE_MAZE,2284,2284,2,7,1,1,greedy,20,0.027451900008600205,9,0.0030502111120666894,True
4,LARGE_MAZE,2284,2284,2,7,1,1,beam_2,20,0.030835799989290535,9,0.0034261999988100594,True
4,LARGE_MAZE,2284,2284,2,7,1,1,beam_3,20,0.03059529996244237,9,0.0033994777736047078,True
4,LARGE_MAZE,2327,2327,2,7,7,9,greedy,20,0.025805499986745417,9,0.0028672777763050464,True
4,LARGE_MAZE,2327,2327,2,7,7,9,beam_2,20,0.029283299983944744,9,0.003253699998216083,True
4,LARGE_MAZE,2327,2327,2,7,7,9,beam_3,20,0.03091229998972267,9,0.003434699998858074,True
4,LARGE_MAZE,2415,2415,3,1,7,6,greedy,20,0.05874160001985729,19,0.003091663158939857,False
4,LARGE_MAZE,2415,2415,3,1,7,6,beam_2,20,0.04665699996985495,13,0.00358899999768115,True
4,LARGE_MAZE,2415,2415,3,1,7,6,beam_3,20,0.03963460004888475,9,0.004403844449876083,True
4,LARGE_MAZE,2483,2483,3,3,3,8,greedy,20,0.08710330002941191,19,0.004584384212074311,False
4,LARGE_MAZE,2483,2483,3,3,3,8,beam_2,20,0.04433860001154244,9,0.004926511112393605,True
4,LARGE_MAZE,2483,2483,3,3,3,8,beam_3,20,0.05260609998367727,9,0.005845122220408585,True
4,LARGE_MAZE,2584,2584,3,6,5,7,greedy,20,0.030631100002210587,9,0.0034034555558011765,True
4,LARGE_MAZE,2584,2584,3,6,5,7,beam_2,20,0.03637940000044182,9,0.004042155555604647,True
4,LARGE_MAZE,2584,2584,3,6,5,7,beam_3,20,0.03587109997170046,9,0.003985677774633384,True
4,LARGE_MAZE,2621,2621,3,7,4,1,greedy,20,0.027390900009777397,9,0.0030434333344197106,True
4,LARGE_MAZE,2621,2621,3,7,4,1,beam_2,20,0.031084299960639328,9,0.003453811106737703,True
4,LARGE_MAZE,2621,2621,3,7,4,1,beam_3,20,0.03183199994964525,9,0.003536888883293917,True
4,LARGE_MAZE,2660,2660,3,8,3,3,greedy,20,0.06005860003642738,19,0.0031609789492856514,False
4,LARGE_MAZE,2660,2660,3,8,3,3,beam_2,20,0.029379099956713617,9,0.0032643444396348465,True
4,LARGE_MAZE,2660,2660,3,8,3,3,beam_3,20,0.029438899946399033,9,0.003270988882933226,True
4,LARGE_MAZE,2699,2699,3,9,2,3,greedy,20,0.025285499985329807,9,0.0028094999983699787,True
4,LARGE_MAZE,2699,2699,3,9,2,3,beam_2,20,0.02856669999891892,9,0.003174077777657658,True
4,LARGE_MAZE,2699,2699,3,9,2,3,beam_3,20,0.028739300032611936,9,0.003193255559179104,True
4,LARGE_MAZE,2761,2761,3,10,5,3,greedy,20,0.023574699996970594,9,0.0026194111107745105,True
4,LARGE_MAZE,2761,2761,3,10,5,3,beam_2,20,0.026847500004805624,9,0.002983055556089514,True
4,LARGE_MAZE,2761,2761,3,10,5,3,beam_3,20,0.028733099985402077,9,0.003192566665044675,True
4,LARGE_MAZE,2872,2872,4,10,1,4,greedy,20,0.025754400005098432,9,0.0028616000005664923,True
4,LARGE_MAZE,2872,2872,4,10,1,4,beam_2,20,0.027491699962411076,9,0.003054633329156786,True
4,LARGE_MAZE,2872,2872,4,10,1,4,beam_3,20,0.028742299997247756,9,0.003193588888583084,True
4,LARGE_MAZE,2949,2949,5,1,6,7,greedy,20,0.05660719994921237,19,0.002979326313116441,False
4,LARGE_MAZE,2949,2949,5,1,6,7,beam_2,20,0.028981400013435632,9,0.0032201555570484037,True
4,LARGE_MAZE,2949,2949,5,1,6,7,beam_3,20,0.030867199995554984,9,0.0034296888883949984,True
4,LARGE_MAZE,3026,3026,5,3,3,10,greedy,20,0.028209400014020503,9,0.0031343777793356115,True
4,LARGE_MAZE,3026,3026,5,3,3,10,beam_2,20,0.03064269997412339,9,0.0034047444415692654,True
4,LARGE_MAZE,3026,3026,5,3,3,10,beam_3,20,0.03035230003297329,9,0.0033724777814414767,True
4,LARGE_MAZE,3126,3126,5,5,5,10,greedy,20,0.02525679999962449,9,0.0028063111110693878,True
4,LARGE_MAZE,3126,3126,5,5,5,10,beam_2,20,0.02824359998339787,9,0.0031381777759330967,True
4,LARGE_MAZE,3126,3126,5,5,5,10,beam_3,20,0.029954200028441846,9,0.0033282444476046497,True
4,LARGE_MAZE,3195,3195,5,9,2,5,greedy,20,0.026755400002002716,9,0.002972822222444746,True
4,LARGE_MAZE,3195,3195,5,9,2,5,beam_2,20,0.029223899997305125,9,0.0032470999997005695,True
4,LARGE_MAZE,3195,3195,5,9,2,5,beam_3,20,0.029980899998918176,9,0.0033312111109909085,True
4,LARGE_MAZE,3279,3279,6,3,1,7,greedy,20,0.05769669997971505,19,0.0030366684199850027,False
4,LARGE_MAZE,3279,3279,6,3,1,7,beam_2,20,0.031720399972982705,9,0.003524488885886967,True
4,LARGE_MAZE,3279,3279,6,3,1,7,beam_3,20,0.03128269995795563,9,0.0034758555508839586,True
4,LARGE_MAZE,3332,3332,6,5,2,10,greedy,20,0.02769119996810332,9,0.0030767999964559246,True
4,LARGE_MAZE,3332,3332,6,5,2,10,beam_2,20,0.036599299986846745,9,0.004066588887427416,True
4,LARGE_MAZE,3332,3332,6,5,2,10,beam_3,20,0.03621469996869564,9,0.004023855552077293,True
4,LARGE_MAZE,3390,3390,6,7,5,1,greedy,20,0.030363300000317395,9,0.003373700000035266,True
4,LARGE_MAZE,3390,3390,6,7,5,1,beam_2,20,0.03548760002013296,9,0.003943066668903662,True
4,LARGE_MAZE,3390,3390,6,7,5,1,beam_3,20,0.0350530999712646,9,0.0038947888856960666,True
4,LARGE_MAZE,3465,3465,7,1,2,5,greedy,20,0.06925060000503436,19,0.0036447684213175976,False
4,LARGE_MAZE,3465,3465,7,1,2,5,beam_2,20,0.035488200024701655,9,0.003943133336077962,True
4,LARGE_MAZE,3465,3465,7,1,2,5,beam_3,20,0.041909399966243654,9,0.004656599996249295,True
4,LARGE_MAZE,3503,3503,7,2,1,5,greedy,20,0.0662031999672763,19,0.0034843789456461215,False
4,LARGE_MAZE,3503,3503,7,2,1,5,beam_2,20,0.03966820001369342,9,0.004407577779299269,True
4,LARGE_MAZE,3503,3503,7,2,1,5,beam_3,20,0.04057519999332726,9,0.00450835555481414,True
4,LARGE_MAZE,3547,3547,7,3,1,4,greedy,20,0.06433850002940744,19,0.0033862368436530232,False
4,LARGE_MAZE,3547,3547,7,3,1,4,beam_2,20,0.08571750001283363,19,0.004511447369096507,False
4,LARGE_MAZE,3547,3547,7,3,1,4,beam_3,20,0.03899329999694601,9,0.004332588888549556,True
4,LARGE_MAZE,3590,3590,7,5,1,2,greedy,20,0.03266229998553172,9,0.0036291444428368574,True
4,LARGE_MAZE,3590,3590,7,5,1,2,beam_2,20,0.03357570001389831,9,0.00373063333487759,True
4,LARGE_MAZE,3590,3590,7,5,1,2,beam_3,20,0.03427400003420189,9,0.003808222226022432,True
4,LARGE_MAZE,3611,3611,7,5,3,10,greedy,20,0.0298855000291951,9,0.003320611114355011,True
4,LARGE_MAZE,3611,3611,7,5,3,10,beam_2,20,0.029107000038493425,9,0.0032341111153881582,True
4,LARGE_MAZE,3611,3611,7,5,3,10,beam_3,20,0.03165989997796714,9,0.0035177666642185715,True
4,LARGE_MAZE,3672,3672,7,6,7,1,greedy,20,0.053738299990072846,17,0.003161076470004285,True
4,LARGE_MAZE,3672,3672,7,6,7,1,beam_2,20,0.03435360000003129,9,0.0038170666666701436,True
4,LARGE_MAZE,3672,3672,7,6,7,1,beam_3,20,0.03513380000367761,9,0.0039037555559641784,True
4,LARGE_MAZE,3718,3718,7,7,7,2,greedy,20,0.0645675000268966,19,0.0033982894750998207,False
4,LARGE_MAZE,3718,3718,7,7,7,2,beam_2,20,0.03161169996019453,9,0.003512411106688281,True
4,LARGE_MAZE,3718,3718,7,7,7,2,beam_3,20,0.032943999976851046,9,0.0036604444418723383,True
4,LARGE_MAZE,3788,3788,7,10,3,7,greedy,20,0.025806400051806122,9,0.0028673777835340137,True
4,LARGE_MAZE,3788,3788,7,10,3,7,beam_2,20,0.02939189999597147,9,0.0032657666662190524,True
4,LARGE_MAZE,3788,3788,7,10,3,7,beam_3,20,0.02971520001301542,9,0.0033016888903350467,True
4,LARGE_MAZE,1794,1794,1,2,1,8,greedy,22,0.03297210001619533,10,0.0032972100016195327,True
4,LARGE_MAZE,1794,1794,1,2,1,8,beam_2,22,0.03606219997163862,10,0.003606219997163862,True
4,LARGE_MAZE,1794,1794,1,2,1,8,beam_3,22,0.037809800007380545,10,0.0037809800007380543,True
4,LARGE_MAZE,1846,1846,1,3,2,10,greedy,22,0.03301029995782301,10,0.003301029995782301,True
4,LARGE_MAZE,1846,1846,1,3,2,10,beam_2,22,0.03964800003450364,10,0.003964800003450364,True
4,LARGE_MAZE,1846,1846,1,3,2,10,beam_3,22,0.03861310001229867,10,0.0038613100012298675,True
4,LARGE_MAZE,1911,1911,1,4,5,10,greedy,22,0.036780200025532395,10,0.0036780200025532395,True
4,LARGE_MAZE,1911,1911,1,4,5,10,beam_2,22,0.038104600040242076,10,0.0038104600040242075,True
4,LARGE_MAZE,1911,1911,1,4,5,10,beam_3,22,0.07653479999862611,10,0.0076534799998626115,True
4,LARGE_MAZE,1961,1961,1,5,7,1,greedy,22,0.06085120001807809,10,0.0060851200018078085,True
4,LARGE_MAZE,1961,1961,1,5,7,1,beam_2,22,0.03955129999667406,10,0.003955129999667406,True
4,LARGE_MAZE,1961,1961,1,5,7,1,beam_3,22,0.07613060000585392,10,0.0076130600005853925,True
4,LARGE_MAZE,2011,2011,1,7,7,7,greedy,22,0.033416599966585636,10,0.0033416599966585637,True
4,LARGE_MAZE,2011,2011,1,7,7,7,beam_2,22,0.04107419995125383,10,0.004107419995125383,True
4,LARGE_MAZE,2011,2011,1,7,7,7,beam_3,22,0.05155139998532832,10,0.0051551399985328315,True
4,LARGE_MAZE,2047,2047,1,8,6,3,greedy,22,0.032483500021044165,10,0.0032483500021044166,True
4,LARGE_MAZE,2047,2047,1,8,6,3,beam_2,22,0.03966130001936108,10,0.0039661300019361075,True
4,LARGE_MAZE,2047,2047,1,8,6,3,beam_3,22,0.03845180000644177,10,0.003845180000644177,True
4,LARGE_MAZE,2099,2099,1,9,7,5,greedy,22,0.03550329996505752,10,0.003550329996505752,True
4,LARGE_MAZE,2099,2099,1,9,7,5,beam_2,22,0.036822900001425296,10,0.0036822900001425296,True
4,LARGE_MAZE,2099,2099,1,9,7,5,beam_3,22,0.034893900039605796,10,0.0034893900039605795,True
4,LARGE_MAZE,2168,2168,2,1,3,8,greedy,22,0.03605669998796657,12,0.003004724998997214,True
4,LARGE_MAZE,2168,2168,2,1,3,8,beam_2,22,0.03170450002653524,10,0.003170450002653524,True
4,LARGE_MAZE,2168,2168,2,1,3,8,beam_3,22,0.035396200022660196,10,0.0035396200022660197,True
4,LARGE_MAZE,2235,2235,2,3,7,6,greedy,22,0.028870100039057434,10,0.0028870100039057435,True
4,LARGE_MAZE,2235,2235,2,3,7,6,beam_2,22,0.0332916000043042,10,0.00332916000043042,True
4,LARGE_MAZE,2235,2235,2,3,7,6,beam_3,22,0.03157389996340498,10,0.0031573899963404984,True
4,LARGE_MAZE,2319,2319,2,7,6,7,greedy,22,0.05481679999502376,19,0.002885094736580198,False
4,LARGE_MAZE,2319,2319,2,7,6,7,beam_2,22,0.03032850002637133,10,0.003032850002637133,True
4,LARGE_MAZE,2319,2319,2,7,6,7,beam_3,22,0.03235499997390434,10,0.0032354999973904343,True
4,LARGE_MAZE,2369,2369,2,10,7,5,greedy,22,0.030133399995975196,10,0.0030133399995975196,True
4,LARGE_MAZE,2369,2369,2,10,7,5,beam_2,22,0.031887699966318905,10,0.0031887699966318904,True
4,LARGE_MAZE,2369,2369,2,10,7,5,beam_3,22,0.03475400002207607,10,0.003475400002207607,True
4,LARGE_MAZE,2460,2460,3,2,7,6,greedy,22,0.06872229999862611,19,0.003616963157822427,False
4,LARGE_MAZE,2460,2460,3,2,7,6,beam_2,22,0.04483769997023046,12,0.003736474997519205,True
4,LARGE_MAZE,2460,2460,3,2,7,6,beam_3,22,0.03990570001769811,10,0.003990570001769811,True
4,LARGE_MAZE,2552,2552,3,5,7,9,greedy,22,0.06157649995293468,19,0.00324086841857551,False
4,LARGE_MAZE,2552,2552,3,5,7,9,beam_2,22,0.033081999979913235,10,0.0033081999979913236,True
4,LARGE_MAZE,2552,2552,3,5,7,9,beam_3,22,0.03680739999981597,10,0.0036807399999815972,True
4,LARGE_MAZE,2653,2653,3,8,2,1,greedy,22,0.02848809998249635,10,0.002848809998249635,True
4,LARGE_MAZE,2653,2653,3,8,2,1,beam_2,22,0.030872900038957596,10,0.0030872900038957595,True
4,LARGE_MAZE,2653,2653,3,8,2,1,beam_3,22,0.03214169997954741,10,0.003214169997954741,True
4,LARGE_MAZE,2689,2689,3,9,1,1,greedy,22,0.025680200022179633,10,0.0025680200022179635,True
4,LARGE_MAZE,2689,2689,3,9,1,1,beam_2,22,0.03279090003343299,10,0.003279090003343299,True
4,LARGE_MAZE,2689,2689,3,9,1,1,beam_3,22,0.03051499999128282,10,0.003051499999128282,True
4,LARGE_MAZE,2735,2735,3,10,1,2,greedy,22,0.03029590001096949,10,0.003029590001096949,True
4,LARGE_MAZE,2735,2735,3,10,1,2,beam_2,22,0.031043199996929616,10,0.0031043199996929616,True
4,LARGE_MAZE,2735,2735,3,10,1,2,beam_3,22,0.03115210001124069,10,0.003115210001124069,True
4,LARGE_MAZE,2791,2791,4,1,2,7,greedy,22,0.02562130003934726,10,0.002562130003934726,True
4,LARGE_MAZE,2791,2791,4,1,2,7,beam_2,22,0.029215099988505244,10,0.0029215099988505245,True
4,LARGE_MAZE,2791,2791,4,1,2,7,beam_3,22,0.03082320000976324,10,0.003082320000976324,True
4,LARGE_MAZE,2896,2896,4,10,5,3,greedy,22,0.025208500039298087,10,0.0025208500039298086,True
4,LARGE_MAZE,2896,2896,4,10,5,3,beam_2,22,0.028942300006747246,10,0.0028942300006747244,True
4,LARGE_MAZE,2896,2896,4,10,5,3,beam_3,22,0.03339819994289428,10,0.003339819994289428,True
4,LARGE_MAZE,2965,2965,5,2,1,8,greedy,22,0.02850469999248162,10,0.002850469999248162,True
4,LARGE_MAZE,2965,2965,5,2,1,8,beam_2,22,0.03321639995556325,10,0.003321639995556325,True
4,LARGE_MAZE,2965,2965,5,2,1,8,beam_3,22,0.03469150001183152,10,0.0034691500011831524,True
4,LARGE_MAZE,3057,3057,5,4,1,10,greedy,22,0.028229600051417947,10,0.0028229600051417948,True
4,LARGE_MAZE,3057,3057,5,4,1,10,beam_2,22,0.03221060003852472,10,0.0032210600038524717,True
4,LARGE_MAZE,3057,3057,5,4,1,10,beam_3,22,0.03458639996824786,10,0.0034586399968247862,True
4,LARGE_MAZE,3165,3165,5,7,5,1,greedy,22,0.029628199990838766,10,0.0029628199990838766,True
4,LARGE_MAZE,3165,3165,5,7,5,1,beam_2,22,0.03343410004163161,10,0.003343410004163161,True
4,LARGE_MAZE,3165,3165,5,7,5,1,beam_3,22,0.03416450001532212,10,0.003416450001532212,True
4,LARGE_MAZE,3258,3258,5,10,5,4,greedy,22,0.028339300013612956,10,0.0028339300013612958,True
4,LARGE_MAZE,3258,3258,5,10,5,4,beam_2,22,0.029942799999844283,10,0.0029942799999844285,True
4,LARGE_MAZE,3258,3258,5,10,5,4,beam_3,22,0.03207349998410791,10,0.003207349998410791,True
4,LARGE_MAZE,3352,3352,6,5,5,10,greedy,22,0.028124200005549937,10,0.002812420000554994,True
4,LARGE_MAZE,3352,3352,6,5,5,10,beam_2,22,0.02932550001423806,10,0.002932550001423806,True
4,LARGE_MAZE,3352,3352,6,5,5,10,beam_3,22,0.031219199998304248,10,0.003121919999830425,True
4,LARGE_MAZE,3402,3402,6,7,7,2,greedy,22,0.028080300020519644,10,0.0028080300020519645,True
4,LARGE_MAZE,3402,3402,6,7,7,2,beam_2,22,0.031652200035750866,10,0.0031652200035750867,True
4,LARGE_MAZE,3402,3402,6,7,7,2,beam_3,22,0.048136800003703684,10,0.0048136800003703685,True
4,LARGE_MAZE,3470,3470,7,1,3,3,greedy,22,0.0611722000176087,16,0.003823262501100544,True
4,LARGE_MAZE,3470,3470,7,1,3,3,beam_2,22,0.03839569998672232,10,0.003839569998672232,True
4,LARGE_MAZE,3470,3470,7,1,3,3,beam_3,22,0.04427310003666207,10,0.004427310003666207,True
4,LARGE_MAZE,3509,3509,7,2,2,3,greedy,22,0.07420880004065111,19,0.003905726317929006,False
4,LARGE_MAZE,3509,3509,7,2,2,3,beam_2,22,0.06877620000159368,19,0.003619800000083878,False
4,LARGE_MAZE,3509,3509,7,2,2,3,beam_3,22,0.04479369998443872,12,0.00373280833203656,True
4,LARGE_MAZE,3549,3549,7,3,1,7,greedy,22,0.06324599997606128,19,0.003328736840845331,False
4,LARGE_MAZE,3549,3549,7,3,1,7,beam_2,22,0.03661660000216216,10,0.0036616600002162157,True
4,LARGE_MAZE,3549,3549,7,3,1,7,beam_3,22,0.03742040001088753,10,0.0037420400010887535,True
4,LARGE_MAZE,3602,3602,7,5,2,10,greedy,22,0.03132730000652373,10,0.003132730000652373,True
4,LARGE_MAZE,3602,3602,7,5,2,10,beam_2,22,0.03431690001161769,10,0.003431690001161769,True
4,LARGE_MAZE,3602,3602,7,5,2,10,beam_3,22,0.035566699982155114,10,0.0035566699982155113,True
4,LARGE_MAZE,3643,3643,7,6,2,1,greedy,22,0.029767799947876483,10,0.0029767799947876482,True
4,LARGE_MAZE,3643,3643,7,6,2,1,beam_2,22,0.031205899955239147,10,0.0031205899955239146,True
4,LARGE_MAZE,3643,3643,7,6,2,1,beam_3,22,0.033678899984806776,10,0.0033678899984806777,True
4,LARGE_MAZE,3684,3684,7,7,1,7,greedy,22,0.06441729998914525,19,0.003390384209955013,False
4,LARGE_MAZE,3684,3684,7,7,1,7,beam_2,22,0.03349450003588572,10,0.003349450003588572,True
4,LARGE_MAZE,3684,3684,7,7,1,7,beam_3,22,0.03526259999489412,10,0.0035262599994894117,True
4,LARGE_MAZE,3741,3741,7,9,3,5,greedy,22,0.03147550002904609,10,0.0031475500029046087,True
4,LARGE_MAZE,3741,3741,7,9,3,5,beam_2,22,0.03312119998736307,10,0.003312119998736307,True
4,LARGE_MAZE,3741,3741,7,9,3,5,beam_3,22,0.03325059998314828,10,0.0033250599983148275,True
4,LARGE_MAZE,1765,1765,1,1,3,10,greedy,24,0.030760299996472895,11,0.002796390908770263,True
4,LARGE_MAZE,1765,1765,1,1,3,10,beam_2,24,0.03652860003057867,11,0.0033207818209616976,True
4,LARGE_MAZE,1765,1765,1,1,3,10,beam_3,24,0.04206820001127198,11,0.003824381819206544,True
4,LARGE_MAZE,1826,1826,1,2,7,1,greedy,24,0.032099599950015545,11,0.0029181454500014133,True
4,LARGE_MAZE,1826,1826,1,2,7,1,beam_2,24,0.033557399990968406,11,0.0030506727264516735,True
4,LARGE_MAZE,1826,1826,1,2,7,1,beam_3,24,0.04013480001594871,11,0.003648618183268065,True
4,LARGE_MAZE,1872,1872,1,3,7,2,greedy,24,0.03205449995584786,11,0.0029140454505316234,True
4,LARGE_MAZE,1872,1872,1,3,7,2,beam_2,24,0.0367975999834016,11,0.003345236362127418,True
4,LARGE_MAZE,1872,1872,1,3,7,2,beam_3,24,0.040115200041327626,11,0.0036468363673934205,True
4,LARGE_MAZE,1977,1977,1,7,2,1,greedy,24,0.03793670004233718,11,0.0034487909129397435,True
4,LARGE_MAZE,1977,1977,1,7,2,1,beam_2,24,0.042319900006987154,11,0.0038472636369988322,True
4,LARGE_MAZE,1977,1977,1,7,2,1,beam_3,24,0.043805700028315187,11,0.003982336366210471,True
4,LARGE_MAZE,2013,2013,1,7,7,10,greedy,24,0.033679099986329675,11,0.0030617363623936067,True
4,LARGE_MAZE,2013,2013,1,7,7,10,beam_2,24,0.037310499988961965,11,0.0033918636353601787,True
4,LARGE_MAZE,2013,2013,1,7,7,10,beam_3,24,0.03857340000104159,11,0.0035066727273674173,True
4,LARGE_MAZE,2056,2056,1,8,7,7,greedy,24,0.05672340001910925,19,0.0029854421062689078,False
4,LARGE_MAZE,2056,2056,1,8,7,7,beam_2,24,0.036840800021309406,11,0.003349163638300855,True
4,LARGE_MAZE,2056,2056,1,8,7,7,beam_3,24,0.03640470001846552,11,0.0033095181834968653,True
4,LARGE_MAZE,2100,2100,1,9,7,6,greedy,24,0.030501200002618134,11,0.002772836363874376,True
4,LARGE_MAZE,2100,2100,1,9,7,6,beam_2,24,0.039839900040533394,11,0.003621809094593945,True
4,LARGE_MAZE,2100,2100,1,9,7,6,beam_3,24,0.03770529996836558,11,0.003427754542578689,True
4,LARGE_MAZE,2169,2169,2,1,3,9,greedy,24,0.044993999996222556,13,0.0034610769227863504,True
4,LARGE_MAZE,2169,2169,2,1,3,9,beam_2,24,0.03631750005297363,11,0.0033015909139066935,True
4,LARGE_MAZE,2169,2169,2,1,3,9,beam_3,24,0.037163999979384243,11,0.0033785454526712947,True
4,LARGE_MAZE,2231,2231,2,3,7,1,greedy,24,0.03226469998480752,11,0.002933154544073411,True
4,LARGE_MAZE,2231,2231,2,3,7,1,beam_2,24,0.042465100006666034,13,0.0032665461543589258,True
4,LARGE_MAZE,2231,2231,2,3,7,1,beam_3,24,0.04356399999232963,13,0.0033510769224868943,True
4,LARGE_MAZE,2321,2321,2,7,7,1,greedy,24,0.030203000002074987,11,0.002745727272915908,True
4,LARGE_MAZE,2321,2321,2,7,7,1,beam_2,24,0.03765750001184642,11,0.0034234090919860387,True
4,LARGE_MAZE,2321,2321,2,7,7,1,beam_3,24,0.037015499954577535,11,0.0033650454504161394,True
4,LARGE_MAZE,2370,2370,2,10,7,6,greedy,24,0.053618199948687106,19,0.0028220105236151107,False
4,LARGE_MAZE,2370,2370,2,10,7,6,beam_2,24,0.042005499999504536,11,0.003818681818136776,True
4,LARGE_MAZE,2370,2370,2,10,7,6,beam_3,24,0.05530509998789057,11,0.0050277363625355065,True
4,LARGE_MAZE,2439,2439,3,2,3,9,greedy,24,0.04113219998544082,11,0.003739290907767347,True
4,LARGE_MAZE,2439,2439,3,2,3,9,beam_2,24,0.047182300011627376,11,0.004289300001057034,True
4,LARGE_MAZE,2439,2439,3,2,3,9,beam_3,24,0.03974420001031831,11,0.003613109091847119,True
4,LARGE_MAZE,2553,2553,3,5,7,10,greedy,24,0.0324100999860093,11,0.0029463727260008454,True
4,LARGE_MAZE,2553,2553,3,5,7,10,beam_2,24,0.03666959999827668,11,0.0033335999998433345,True
4,LARGE_MAZE,2553,2553,3,5,7,10,beam_3,24,0.037107199954334646,11,0.0033733818140304224,True
4,LARGE_MAZE,2704,2704,3,9,3,2,greedy,24,0.07385889999568462,19,0.0038873105260886645,False
4,LARGE_MAZE,2704,2704,3,9,3,2,beam_2,24,0.04463940003188327,11,0.004058127275625752,True
4,LARGE_MAZE,2704,2704,3,9,3,2,beam_3,24,0.05353590002050623,11,0.004866900001864203,True
4,LARGE_MAZE,2750,2750,3,10,3,3,greedy,24,0.07939880003686994,19,0.004178884212466839,False
4,LARGE_MAZE,2750,2750,3,10,3,3,beam_2,24,0.048388299997895956,11,0.0043989363634450865,True
4,LARGE_MAZE,2750,2750,3,10,3,3,beam_3,24,0.04678750003222376,11,0.004253409093838523,True
4,LARGE_MAZE,2800,2800,4,1,3,9,greedy,24,0.037722299981396645,11,0.003429299998308786,True
4,LARGE_MAZE,2800,2800,4,1,3,9,beam_2,24,0.042297600011806935,11,0.0038452363647097213,True
4,LARGE_MAZE,2800,2800,4,1,3,9,beam_3,24,0.043660900031682104,11,0.003969172730152918,True
4,LARGE_MAZE,2895,2895,4,10,5,2,greedy,24,0.039236699987668544,11,0.003566972726151686,True
4,LARGE_MAZE,2895,2895,4,10,5,2,beam_2,24,0.043478300038259476,11,0.003952572730750861,True
4,LARGE_MAZE,2895,2895,4,10,5,2,beam_3,24,0.0488545999978669,11,0.0044413272725333545,True
4,LARGE_MAZE,2966,2966,5,2,1,9,greedy,24,0.04409069998655468,13,0.0033915923066580524,True
4,LARGE_MAZE,2966,2966,5,2,1,9,beam_2,24,0.04900749999796972,11,0.004455227272542702,True
4,LARGE_MAZE,2966,2966,5,2,1,9,beam_3,24,0.04609580000396818,11,0.004190527273088016,True
4,LARGE_MAZE,3080,3080,5,4,5,9,greedy,24,0.041013000009115785,11,0.0037284545462832534,True
4,LARGE_MAZE,3080,3080,5,4,5,9,beam_2,24,0.045275399985257536,11,0.0041159454532052305,True
4,LARGE_MAZE,3080,3080,5,4,5,9,beam_3,24,0.043632500048261136,11,0.003966590913478285,True
4,LARGE_MAZE,3162,3162,5,7,4,1,greedy,24,0.03456289996393025,11,0.00314208181490275,True
4,LARGE_MAZE,3162,3162,5,7,4,1,beam_2,24,0.04375879996223375,11,0.003978072723839432,True
4,LARGE_MAZE,3162,3162,5,7,4,1,beam_3,24,0.040146200044546276,11,0.003649654549504207,True
4,LARGE_MAZE,3231,3231,5,10,1,3,greedy,24,0.03131079999729991,11,0.002846436363390901,True
4,LARGE_MAZE,3231,3231,5,10,1,3,beam_2,24,0.03618349996395409,11,0.00328940908763219,True
4,LARGE_MAZE,3231,3231,5,10,1,3,beam_3,24,0.03695449995575473,11,0.0033594999959777024,True
4,LARGE_MAZE,3299,3299,6,3,4,10,greedy,24,0.032290700008161366,11,0.0029355181825601244,True
4,LARGE_MAZE,3299,3299,6,3,4,10,beam_2,24,0.03557629999704659,11,0.0032342090906405992,True
4,LARGE_MAZE,3299,3299,6,3,4,10,beam_3,24,0.03664780000690371,11,0.0033316181824457917,True
4,LARGE_MAZE,3385,3385,6,7,3,9,greedy,24,0.03164370002923533,11,0.0028767000026577575,True
4,LARGE_MAZE,3385,3385,6,7,3,9,beam_2,24,0.03442320000613108,11,0.0031293818187391894,True
4,LARGE_MAZE,3385,3385,6,7,3,9,beam_3,24,0.04630789998918772,11,0.004209809089926156,True
4,LARGE_MAZE,3457,3457,7,1,1,4,greedy,24,0.0735446999897249,19,0.0038707736836697316,False
4,LARGE_MAZE,3457,3457,7,1,1,4,beam_2,24,0.07535810000263155,19,0.003966215789612187,False
4,LARGE_MAZE,3457,3457,7,1,1,4,beam_3,24,0.07904019998386502,19,0.00416001052546658,False
4,LARGE_MAZE,3501,3501,7,2,1,3,greedy,24,0.06359720003092661,19,0.0033472210542592955,False
4,LARGE_MAZE,3501,3501,7,2,1,3,beam_2,24,0.037589300016406924,11,0.0034172090924006293,True
4,LARGE_MAZE,3501,3501,7,2,1,3,beam_3,24,0.04330719995778054,11,0.003937018177980049,True
4,LARGE_MAZE,3566,3566,7,3,3,10,greedy,24,0.03330660000210628,11,0.0030278727274642074,True
4,LARGE_MAZE,3566,3566,7,3,3,10,beam_2,24,0.04096320003736764,11,0.003723927276124331,True
4,LARGE_MAZE,3566,3566,7,3,3,10,beam_3,24,0.04207960003986955,11,0.003825418185442686,True
4,LARGE_MAZE,3647,3647,7,6,2,10,greedy,24,0.03352759999688715,11,0.00304796363608065,True
4,LARGE_MAZE,3647,3647,7,6,2,10,beam_2,24,0.04073960002278909,11,0.0037036000020717356,True
4,LARGE_MAZE,3647,3647,7,6,2,10,beam_3,24,0.042242800001986325,11,0.0038402545456351204,True
4,LARGE_MAZE,3688,3688,7,7,2,1,greedy,24,0.035645199997816235,11,0.0032404727270742032,True
4,LARGE_MAZE,3688,3688,7,7,2,1,beam_2,24,0.03811400005361065,11,0.0034649090957827866,True
4,LARGE_MAZE,3688,3688,7,7,2,1,beam_3,24,0.03990869998233393,11,0.0036280636347576297,True
4,LARGE_MAZE,3748,3748,7,9,4,5,greedy,24,0.03300540003692731,11,0.0030004909124479377,True
4,LARGE_MAZE,3748,3748,7,9,4,5,beam_2,24,0.03458529995987192,11,0.0031441181781701744,True
4,LARGE_MAZE,3748,3748,7,9,4,5,beam_3,24,0.03987470001447946,11,0.0036249727285890417,True
4,LARGE_MAZE,1768,1768,1,1,4,10,greedy,26,0.03513799997745082,12,0.002928166664787568,True
4,LARGE_MAZE,1768,1768,1,1,4,10,beam_2,26,0.040426799969282,12,0.0033688999974401668,True
4,LARGE_MAZE,1768,1768,1,1,4,10,beam_3,26,0.04304090002551675,12,0.0035867416687930622,True
4,LARGE_MAZE,1864,1864,1,3,5,7,greedy,26,0.03635399998165667,12,0.003029499998471389,True
4,LARGE_MAZE,1864,1864,1,3,5,7,beam_2,26,0.04033510002773255,12,0.0033612583356443793,True
4,LARGE_MAZE,1864,1864,1,3,5,7,beam_3,26,0.04157699999632314,12,0.003464749999693595,True
4,LARGE_MAZE,1982,1982,1,7,3,1,greedy,26,0.03545359999407083,12,0.002954466666172569,True
4,LARGE_MAZE,1982,1982,1,7,3,1,beam_2,26,0.03695390000939369,12,0.0030794916674494743,True
4,LARGE_MAZE,1982,1982,1,7,3,1,beam_3,26,0.03761040000244975,12,0.003134200000204146,True
4,LARGE_MAZE,2036,2036,1,8,4,1,greedy,26,0.031186699983663857,12,0.0025988916653053216,True
4,LARGE_MAZE,2036,2036,1,8,4,1,beam_2,26,0.04173919995082542,12,0.0034782666625687853,True
4,LARGE_MAZE,2036,2036,1,8,4,1,beam_3,26,0.054787400003988296,12,0.004565616666999024,True
4,LARGE_MAZE,2084,2084,1,9,5,1,greedy,26,0.04157950001535937,12,0.003464958334613281,True
4,LARGE_MAZE,2084,2084,1,9,5,1,beam_2,26,0.04766600002767518,12,0.003972166668972932,True
4,LARGE_MAZE,2084,2084,1,9,5,1,beam_3,26,0.04480109998257831,12,0.0037334249985481924,True
4,LARGE_MAZE,2130,2130,1,10,5,2,greedy,26,0.03615219995845109,12,0.0030126833298709244,True
4,LARGE_MAZE,2130,2130,1,10,5,2,beam_2,26,0.03590200003236532,12,0.0029918333360304437,True
4,LARGE_MAZE,2130,2130,1,10,5,2,beam_3,26,0.03901790000963956,12,0.0032514916674699634,True
4,LARGE_MAZE,2184,2184,2,1,6,7,greedy,26,0.052135500009171665,19,0.0027439736846932455,False
4,LARGE_MAZE,2184,2184,2,1,6,7,beam_2,26,0.04529529996216297,14,0.0032353785687259267,True
4,LARGE_MAZE,2184,2184,2,1,6,7,beam_3,26,0.04454879998229444,12,0.003712399998524537,True
4,LARGE_MAZE,2329,2329,2,10,1,1,greedy,26,0.03944429999683052,12,0.003287024999735877,True
4,LARGE_MAZE,2329,2329,2,10,1,1,beam_2,26,0.045420699985697865,12,0.003785058332141489,True
4,LARGE_MAZE,2329,2329,2,10,1,1,beam_3,26,0.04753539996454492,12,0.003961283330378744,True
4,LARGE_MAZE,2379,2379,3,1,1,7,greedy,26,0.04209109995281324,12,0.0035075916627344363,True
4,LARGE_MAZE,2379,2379,3,1,1,7,beam_2,26,0.04761569999391213,12,0.003967974999492678,True
4,LARGE_MAZE,2379,2379,3,1,1,7,beam_3,26,0.04803850001189858,12,0.0040032083343248814,True
4,LARGE_MAZE,2454,2454,3,2,6,7,greedy,26,0.058103300048969686,19,0.0030580684236299837,False
4,LARGE_MAZE,2454,2454,3,2,6,7,beam_2,26,0.04672969999955967,14,0.003337835714254262,True
4,LARGE_MAZE,2454,2454,3,2,6,7,beam_3,26,0.04158259998075664,12,0.0034652166650630534,True
4,LARGE_MAZE,2703,2703,3,9,3,1,greedy,26,0.03335250000236556,12,0.00277937500019713,True
4,LARGE_MAZE,2703,2703,3,9,3,1,beam_2,26,0.03637609997531399,12,0.0030313416646094993,True
4,LARGE_MAZE,2703,2703,3,9,3,1,beam_3,26,0.04044500004965812,12,0.0033704166708048433,True
4,LARGE_MAZE,2756,2756,3,10,4,1,greedy,26,0.036362399987410754,12,0.0030301999989508963,True
4,LARGE_MAZE,2756,2756,3,10,4,1,beam_2,26,0.04895189998205751,12,0.004079324998504792,True
4,LARGE_MAZE,2756,2756,3,10,4,1,beam_3,26,0.06005640001967549,12,0.005004700001639624,True
4,LARGE_MAZE,2868,2868,4,5,7,10,greedy,26,0.07652399997459725,19,0.004027578946031434,False
4,LARGE_MAZE,2868,2868,4,5,7,10,beam_2,26,0.057914900011383,12,0.00482624166761525,True
4,LARGE_MAZE,2868,2868,4,5,7,10,beam_3,26,0.05472189997090027,12,0.004560158330908355,True
4,LARGE_MAZE,2911,2911,4,10,7,7,greedy,26,0.0708582999650389,19,0.0037293842086862576,False
4,LARGE_MAZE,2911,2911,4,10,7,7,beam_2,26,0.04126259998884052,12,0.0034385499990700432,True
4,LARGE_MAZE,2911,2911,4,10,7,7,beam_3,26,0.04460929997731,12,0.0037174416647758335,True
4,LARGE_MAZE,2991,2991,5,2,5,10,greedy,26,0.05860789999132976,19,0.003084626315333145,False
4,LARGE_MAZE,2991,2991,5,2,5,10,beam_2,26,0.039415700011886656,12,0.003284641667657221,True
4,LARGE_MAZE,2991,2991,5,2,5,10,beam_3,26,0.043301999976392835,12,0.003608499998032736,True
4,LARGE_MAZE,3144,3144,5,7,1,7,greedy,26,0.034773899998981506,12,0.0028978249999151253,True
4,LARGE_MAZE,3144,3144,5,7,1,7,beam_2,26,0.0391364999813959,12,0.0032613749984496585,True
4,LARGE_MAZE,3144,3144,5,7,1,7,beam_3,26,0.040867800009436905,12,0.0034056500007864088,True
4,LARGE_MAZE,3212,3212,5,9,5,3,greedy,26,0.03735539998160675,12,0.0031129499984672293,True
4,LARGE_MAZE,3212,3212,5,9,5,3,beam_2,26,0.04174250003416091,12,0.0034785416695134095,True
4,LARGE_MAZE,3212,3212,5,9,5,3,beam_3,26,0.04050820000702515,12,0.003375683333918763,True
4,LARGE_MAZE,3262,3262,5,10,6,3,greedy,26,0.03570840001339093,12,0.0029757000011159107,True
4,LARGE_MAZE,3262,3262,5,10,6,3,beam_2,26,0.04196879995288327,12,0.003497399996073606,True
4,LARGE_MAZE,3262,3262,5,10,6,3,beam_3,26,0.03869979997398332,12,0.0032249833311652765,True
4,LARGE_MAZE,3365,3365,6,7,1,2,greedy,26,0.053753099986352026,19,0.002829110525597475,False
4,LARGE_MAZE,3365,3365,6,7,1,2,beam_2,26,0.04047170002013445,12,0.0033726416683445373,True
4,LARGE_MAZE,3365,3365,6,7,1,2,beam_3,26,0.04108799999812618,12,0.0034239999998438484,True
4,LARGE_MAZE,3386,3386,6,7,3,10,greedy,26,0.0592843999620527,19,0.0031202315769501424,False
4,LARGE_MAZE,3386,3386,6,7,3,10,beam_2,26,0.03861480002524331,12,0.0032179000021036095,True
4,LARGE_MAZE,3386,3386,6,7,3,10,beam_3,26,0.04036540002562106,12,0.0033637833354684212,True
4,LARGE_MAZE,3459,3459,7,1,1,7,greedy,26,0.03136719996109605,12,0.0026139333300913372,True
4,LARGE_MAZE,3459,3459,7,1,1,7,beam_2,26,0.035579699964728206,12,0.002964974997060684,True
4,LARGE_MAZE,3459,3459,7,1,1,7,beam_3,26,0.03917630005162209,12,0.003264691670968508,True
4,LARGE_MAZE,3551,3551,7,3,1,9,greedy,26,0.03842140000779182,14,0.002744385714842273,True
4,LARGE_MAZE,3551,3551,7,3,1,9,beam_2,26,0.03717090003192425,12,0.003097575002660354,True
4,LARGE_MAZE,3551,3551,7,3,1,9,beam_3,26,0.041361200041137636,12,0.003446766670094803,True
4,LARGE_MAZE,3667,3667,7,6,5,10,greedy,26,0.06340280000586063,19,0.0033369894739926644,False
4,LARGE_MAZE,3667,3667,7,6,5,10,beam_2,26,0.04376959998626262,12,0.003647466665521885,True
4,LARGE_MAZE,3667,3667,7,6,5,10,beam_3,26,0.045053299982100725,12,0.0037544416651750603,True
4,LARGE_MAZE,3704,3704,7,7,4,10,greedy,26,0.05829620000440627,19,0.003068221052863488,False
4,LARGE_MAZE,3704,3704,7,7,4,10,beam_2,26,0.03686849999940023,12,0.003072374999950019,True
4,LARGE_MAZE,3704,3704,7,7,4,10,beam_3,26,0.04021800000919029,12,0.0033515000007658577,True
4,LARGE_MAZE,1751,1751,1,1,1,10,greedy,28,0.04122089996235445,13,0.00317083845864265,True
4,LARGE_MAZE,1751,1751,1,1,1,10,beam_2,28,0.05530859995633364,13,0.004254507688948741,True
4,LARGE_MAZE,1751,1751,1,1,1,10,beam_3,28,0.05390909995185211,13,0.004146853842450162,True
4,LARGE_MAZE,1870,1870,1,3,6,9,greedy,28,0.04775899997912347,13,0.003673769229163344,True
4,LARGE_MAZE,1870,1870,1,3,6,9,beam_2,28,0.05291450000368059,13,0.004070346154129276,True
4,LARGE_MAZE,1870,1870,1,3,6,9,beam_3,28,0.04860410001128912,13,0.003738776923945317,True
4,LARGE_MAZE,2051,2051,1,8,7,1,greedy,28,0.039273700036574155,13,0.0030210538489672425,True
4,LARGE_MAZE,2051,2051,1,8,7,1,beam_2,28,0.05017030000453815,13,0.0038592538465029346,True
4,LARGE_MAZE,2051,2051,1,8,7,1,beam_3,28,0.04858059994876385,13,0.0037369692268279884,True
4,LARGE_MAZE,2097,2097,1,9,7,2,greedy,28,0.03970740002114326,13,0.003054415386241789,True
4,LARGE_MAZE,2097,2097,1,9,7,2,beam_2,28,0.04375780001282692,13,0.0033659846163713015,True
4,LARGE_MAZE,2097,2097,1,9,7,2,beam_3,28,0.04470770002808422,13,0.0034390538483141707,True
4,LARGE_MAZE,2146,2146,1,10,7,7,greedy,28,0.03846870001871139,13,0.0029591307706701066,True
4,LARGE_MAZE,2146,2146,1,10,7,7,beam_2,28,0.042032099969219416,13,0.0032332384591707243,True
4,LARGE_MAZE,2146,2146,1,10,7,7,beam_3,28,0.042616299993824214,13,0.003278176922601863,True
4,LARGE_MAZE,2224,2224,2,3,5,7,greedy,28,0.04225539998151362,15,0.0028170266654342414,True
4,LARGE_MAZE,2224,2224,2,3,5,7,beam_2,28,0.04536570003256202,13,0.003489669233274001,True
4,LARGE_MAZE,2224,2224,2,3,5,7,beam_3,28,0.04202320001786575,13,0.0032325538475281345,True
4,LARGE_MAZE,2364,2364,2,10,6,7,greedy,28,0.03473080002004281,13,0.0026716000015417542,True
4,LARGE_MAZE,2364,2364,2,10,6,7,beam_2,28,0.04025769996223971,13,0.0030967461509415163,True
4,LARGE_MAZE,2364,2364,2,10,6,7,beam_3,28,0.04233339999336749,13,0.0032564153841051916,True
4,LARGE_MAZE,2432,2432,3,2,2,10,greedy,28,0.06146689999150112,19,0.0032350999995526906,False
4,LARGE_MAZE,2432,2432,3,2,2,10,beam_2,28,0.04645139997592196,13,0.0035731846135324584,True
4,LARGE_MAZE,2432,2432,3,2,2,10,beam_3,28,0.04479620000347495,13,0.0034458615387288425,True
4,LARGE_MAZE,2499,2499,3,3,6,7,greedy,28,0.03708789998199791,13,0.0028529153832306084,True
4,LARGE_MAZE,2499,2499,3,3,6,7,beam_2,28,0.04232479998609051,13,0.0032557538450838854,True
4,LARGE_MAZE,2499,2499,3,3,6,7,beam_3,28,0.04145489999791607,13,0.0031888384613781595,True
4,LARGE_MAZE,2792,2792,4,1,2,10,greedy,28,0.054771099996287376,19,0.0028826894734888093,False
4,LARGE_MAZE,2792,2792,4,1,2,10,beam_2,28,0.04715380002744496,13,0.0036272153867265354,True
4,LARGE_MAZE,2792,2792,4,1,2,10,beam_3,28,0.047426700009964406,13,0.003648207693074185,True
4,LARGE_MAZE,2904,2904,4,10,6,7,greedy,28,0.04055109998444095,13,0.003119315383418535,True
4,LARGE_MAZE,2904,2904,4,10,6,7,beam_2,28,0.04299589997390285,13,0.00330737692106945,True
4,LARGE_MAZE,2904,2904,4,10,6,7,beam_3,28,0.04221509996568784,13,0.003247315381975988,True
4,LARGE_MAZE,3040,3040,5,3,6,9,greedy,28,0.03478189994348213,13,0.0026755307648832407,True
4,LARGE_MAZE,3040,3040,5,3,6,9,beam_2,28,0.040119299956131727,13,0.0030860999966255175,True
4,LARGE_MAZE,3040,3040,5,3,6,9,beam_3,28,0.0447460999712348,13,0.0034420076900949846,True
4,LARGE_MAZE,3148,3148,5,7,2,1,greedy,28,0.037708999996539205,13,0.0029006923074260927,True
4,LARGE_MAZE,3148,3148,5,7,2,1,beam_2,28,0.04145499999867752,13,0.0031888461537444247,True
4,LARGE_MAZE,3148,3148,5,7,2,1,beam_3,28,0.0415690999943763,13,0.0031976230764904847,True
4,LARGE_MAZE,3194,3194,5,9,2,3,greedy,28,0.052127999952062964,19,0.0027435789448454193,False
4,LARGE_MAZE,3194,3194,5,9,2,3,beam_2,28,0.041524200001731515,13,0.003194169230902424,True
4,LARGE_MAZE,3194,3194,5,9,2,3,beam_3,28,0.044315500010270625,13,0.0034088846161746634,True
4,LARGE_MAZE,3245,3245,5,10,3,3,greedy,28,0.058054599969182163,19,0.003055505261535903,False
4,LARGE_MAZE,3245,3245,5,10,3,3,beam_2,28,0.04230229998938739,13,0.0032540230761067225,True
4,LARGE_MAZE,3245,3245,5,10,3,3,beam_3,28,0.04354300000704825,13,0.0033494615390037116,True
4,LARGE_MAZE,3362,3362,6,5,7,9,greedy,28,0.03503059997456148,13,0.0026946615365047296,True
4,LARGE_MAZE,3362,3362,6,5,7,9,beam_2,28,0.03994899999815971,13,0.003072999999858439,True
4,LARGE_MAZE,3362,3362,6,5,7,9,beam_3,28,0.03997720003826544,13,0.003075169233712726,True
4,LARGE_MAZE,3389,3389,6,7,4,10,greedy,28,0.03908580000279471,13,0.003006600000214978,True
4,LARGE_MAZE,3389,3389,6,7,4,10,beam_2,28,0.05030890001216903,13,0.0038699153855514643,True
4,LARGE_MAZE,3389,3389,6,7,4,10,beam_3,28,0.05285279999952763,13,0.004065599999963664,True
4,LARGE_MAZE,3476,3476,7,1,3,10,greedy,28,0.0482332999818027,13,0.003710253844754054,True
4,LARGE_MAZE,3476,3476,7,1,3,10,beam_2,28,0.051978500036057085,13,0.003998346156619776,True
4,LARGE_MAZE,3476,3476,7,1,3,10,beam_3,28,0.04912959999637678,13,0.003779199999721291,True
4,LARGE_MAZE,3577,3577,7,3,5,10,greedy,28,0.04026869998779148,13,0.0030975923067531907,True
4,LARGE_MAZE,3577,3577,7,3,5,10,beam_2,28,0.04176890000235289,13,0.0032129923078732994,True
4,LARGE_MAZE,3577,3577,7,3,5,10,beam_3,28,0.04301229998236522,13,0.00330863846018194,True
4,LARGE_MAZE,3727,3727,7,9,1,4,greedy,28,0.03546369995456189,13,0.002727976919581684,True
4,LARGE_MAZE,3727,3727,7,9,1,4,beam_2,28,0.0402481000055559,13,0.003096007692735069,True
4,LARGE_MAZE,3727,3727,7,9,1,4,beam_3,28,0.04351150000002235,13,0.0033470384615401807,True
4,LARGE_MAZE,1774,1774,1,1,5,7,greedy,30,0.04078310000477359,14,0.002913078571769542,True
4,LARGE_MAZE,1774,1774,1,1,5,7,beam_2,30,0.0438412000075914,14,0.003131514286256528,True
4,LARGE_MAZE,1774,1774,1,1,5,7,beam_3,30,0.047755900013726205,14,0.0034111357152661575,True
4,LARGE_MAZE,2072,2072,1,9,3,1,greedy,30,0.04168199998093769,14,0.002977285712924121,True
4,LARGE_MAZE,2072,2072,1,9,3,1,beam_2,30,0.04595360002713278,14,0.0032824000019380556,True
4,LARGE_MAZE,2072,2072,1,9,3,1,beam_3,30,0.04461580002680421,14,0.0031868428590574433,True
4,LARGE_MAZE,2126,2126,1,10,4,1,greedy,30,0.04097079997882247,14,0.0029264857127730337,True
4,LARGE_MAZE,2126,2126,1,10,4,1,beam_2,30,0.04399589996319264,14,0.0031425642830851886,True
4,LARGE_MAZE,2126,2126,1,10,4,1,beam_3,30,0.04479289997834712,14,0.003199492855596223,True
4,LARGE_MAZE,2230,2230,2,3,6,9,greedy,30,0.037180299987085164,14,0.002655735713363226,True
4,LARGE_MAZE,2230,2230,2,3,6,9,beam_2,30,0.040054399985820055,14,0.0028610285704157184,True
4,LARGE_MAZE,2230,2230,2,3,6,9,beam_3,30,0.04362250003032386,14,0.0031158928593088475,True
4,LARGE_MAZE,2387,2387,3,1,2,10,greedy,30,0.05399689998012036,19,0.002841942104216861,False
4,LARGE_MAZE,2387,2387,3,1,2,10,beam_2,30,0.0584981000283733,19,0.0030788473699143843,False
4,LARGE_MAZE,2387,2387,3,1,2,10,beam_3,30,0.0629588000010699,19,0.0033136210526878897,False
4,LARGE_MAZE,2495,2495,3,3,5,9,greedy,30,0.040212999971117824,14,0.00287235714079413,True
4,LARGE_MAZE,2495,2495,3,3,5,9,beam_2,30,0.04578609997406602,14,0.003270435712433287,True
4,LARGE_MAZE,2495,2495,3,3,5,9,beam_3,30,0.045293600007425994,14,0.003235257143387571,True
4,LARGE_MAZE,2906,2906,4,10,7,1,greedy,30,0.05539900000439957,19,0.002915736842336819,False
4,LARGE_MAZE,2906,2906,4,10,7,1,beam_2,30,0.04820540000218898,14,0.003443242857299213,True
4,LARGE_MAZE,2906,2906,4,10,7,1,beam_3,30,0.051931000023614615,14,0.003709357144543901,True
4,LARGE_MAZE,3139,3139,5,7,1,1,greedy,30,0.040932999982032925,14,0.002923785713002352,True
4,LARGE_MAZE,3139,3139,5,7,1,1,beam_2,30,0.04613229999085888,14,0.003295164285061349,True
4,LARGE_MAZE,3139,3139,5,7,1,1,beam_3,30,0.04388650000328198,14,0.003134750000234427,True
4,LARGE_MAZE,3184,3184,5,9,1,1,greedy,30,0.03857360000256449,14,0.0027552571430403206,True
4,LARGE_MAZE,3184,3184,5,9,1,1,beam_2,30,0.04239209997467697,14,0.003028007141048355,True
4,LARGE_MAZE,3184,3184,5,9,1,1,beam_3,30,0.0444228999549523,14,0.0031730642824965927,True
4,LARGE_MAZE,3238,3238,5,10,2,1,greedy,30,0.037208299967460334,14,0.0026577357119614525,True
4,LARGE_MAZE,3238,3238,5,10,2,1,beam_2,30,0.04530470003373921,14,0.0032360500024099436,True
4,LARGE_MAZE,3238,3238,5,10,2,1,beam_3,30,0.058404800016433,14,0.004171771429745215,True
4,LARGE_MAZE,3310,3310,6,3,6,9,greedy,30,0.052115899976342916,14,0.003722564284024494,True
4,LARGE_MAZE,3310,3310,6,3,6,9,beam_2,30,0.0560906000318937,14,0.00400647143084955,True
4,LARGE_MAZE,3310,3310,6,3,6,9,beam_3,30,0.05122049996862188,14,0.0036586071406158487,True
4,LARGE_MAZE,3419,3419,6,9,2,3,greedy,30,0.0504856999614276,14,0.003606121425816257,True
4,LARGE_MAZE,3419,3419,6,9,2,3,beam_2,30,0.05954030004795641,14,0.004252878574854029,True
4,LARGE_MAZE,3419,3419,6,9,2,3,beam_3,30,0.06726999999955297,14,0.004804999999968069,True
4,LARGE_MAZE,3467,3467,7,1,2,10,greedy,30,0.05870530003448948,14,0.0041932357167492485,True
4,LARGE_MAZE,3467,3467,7,1,2,10,beam_2,30,0.07296550000319257,14,0.005211821428799469,True
4,LARGE_MAZE,3467,3467,7,1,2,10,beam_3,30,0.06577689998084679,14,0.004698349998631913,True
4,LARGE_MAZE,3632,3632,7,5,7,9,greedy,30,0.04746670002350584,14,0.00339047857310756,True
4,LARGE_MAZE,3632,3632,7,5,7,9,beam_2,30,0.050426999980118126,14,0.0036019285700084375,True
4,LARGE_MAZE,3632,3632,7,5,7,9,beam_3,30,0.058253000024706125,14,0.004160928573193294,True
4,LARGE_MAZE,3765,3765,7,9,7,5,greedy,30,0.05846590001601726,14,0.004176135715429804,True
4,LARGE_MAZE,3765,3765,7,9,7,5,beam_2,30,0.0697236999985762,14,0.0049802642856125855,True
4,LARGE_MAZE,3765,3765,7,9,7,5,beam_3,30,0.07076259999303147,14,0.005054471428073677,True
4,LARGE_MAZE,1832,1832,1,2,7,9,greedy,32,0.06649810000089929,15,0.004433206666726619,True
4,LARGE_MAZE,1832,1832,1,2,7,9,beam_2,32,0.06132410001009703,15,0.004088273334006468,True
4,LARGE_MAZE,1832,1832,1,2,7,9,beam_3,32,0.062126000004354864,15,0.004141733333623657,True
4,LARGE_MAZE,2180,2180,2,1,5,9,greedy,32,0.04582329996628687,15,0.0030548866644191245,True
4,LARGE_MAZE,2180,2180,2,1,5,9,beam_2,32,0.05294909997610375,15,0.0035299399984069168,True
4,LARGE_MAZE,2180,2180,2,1,5,9,beam_3,32,0.05424739996669814,15,0.0036164933311132095,True
4,LARGE_MAZE,2500,2500,3,3,6,9,greedy,32,0.05167110002366826,15,0.003444740001577884,True
4,LARGE_MAZE,2500,2500,3,3,6,9,beam_2,32,0.07351050002034754,15,0.004900700001356503,True
4,LARGE_MAZE,2500,2500,3,3,6,9,beam_3,32,0.07210210000630468,15,0.004806806667086979,True
4,LARGE_MAZE,3147,3147,5,7,1,10,greedy,32,0.06130150001263246,15,0.004086766667508831,True
4,LARGE_MAZE,3147,3147,5,7,1,10,beam_2,32,0.06431750004412606,15,0.004287833336275071,True
4,LARGE_MAZE,3147,3147,5,7,1,10,beam_3,32,0.061160100041888654,15,0.0040773400027925765,True
4,LARGE_MAZE,3219,3219,5,9,6,7,greedy,32,0.051007900037802756,15,0.0034005266691868505,True
4,LARGE_MAZE,3219,3219,5,9,6,7,beam_2,32,0.05163070000708103,15,0.0034420466671387356,True
4,LARGE_MAZE,3219,3219,5,9,6,7,beam_3,32,0.0545706000411883,15,0.003638040002745887,True
4,LARGE_MAZE,3317,3317,6,3,7,9,greedy,32,0.043972000014036894,15,0.0029314666676024596,True
4,LARGE_MAZE,3317,3317,6,3,7,9,beam_2,32,0.04787700000451878,15,0.003191800000301252,True
4,LARGE_MAZE,3317,3317,6,3,7,9,beam_3,32,0.05108850001124665,15,0.003405900000749777,True
4,LARGE_MAZE,3448,3448,6,9,7,3,greedy,32,0.04311029997188598,15,0.002874019998125732,True
4,LARGE_MAZE,3448,3448,6,9,7,3,beam_2,32,0.054006599995773286,15,0.003600439999718219,True
4,LARGE_MAZE,3448,3448,6,9,7,3,beam_3,32,0.07323460001498461,15,0.00488230666766564,True
4,LARGE_MAZE,3581,3581,7,3,6,9,greedy,32,0.06054849998326972,15,0.004036566665551315,True
4,LARGE_MAZE,3581,3581,7,3,6,9,beam_2,32,0.06990760000189766,15,0.004660506666793177,True
4,LARGE_MAZE,3581,3581,7,3,6,9,beam_3,32,0.06731219997163862,15,0.004487479998109241,True
4,LARGE_MAZE,3734,3734,7,9,2,3,greedy,32,0.04727769998135045,15,0.0031518466654233634,True
4,LARGE_MAZE,3734,3734,7,9,2,3,beam_2,32,0.061097799974959344,15,0.004073186664997289,True
4,LARGE_MAZE,3734,3734,7,9,2,3,beam_3,32,0.05766819999553263,15,0.003844546666368842,True
4,LARGE_MAZE,3797,3797,7,10,5,3,greedy,32,0.046000099973753095,15,0.0030666733315835395,True
4,LARGE_MAZE,3797,3797,7,10,5,3,beam_2,32,0.04891330003738403,15,0.0032608866691589355,True
4,LARGE_MAZE,3797,3797,7,10,5,3,beam_3,32,0.05043190001742914,15,0.0033621266678286097,True
4,LARGE_MAZE,2238,2238,2,3,7,10,greedy,34,0.05274080001981929,19,0.002775831579990489,False
4,LARGE_MAZE,2238,2238,2,3,7,10,beam_2,34,0.04841290001058951,16,0.0030258062506618444,True
4,LARGE_MAZE,2238,2238,2,3,7,10,beam_3,34,0.05475379998097196,16,0.0034221124988107476,True
4,LARGE_MAZE,2957,2957,5,1,7,9,greedy,34,0.04916530003538355,16,0.003072831252211472,True
4,LARGE_MAZE,2957,2957,5,1,7,9,beam_2,34,0.06725190003635362,16,0.004203243752272101,True
4,LARGE_MAZE,2957,2957,5,1,7,9,beam_3,34,0.07163869997020811,16,0.004477418748138007,True
4,LARGE_MAZE,3221,3221,5,9,7,1,greedy,34,0.05758090002927929,16,0.0035988062518299557,True
4,LARGE_MAZE,3221,3221,5,9,7,1,beam_2,34,0.05346949998056516,16,0.0033418437487853225,True
4,LARGE_MAZE,3221,3221,5,9,7,1,beam_3,34,0.05756899999687448,16,0.003598062499804655,True
4,LARGE_MAZE,3432,3432,6,9,4,1,greedy,34,0.045794200035743415,16,0.0028621375022339635,True
4,LARGE_MAZE,3432,3432,6,9,4,1,beam_2,34,0.051356100011616945,16,0.003209756250726059,True
4,LARGE_MAZE,3432,3432,6,9,4,1,beam_3,34,0.057624899956863374,16,0.003601556247303961,True
4,LARGE_MAZE,3587,3587,7,3,7,9,greedy,34,0.06336420000297949,16,0.003960262500186218,True
4,LARGE_MAZE,3587,3587,7,3,7,9,beam_2,34,0.06600749999051914,16,0.004125468749407446,True
4,LARGE_MAZE,3587,3587,7,3,7,9,beam_3,34,0.06525139999575913,16,0.004078212499734946,True
4,LARGE_MAZE,3750,3750,7,9,5,1,greedy,34,0.05057749996194616,16,0.003161093747621635,True
4,LARGE_MAZE,3750,3750,7,9,5,1,beam_2,34,0.05450659996131435,16,0.003406662497582147,True
4,LARGE_MAZE,3750,3750,7,9,5,1,beam_3,34,0.05895920004695654,16,0.0036849500029347837,True
4,LARGE_MAZE,3796,3796,7,10,5,2,greedy,34,0.046317000000271946,16,0.0028948125000169966,True
4,LARGE_MAZE,3796,3796,7,10,5,2,beam_2,34,0.049945799983106554,16,0.0031216124989441596,True
4,LARGE_MAZE,3796,3796,7,10,5,2,beam_3,34,0.051830400014296174,16,0.003239400000893511,True
4,LARGE_MAZE,2410,2410,3,1,6,9,greedy,36,0.04656980000436306,17,0.0027394000002566505,True
4,LARGE_MAZE,2410,2410,3,1,6,9,beam_2,36,0.05493289994774386,17,0.003231347055749639,True
4,LARGE_MAZE,2410,2410,3,1,6,9,beam_3,36,0.057008599978871644,17,0.003353447057580685,True
4,LARGE_MAZE,3175,3175,5,7,6,9,greedy,36,0.0526578999706544,19,0.002771468419508126,False
4,LARGE_MAZE,3175,3175,5,7,6,9,beam_2,36,0.05485060001956299,17,0.0032265058835037053,True
4,LARGE_MAZE,3175,3175,5,7,6,9,beam_3,36,0.05800959997577593,17,0.0034123294103397604,True
4,LARGE_MAZE,3491,3491,7,1,6,9,greedy,36,0.04622610000660643,17,0.00271918235332979,True
4,LARGE_MAZE,3491,3491,7,1,6,9,beam_2,36,0.05146620003506541,17,0.003027423531474436,True
4,LARGE_MAZE,3491,3491,7,1,6,9,beam_3,36,0.05642989999614656,17,0.0033194058821262684,True
4,LARGE_MAZE,3739,3739,7,9,3,2,greedy,36,0.05494699999690056,19,0.0028919473682579243,False
4,LARGE_MAZE,3739,3739,7,9,3,2,beam_2,36,0.05794120003702119,17,0.0034083058845306583,True
4,LARGE_MAZE,3739,3739,7,9,3,2,beam_3,36,0.06093199999304488,17,0.0035842352937085226,True
4,LARGE_MAZE,3785,3785,7,10,3,3,greedy,36,0.05259089998435229,19,0.0027679421044395944,False
4,LARGE_MAZE,3785,3785,7,10,3,3,beam_2,36,0.06607210001675412,17,0.0038865941186325952,True
4,LARGE_MAZE,3785,3785,7,10,3,3,beam_3,36,0.06820440001320094,17,0.004012023530188291,True
4,LARGE_MAZE,2417,2417,3,1,7,9,greedy,38,0.05621299997437745,18,0.0031229444430209696,True
4,LARGE_MAZE,2417,2417,3,1,7,9,beam_2,38,0.059885900001972914,18,0.003326994444554051,True
4,LARGE_MAZE,2417,2417,3,1,7,9,beam_3,38,0.06275989999994636,18,0.0034866611111081308,True
4,LARGE_MAZE,3497,3497,7,1,7,9,greedy,38,0.050701400032266974,18,0.002816744446237054,True
4,LARGE_MAZE,3497,3497,7,1,7,9,beam_2,38,0.05630260001635179,18,0.003127922223130655,True
4,LARGE_MAZE,3497,3497,7,1,7,9,beam_3,38,0.05924079997930676,18,0.003291155554405931,True
4,LARGE_MAZE,3778,3778,7,10,2,1,greedy,38,0.05630230001406744,18,0.00312790555633708,True
4,LARGE_MAZE,3778,3778,7,10,2,1,beam_2,38,0.05770280002616346,18,0.0032057111125646364,True
4,LARGE_MAZE,3778,3778,7,10,2,1,beam_3,38,0.06093239999609068,18,0.003385133333116149,True
4,LARGE_MAZE,2418,2418,3,1,7,10,greedy,40,0.05317590001504868,19,0.0027987315797394045,True
4,LARGE_MAZE,2418,2418,3,1,7,10,beam_2,40,0.06151909998152405,19,0.0032378473674486343,True
4,LARGE_MAZE,2418,2418,3,1,7,10,beam_3,40,0.06588449998525903,19,0.003467605262382054,True
4,LARGE_MAZE,3807,3807,7,10,7,1,greedy,40,0.05948460003128275,19,0.0031307684226990922,False
4,LARGE_MAZE,3807,3807,7,10,7,1,beam_2,40,0.06370429997332394,19,0.003352857893332839,True
4,LARGE_MAZE,3807,3807,7,10,7,1,beam_3,40,0.0627301000058651,19,0.003301584210835005,True
