cv_fold,maze_name,episode_id,query_index,start_x,start_y,goal_x,goal_y,strategy,requested_steps,compute_seconds,steps_until_stop,seconds_per_step,goal_reached
2,OPEN,15,15,2,3,2,2,greedy,16,0.004125300096347928,1,0.004125300096347928,True
2,OPEN,15,15,2,3,2,2,beam_2,16,0.0028844999615103006,1,0.0028844999615103006,True
2,OPEN,15,15,2,3,2,2,beam_3,16,0.003177099861204624,1,0.003177099861204624,True
2,OPEN,35,35,2,4,3,4,greedy,16,0.03997009992599487,16,0.0024981312453746796,False
2,OPEN,35,35,2,4,3,4,beam_2,16,0.037603000178933144,16,0.0023501875111833215,False
2,OPEN,35,35,2,4,3,4,beam_3,16,0.0021204000804573298,1,0.0021204000804573298,True
2,OPEN,67,67,3,2,4,2,greedy,16,0.012366500217467546,7,0.0017666428882096494,True
2,OPEN,67,67,3,2,4,2,beam_2,16,0.0017929000314325094,1,0.0017929000314325094,True
2,OPEN,67,67,3,2,4,2,beam_3,16,0.0012616999447345734,1,0.0012616999447345734,True
2,OPEN,92,92,3,4,2,4,greedy,16,0.016034699976444244,11,0.0014576999978585677,True
2,OPEN,92,92,3,4,2,4,beam_2,16,0.003817700082436204,3,0.0012725666941454012,True
2,OPEN,92,92,3,4,2,4,beam_3,16,0.0017463001422584057,1,0.0017463001422584057,True
2,OPEN,111,111,3,5,3,4,greedy,16,0.001496999990195036,1,0.001496999990195036,True
2,OPEN,111,111,3,5,3,4,beam_2,16,0.001230000052601099,1,0.001230000052601099,True
2,OPEN,111,111,3,5,3,4,beam_3,16,0.0011650000233203173,1,0.0011650000233203173,True
2,OPEN,140,140,4,3,3,3,greedy,16,0.00887370016425848,5,0.001774740032851696,True
2,OPEN,140,140,4,3,3,3,beam_2,16,0.007693600142374635,5,0.001538720028474927,True
2,OPEN,140,140,4,3,3,3,beam_3,16,0.0011915001086890697,1,0.0011915001086890697,True
2,OPEN,159,159,4,4,4,3,greedy,16,0.036815499886870384,16,0.002300968742929399,False
2,OPEN,159,159,4,4,4,3,beam_2,16,0.010385599918663502,5,0.0020771199837327004,True
2,OPEN,159,159,4,4,4,3,beam_3,16,0.0017748000100255013,1,0.0017748000100255013,True
2,OPEN,179,179,4,5,5,5,greedy,16,0.017548999981954694,9,0.0019498888868838549,True
2,OPEN,179,179,4,5,5,5,beam_2,16,0.013986899983137846,7,0.001998128569019692,True
2,OPEN,179,179,4,5,5,5,beam_3,16,0.001078900182619691,1,0.001078900182619691,True
2,OPEN,208,208,5,3,5,4,greedy,16,0.016535499831661582,9,0.0018372777590735091,True
2,OPEN,208,208,5,3,5,4,beam_2,16,0.0017405999824404716,1,0.0017405999824404716,True
2,OPEN,208,208,5,3,5,4,beam_3,16,0.0030716999899595976,1,0.0030716999899595976,True
2,OPEN,239,239,5,5,5,4,greedy,16,0.001810200046747923,1,0.001810200046747923,True
2,OPEN,239,239,5,5,5,4,beam_2,16,0.0017089999746531248,1,0.0017089999746531248,True
2,OPEN,239,239,5,5,5,4,beam_3,16,0.00235580001026392,1,0.00235580001026392,True
2,OPEN,18,18,2,3,3,2,greedy,16,0.003759999992325902,2,0.001879999996162951,True
2,OPEN,18,18,2,3,3,2,beam_2,16,0.004410700174048543,2,0.0022053500870242715,True
2,OPEN,18,18,2,3,3,2,beam_3,16,0.00393400015309453,2,0.001967000076547265,True
2,OPEN,36,36,2,4,3,5,greedy,16,0.004264200106263161,2,0.0021321000531315804,True
2,OPEN,36,36,2,4,3,5,beam_2,16,0.0033151002135127783,2,0.0016575501067563891,True
2,OPEN,36,36,2,4,3,5,beam_3,16,0.002573200035840273,2,0.0012866000179201365,True
2,OPEN,61,61,3,2,2,3,greedy,16,0.004202499985694885,2,0.0021012499928474426,True
2,OPEN,61,61,3,2,2,3,beam_2,16,0.0036660998594015837,2,0.0018330499297007918,True
2,OPEN,61,61,3,2,2,3,beam_3,16,0.004630299983546138,2,0.002315149991773069,True
2,OPEN,77,77,3,3,2,4,greedy,16,0.022940200055018067,12,0.0019116833379181724,True
2,OPEN,77,77,3,3,2,4,beam_2,16,0.00243160012178123,2,0.001215800060890615,True
2,OPEN,77,77,3,3,2,4,beam_3,16,0.00237210001796484,2,0.00118605000898242,True
2,OPEN,91,91,3,4,2,3,greedy,16,0.0032667999621480703,2,0.0016333999810740352,True
2,OPEN,91,91,3,4,2,3,beam_2,16,0.0024421000853180885,2,0.0012210500426590443,True
2,OPEN,91,91,3,4,2,3,beam_3,16,0.0024115999694913626,2,0.0012057999847456813,True
2,OPEN,103,103,3,4,5,4,greedy,16,0.015786899952217937,12,0.0013155749960181613,True
2,OPEN,103,103,3,4,5,4,beam_2,16,0.005873699905350804,4,0.001468424976337701,True
2,OPEN,103,103,3,4,5,4,beam_3,16,0.005516899982467294,4,0.0013792249956168234,True
2,OPEN,120,120,4,2,2,2,greedy,16,0.029240000061690807,16,0.0018275000038556755,False
2,OPEN,120,120,4,2,2,2,beam_2,16,0.02215590002015233,10,0.002215590002015233,True
2,OPEN,120,120,4,2,2,2,beam_3,16,0.016244699945673347,10,0.0016244699945673347,True
2,OPEN,139,139,4,3,3,2,greedy,16,0.025223599979653955,16,0.0015764749987283722,False
2,OPEN,139,139,4,3,3,2,beam_2,16,0.025992299895733595,16,0.0016245187434833497,False
2,OPEN,139,139,4,3,3,2,beam_3,16,0.00877130008302629,4,0.0021928250207565725,True
2,OPEN,152,152,4,4,2,4,greedy,16,0.018858399940654635,10,0.0018858399940654635,True
2,OPEN,152,152,4,4,2,4,beam_2,16,0.007852799957618117,4,0.0019631999894045293,True
2,OPEN,152,152,4,4,2,4,beam_3,16,0.008293900173157454,4,0.0020734750432893634,True
2,OPEN,164,164,4,4,5,5,greedy,16,0.003445700043812394,2,0.001722850021906197,True
2,OPEN,164,164,4,4,5,5,beam_2,16,0.0029782000929117203,2,0.0014891000464558601,True
2,OPEN,164,164,4,4,5,5,beam_3,16,0.003114399965852499,2,0.0015571999829262495,True
2,OPEN,184,184,5,2,3,2,greedy,16,0.019711599918082356,16,0.0012319749948801473,False
2,OPEN,184,184,5,2,3,2,beam_2,16,0.010312800062820315,8,0.0012891000078525394,True
2,OPEN,184,184,5,2,3,2,beam_3,16,0.011680199997499585,8,0.0014600249996874481,True
2,OPEN,205,205,5,3,4,4,greedy,16,0.020146600203588605,16,0.0012591625127242878,False
2,OPEN,205,205,5,3,4,4,beam_2,16,0.022493500029668212,16,0.0014058437518542632,True
2,OPEN,205,205,5,3,4,4,beam_3,16,0.026667899917811155,16,0.0016667437448631972,True
2,OPEN,222,222,5,4,5,2,greedy,16,0.0039501001592725515,2,0.0019750500796362758,True
2,OPEN,222,222,5,4,5,2,beam_2,16,0.004202199866995215,2,0.0021010999334976077,True
2,OPEN,222,222,5,4,5,2,beam_3,16,0.004307799972593784,2,0.002153899986296892,True
2,OPEN,5,5,2,2,3,4,greedy,16,0.03227699990384281,16,0.0020173124939901754,False
2,OPEN,5,5,2,2,3,4,beam_2,16,0.004257099935784936,3,0.001419033311928312,True
2,OPEN,5,5,2,2,3,4,beam_3,16,0.004639399936422706,3,0.0015464666454742353,True
2,OPEN,24,24,2,3,4,4,greedy,16,0.02298969984985888,16,0.00143685624061618,False
2,OPEN,24,24,2,3,4,4,beam_2,16,0.03225039993412793,16,0.0020156499958829954,False
2,OPEN,24,24,2,3,4,4,beam_3,16,0.006168700056150556,3,0.002056233352050185,True
2,OPEN,43,43,2,4,5,4,greedy,16,0.011062500067055225,5,0.002212500013411045,True
2,OPEN,43,43,2,4,5,4,beam_2,16,0.011494599981233478,5,0.0022989199962466953,True
2,OPEN,43,43,2,4,5,4,beam_3,16,0.010561800096184015,5,0.002112360019236803,True
2,OPEN,62,62,3,2,2,4,greedy,16,0.02486549993045628,13,0.0019127307638812524,True
2,OPEN,62,62,3,2,2,4,beam_2,16,0.0071702999994158745,3,0.0023900999998052916,True
2,OPEN,62,62,3,2,2,4,beam_3,16,0.006186699960380793,3,0.0020622333201269307,True
2,OPEN,85,85,3,3,4,5,greedy,16,0.00513280020095408,3,0.0017109334003180265,True
2,OPEN,85,85,3,3,4,5,beam_2,16,0.006319799926131964,3,0.0021065999753773212,True
2,OPEN,85,85,3,3,4,5,beam_3,16,0.005030799889937043,3,0.0016769332966456811,True
2,OPEN,102,102,3,4,5,3,greedy,16,0.0036277000326663256,3,0.0012092333442221086,True
2,OPEN,102,102,3,4,5,3,beam_2,16,0.00429670000448823,3,0.0014322333348294098,True
2,OPEN,102,102,3,4,5,3,beam_3,16,0.0037248998414725065,3,0.0012416332804908354,True
2,OPEN,118,118,3,5,5,4,greedy,16,0.016831899993121624,13,0.0012947615379324327,True
2,OPEN,118,118,3,5,5,4,beam_2,16,0.004341899883002043,3,0.001447299961000681,True
2,OPEN,118,118,3,5,5,4,beam_3,16,0.0037052000407129526,3,0.0012350666802376509,True
2,OPEN,135,135,4,3,2,2,greedy,16,0.025146899977698922,16,0.0015716812486061826,False
2,OPEN,135,135,4,3,2,2,beam_2,16,0.019018900115042925,9,0.002113211123893658,True
2,OPEN,135,135,4,3,2,2,beam_3,16,0.02561679994687438,11,0.0023287999951703982,True
2,OPEN,153,153,4,4,2,5,greedy,16,0.0031222000252455473,3,0.0010407333417485158,True
2,OPEN,153,153,4,4,2,5,beam_2,16,0.004389700014144182,3,0.0014632333380480607,True
2,OPEN,153,153,4,4,2,5,beam_3,16,0.005721899913623929,3,0.0019072999712079763,True
2,OPEN,173,173,4,5,4,2,greedy,16,0.02101949998177588,9,0.002335499997975098,True
2,OPEN,173,173,4,5,4,2,beam_2,16,0.016212299931794405,7,0.0023160428473992006,True
2,OPEN,173,173,4,5,4,2,beam_3,16,0.009302099933847785,5,0.001860419986769557,True
2,OPEN,194,194,5,2,5,5,greedy,16,0.0048639001324772835,3,0.0016213000441590946,True
2,OPEN,194,194,5,2,5,5,beam_2,16,0.00394730013795197,3,0.0013157667126506567,True
2,OPEN,194,194,5,2,5,5,beam_3,16,0.004665300017222762,3,0.0015551000057409208,True
2,OPEN,212,212,5,4,2,4,greedy,16,0.00616479991003871,5,0.0012329599820077419,True
2,OPEN,212,212,5,4,2,4,beam_2,16,0.006280000088736415,5,0.001256000017747283,True
2,OPEN,212,212,5,4,2,4,beam_3,16,0.013040400110185146,5,0.0026080800220370294,True
2,OPEN,231,231,5,5,3,4,greedy,16,0.04393160017207265,16,0.0027457250107545406,False
2,OPEN,231,231,5,5,3,4,beam_2,16,0.013299599988386035,5,0.002659919997677207,True
2,OPEN,231,231,5,5,3,4,beam_3,16,0.009604800026863813,3,0.0032016000089546046,True
2,OPEN,12,12,2,2,5,3,greedy,16,0.012908000033348799,4,0.0032270000083371997,True
2,OPEN,12,12,2,2,5,3,beam_2,16,0.012258099857717752,4,0.003064524964429438,True
2,OPEN,12,12,2,2,5,3,beam_3,16,0.015315299853682518,4,0.0038288249634206295,True
2,OPEN,42,42,2,4,5,3,greedy,16,0.01824890007264912,6,0.00304148334544152,True
2,OPEN,42,42,2,4,5,3,beam_2,16,0.026124099968001246,6,0.004354016661333541,True
2,OPEN,42,42,2,4,5,3,beam_3,16,0.0315305998083204,6,0.0052550999680534005,True
2,OPEN,63,63,3,2,2,5,greedy,16,0.014218600001186132,4,0.003554650000296533,True
2,OPEN,63,63,3,2,2,5,beam_2,16,0.015014800010249019,4,0.0037537000025622547,True
2,OPEN,63,63,3,2,2,5,beam_3,16,0.012142299907281995,4,0.0030355749768204987,True
2,OPEN,105,105,3,5,2,2,greedy,16,0.04100640001706779,16,0.002562900001066737,False
2,OPEN,105,105,3,5,2,2,beam_2,16,0.048300699796527624,16,0.0030187937372829765,False
2,OPEN,105,105,3,5,2,2,beam_3,16,0.02698040008544922,12,0.002248366673787435,True
2,OPEN,134,134,4,2,5,5,greedy,16,0.008332900004461408,4,0.002083225001115352,True
2,OPEN,134,134,4,2,5,5,beam_2,16,0.01315319980494678,4,0.003288299951236695,True
2,OPEN,134,134,4,2,5,5,beam_3,16,0.011170099955052137,4,0.0027925249887630343,True
2,OPEN,176,176,4,5,5,2,greedy,16,0.007168600102886558,4,0.0017921500257216394,True
2,OPEN,176,176,4,5,5,2,beam_2,16,0.009390600025653839,4,0.0023476500064134598,True
2,OPEN,176,176,4,5,5,2,beam_3,16,0.008695099968463182,4,0.0021737749921157956,True
2,OPEN,197,197,5,3,2,4,greedy,16,0.020638700108975172,6,0.003439783351495862,True
2,OPEN,197,197,5,3,2,4,beam_2,16,0.019909000024199486,6,0.0033181666706999144,True
2,OPEN,197,197,5,3,2,4,beam_3,16,0.01279810001142323,6,0.0021330166685705385,True
2,OPEN,227,227,5,5,2,4,greedy,16,0.02166089997626841,16,0.0013538062485167757,False
2,OPEN,227,227,5,5,2,4,beam_2,16,0.005972200073301792,4,0.001493050018325448,True
2,OPEN,227,227,5,5,2,4,beam_3,16,0.006496699992567301,4,0.0016241749981418252,True
2,OPEN,29,29,2,3,5,5,greedy,16,0.011030999943614006,7,0.001575857134802001,True
2,OPEN,29,29,2,3,5,5,beam_2,16,0.008246599929407239,5,0.0016493199858814479,True
2,OPEN,29,29,2,3,5,5,beam_3,16,0.009489000076428056,5,0.0018978000152856112,True
2,OPEN,116,116,3,5,5,2,greedy,16,0.010436399839818478,5,0.0020872799679636954,True
2,OPEN,116,116,3,5,5,2,beam_2,16,0.01099209999665618,5,0.002198419999331236,True
2,OPEN,116,116,3,5,5,2,beam_3,16,0.010984200052917004,5,0.0021968400105834007,True
2,OPEN,198,198,5,3,2,5,greedy,16,0.01169839990325272,5,0.002339679980650544,True
2,OPEN,198,198,5,3,2,5,beam_2,16,0.012622999958693981,5,0.0025245999917387963,True
2,OPEN,198,198,5,3,2,5,beam_3,16,0.016419900115579367,5,0.0032839800231158735,True
2,OPEN,56,56,2,5,5,2,greedy,16,0.013848400209099054,6,0.002308066701516509,True
2,OPEN,56,56,2,5,5,2,beam_2,16,0.013830200070515275,6,0.0023050333450858793,True
2,OPEN,56,56,2,5,5,2,beam_3,16,0.014054900035262108,6,0.0023424833392103515,True
2,U_MAZE,249,249,2,3,2,2,greedy,16,0.0025027000810950994,1,0.0025027000810950994,True
2,U_MAZE,249,249,2,3,2,2,beam_2,16,0.0028762000147253275,1,0.0028762000147253275,True
2,U_MAZE,249,249,2,3,2,2,beam_3,16,0.0025899000465869904,1,0.0025899000465869904,True
2,U_MAZE,276,276,3,2,2,2,greedy,16,0.023408799897879362,11,0.0021280727179890328,True
2,U_MAZE,276,276,3,2,2,2,beam_2,16,0.0019030999392271042,1,0.0019030999392271042,True
2,U_MAZE,276,276,3,2,2,2,beam_3,16,0.0017413001041859388,1,0.0017413001041859388,True
2,U_MAZE,300,300,5,2,5,3,greedy,16,0.014353999868035316,9,0.0015948888742261464,True
2,U_MAZE,300,300,5,2,5,3,beam_2,16,0.0017538000829517841,1,0.0017538000829517841,True
2,U_MAZE,300,300,5,2,5,3,beam_3,16,0.001725700218230486,1,0.001725700218230486,True
2,U_MAZE,329,329,5,5,5,4,greedy,16,0.002503700088709593,1,0.002503700088709593,True
2,U_MAZE,329,329,5,5,5,4,beam_2,16,0.001785400090739131,1,0.001785400090739131,True
2,U_MAZE,329,329,5,5,5,4,beam_3,16,0.0017041000537574291,1,0.0017041000537574291,True
2,U_MAZE,258,258,2,4,2,2,greedy,16,0.004309900104999542,2,0.002154950052499771,True
2,U_MAZE,258,258,2,4,2,2,beam_2,16,0.003686100011691451,2,0.0018430500058457255,True
2,U_MAZE,258,258,2,4,2,2,beam_3,16,0.004755000118166208,2,0.002377500059083104,True
2,U_MAZE,291,291,4,2,5,3,greedy,16,0.0043206000700592995,2,0.0021603000350296497,True
2,U_MAZE,291,291,4,2,5,3,beam_2,16,0.005024600075557828,2,0.002512300037778914,True
2,U_MAZE,291,291,4,2,5,3,beam_3,16,0.00404070015065372,2,0.00202035007532686,True
2,U_MAZE,318,318,5,4,5,2,greedy,16,0.003804599866271019,2,0.0019022999331355095,True
2,U_MAZE,318,318,5,4,5,2,beam_2,16,0.003577600000426173,2,0.0017888000002130866,True
2,U_MAZE,318,318,5,4,5,2,beam_3,16,0.0043830000795423985,2,0.0021915000397711992,True
2,U_MAZE,261,261,2,4,3,2,greedy,16,0.0029690000228583813,3,0.000989666674286127,True
2,U_MAZE,261,261,2,4,3,2,beam_2,16,0.004381100181490183,3,0.0014603667271633942,True
2,U_MAZE,261,261,2,4,3,2,beam_3,16,0.0036428000312298536,3,0.001214266677076618,True
2,U_MAZE,292,292,4,2,5,4,greedy,16,0.004470299929380417,3,0.001490099976460139,True
2,U_MAZE,292,292,4,2,5,4,beam_2,16,0.0034675998613238335,3,0.0011558666204412777,True
2,U_MAZE,292,292,4,2,5,4,beam_3,16,0.004292200086638331,3,0.0014307333622127771,True
2,U_MAZE,327,327,5,5,5,2,greedy,16,0.0033857000526040792,3,0.0011285666842013597,True
2,U_MAZE,327,327,5,5,5,2,beam_2,16,0.004230600083246827,3,0.0014102000277489424,True
2,U_MAZE,327,327,5,5,5,2,beam_3,16,0.0037893999833613634,3,0.001263133327787121,True
2,U_MAZE,279,279,3,2,2,5,greedy,16,0.005420000059530139,4,0.0013550000148825347,True
2,U_MAZE,279,279,3,2,2,5,beam_2,16,0.005666600074619055,4,0.0014166500186547637,True
2,U_MAZE,279,279,3,2,2,5,beam_3,16,0.009206300135701895,4,0.0023015750339254737,True
2,U_MAZE,303,303,5,3,2,2,greedy,16,0.00743180001154542,4,0.001857950002886355,True
2,U_MAZE,303,303,5,3,2,2,beam_2,16,0.004803600022569299,4,0.0012009000056423247,True
2,U_MAZE,303,303,5,3,2,2,beam_3,16,0.005543600069358945,4,0.0013859000173397362,True
2,U_MAZE,263,263,2,4,5,2,greedy,16,0.007216600002720952,5,0.0014433200005441905,True
2,U_MAZE,263,263,2,4,5,2,beam_2,16,0.008274000138044357,5,0.0016548000276088715,True
2,U_MAZE,263,263,2,4,5,2,beam_3,16,0.006989599904045463,5,0.0013979199808090924,True
2,U_MAZE,304,304,5,3,2,3,greedy,16,0.00562689988873899,5,0.001125379977747798,True
2,U_MAZE,304,304,5,3,2,3,beam_2,16,0.006912000011652708,5,0.0013824000023305416,True
2,U_MAZE,304,304,5,3,2,3,beam_3,16,0.008262500166893005,5,0.001652500033378601,True
2,U_MAZE,264,264,2,4,5,3,greedy,16,0.007835300173610449,6,0.001305883362268408,True
2,U_MAZE,264,264,2,4,5,3,beam_2,16,0.008135899901390076,6,0.001355983316898346,True
2,U_MAZE,264,264,2,4,5,3,beam_3,16,0.009056200040504336,6,0.0015093666734173894,True
2,U_MAZE,321,321,5,5,2,2,greedy,16,0.00748339993879199,6,0.0012472333231319983,True
2,U_MAZE,321,321,5,5,2,2,beam_2,16,0.008772500092163682,6,0.001462083348693947,True
2,U_MAZE,321,321,5,5,2,2,beam_3,16,0.00850030011497438,6,0.0014167166858290632,True
2,U_MAZE,314,314,5,4,2,4,greedy,16,0.008407099870964885,7,0.0012010142672806978,True
2,U_MAZE,314,314,5,4,2,4,beam_2,16,0.020714399870485067,7,0.002959199981497867,True
2,U_MAZE,314,314,5,4,2,4,beam_3,16,0.011395300040021539,7,0.0016279000057173626,True
2,U_MAZE,323,323,5,5,2,4,greedy,18,0.01508310018107295,10,0.001508310018107295,True
2,U_MAZE,323,323,5,5,2,4,beam_2,18,0.018857700051739812,8,0.0023572125064674765,True
2,U_MAZE,323,323,5,5,2,4,beam_3,18,0.013743999879807234,8,0.0017179999849759042,True
2,SMALL_MAZE,424,424,2,3,2,4,greedy,16,0.004738999996334314,3,0.0015796666654447715,True
2,SMALL_MAZE,424,424,2,3,2,4,beam_2,16,0.0011055001523345709,1,0.0011055001523345709,True
2,SMALL_MAZE,424,424,2,3,2,4,beam_3,16,0.0010449998080730438,1,0.0010449998080730438,True
2,SMALL_MAZE,435,435,5,3,5,2,greedy,16,0.0011754001025110483,1,0.0011754001025110483,True
2,SMALL_MAZE,435,435,5,3,5,2,beam_2,16,0.002377999946475029,1,0.002377999946475029,True
2,SMALL_MAZE,435,435,5,3,5,2,beam_3,16,0.0019008999224752188,1,0.0019008999224752188,True
2,SMALL_MAZE,421,421,2,2,2,4,greedy,16,0.0035660001449286938,2,0.0017830000724643469,True
2,SMALL_MAZE,421,421,2,2,2,4,beam_2,16,0.003908699844032526,2,0.001954349922016263,True
2,SMALL_MAZE,421,421,2,2,2,4,beam_3,16,0.002342000138014555,2,0.0011710000690072775,True
2,SMALL_MAZE,437,437,5,3,5,5,greedy,16,0.0022389001678675413,2,0.0011194500839337707,True
2,SMALL_MAZE,437,437,5,3,5,5,beam_2,16,0.0032122000120580196,2,0.0016061000060290098,True
2,SMALL_MAZE,437,437,5,3,5,5,beam_3,16,0.0033470001071691513,2,0.0016735000535845757,True
2,SMALL_MAZE,434,434,5,2,5,5,greedy,16,0.00439450005069375,3,0.00146483335023125,True
2,SMALL_MAZE,434,434,5,2,5,5,beam_2,16,0.0036236001178622246,3,0.0012078667059540749,True
2,SMALL_MAZE,434,434,5,2,5,5,beam_3,16,0.004750699969008565,3,0.0015835666563361883,True
2,MEDIUM_MAZE,469,469,1,2,1,1,greedy,16,0.021898800041526556,16,0.0013686750025954098,False
2,MEDIUM_MAZE,469,469,1,2,1,1,beam_2,16,0.0011192001402378082,1,0.0011192001402378082,True
2,MEDIUM_MAZE,469,469,1,2,1,1,beam_3,16,0.0010785998310893774,1,0.0010785998310893774,True
2,MEDIUM_MAZE,526,526,1,6,2,6,greedy,16,0.020734400022774935,16,0.0012959000014234334,False
2,MEDIUM_MAZE,526,526,1,6,2,6,beam_2,16,0.0013844999484717846,1,0.0013844999484717846,True
2,MEDIUM_MAZE,526,526,1,6,2,6,beam_3,16,0.0011620998848229647,1,0.0011620998848229647,True
2,MEDIUM_MAZE,574,574,2,2,2,3,greedy,16,0.0012140998151153326,1,0.0012140998151153326,True
2,MEDIUM_MAZE,574,574,2,2,2,3,beam_2,16,0.001081900205463171,1,0.001081900205463171,True
2,MEDIUM_MAZE,574,574,2,2,2,3,beam_3,16,0.0010865000076591969,1,0.0010865000076591969,True
2,MEDIUM_MAZE,629,629,2,5,3,5,greedy,16,0.0025816999841481447,1,0.0025816999841481447,True
2,MEDIUM_MAZE,629,629,2,5,3,5,beam_2,16,0.002080300124362111,1,0.002080300124362111,True
2,MEDIUM_MAZE,629,629,2,5,3,5,beam_3,16,0.0017828999552875757,1,0.0017828999552875757,True
2,MEDIUM_MAZE,682,682,3,3,4,3,greedy,16,0.0023886000271886587,1,0.0023886000271886587,True
2,MEDIUM_MAZE,682,682,3,3,4,3,beam_2,16,0.0019396001007407904,1,0.0019396001007407904,True
2,MEDIUM_MAZE,682,682,3,3,4,3,beam_3,16,0.0018883999437093735,1,0.0018883999437093735,True
2,MEDIUM_MAZE,733,733,3,5,4,5,greedy,16,0.02228459995239973,11,0.0020258727229454303,True
2,MEDIUM_MAZE,733,733,3,5,4,5,beam_2,16,0.01772450003772974,11,0.0016113181852481582,True
2,MEDIUM_MAZE,733,733,3,5,4,5,beam_3,16,0.0011251000687479973,1,0.0011251000687479973,True
2,MEDIUM_MAZE,803,803,4,3,3,3,greedy,16,0.0011680000461637974,1,0.0011680000461637974,True
2,MEDIUM_MAZE,803,803,4,3,3,3,beam_2,16,0.0010776999406516552,1,0.0010776999406516552,True
2,MEDIUM_MAZE,803,803,4,3,3,3,beam_3,16,0.0015295001212507486,1,0.0015295001212507486,True
2,MEDIUM_MAZE,859,859,4,6,4,5,greedy,16,0.001504099927842617,1,0.001504099927842617,True
2,MEDIUM_MAZE,859,859,4,6,4,5,beam_2,16,0.0011692000553011894,1,0.0011692000553011894,True
2,MEDIUM_MAZE,859,859,4,6,4,5,beam_3,16,0.0010993999894708395,1,0.0010993999894708395,True
2,MEDIUM_MAZE,912,912,5,3,5,4,greedy,16,0.0012079000007361174,1,0.0012079000007361174,True
2,MEDIUM_MAZE,912,912,5,3,5,4,beam_2,16,0.001076200045645237,1,0.001076200045645237,True
2,MEDIUM_MAZE,912,912,5,3,5,4,beam_3,16,0.0016407000366598368,1,0.0016407000366598368,True
2,MEDIUM_MAZE,986,986,6,1,5,1,greedy,16,0.0012131000403314829,1,0.0012131000403314829,True
2,MEDIUM_MAZE,986,986,6,1,5,1,beam_2,16,0.0011169998906552792,1,0.0011169998906552792,True
2,MEDIUM_MAZE,986,986,6,1,5,1,beam_3,16,0.0010875000152736902,1,0.0010875000152736902,True
2,MEDIUM_MAZE,1067,1067,6,5,6,4,greedy,16,0.0011160001158714294,1,0.0011160001158714294,True
2,MEDIUM_MAZE,1067,1067,6,5,6,4,beam_2,16,0.0010803001932799816,1,0.0010803001932799816,True
2,MEDIUM_MAZE,1067,1067,6,5,6,4,beam_3,16,0.0014856001362204552,1,0.0014856001362204552,True
2,MEDIUM_MAZE,472,472,1,2,2,1,greedy,16,0.02764700003899634,16,0.0017279375024372712,False
2,MEDIUM_MAZE,472,472,1,2,2,1,beam_2,16,0.003809100016951561,2,0.0019045500084757805,True
2,MEDIUM_MAZE,472,472,1,2,2,1,beam_3,16,0.004593299934640527,2,0.0022966499673202634,True
2,MEDIUM_MAZE,545,545,2,1,1,2,greedy,16,0.028455799911171198,16,0.0017784874944481999,False
2,MEDIUM_MAZE,545,545,2,1,1,2,beam_2,16,0.003708000062033534,2,0.001854000031016767,True
2,MEDIUM_MAZE,545,545,2,1,1,2,beam_3,16,0.004317099926993251,2,0.0021585499634966254,True
2,MEDIUM_MAZE,598,598,2,3,2,1,greedy,16,0.02093659993261099,16,0.0013085374957881868,False
2,MEDIUM_MAZE,598,598,2,3,2,1,beam_2,16,0.005434199934825301,4,0.0013585499837063253,True
2,MEDIUM_MAZE,598,598,2,3,2,1,beam_3,16,0.0025764000602066517,2,0.0012882000301033258,True
2,MEDIUM_MAZE,633,633,2,5,4,5,greedy,16,0.01569920009933412,12,0.00130826667494451,True
2,MEDIUM_MAZE,633,633,2,5,4,5,beam_2,16,0.002508800011128187,2,0.0012544000055640936,True
2,MEDIUM_MAZE,633,633,2,5,4,5,beam_3,16,0.0023252000100910664,2,0.0011626000050455332,True
2,MEDIUM_MAZE,681,681,3,3,4,2,greedy,16,0.004617699887603521,2,0.0023088499438017607,True
2,MEDIUM_MAZE,681,681,3,3,4,2,beam_2,16,0.0024354001507163048,2,0.0012177000753581524,True
2,MEDIUM_MAZE,681,681,3,3,4,2,beam_3,16,0.0030477000400424004,2,0.0015238500200212002,True
2,MEDIUM_MAZE,708,708,3,4,4,5,greedy,16,0.002356200013309717,2,0.0011781000066548586,True
2,MEDIUM_MAZE,708,708,3,4,4,5,beam_2,16,0.0023535999935120344,2,0.0011767999967560172,True
2,MEDIUM_MAZE,708,708,3,4,4,5,beam_3,16,0.003075700020417571,2,0.0015378500102087855,True
2,MEDIUM_MAZE,757,757,4,1,4,3,greedy,16,0.0027689000125974417,2,0.0013844500062987208,True
2,MEDIUM_MAZE,757,757,4,1,4,3,beam_2,16,0.002288299845531583,2,0.0011441499227657914,True
2,MEDIUM_MAZE,757,757,4,1,4,3,beam_3,16,0.0027821999974548817,2,0.0013910999987274408,True
2,MEDIUM_MAZE,800,800,4,3,2,3,greedy,16,0.002283999929204583,2,0.0011419999646022916,True
2,MEDIUM_MAZE,800,800,4,3,2,3,beam_2,16,0.0023570999037474394,2,0.0011785499518737197,True
2,MEDIUM_MAZE,800,800,4,3,2,3,beam_3,16,0.003827399807050824,2,0.001913699903525412,True
2,MEDIUM_MAZE,829,829,4,5,3,4,greedy,16,0.021315300138667226,10,0.0021315300138667224,True
2,MEDIUM_MAZE,829,829,4,5,3,4,beam_2,16,0.0049334000796079636,2,0.0024667000398039818,True
2,MEDIUM_MAZE,829,829,4,5,3,4,beam_3,16,0.0036601999308913946,2,0.0018300999654456973,True
2,MEDIUM_MAZE,890,890,5,1,6,2,greedy,16,0.023387799970805645,16,0.0014617374981753528,False
2,MEDIUM_MAZE,890,890,5,1,6,2,beam_2,16,0.0031389000359922647,2,0.0015694500179961324,True
2,MEDIUM_MAZE,890,890,5,1,6,2,beam_3,16,0.0031037000007927418,2,0.0015518500003963709,True
2,MEDIUM_MAZE,942,942,5,4,6,5,greedy,16,0.005200300132855773,4,0.0013000750332139432,True
2,MEDIUM_MAZE,942,942,5,4,6,5,beam_2,16,0.002912099938839674,2,0.001456049969419837,True
2,MEDIUM_MAZE,942,942,5,4,6,5,beam_3,16,0.002603100147098303,2,0.0013015500735491514,True
2,MEDIUM_MAZE,1037,1037,6,4,5,3,greedy,16,0.027608100092038512,16,0.001725506255752407,False
2,MEDIUM_MAZE,1037,1037,6,4,5,3,beam_2,16,0.0036777998320758343,2,0.0018388999160379171,True
2,MEDIUM_MAZE,1037,1037,6,4,5,3,beam_3,16,0.004054900025948882,2,0.002027450012974441,True
2,MEDIUM_MAZE,1092,1092,6,6,6,4,greedy,16,0.0025771998334676027,2,0.0012885999167338014,True
2,MEDIUM_MAZE,1092,1092,6,6,6,4,beam_2,16,0.0022621999960392714,2,0.0011310999980196357,True
2,MEDIUM_MAZE,1092,1092,6,6,6,4,beam_3,16,0.00343999988399446,2,0.00171999994199723,True
2,MEDIUM_MAZE,529,529,1,6,3,5,greedy,16,0.005275900010019541,3,0.0017586333366731803,True
2,MEDIUM_MAZE,529,529,1,6,3,5,beam_2,16,0.006387400208041072,3,0.0021291334026803574,True
2,MEDIUM_MAZE,529,529,1,6,3,5,beam_3,16,0.006307299947366118,3,0.0021024333157887063,True
2,MEDIUM_MAZE,604,604,2,3,3,5,greedy,16,0.00584500003606081,3,0.0019483333453536034,True
2,MEDIUM_MAZE,604,604,2,3,3,5,beam_2,16,0.00565379997715354,3,0.0018845999923845131,True
2,MEDIUM_MAZE,604,604,2,3,3,5,beam_3,16,0.006558000110089779,3,0.002186000036696593,True
2,MEDIUM_MAZE,653,653,2,6,3,4,greedy,16,0.004969100002199411,3,0.0016563666673998039,True
2,MEDIUM_MAZE,653,653,2,6,3,4,beam_2,16,0.004985100124031305,3,0.0016617000413437684,True
2,MEDIUM_MAZE,653,653,2,6,3,4,beam_3,16,0.0063396000768989325,3,0.0021132000256329775,True
2,MEDIUM_MAZE,680,680,3,3,4,1,greedy,16,0.006016500061377883,3,0.0020055000204592943,True
2,MEDIUM_MAZE,680,680,3,3,4,1,beam_2,16,0.006983599858358502,3,0.002327866619452834,True
2,MEDIUM_MAZE,680,680,3,3,4,1,beam_3,16,0.009329000022262335,3,0.003109666674087445,True
2,MEDIUM_MAZE,702,702,3,4,2,6,greedy,16,0.007282499922439456,3,0.0024274999741464853,True
2,MEDIUM_MAZE,702,702,3,4,2,6,beam_2,16,0.007276799995452166,3,0.002425599998484055,True
2,MEDIUM_MAZE,702,702,3,4,2,6,beam_3,16,0.006029800046235323,3,0.0020099333487451077,True
2,MEDIUM_MAZE,725,725,3,5,2,3,greedy,16,0.006441599922254682,3,0.0021471999740848937,True
2,MEDIUM_MAZE,725,725,3,5,2,3,beam_2,16,0.007535599870607257,3,0.0025118666235357523,True
2,MEDIUM_MAZE,725,725,3,5,2,3,beam_3,16,0.0077441001776605844,3,0.0025813667258868613,True
2,MEDIUM_MAZE,765,765,4,1,6,2,greedy,16,0.03767079999670386,16,0.0023544249997939914,False
2,MEDIUM_MAZE,765,765,4,1,6,2,beam_2,16,0.037500500213354826,16,0.0023437812633346766,False
2,MEDIUM_MAZE,765,765,4,1,6,2,beam_3,16,0.004478600108996034,3,0.001492866702998678,True
2,MEDIUM_MAZE,799,799,4,3,2,2,greedy,16,0.026384999975562096,16,0.001649062498472631,False
2,MEDIUM_MAZE,799,799,4,3,2,2,beam_2,16,0.03452989994548261,16,0.0021581187465926632,False
2,MEDIUM_MAZE,799,799,4,3,2,2,beam_3,16,0.004389199893921614,3,0.0014630666313072045,True
2,MEDIUM_MAZE,827,827,4,5,2,6,greedy,16,0.028527299873530865,15,0.0019018199915687244,True
2,MEDIUM_MAZE,827,827,4,5,2,6,beam_2,16,0.005480499938130379,3,0.0018268333127101262,True
2,MEDIUM_MAZE,827,827,4,5,2,6,beam_3,16,0.003685500007122755,3,0.0012285000023742516,True
2,MEDIUM_MAZE,867,867,4,6,6,5,greedy,16,0.01398029993288219,9,0.0015533666592091322,True
2,MEDIUM_MAZE,867,867,4,6,6,5,beam_2,16,0.0036247000098228455,3,0.0012082333366076152,True
2,MEDIUM_MAZE,867,867,4,6,6,5,beam_3,16,0.004072299925610423,3,0.0013574333085368078,True
2,MEDIUM_MAZE,917,917,5,3,6,5,greedy,16,0.003404499962925911,3,0.0011348333209753036,True
2,MEDIUM_MAZE,917,917,5,3,6,5,beam_2,16,0.00423289998434484,3,0.00141096666144828,True
2,MEDIUM_MAZE,917,917,5,3,6,5,beam_3,16,0.0037344000302255154,3,0.0012448000100751717,True
2,MEDIUM_MAZE,966,966,5,6,6,4,greedy,16,0.011955599999055266,9,0.0013283999998950297,True
2,MEDIUM_MAZE,966,966,5,6,6,4,beam_2,16,0.0035287998616695404,3,0.0011762666205565135,True
2,MEDIUM_MAZE,966,966,5,6,6,4,beam_3,16,0.004755399888381362,3,0.0015851332961271207,True
2,MEDIUM_MAZE,1060,1060,6,5,4,6,greedy,16,0.0034056000877171755,3,0.0011352000292390585,True
2,MEDIUM_MAZE,1060,1060,6,5,4,6,beam_2,16,0.004673099843785167,3,0.0015576999479283888,True
2,MEDIUM_MAZE,1060,1060,6,5,4,6,beam_3,16,0.0037539999466389418,3,0.001251333315546314,True
2,MEDIUM_MAZE,478,478,1,2,3,4,greedy,16,0.006068799877539277,4,0.0015171999693848193,True
2,MEDIUM_MAZE,478,478,1,2,3,4,beam_2,16,0.005286300089210272,4,0.001321575022302568,True
2,MEDIUM_MAZE,478,478,1,2,3,4,beam_3,16,0.005218000151216984,4,0.001304500037804246,True
2,MEDIUM_MAZE,533,533,1,6,4,5,greedy,16,0.033601499861106277,16,0.0021000937413191423,False
2,MEDIUM_MAZE,533,533,1,6,4,5,beam_2,16,0.007982000010088086,4,0.0019955000025220215,True
2,MEDIUM_MAZE,533,533,1,6,4,5,beam_3,16,0.00889259995892644,4,0.00222314998973161,True
2,MEDIUM_MAZE,586,586,2,2,5,3,greedy,16,0.0320872999727726,16,0.0020054562482982874,False
2,MEDIUM_MAZE,586,586,2,2,5,3,beam_2,16,0.00989129999652505,4,0.0024728249991312623,True
2,MEDIUM_MAZE,586,586,2,2,5,3,beam_3,16,0.005899599986150861,4,0.0014748999965377152,True
2,MEDIUM_MAZE,625,625,2,5,2,3,greedy,16,0.008154799928888679,4,0.0020386999822221696,True
2,MEDIUM_MAZE,625,625,2,5,2,3,beam_2,16,0.01042490010149777,4,0.0026062250253744423,True
2,MEDIUM_MAZE,625,625,2,5,2,3,beam_3,16,0.00934879994019866,4,0.002337199985049665,True
2,MEDIUM_MAZE,669,669,3,3,1,1,greedy,16,0.007758400170132518,4,0.0019396000425331295,True
2,MEDIUM_MAZE,669,669,3,3,1,1,beam_2,16,0.005223900079727173,4,0.0013059750199317932,True
2,MEDIUM_MAZE,669,669,3,3,1,1,beam_3,16,0.008090100018307567,4,0.0020225250045768917,True
2,MEDIUM_MAZE,691,691,3,3,6,4,greedy,16,0.01622459990903735,8,0.002028074988629669,True
2,MEDIUM_MAZE,691,691,3,3,6,4,beam_2,16,0.008213900029659271,4,0.002053475007414818,True
2,MEDIUM_MAZE,691,691,3,3,6,4,beam_3,16,0.006666000001132488,4,0.001666500000283122,True
2,MEDIUM_MAZE,712,712,3,4,5,4,greedy,16,0.005048600025475025,4,0.0012621500063687563,True
2,MEDIUM_MAZE,712,712,3,4,5,4,beam_2,16,0.004989699926227331,4,0.0012474249815568328,True
2,MEDIUM_MAZE,712,712,3,4,5,4,beam_3,16,0.008300000103190541,4,0.0020750000257976353,True
2,MEDIUM_MAZE,743,743,3,5,6,6,greedy,16,0.01597719988785684,8,0.001997149985982105,True
2,MEDIUM_MAZE,743,743,3,5,6,6,beam_2,16,0.008620099863037467,4,0.0021550249657593668,True
2,MEDIUM_MAZE,743,743,3,5,6,6,beam_3,16,0.008472099900245667,4,0.0021180249750614166,True
2,MEDIUM_MAZE,780,780,4,2,3,5,greedy,16,0.007241899846121669,4,0.0018104749615304172,True
2,MEDIUM_MAZE,780,780,4,2,3,5,beam_2,16,0.008502400014549494,4,0.0021256000036373734,True
2,MEDIUM_MAZE,780,780,4,2,3,5,beam_3,16,0.008636699989438057,4,0.0021591749973595142,True
2,MEDIUM_MAZE,801,801,4,3,2,5,greedy,16,0.008034800179302692,4,0.002008700044825673,True
2,MEDIUM_MAZE,801,801,4,3,2,5,beam_2,16,0.0074142999947071075,4,0.0018535749986767769,True
2,MEDIUM_MAZE,801,801,4,3,2,5,beam_3,16,0.00858389982022345,4,0.0021459749550558627,True
2,MEDIUM_MAZE,825,825,4,5,2,3,greedy,16,0.006885099923238158,4,0.0017212749808095396,True
2,MEDIUM_MAZE,825,825,4,5,2,3,beam_2,16,0.008020599838346243,4,0.0020051499595865607,True
2,MEDIUM_MAZE,825,825,4,5,2,3,beam_3,16,0.008278400171548128,4,0.002069600042887032,True
2,MEDIUM_MAZE,853,853,4,6,3,3,greedy,16,0.022115800064057112,14,0.001579700004575508,True
2,MEDIUM_MAZE,853,853,4,6,3,3,beam_2,16,0.007671599974855781,4,0.0019178999937139452,True
2,MEDIUM_MAZE,853,853,4,6,3,3,beam_3,16,0.008658699924126267,4,0.002164674981031567,True
2,MEDIUM_MAZE,905,905,5,3,3,5,greedy,16,0.015208299970254302,8,0.0019010374962817878,True
2,MEDIUM_MAZE,905,905,5,3,3,5,beam_2,16,0.008082299958914518,4,0.0020205749897286296,True
2,MEDIUM_MAZE,905,905,5,3,3,5,beam_3,16,0.008453599875792861,4,0.0021133999689482152,True
2,MEDIUM_MAZE,931,931,5,4,4,1,greedy,16,0.007268899818882346,4,0.0018172249547205865,True
2,MEDIUM_MAZE,931,931,5,4,4,1,beam_2,16,0.007957699941471219,4,0.0019894249853678048,True
2,MEDIUM_MAZE,931,931,5,4,4,1,beam_3,16,0.004920499864965677,4,0.0012301249662414193,True
2,MEDIUM_MAZE,983,983,6,1,4,3,greedy,16,0.00514580006711185,4,0.0012864500167779624,True
2,MEDIUM_MAZE,983,983,6,1,4,3,beam_2,16,0.005864199949428439,4,0.0014660499873571098,True
2,MEDIUM_MAZE,983,983,6,1,4,3,beam_3,16,0.008952799951657653,4,0.002238199987914413,True
2,MEDIUM_MAZE,1058,1058,6,5,4,3,greedy,16,0.022475200006738305,12,0.0018729333338948588,True
2,MEDIUM_MAZE,1058,1058,6,5,4,3,beam_2,16,0.008178400108590722,4,0.0020446000271476805,True
2,MEDIUM_MAZE,1058,1058,6,5,4,3,beam_3,16,0.00876830006018281,4,0.0021920750150457025,True
2,MEDIUM_MAZE,457,457,1,1,4,3,greedy,16,0.00916469981893897,5,0.0018329399637877942,True
2,MEDIUM_MAZE,457,457,1,1,4,3,beam_2,16,0.009276000084355474,5,0.0018552000168710948,True
2,MEDIUM_MAZE,457,457,1,1,4,3,beam_3,16,0.0072033999022096395,5,0.001440679980441928,True
2,MEDIUM_MAZE,507,507,1,5,4,3,greedy,16,0.02044960018247366,11,0.00185905456204306,True
2,MEDIUM_MAZE,507,507,1,5,4,3,beam_2,16,0.011500299908220768,5,0.0023000599816441537,True
2,MEDIUM_MAZE,507,507,1,5,4,3,beam_3,16,0.0113472999073565,5,0.0022694599814713,True
2,MEDIUM_MAZE,556,556,2,1,4,2,greedy,16,0.013864600099623203,7,0.001980657157089029,True
2,MEDIUM_MAZE,556,556,2,1,4,2,beam_2,16,0.007303499849513173,5,0.0014606999699026345,True
2,MEDIUM_MAZE,556,556,2,1,4,2,beam_3,16,0.01049170014448464,5,0.002098340028896928,True
2,MEDIUM_MAZE,587,587,2,2,5,4,greedy,16,0.04262160020880401,16,0.0026638500130502507,False
2,MEDIUM_MAZE,587,587,2,2,5,4,beam_2,16,0.013321700040251017,5,0.002664340008050203,True
2,MEDIUM_MAZE,587,587,2,2,5,4,beam_3,16,0.011580399936065078,5,0.0023160799872130157,True
2,MEDIUM_MAZE,616,616,2,3,6,4,greedy,16,0.01567809982225299,5,0.0031356199644505976,True
2,MEDIUM_MAZE,616,616,2,3,6,4,beam_2,16,0.011929099913686514,5,0.002385819982737303,True
2,MEDIUM_MAZE,616,616,2,3,6,4,beam_3,16,0.007297799922525883,5,0.0014595599845051766,True
2,MEDIUM_MAZE,650,650,2,6,2,3,greedy,16,0.00876959995366633,5,0.0017539199907332659,True
2,MEDIUM_MAZE,650,650,2,6,2,3,beam_2,16,0.010715999873355031,5,0.0021431999746710064,True
2,MEDIUM_MAZE,650,650,2,6,2,3,beam_3,16,0.010467299958691001,5,0.0020934599917382,True
2,MEDIUM_MAZE,689,689,3,3,6,1,greedy,16,0.009428099961951375,5,0.001885619992390275,True
2,MEDIUM_MAZE,689,689,3,3,6,1,beam_2,16,0.008085899986326694,5,0.001617179997265339,True
2,MEDIUM_MAZE,689,689,3,3,6,1,beam_3,16,0.008543299976736307,5,0.0017086599953472614,True
2,MEDIUM_MAZE,718,718,3,4,6,6,greedy,16,0.009126000106334686,5,0.0018252000212669373,True
2,MEDIUM_MAZE,718,718,3,4,6,6,beam_2,16,0.009965399978682399,5,0.00199307999573648,True
2,MEDIUM_MAZE,718,718,3,4,6,6,beam_3,16,0.009490099968388677,5,0.0018980199936777353,True
2,MEDIUM_MAZE,742,742,3,5,6,5,greedy,16,0.009011800168082118,7,0.0012874000240117311,True
2,MEDIUM_MAZE,742,742,3,5,6,5,beam_2,16,0.006812100065872073,5,0.0013624200131744147,True
2,MEDIUM_MAZE,742,742,3,5,6,5,beam_3,16,0.006876499857753515,5,0.0013752999715507031,True
2,MEDIUM_MAZE,773,773,4,2,2,1,greedy,16,0.013138700043782592,7,0.001876957149111799,True
2,MEDIUM_MAZE,773,773,4,2,2,1,beam_2,16,0.010976900113746524,5,0.002195380022749305,True
2,MEDIUM_MAZE,773,773,4,2,2,1,beam_3,16,0.013093499932438135,5,0.002618699986487627,True
2,MEDIUM_MAZE,796,796,4,3,1,5,greedy,16,0.009548600064590573,5,0.0019097200129181147,True
2,MEDIUM_MAZE,796,796,4,3,1,5,beam_2,16,0.010283000068739057,5,0.0020566000137478115,True
2,MEDIUM_MAZE,796,796,4,3,1,5,beam_3,16,0.010818999959155917,5,0.0021637999918311833,True
2,MEDIUM_MAZE,824,824,4,5,2,2,greedy,16,0.027656699996441603,16,0.0017285437497776002,False
2,MEDIUM_MAZE,824,824,4,5,2,2,beam_2,16,0.035957900108769536,16,0.002247368756798096,False
2,MEDIUM_MAZE,824,824,4,5,2,2,beam_3,16,0.012512999819591641,5,0.0025025999639183283,True
2,MEDIUM_MAZE,850,850,4,6,2,3,greedy,16,0.016679299995303154,9,0.0018532555550336838,True
2,MEDIUM_MAZE,850,850,4,6,2,3,beam_2,16,0.008527500089257956,5,0.001705500017851591,True
2,MEDIUM_MAZE,850,850,4,6,2,3,beam_3,16,0.008247599937021732,5,0.0016495199874043466,True
2,MEDIUM_MAZE,887,887,5,1,5,4,greedy,16,0.00931190000846982,5,0.001862380001693964,True
2,MEDIUM_MAZE,887,887,5,1,5,4,beam_2,16,0.009494800120592117,5,0.0018989600241184235,True
2,MEDIUM_MAZE,887,887,5,1,5,4,beam_3,16,0.010791799984872341,5,0.002158359996974468,True
2,MEDIUM_MAZE,913,913,5,3,5,6,greedy,16,0.009754400001838803,5,0.0019508800003677606,True
2,MEDIUM_MAZE,913,913,5,3,5,6,beam_2,16,0.009941000025719404,5,0.001988200005143881,True
2,MEDIUM_MAZE,913,913,5,3,5,6,beam_3,16,0.00700660003349185,5,0.00140132000669837,True
2,MEDIUM_MAZE,936,936,5,4,5,1,greedy,16,0.006063699955120683,5,0.0012127399910241365,True
2,MEDIUM_MAZE,936,936,5,4,5,1,beam_2,16,0.006001700181514025,5,0.001200340036302805,True
2,MEDIUM_MAZE,936,936,5,4,5,1,beam_3,16,0.00710569997318089,5,0.001421139994636178,True
2,MEDIUM_MAZE,978,978,6,1,3,3,greedy,16,0.006033299956470728,5,0.0012066599912941456,True
2,MEDIUM_MAZE,978,978,6,1,3,3,beam_2,16,0.007821300067007542,5,0.0015642600134015082,True
2,MEDIUM_MAZE,978,978,6,1,3,3,beam_3,16,0.009301000041887164,5,0.0018602000083774329,True
2,MEDIUM_MAZE,1031,1031,6,4,4,1,greedy,16,0.00839520012959838,5,0.0016790400259196758,True
2,MEDIUM_MAZE,1031,1031,6,4,4,1,beam_2,16,0.00733509985730052,5,0.001467019971460104,True
2,MEDIUM_MAZE,1031,1031,6,4,4,1,beam_3,16,0.011435900116339326,5,0.0022871800232678653,True
2,MEDIUM_MAZE,1076,1076,6,6,2,5,greedy,16,0.03808510000817478,16,0.0023803187505109236,False
2,MEDIUM_MAZE,1076,1076,6,6,2,5,beam_2,16,0.011902399826794863,5,0.0023804799653589725,True
2,MEDIUM_MAZE,1076,1076,6,6,2,5,beam_3,16,0.012215600116178393,5,0.0024431200232356786,True
2,MEDIUM_MAZE,461,461,1,1,5,3,greedy,16,0.023914699908345938,16,0.001494668744271621,False
2,MEDIUM_MAZE,461,461,1,1,5,3,beam_2,16,0.010404299944639206,6,0.001734049990773201,True
2,MEDIUM_MAZE,461,461,1,1,5,3,beam_3,16,0.01409439998678863,6,0.0023490666644647717,True
2,MEDIUM_MAZE,498,498,1,5,2,2,greedy,16,0.032963600009679794,16,0.002060225000604987,False
2,MEDIUM_MAZE,498,498,1,5,2,2,beam_2,16,0.03663770016282797,16,0.002289856260176748,False
2,MEDIUM_MAZE,498,498,1,5,2,2,beam_3,16,0.02620250009931624,16,0.001637656256207265,False
2,MEDIUM_MAZE,532,532,1,6,4,3,greedy,16,0.007318499963730574,6,0.0012197499939550955,True
2,MEDIUM_MAZE,532,532,1,6,4,3,beam_2,16,0.008398100035265088,6,0.001399683339210848,True
2,MEDIUM_MAZE,532,532,1,6,4,3,beam_3,16,0.008537299931049347,6,0.0014228833218415577,True
2,MEDIUM_MAZE,562,562,2,1,5,4,greedy,16,0.02819090010598302,16,0.0017619312566239387,False
2,MEDIUM_MAZE,562,562,2,1,5,4,beam_2,16,0.01392409997060895,6,0.002320683328434825,True
2,MEDIUM_MAZE,562,562,2,1,5,4,beam_3,16,0.013262999942526221,6,0.0022104999904210367,True
2,MEDIUM_MAZE,591,591,2,2,6,4,greedy,16,0.008919100044295192,6,0.0014865166740491986,True
2,MEDIUM_MAZE,591,591,2,2,6,4,beam_2,16,0.008032500045374036,6,0.0013387500075623393,True
2,MEDIUM_MAZE,591,591,2,2,6,4,beam_3,16,0.008391099981963634,6,0.0013985166636606057,True
2,MEDIUM_MAZE,620,620,2,5,1,2,greedy,16,0.007926299935206771,6,0.0013210499892011285,True
2,MEDIUM_MAZE,620,620,2,5,1,2,beam_2,16,0.008142799837514758,6,0.0013571333062524598,True
2,MEDIUM_MAZE,620,620,2,5,1,2,beam_3,16,0.013573399977758527,6,0.002262233329626421,True
2,MEDIUM_MAZE,649,649,2,6,2,2,greedy,16,0.024903199868276715,16,0.0015564499917672947,False
2,MEDIUM_MAZE,649,649,2,6,2,2,beam_2,16,0.030733099905773997,16,0.0019208187441108748,False
2,MEDIUM_MAZE,649,649,2,6,2,2,beam_3,16,0.03196920012123883,16,0.0019980750075774267,False
2,MEDIUM_MAZE,693,693,3,3,6,6,greedy,16,0.010507599916309118,6,0.0017512666527181864,True
2,MEDIUM_MAZE,693,693,3,3,6,6,beam_2,16,0.013373299967497587,6,0.0022288833279162645,True
2,MEDIUM_MAZE,693,693,3,3,6,6,beam_3,16,0.01574629987590015,6,0.002624383312650025,True
2,MEDIUM_MAZE,741,741,3,5,6,4,greedy,16,0.01318480004556477,6,0.002197466674260795,True
2,MEDIUM_MAZE,741,741,3,5,6,4,beam_2,16,0.017535600112751126,6,0.0029226000187918544,True
2,MEDIUM_MAZE,741,741,3,5,6,4,beam_3,16,0.01641779998317361,6,0.0027362999971956015,True
2,MEDIUM_MAZE,767,767,4,1,6,5,greedy,16,0.012572600040584803,6,0.002095433340097467,True
2,MEDIUM_MAZE,767,767,4,1,6,5,beam_2,16,0.01129409996792674,6,0.0018823499946544568,True
2,MEDIUM_MAZE,767,767,4,1,6,5,beam_3,16,0.008778200019150972,6,0.001463033336525162,True
2,MEDIUM_MAZE,793,793,4,2,6,6,greedy,16,0.009687100071460009,6,0.001614516678576668,True
2,MEDIUM_MAZE,793,793,4,2,6,6,beam_2,16,0.012963299872353673,6,0.002160549978725612,True
2,MEDIUM_MAZE,793,793,4,2,6,6,beam_3,16,0.012640000088140368,6,0.002106666681356728,True
2,MEDIUM_MAZE,831,831,4,5,4,1,greedy,16,0.012092099990695715,6,0.002015349998449286,True
2,MEDIUM_MAZE,831,831,4,5,4,1,beam_2,16,0.01058889995329082,6,0.0017648166588818033,True
2,MEDIUM_MAZE,831,831,4,5,4,1,beam_3,16,0.01091070007532835,6,0.001818450012554725,True
2,MEDIUM_MAZE,874,874,5,1,2,2,greedy,16,0.030615099938586354,16,0.0019134437461616471,False
2,MEDIUM_MAZE,874,874,5,1,2,2,beam_2,16,0.02884939988143742,16,0.0018030874925898388,True
2,MEDIUM_MAZE,874,874,5,1,2,2,beam_3,16,0.013044600142166018,6,0.0021741000236943364,True
2,MEDIUM_MAZE,902,902,5,3,2,6,greedy,16,0.02161489985883236,12,0.0018012416549026966,True
2,MEDIUM_MAZE,902,902,5,3,2,6,beam_2,16,0.008490900043398142,6,0.0014151500072330236,True
2,MEDIUM_MAZE,902,902,5,3,2,6,beam_3,16,0.00876199989579618,6,0.0014603333159660299,True
2,MEDIUM_MAZE,926,926,5,4,2,5,greedy,16,0.029512100154533982,16,0.001844506259658374,False
2,MEDIUM_MAZE,926,926,5,4,2,5,beam_2,16,0.018027300015091896,8,0.002253412501886487,True
2,MEDIUM_MAZE,926,926,5,4,2,5,beam_3,16,0.013297599973157048,6,0.0022162666621928415,True
2,MEDIUM_MAZE,958,958,5,6,4,3,greedy,16,0.011573199881240726,6,0.0019288666468734543,True
2,MEDIUM_MAZE,958,958,5,6,4,3,beam_2,16,0.008420699974521995,6,0.0014034499957536657,True
2,MEDIUM_MAZE,958,958,5,6,4,3,beam_3,16,0.012408000184223056,6,0.0020680000307038426,True
2,MEDIUM_MAZE,1012,1012,6,2,5,3,greedy,16,0.033074299804866314,16,0.0020671437378041446,False
2,MEDIUM_MAZE,1012,1012,6,2,5,3,beam_2,16,0.008404799969866872,6,0.001400799994977812,True
2,MEDIUM_MAZE,1012,1012,6,2,5,3,beam_3,16,0.008133500115945935,6,0.001355583352657656,True
2,MEDIUM_MAZE,1051,1051,6,5,2,5,greedy,16,0.007671999977901578,6,0.0012786666629835963,True
2,MEDIUM_MAZE,1051,1051,6,5,2,5,beam_2,16,0.007841999875381589,6,0.001306999979230265,True
2,MEDIUM_MAZE,1051,1051,6,5,2,5,beam_3,16,0.007738499902188778,6,0.0012897499836981297,True
2,MEDIUM_MAZE,1078,1078,6,6,3,3,greedy,16,0.00925900018773973,6,0.0015431666979566216,True
2,MEDIUM_MAZE,1078,1078,6,6,3,3,beam_2,16,0.012370900018140674,6,0.002061816669690112,True
2,MEDIUM_MAZE,1078,1078,6,6,3,3,beam_3,16,0.011992699932307005,6,0.0019987833220511675,True
2,MEDIUM_MAZE,462,462,1,1,5,4,greedy,16,0.024895800044760108,16,0.0015559875027975067,False
2,MEDIUM_MAZE,462,462,1,1,5,4,beam_2,16,0.009816900128498673,7,0.0014024143040712392,True
2,MEDIUM_MAZE,462,462,1,1,5,4,beam_3,16,0.011041200021281838,7,0.0015773142887545483,True
2,MEDIUM_MAZE,491,491,1,2,6,4,greedy,16,0.03036150010302663,16,0.0018975937564391643,False
2,MEDIUM_MAZE,491,491,1,2,6,4,beam_2,16,0.02153100003488362,7,0.0030758571478405167,True
2,MEDIUM_MAZE,491,491,1,2,6,4,beam_3,16,0.01463799993507564,7,0.002091142847867949,True
2,MEDIUM_MAZE,517,517,1,5,6,5,greedy,16,0.008814999833703041,7,0.001259285690529006,True
2,MEDIUM_MAZE,517,517,1,5,6,5,beam_2,16,0.011399900075048208,7,0.0016285571535783155,True
2,MEDIUM_MAZE,517,517,1,5,6,5,beam_3,16,0.01194930006749928,7,0.0017070428667856114,True
2,MEDIUM_MAZE,546,546,2,1,1,5,greedy,16,0.01444569998420775,7,0.0020636714263153927,True
2,MEDIUM_MAZE,546,546,2,1,1,5,beam_2,16,0.012467799941077828,7,0.0017811142772968327,True
2,MEDIUM_MAZE,546,546,2,1,1,5,beam_3,16,0.011108099948614836,7,0.0015868714212306909,True
2,MEDIUM_MAZE,572,572,2,2,1,6,greedy,16,0.013398099923506379,7,0.0019140142747866257,True
2,MEDIUM_MAZE,572,572,2,2,1,6,beam_2,16,0.014765500091016293,7,0.0021093571558594704,True
2,MEDIUM_MAZE,572,572,2,2,1,6,beam_3,16,0.01649329997599125,7,0.0023561857108558926,True
2,MEDIUM_MAZE,618,618,2,3,6,6,greedy,16,0.01682189991697669,7,0.0024031285595680985,True
2,MEDIUM_MAZE,618,618,2,3,6,6,beam_2,16,0.015653900103643537,7,0.002236271443377648,True
2,MEDIUM_MAZE,618,618,2,3,6,6,beam_3,16,0.01025539985857904,7,0.0014650571226541484,True
2,MEDIUM_MAZE,648,648,2,6,2,1,greedy,16,0.011379699921235442,7,0.001625671417319349,True
2,MEDIUM_MAZE,648,648,2,6,2,1,beam_2,16,0.013286800123751163,7,0.0018981143033930234,True
2,MEDIUM_MAZE,648,648,2,6,2,1,beam_3,16,0.0094352001324296,7,0.0013478857332042285,True
2,MEDIUM_MAZE,739,739,3,5,6,1,greedy,16,0.00866399984806776,7,0.00123771426400968,True
2,MEDIUM_MAZE,739,739,3,5,6,1,beam_2,16,0.01014279993250966,7,0.0014489714189299516,True
2,MEDIUM_MAZE,739,739,3,5,6,1,beam_3,16,0.011289999820291996,7,0.001612857117184571,True
2,MEDIUM_MAZE,768,768,4,1,6,6,greedy,16,0.013454699888825417,7,0.0019220999841179167,True
2,MEDIUM_MAZE,768,768,4,1,6,6,beam_2,16,0.009568499866873026,7,0.0013669285524104322,True
2,MEDIUM_MAZE,768,768,4,1,6,6,beam_3,16,0.010940500069409609,7,0.0015629285813442298,True
2,MEDIUM_MAZE,845,845,4,6,1,2,greedy,16,0.022699299966916442,16,0.0014187062479322776,False
2,MEDIUM_MAZE,845,845,4,6,1,2,beam_2,16,0.011219900101423264,7,0.0016028428716318949,True
2,MEDIUM_MAZE,845,845,4,6,1,2,beam_3,16,0.015985699836164713,7,0.0022836714051663876,True
2,MEDIUM_MAZE,876,876,5,1,2,5,greedy,16,0.013525699963793159,7,0.0019322428519704512,True
2,MEDIUM_MAZE,876,876,5,1,2,5,beam_2,16,0.014345400035381317,7,0.002049342862197331,True
2,MEDIUM_MAZE,876,876,5,1,2,5,beam_3,16,0.010045099770650268,7,0.0014350142529500382,True
2,MEDIUM_MAZE,921,921,5,4,1,5,greedy,16,0.02026580017991364,16,0.0012666125112446025,False
2,MEDIUM_MAZE,921,921,5,4,1,5,beam_2,16,0.009882600046694279,7,0.0014118000066706113,True
2,MEDIUM_MAZE,921,921,5,4,1,5,beam_3,16,0.010744500206783414,7,0.001534928600969059,True
2,MEDIUM_MAZE,974,974,6,1,2,2,greedy,16,0.030205100076273084,16,0.0018878187547670677,False
2,MEDIUM_MAZE,974,974,6,1,2,2,beam_2,16,0.032692400040104985,16,0.0020432750025065616,False
2,MEDIUM_MAZE,974,974,6,1,2,2,beam_3,16,0.011963600059971213,7,0.0017090857228530304,True
2,MEDIUM_MAZE,1013,1013,6,2,5,4,greedy,16,0.008692400064319372,7,0.0012417714377599104,True
2,MEDIUM_MAZE,1013,1013,6,2,5,4,beam_2,16,0.009456200059503317,7,0.0013508857227861881,True
2,MEDIUM_MAZE,1013,1013,6,2,5,4,beam_3,16,0.010840300004929304,7,0.001548614286418472,True
2,MEDIUM_MAZE,1046,1046,6,5,1,5,greedy,16,0.009615099988877773,7,0.0013735857126968248,True
2,MEDIUM_MAZE,1046,1046,6,5,1,5,beam_2,16,0.010543299838900566,7,0.0015061856912715094,True
2,MEDIUM_MAZE,1046,1046,6,5,1,5,beam_3,16,0.010013899998739362,7,0.0014305571426770516,True
2,MEDIUM_MAZE,1075,1075,6,6,2,3,greedy,16,0.008283199975267053,7,0.0011833142821810075,True
2,MEDIUM_MAZE,1075,1075,6,6,2,3,beam_2,16,0.011069200001657009,7,0.0015813142859510013,True
2,MEDIUM_MAZE,1075,1075,6,6,2,3,beam_3,16,0.015405199956148863,7,0.002200742850878409,True
2,MEDIUM_MAZE,460,460,1,1,5,1,greedy,18,0.015125400153920054,8,0.0018906750192400068,True
2,MEDIUM_MAZE,460,460,1,1,5,1,beam_2,18,0.016347399912774563,8,0.0020434249890968204,True
2,MEDIUM_MAZE,460,460,1,1,5,1,beam_3,18,0.017147299833595753,8,0.002143412479199469,True
2,MEDIUM_MAZE,492,492,1,2,6,5,greedy,18,0.009962100069969893,8,0.0012452625087462366,True
2,MEDIUM_MAZE,492,492,1,2,6,5,beam_2,18,0.018227900145575404,8,0.0022784875181969255,True
2,MEDIUM_MAZE,492,492,1,2,6,5,beam_3,18,0.01868979982100427,8,0.002336224977625534,True
2,MEDIUM_MAZE,522,522,1,6,2,1,greedy,18,0.019863400142639875,10,0.0019863400142639876,True
2,MEDIUM_MAZE,522,522,1,6,2,1,beam_2,18,0.016999300103634596,8,0.0021249125129543245,True
2,MEDIUM_MAZE,522,522,1,6,2,1,beam_3,18,0.017789300065487623,8,0.002223662508185953,True
2,MEDIUM_MAZE,563,563,2,1,5,6,greedy,18,0.015463300049304962,8,0.0019329125061631203,True
2,MEDIUM_MAZE,563,563,2,1,5,6,beam_2,18,0.016573800006881356,8,0.0020717250008601695,True
2,MEDIUM_MAZE,563,563,2,1,5,6,beam_3,18,0.01316410000436008,8,0.00164551250054501,True
2,MEDIUM_MAZE,639,639,2,5,6,1,greedy,18,0.012614100007340312,8,0.001576762500917539,True
2,MEDIUM_MAZE,639,639,2,5,6,1,beam_2,18,0.016425800044089556,8,0.0020532250055111945,True
2,MEDIUM_MAZE,639,639,2,5,6,1,beam_3,18,0.016232100082561374,8,0.0020290125103201717,True
2,MEDIUM_MAZE,747,747,4,1,1,6,greedy,18,0.009409499820321798,8,0.0011761874775402248,True
2,MEDIUM_MAZE,747,747,4,1,1,6,beam_2,18,0.013581700157374144,8,0.001697712519671768,True
2,MEDIUM_MAZE,747,747,4,1,1,6,beam_3,18,0.012130799936130643,8,0.0015163499920163304,True
2,MEDIUM_MAZE,869,869,5,1,1,1,greedy,18,0.009714100044220686,8,0.0012142625055275857,True
2,MEDIUM_MAZE,869,869,5,1,1,1,beam_2,18,0.010542599949985743,8,0.0013178249937482178,True
2,MEDIUM_MAZE,869,869,5,1,1,1,beam_3,18,0.011495299870148301,8,0.0014369124837685376,True
2,MEDIUM_MAZE,922,922,5,4,1,6,greedy,18,0.009946699952706695,8,0.0012433374940883368,True
2,MEDIUM_MAZE,922,922,5,4,1,6,beam_2,18,0.010709499940276146,8,0.0013386874925345182,True
2,MEDIUM_MAZE,922,922,5,4,1,6,beam_3,18,0.014697499806061387,8,0.0018371874757576734,True
2,MEDIUM_MAZE,973,973,6,1,2,1,greedy,18,0.015127900056540966,8,0.0018909875070676208,True
2,MEDIUM_MAZE,973,973,6,1,2,1,beam_2,18,0.011769999982789159,8,0.0014712499978486449,True
2,MEDIUM_MAZE,973,973,6,1,2,1,beam_3,18,0.021077000070363283,8,0.0026346250087954104,True
2,MEDIUM_MAZE,1005,1005,6,2,3,5,greedy,18,0.014524699887260795,8,0.0018155874859075993,True
2,MEDIUM_MAZE,1005,1005,6,2,3,5,beam_2,18,0.021159500116482377,8,0.002644937514560297,True
2,MEDIUM_MAZE,1005,1005,6,2,3,5,beam_3,18,0.020086900098249316,8,0.0025108625122811645,True
2,MEDIUM_MAZE,1041,1041,6,4,6,2,greedy,18,0.03307979996316135,14,0.002362842854511525,True
2,MEDIUM_MAZE,1041,1041,6,4,6,2,beam_2,18,0.032556200167164207,14,0.0023254428690831575,True
2,MEDIUM_MAZE,1041,1041,6,4,6,2,beam_3,18,0.016594699816778302,8,0.0020743374770972878,True
2,MEDIUM_MAZE,1074,1074,6,6,2,2,greedy,18,0.030004499945789576,18,0.0016669166636549765,False
2,MEDIUM_MAZE,1074,1074,6,6,2,2,beam_2,18,0.02614859980531037,18,0.0014526999891839093,False
2,MEDIUM_MAZE,1074,1074,6,6,2,2,beam_3,18,0.03702270006760955,18,0.002056816670422753,False
2,MEDIUM_MAZE,467,467,1,1,6,5,greedy,20,0.014064199989661574,9,0.001562688887740175,True
2,MEDIUM_MAZE,467,467,1,1,6,5,beam_2,20,0.014041299931704998,9,0.0015601444368561108,True
2,MEDIUM_MAZE,467,467,1,1,6,5,beam_3,20,0.01940320013090968,9,0.0021559111256566313,True
2,MEDIUM_MAZE,535,535,1,6,5,1,greedy,20,0.011800599982962012,9,0.001311177775884668,True
2,MEDIUM_MAZE,535,535,1,6,5,1,beam_2,20,0.013915600022301078,9,0.0015461777802556753,True
2,MEDIUM_MAZE,535,535,1,6,5,1,beam_3,20,0.01970580010674894,9,0.0021895333451943267,True
2,MEDIUM_MAZE,664,664,2,6,6,1,greedy,20,0.01711440016515553,9,0.0019016000183506145,True
2,MEDIUM_MAZE,664,664,2,6,6,1,beam_2,20,0.014462199993431568,9,0.0016069111103812854,True
2,MEDIUM_MAZE,664,664,2,6,6,1,beam_3,20,0.012552700005471706,9,0.0013947444450524119,True
2,MEDIUM_MAZE,944,944,5,6,1,1,greedy,20,0.010294399922713637,9,0.0011438222136348486,True
2,MEDIUM_MAZE,944,944,5,6,1,1,beam_2,20,0.018910699989646673,9,0.0021011888877385193,True
2,MEDIUM_MAZE,944,944,5,6,1,1,beam_3,20,0.021048499969765544,9,0.002338722218862838,True
2,MEDIUM_MAZE,985,985,6,1,4,6,greedy,20,0.023054900113493204,11,0.002095900010317564,True
2,MEDIUM_MAZE,985,985,6,1,4,6,beam_2,20,0.015407799975946546,9,0.0017119777751051718,True
2,MEDIUM_MAZE,985,985,6,1,4,6,beam_3,20,0.019275299971923232,9,0.002141699996880359,True
2,MEDIUM_MAZE,1009,1009,6,2,4,5,greedy,20,0.017081299796700478,9,0.0018979221996333864,True
2,MEDIUM_MAZE,1009,1009,6,2,4,5,beam_2,20,0.017766800010576844,9,0.0019740888900640938,True
2,MEDIUM_MAZE,1009,1009,6,2,4,5,beam_3,20,0.012801500037312508,9,0.0014223888930347231,True
2,MEDIUM_MAZE,1070,1070,6,6,1,2,greedy,20,0.03553149988874793,19,0.001870078941513049,False
2,MEDIUM_MAZE,1070,1070,6,6,1,2,beam_2,20,0.01932900003157556,9,0.0021476666701750625,True
2,MEDIUM_MAZE,1070,1070,6,6,1,2,beam_3,20,0.012334899976849556,9,0.001370544441872173,True
2,MEDIUM_MAZE,515,515,1,5,6,2,greedy,22,0.03682219982147217,19,0.0019380105169195879,False
2,MEDIUM_MAZE,515,515,1,5,6,2,beam_2,22,0.0589932999573648,19,0.0031049105240718313,False
2,MEDIUM_MAZE,515,515,1,5,6,2,beam_3,22,0.023573100101202726,10,0.0023573100101202727,True
2,MEDIUM_MAZE,972,972,6,1,1,6,greedy,22,0.015361399855464697,10,0.0015361399855464697,True
2,MEDIUM_MAZE,972,972,6,1,1,6,beam_2,22,0.021489899838343263,10,0.002148989983834326,True
2,MEDIUM_MAZE,972,972,6,1,1,6,beam_3,22,0.017000099876895547,10,0.0017000099876895546,True
2,MEDIUM_MAZE,1010,1010,6,2,4,6,greedy,22,0.0130407998804003,10,0.00130407998804003,True
2,MEDIUM_MAZE,1010,1010,6,2,4,6,beam_2,22,0.020376899978145957,10,0.002037689997814596,True
2,MEDIUM_MAZE,1010,1010,6,2,4,6,beam_3,22,0.02199269994162023,10,0.002199269994162023,True
2,MEDIUM_MAZE,965,965,5,6,6,2,greedy,24,0.018332300009205937,11,0.0016665727281096306,True
2,MEDIUM_MAZE,965,965,5,6,6,2,beam_2,24,0.016616399865597486,11,0.0015105818059634078,True
2,MEDIUM_MAZE,965,965,5,6,6,2,beam_3,24,0.026671600062400103,11,0.0024246909147636457,True
2,LARGE_MAZE,1789,1789,1,2,1,1,greedy,16,0.0021283000241965055,1,0.0021283000241965055,True
2,LARGE_MAZE,1789,1789,1,2,1,1,beam_2,16,0.001711399992927909,1,0.001711399992927909,True
2,LARGE_MAZE,1789,1789,1,2,1,1,beam_3,16,0.0016632999759167433,1,0.0016632999759167433,True
2,LARGE_MAZE,1881,1881,1,4,1,3,greedy,16,0.030230999924242496,16,0.001889437495265156,False
2,LARGE_MAZE,1881,1881,1,4,1,3,beam_2,16,0.0010909999255090952,1,0.0010909999255090952,True
2,LARGE_MAZE,1881,1881,1,4,1,3,beam_3,16,0.0010567998979240656,1,0.0010567998979240656,True
2,LARGE_MAZE,1980,1980,1,7,2,7,greedy,16,0.0015402000863105059,1,0.0015402000863105059,True
2,LARGE_MAZE,1980,1980,1,7,2,7,beam_2,16,0.001133000012487173,1,0.001133000012487173,True
2,LARGE_MAZE,1980,1980,1,7,2,7,beam_3,16,0.0010655999649316072,1,0.0010655999649316072,True
2,LARGE_MAZE,2111,2111,1,10,1,9,greedy,16,0.0011183000169694424,1,0.0011183000169694424,True
2,LARGE_MAZE,2111,2111,1,10,1,9,beam_2,16,0.0010249000042676926,1,0.0010249000042676926,True
2,LARGE_MAZE,2111,2111,1,10,1,9,beam_3,16,0.001043299911543727,1,0.001043299911543727,True
2,LARGE_MAZE,2209,2209,2,3,3,3,greedy,16,0.0214179998729378,16,0.0013386249920586124,False
2,LARGE_MAZE,2209,2209,2,3,3,3,beam_2,16,0.001675899839028716,1,0.001675899839028716,True
2,LARGE_MAZE,2209,2209,2,3,3,3,beam_3,16,0.0016193999908864498,1,0.0016193999908864498,True
2,LARGE_MAZE,2337,2337,2,10,1,10,greedy,16,0.0372057999484241,16,0.0023253624967765063,False
2,LARGE_MAZE,2337,2337,2,10,1,10,beam_2,16,0.001839399803429842,1,0.001839399803429842,True
2,LARGE_MAZE,2337,2337,2,10,1,10,beam_3,16,0.0017067999579012394,1,0.0017067999579012394,True
2,LARGE_MAZE,2433,2433,3,2,3,1,greedy,16,0.0023043998517096043,1,0.0023043998517096043,True
2,LARGE_MAZE,2433,2433,3,2,3,1,beam_2,16,0.002201699884608388,1,0.002201699884608388,True
2,LARGE_MAZE,2433,2433,3,2,3,1,beam_3,16,0.001859599957242608,1,0.001859599957242608,True
2,LARGE_MAZE,2526,2526,3,5,3,6,greedy,16,0.0018926998600363731,1,0.0018926998600363731,True
2,LARGE_MAZE,2526,2526,3,5,3,6,beam_2,16,0.002916899975389242,1,0.002916899975389242,True
2,LARGE_MAZE,2526,2526,3,5,3,6,beam_3,16,0.0019785999320447445,1,0.0019785999320447445,True
2,LARGE_MAZE,2617,2617,3,7,3,6,greedy,16,0.001942100003361702,1,0.001942100003361702,True
2,LARGE_MAZE,2617,2617,3,7,3,6,beam_2,16,0.0022543000523000956,1,0.0022543000523000956,True
2,LARGE_MAZE,2617,2617,3,7,3,6,beam_3,16,0.002833399921655655,1,0.002833399921655655,True
2,LARGE_MAZE,2710,2710,3,9,3,10,greedy,16,0.0018819000106304884,1,0.0018819000106304884,True
2,LARGE_MAZE,2710,2710,3,9,3,10,beam_2,16,0.0017810000572353601,1,0.0017810000572353601,True
2,LARGE_MAZE,2710,2710,3,9,3,10,beam_3,16,0.0025158000644296408,1,0.0025158000644296408,True
2,LARGE_MAZE,2804,2804,4,1,5,1,greedy,16,0.0017723999917507172,1,0.0017723999917507172,True
2,LARGE_MAZE,2804,2804,4,1,5,1,beam_2,16,0.0017272999975830317,1,0.0017272999975830317,True
2,LARGE_MAZE,2804,2804,4,1,5,1,beam_3,16,0.0016301998402923346,1,0.0016301998402923346,True
2,LARGE_MAZE,2937,2937,5,1,4,1,greedy,16,0.0018791998736560345,1,0.0018791998736560345,True
2,LARGE_MAZE,2937,2937,5,1,4,1,beam_2,16,0.0012133000418543816,1,0.0012133000418543816,True
2,LARGE_MAZE,2937,2937,5,1,4,1,beam_3,16,0.0010720000136643648,1,0.0010720000136643648,True
2,LARGE_MAZE,3032,3032,5,3,5,4,greedy,16,0.0011923001147806644,1,0.0011923001147806644,True
2,LARGE_MAZE,3032,3032,5,3,5,4,beam_2,16,0.0011019001249223948,1,0.0011019001249223948,True
2,LARGE_MAZE,3032,3032,5,3,5,4,beam_3,16,0.0010961999651044607,1,0.0010961999651044607,True
2,LARGE_MAZE,3123,3123,5,5,5,4,greedy,16,0.021430999971926212,16,0.0013394374982453883,False
2,LARGE_MAZE,3123,3123,5,5,5,4,beam_2,16,0.0011169000063091516,1,0.0011169000063091516,True
2,LARGE_MAZE,3123,3123,5,5,5,4,beam_3,16,0.0010853998828679323,1,0.0010853998828679323,True
2,LARGE_MAZE,3254,3254,5,10,4,10,greedy,16,0.0011620000004768372,1,0.0011620000004768372,True
2,LARGE_MAZE,3254,3254,5,10,4,10,beam_2,16,0.002204200020059943,1,0.002204200020059943,True
2,LARGE_MAZE,3254,3254,5,10,4,10,beam_3,16,0.001293199835345149,1,0.001293199835345149,True
2,LARGE_MAZE,3359,3359,6,5,7,5,greedy,16,0.02632929990068078,16,0.0016455812437925488,False
2,LARGE_MAZE,3359,3359,6,5,7,5,beam_2,16,0.0011052999179810286,1,0.0011052999179810286,True
2,LARGE_MAZE,3359,3359,6,5,7,5,beam_3,16,0.0012195000890642405,1,0.0012195000890642405,True
2,LARGE_MAZE,3492,3492,7,1,7,2,greedy,16,0.0015620000194758177,1,0.0015620000194758177,True
2,LARGE_MAZE,3492,3492,7,1,7,2,beam_2,16,0.0013327999040484428,1,0.0013327999040484428,True
2,LARGE_MAZE,3492,3492,7,1,7,2,beam_3,16,0.0011207000352442265,1,0.0011207000352442265,True
2,LARGE_MAZE,3624,3624,7,5,6,5,greedy,16,0.0011378999333828688,1,0.0011378999333828688,True
2,LARGE_MAZE,3624,3624,7,5,6,5,beam_2,16,0.0010755001567304134,1,0.0010755001567304134,True
2,LARGE_MAZE,3624,3624,7,5,6,5,beam_3,16,0.0010536001063883305,1,0.0010536001063883305,True
2,LARGE_MAZE,3721,3721,7,7,7,6,greedy,16,0.0016023998614400625,1,0.0016023998614400625,True
2,LARGE_MAZE,3721,3721,7,7,7,6,beam_2,16,0.0012076999992132187,1,0.0012076999992132187,True
2,LARGE_MAZE,3721,3721,7,7,7,6,beam_3,16,0.0011044000275433064,1,0.0011044000275433064,True
2,LARGE_MAZE,1757,1757,1,1,3,1,greedy,16,0.02533979993313551,16,0.0015837374958209693,False
2,LARGE_MAZE,1757,1757,1,1,3,1,beam_2,16,0.0036585000343620777,2,0.0018292500171810389,True
2,LARGE_MAZE,1757,1757,1,1,3,1,beam_3,16,0.004636600147932768,2,0.002318300073966384,True
2,LARGE_MAZE,1837,1837,1,3,1,5,greedy,16,0.0036247000098228455,2,0.0018123500049114227,True
2,LARGE_MAZE,1837,1837,1,3,1,5,beam_2,16,0.004191099898889661,2,0.0020955499494448304,True
2,LARGE_MAZE,1837,1837,1,3,1,5,beam_3,16,0.0037181000225245953,2,0.0018590500112622976,True
2,LARGE_MAZE,1926,1926,1,5,1,3,greedy,16,0.02842610003426671,16,0.0017766312521416694,False
2,LARGE_MAZE,1926,1926,1,5,1,3,beam_2,16,0.004001700086519122,2,0.002000850043259561,True
2,LARGE_MAZE,1926,1926,1,5,1,3,beam_3,16,0.004529699916020036,2,0.002264849958010018,True
2,LARGE_MAZE,2025,2025,1,8,2,7,greedy,16,0.0034414001274853945,2,0.0017207000637426972,True
2,LARGE_MAZE,2025,2025,1,8,2,7,beam_2,16,0.004474499961361289,2,0.0022372499806806445,True
2,LARGE_MAZE,2025,2025,1,8,2,7,beam_3,16,0.003680099966004491,2,0.0018400499830022454,True
2,LARGE_MAZE,2150,2150,2,1,1,2,greedy,16,0.0038938000798225403,2,0.0019469000399112701,True
2,LARGE_MAZE,2150,2150,2,1,1,2,beam_2,16,0.0036442000418901443,2,0.0018221000209450722,True
2,LARGE_MAZE,2150,2150,2,1,1,2,beam_3,16,0.00462880008853972,2,0.00231440004426986,True
2,LARGE_MAZE,2208,2208,2,3,3,2,greedy,16,0.021842099959030747,16,0.0013651312474394217,False
2,LARGE_MAZE,2208,2208,2,3,3,2,beam_2,16,0.0027715000323951244,2,0.0013857500161975622,True
2,LARGE_MAZE,2208,2208,2,3,3,2,beam_3,16,0.0023584000300616026,2,0.0011792000150308013,True
2,LARGE_MAZE,2301,2301,2,7,3,6,greedy,16,0.0032198000699281693,2,0.0016099000349640846,True
2,LARGE_MAZE,2301,2301,2,7,3,6,beam_2,16,0.0036786999553442,2,0.0018393499776721,True
2,LARGE_MAZE,2301,2301,2,7,3,6,beam_3,16,0.004683600040152669,2,0.0023418000200763345,True
2,LARGE_MAZE,2374,2374,3,1,1,1,greedy,16,0.011043200036510825,6,0.0018405333394184709,True
2,LARGE_MAZE,2374,2374,3,1,1,1,beam_2,16,0.00392739987000823,2,0.001963699935004115,True
2,LARGE_MAZE,2374,2374,3,1,1,1,beam_3,16,0.003997299820184708,2,0.001998649910092354,True
2,LARGE_MAZE,2441,2441,3,2,4,1,greedy,16,0.003917900146916509,2,0.0019589500734582543,True
2,LARGE_MAZE,2441,2441,3,2,4,1,beam_2,16,0.003908300073817372,2,0.001954150036908686,True
2,LARGE_MAZE,2441,2441,3,2,4,1,beam_3,16,0.00403439998626709,2,0.002017199993133545,True
2,LARGE_MAZE,2538,2538,3,5,5,5,greedy,16,0.0031210000161081553,2,0.0015605000080540776,True
2,LARGE_MAZE,2538,2538,3,5,5,5,beam_2,16,0.0022692999336868525,2,0.0011346499668434262,True
2,LARGE_MAZE,2538,2538,3,5,5,5,beam_3,16,0.0036249998956918716,2,0.0018124999478459358,True
2,LARGE_MAZE,2604,2604,3,7,1,7,greedy,16,0.020024999976158142,16,0.0012515624985098839,False
2,LARGE_MAZE,2604,2604,3,7,1,7,beam_2,16,0.022561899852007627,16,0.0014101187407504767,False
2,LARGE_MAZE,2604,2604,3,7,1,7,beam_3,16,0.0023914999328553677,2,0.0011957499664276838,True
2,LARGE_MAZE,2665,2665,3,8,3,10,greedy,16,0.002489999867975712,2,0.001244999933987856,True
2,LARGE_MAZE,2665,2665,3,8,3,10,beam_2,16,0.004038899904116988,2,0.002019449952058494,True
2,LARGE_MAZE,2665,2665,3,8,3,10,beam_3,16,0.0035906999837607145,2,0.0017953499918803573,True
2,LARGE_MAZE,2754,2754,3,10,3,8,greedy,16,0.0036492999643087387,2,0.0018246499821543694,True
2,LARGE_MAZE,2754,2754,3,10,3,8,beam_2,16,0.0034588000271469355,2,0.0017294000135734677,True
2,LARGE_MAZE,2754,2754,3,10,3,8,beam_3,16,0.004419900011271238,2,0.002209950005635619,True
2,LARGE_MAZE,2835,2835,4,5,2,5,greedy,16,0.0033204001374542713,2,0.0016602000687271357,True
2,LARGE_MAZE,2835,2835,4,5,2,5,beam_2,16,0.004358999896794558,2,0.002179499948397279,True
2,LARGE_MAZE,2835,2835,4,5,2,5,beam_3,16,0.0035824000369757414,2,0.0017912000184878707,True
2,LARGE_MAZE,2890,2890,4,10,3,9,greedy,16,0.004240900045260787,2,0.0021204500226303935,True
2,LARGE_MAZE,2890,2890,4,10,3,9,beam_2,16,0.0035597998648881912,2,0.0017798999324440956,True
2,LARGE_MAZE,2890,2890,4,10,3,9,beam_3,16,0.0044363997876644135,2,0.0022181998938322067,True
2,LARGE_MAZE,2987,2987,5,2,5,4,greedy,16,0.0037477000150829554,2,0.0018738500075414777,True
2,LARGE_MAZE,2987,2987,5,2,5,4,beam_2,16,0.005220400169491768,2,0.002610200084745884,True
2,LARGE_MAZE,2987,2987,5,2,5,4,beam_3,16,0.0037656999193131924,2,0.0018828499596565962,True
2,LARGE_MAZE,3073,3073,5,4,4,5,greedy,16,0.0026950000319629908,2,0.0013475000159814954,True
2,LARGE_MAZE,3073,3073,5,4,4,5,beam_2,16,0.0020600000862032175,2,0.0010300000431016088,True
2,LARGE_MAZE,3073,3073,5,4,4,5,beam_3,16,0.0019811999518424273,2,0.0009905999759212136,True
2,LARGE_MAZE,3122,3122,5,5,5,3,greedy,16,0.0036339000798761845,2,0.0018169500399380922,True
2,LARGE_MAZE,3122,3122,5,5,5,3,beam_2,16,0.002405900042504072,2,0.001202950021252036,True
2,LARGE_MAZE,3122,3122,5,5,5,3,beam_3,16,0.0023942000698298216,2,0.0011971000349149108,True
2,LARGE_MAZE,3251,3251,5,10,3,10,greedy,16,0.0027639002073556185,2,0.0013819501036778092,True
2,LARGE_MAZE,3251,3251,5,10,3,10,beam_2,16,0.002324800007045269,2,0.0011624000035226345,True
2,LARGE_MAZE,3251,3251,5,10,3,10,beam_3,16,0.0023676001001149416,2,0.0011838000500574708,True
2,LARGE_MAZE,3343,3343,6,5,4,5,greedy,16,0.002876299899071455,2,0.0014381499495357275,True
2,LARGE_MAZE,3343,3343,6,5,4,5,beam_2,16,0.0022904998622834682,2,0.0011452499311417341,True
2,LARGE_MAZE,3343,3343,6,5,4,5,beam_3,16,0.00230959989130497,2,0.001154799945652485,True
2,LARGE_MAZE,3453,3453,6,9,7,10,greedy,16,0.021223000017926097,16,0.001326437501120381,False
2,LARGE_MAZE,3453,3453,6,9,7,10,beam_2,16,0.002287799958139658,2,0.001143899979069829,True
2,LARGE_MAZE,3453,3453,6,9,7,10,beam_3,16,0.0023191000800579786,2,0.0011595500400289893,True
2,LARGE_MAZE,3619,3619,7,5,5,5,greedy,16,0.002497500041499734,2,0.001248750020749867,True
2,LARGE_MAZE,3619,3619,7,5,5,5,beam_2,16,0.002244099974632263,2,0.0011220499873161316,True
2,LARGE_MAZE,3619,3619,7,5,5,5,beam_3,16,0.0023701998870819807,2,0.0011850999435409904,True
2,LARGE_MAZE,3720,3720,7,7,7,5,greedy,16,0.003095800057053566,2,0.001547900028526783,True
2,LARGE_MAZE,3720,3720,7,7,7,5,beam_2,16,0.0023191000800579786,2,0.0011595500400289893,True
2,LARGE_MAZE,3720,3720,7,7,7,5,beam_3,16,0.0023578000254929066,2,0.0011789000127464533,True
2,LARGE_MAZE,1758,1758,1,1,3,2,greedy,16,0.02461710013449192,16,0.001538568758405745,False
2,LARGE_MAZE,1758,1758,1,1,3,2,beam_2,16,0.03811289998702705,16,0.0023820562491891906,False
2,LARGE_MAZE,1758,1758,1,1,3,2,beam_3,16,0.009706400102004409,5,0.0019412800204008818,True
2,LARGE_MAZE,1842,1842,1,3,2,1,greedy,16,0.004103399813175201,3,0.0013677999377250671,True
2,LARGE_MAZE,1842,1842,1,3,2,1,beam_2,16,0.003838400123640895,3,0.0012794667078802984,True
2,LARGE_MAZE,1842,1842,1,3,2,1,beam_3,16,0.004442299949005246,3,0.0014807666496684153,True
2,LARGE_MAZE,1895,1895,1,4,3,5,greedy,16,0.004413999849930406,3,0.0014713332833101351,True
2,LARGE_MAZE,1895,1895,1,4,3,5,beam_2,16,0.0052662999369204044,3,0.0017554333123068016,True
2,LARGE_MAZE,1895,1895,1,4,3,5,beam_3,16,0.0037222998216748238,3,0.0012407666072249413,True
2,LARGE_MAZE,1976,1976,1,7,1,10,greedy,16,0.004402399994432926,3,0.0014674666648109753,True
2,LARGE_MAZE,1976,1976,1,7,1,10,beam_2,16,0.0036013000644743443,3,0.0012004333548247814,True
2,LARGE_MAZE,1976,1976,1,7,1,10,beam_3,16,0.0052460001315921545,3,0.001748666710530718,True
2,LARGE_MAZE,2070,2070,1,9,2,7,greedy,16,0.0033911000937223434,3,0.0011303666979074478,True
2,LARGE_MAZE,2070,2070,1,9,2,7,beam_2,16,0.0042137999553233385,3,0.0014045999851077795,True
2,LARGE_MAZE,2070,2070,1,9,2,7,beam_3,16,0.00693710008636117,3,0.0023123666954537234,True
2,LARGE_MAZE,2151,2151,2,1,1,3,greedy,16,0.005494900047779083,3,0.0018316333492596943,True
2,LARGE_MAZE,2151,2151,2,1,1,3,beam_2,16,0.0059887999668717384,3,0.001996266655623913,True
2,LARGE_MAZE,2151,2151,2,1,1,3,beam_3,16,0.006550200050696731,3,0.00218340001689891,True
2,LARGE_MAZE,2207,2207,2,3,3,1,greedy,16,0.025284399976953864,13,0.0019449538443810665,True
2,LARGE_MAZE,2207,2207,2,3,3,1,beam_2,16,0.004221899900585413,3,0.0014072999668618043,True
2,LARGE_MAZE,2207,2207,2,3,3,1,beam_3,16,0.0038352999836206436,3,0.0012784333278735478,True
2,LARGE_MAZE,2300,2300,2,7,3,5,greedy,16,0.004123300081118941,3,0.0013744333603729804,True
2,LARGE_MAZE,2300,2300,2,7,3,5,beam_2,16,0.0037438999861478806,3,0.0012479666620492935,True
2,LARGE_MAZE,2300,2300,2,7,3,5,beam_3,16,0.004264899995177984,3,0.0014216333317259948,True
2,LARGE_MAZE,2375,2375,3,1,1,2,greedy,16,0.003754100063815713,3,0.001251366687938571,True
2,LARGE_MAZE,2375,2375,3,1,1,2,beam_2,16,0.0042010999750345945,3,0.0014003666583448648,True
2,LARGE_MAZE,2375,2375,3,1,1,2,beam_3,16,0.004314900143072009,3,0.0014383000476906698,True
2,LARGE_MAZE,2444,2444,3,2,5,1,greedy,16,0.005029899999499321,3,0.0016766333331664403,True
2,LARGE_MAZE,2444,2444,3,2,5,1,beam_2,16,0.006103200139477849,3,0.002034400046492616,True
2,LARGE_MAZE,2444,2444,3,2,5,1,beam_3,16,0.00640980014577508,3,0.0021366000485916934,True
2,LARGE_MAZE,2512,2512,3,5,1,4,greedy,16,0.006964899832382798,3,0.0023216332774609327,True
2,LARGE_MAZE,2512,2512,3,5,1,4,beam_2,16,0.0065113999880850315,3,0.0021704666626950106,True
2,LARGE_MAZE,2512,2512,3,5,1,4,beam_3,16,0.006294999970123172,3,0.0020983333233743906,True
2,LARGE_MAZE,2558,2558,3,6,1,5,greedy,16,0.003493600059300661,3,0.0011645333531002204,True
2,LARGE_MAZE,2558,2558,3,6,1,5,beam_2,16,0.0041120999958366156,3,0.0013706999986122053,True
2,LARGE_MAZE,2558,2558,3,6,1,5,beam_3,16,0.0037223000545054674,3,0.0012407666848351557,True
2,LARGE_MAZE,2610,2610,3,7,2,5,greedy,16,0.0038043998647481203,3,0.0012681332882493734,True
2,LARGE_MAZE,2610,2610,3,7,2,5,beam_2,16,0.003905300050973892,3,0.001301766683657964,True
2,LARGE_MAZE,2610,2610,3,7,2,5,beam_3,16,0.004871600074693561,3,0.0016238666915645201,True
2,LARGE_MAZE,2661,2661,3,8,3,5,greedy,16,0.00530710001476109,3,0.0017690333382536967,True
2,LARGE_MAZE,2661,2661,3,8,3,5,beam_2,16,0.00622570002451539,3,0.0020752333415051303,True
2,LARGE_MAZE,2661,2661,3,8,3,5,beam_3,16,0.006707600085064769,3,0.0022358666950215897,True
2,LARGE_MAZE,2721,2721,3,9,5,10,greedy,16,0.005270699970424175,3,0.0017568999901413918,True
2,LARGE_MAZE,2721,2721,3,9,5,10,beam_2,16,0.0036500999704003334,3,0.0012166999901334445,True
2,LARGE_MAZE,2721,2721,3,9,5,10,beam_3,16,0.004372399998828769,3,0.0014574666662762563,True
2,LARGE_MAZE,2795,2795,4,1,3,3,greedy,16,0.030009400099515915,16,0.0018755875062197447,False
2,LARGE_MAZE,2795,2795,4,1,3,3,beam_2,16,0.006365299923345447,3,0.002121766641115149,True
2,LARGE_MAZE,2795,2795,4,1,3,3,beam_3,16,0.006155000068247318,3,0.002051666689415773,True
2,LARGE_MAZE,2864,2864,4,5,7,5,greedy,16,0.030447700060904026,16,0.0019029812538065016,False
2,LARGE_MAZE,2864,2864,4,5,7,5,beam_2,16,0.004823199938982725,3,0.0016077333129942417,True
2,LARGE_MAZE,2864,2864,4,5,7,5,beam_3,16,0.00459490017965436,3,0.0015316333932181199,True
2,LARGE_MAZE,2929,2929,5,1,3,2,greedy,16,0.005063700024038553,3,0.001687900008012851,True
2,LARGE_MAZE,2929,2929,5,1,3,2,beam_2,16,0.0060149000491946936,3,0.002004966683064898,True
2,LARGE_MAZE,2929,2929,5,1,3,2,beam_3,16,0.005604099947959185,3,0.0018680333159863949,True
2,LARGE_MAZE,2998,2998,5,2,7,3,greedy,16,0.029299499932676554,16,0.0018312187457922846,False
2,LARGE_MAZE,2998,2998,5,2,7,3,beam_2,16,0.005573599832132459,3,0.0018578666107108195,True
2,LARGE_MAZE,2998,2998,5,2,7,3,beam_3,16,0.0035683000460267067,3,0.0011894333486755688,True
2,LARGE_MAZE,3066,3066,5,4,3,5,greedy,16,0.0037992000579833984,3,0.0012664000193277996,True
2,LARGE_MAZE,3066,3066,5,4,3,5,beam_2,16,0.0037243999540805817,3,0.001241466651360194,True
2,LARGE_MAZE,3066,3066,5,4,3,5,beam_3,16,0.004178399918600917,3,0.0013927999728669722,True
2,LARGE_MAZE,3112,3112,5,5,3,6,greedy,16,0.0034266000147908926,3,0.0011422000049302976,True
2,LARGE_MAZE,3112,3112,5,5,3,6,beam_2,16,0.004161899909377098,3,0.001387299969792366,True
2,LARGE_MAZE,3112,3112,5,5,3,6,beam_3,16,0.003558600088581443,3,0.0011862000295271475,True
2,LARGE_MAZE,3206,3206,5,9,3,10,greedy,16,0.005045600002631545,3,0.0016818666675438483,True
2,LARGE_MAZE,3206,3206,5,9,3,10,beam_2,16,0.005822499981150031,3,0.0019408333270500104,True
2,LARGE_MAZE,3206,3206,5,9,3,10,beam_3,16,0.005786699941381812,3,0.001928899980460604,True
2,LARGE_MAZE,3300,3300,6,3,5,1,greedy,16,0.004981500096619129,3,0.0016605000322063763,True
2,LARGE_MAZE,3300,3300,6,3,5,1,beam_2,16,0.003882099874317646,3,0.0012940332914392154,True
2,LARGE_MAZE,3300,3300,6,3,5,1,beam_3,16,0.007744800066575408,3,0.0025816000221918025,True
2,LARGE_MAZE,3361,3361,6,5,7,7,greedy,16,0.006252199877053499,3,0.0020840666256844997,True
2,LARGE_MAZE,3361,3361,6,5,7,7,beam_2,16,0.006692999973893166,3,0.002230999991297722,True
2,LARGE_MAZE,3361,3361,6,5,7,7,beam_3,16,0.007101699942722917,3,0.002367233314240972,True
2,LARGE_MAZE,3571,3571,7,3,5,2,greedy,16,0.004655000055208802,3,0.0015516666850696008,True
2,LARGE_MAZE,3571,3571,7,3,5,2,beam_2,16,0.007734199985861778,3,0.002578066661953926,True
2,LARGE_MAZE,3571,3571,7,3,5,2,beam_3,16,0.007155100116506219,3,0.0023850333721687398,True
2,LARGE_MAZE,3664,3664,7,6,5,5,greedy,16,0.005754300160333514,3,0.0019181000534445047,True
2,LARGE_MAZE,3664,3664,7,6,5,5,beam_2,16,0.003849100088700652,3,0.0012830333629002173,True
2,LARGE_MAZE,3664,3664,7,6,5,5,beam_3,16,0.004782600095495582,3,0.0015942000318318605,True
2,LARGE_MAZE,1747,1747,1,1,1,5,greedy,16,0.005161199951544404,4,0.001290299987886101,True
2,LARGE_MAZE,1747,1747,1,1,1,5,beam_2,16,0.005224999971687794,4,0.0013062499929219484,True
2,LARGE_MAZE,1747,1747,1,1,1,5,beam_3,16,0.006204700097441673,4,0.0015511750243604183,True
2,LARGE_MAZE,1811,1811,1,2,4,1,greedy,16,0.005637099966406822,4,0.0014092749916017056,True
2,LARGE_MAZE,1811,1811,1,2,4,1,beam_2,16,0.004845000104978681,4,0.0012112500262446702,True
2,LARGE_MAZE,1811,1811,1,2,4,1,beam_3,16,0.007942999945953488,4,0.001985749986488372,True
2,LARGE_MAZE,1896,1896,1,4,3,6,greedy,16,0.008363100001588464,4,0.002090775000397116,True
2,LARGE_MAZE,1896,1896,1,4,3,6,beam_2,16,0.008847099961712956,4,0.002211774990428239,True
2,LARGE_MAZE,1896,1896,1,4,3,6,beam_3,16,0.00900110020302236,4,0.00225027505075559,True
2,LARGE_MAZE,1953,1953,1,5,5,5,greedy,16,0.004730199929326773,4,0.0011825499823316932,True
2,LARGE_MAZE,1953,1953,1,5,5,5,beam_2,16,0.00534130004234612,4,0.00133532501058653,True
2,LARGE_MAZE,1953,1953,1,5,5,5,beam_3,16,0.005289199994876981,4,0.0013222999987192452,True
2,LARGE_MAZE,2033,2033,1,8,3,8,greedy,16,0.027610900113359094,16,0.0017256812570849434,False
2,LARGE_MAZE,2033,2033,1,8,3,8,beam_2,16,0.031963499961420894,16,0.001997718747588806,False
2,LARGE_MAZE,2033,2033,1,8,3,8,beam_3,16,0.005011100089177489,4,0.0012527750222943723,True
2,LARGE_MAZE,2115,2115,1,10,2,7,greedy,16,0.00584769994020462,4,0.001461924985051155,True
2,LARGE_MAZE,2115,2115,1,10,2,7,beam_2,16,0.006343499990180135,4,0.0015858749975450337,True
2,LARGE_MAZE,2115,2115,1,10,2,7,beam_3,16,0.008432599948719144,4,0.002108149987179786,True
2,LARGE_MAZE,2175,2175,2,1,5,2,greedy,16,0.01508569996803999,12,0.0012571416640033324,True
2,LARGE_MAZE,2175,2175,2,1,5,2,beam_2,16,0.0050270999781787395,4,0.0012567749945446849,True
2,LARGE_MAZE,2175,2175,2,1,5,2,beam_3,16,0.007799800019711256,4,0.001949950004927814,True
2,LARGE_MAZE,2249,2249,2,5,2,3,greedy,16,0.013195000123232603,6,0.002199166687205434,True
2,LARGE_MAZE,2249,2249,2,5,2,3,beam_2,16,0.010200999910011888,4,0.002550249977502972,True
2,LARGE_MAZE,2249,2249,2,5,2,3,beam_3,16,0.007128100143745542,4,0.0017820250359363854,True
2,LARGE_MAZE,2292,2292,2,7,1,10,greedy,16,0.0052755000069737434,4,0.0013188750017434359,True
2,LARGE_MAZE,2292,2292,2,7,1,10,beam_2,16,0.007726500043645501,4,0.0019316250109113753,True
2,LARGE_MAZE,2292,2292,2,7,1,10,beam_3,16,0.008620199980214238,4,0.0021550499950535595,True
2,LARGE_MAZE,2347,2347,2,10,3,7,greedy,16,0.007764599984511733,4,0.0019411499961279333,True
2,LARGE_MAZE,2347,2347,2,10,3,7,beam_2,16,0.00832649995572865,4,0.0020816249889321625,True
2,LARGE_MAZE,2347,2347,2,10,3,7,beam_3,16,0.008989299880340695,4,0.002247324970085174,True
2,LARGE_MAZE,2422,2422,3,2,1,4,greedy,16,0.007945599965751171,4,0.0019863999914377928,True
2,LARGE_MAZE,2422,2422,3,2,1,4,beam_2,16,0.005716700106859207,4,0.0014291750267148018,True
2,LARGE_MAZE,2422,2422,3,2,1,4,beam_3,16,0.005568299908190966,4,0.0013920749770477414,True
2,LARGE_MAZE,2511,2511,3,5,1,3,greedy,16,0.005746799986809492,4,0.001436699996702373,True
2,LARGE_MAZE,2511,2511,3,5,1,3,beam_2,16,0.007064700126647949,4,0.0017661750316619873,True
2,LARGE_MAZE,2511,2511,3,5,1,3,beam_3,16,0.00916370004415512,4,0.00229092501103878,True
2,LARGE_MAZE,2557,2557,3,6,1,4,greedy,16,0.007590499939396977,4,0.0018976249848492444,True
2,LARGE_MAZE,2557,2557,3,6,1,4,beam_2,16,0.007975499844178557,4,0.0019938749610446393,True
2,LARGE_MAZE,2557,2557,3,6,1,4,beam_3,16,0.008715899894014001,4,0.0021789749735035002,True
2,LARGE_MAZE,2603,2603,3,7,1,5,greedy,16,0.007498499937355518,4,0.0018746249843388796,True
2,LARGE_MAZE,2603,2603,3,7,1,5,beam_2,16,0.005180499982088804,4,0.001295124995522201,True
2,LARGE_MAZE,2603,2603,3,7,1,5,beam_3,16,0.006256100023165345,4,0.0015640250057913363,True
2,LARGE_MAZE,2650,2650,3,8,1,8,greedy,16,0.02334730001166463,16,0.0014592062507290393,False
2,LARGE_MAZE,2650,2650,3,8,1,8,beam_2,16,0.00883940001949668,6,0.0014732333365827799,True
2,LARGE_MAZE,2650,2650,3,8,1,8,beam_3,16,0.008883300004526973,6,0.0014805500007544954,True
2,LARGE_MAZE,2694,2694,3,9,1,7,greedy,16,0.011572299990803003,6,0.0019287166651338339,True
2,LARGE_MAZE,2694,2694,3,9,1,7,beam_2,16,0.03981720004230738,16,0.002488575002644211,False
2,LARGE_MAZE,2694,2694,3,9,1,7,beam_3,16,0.009945200057700276,6,0.001657533342950046,True
2,LARGE_MAZE,2746,2746,3,10,2,7,greedy,16,0.007819199934601784,4,0.001954799983650446,True
2,LARGE_MAZE,2746,2746,3,10,2,7,beam_2,16,0.006240400020033121,4,0.0015601000050082803,True
2,LARGE_MAZE,2746,2746,3,10,2,7,beam_3,16,0.007030900102108717,4,0.0017577250255271792,True
2,LARGE_MAZE,2807,2807,4,1,5,4,greedy,16,0.006635100115090609,4,0.0016587750287726521,True
2,LARGE_MAZE,2807,2807,4,1,5,4,beam_2,16,0.007260599872097373,4,0.0018151499680243433,True
2,LARGE_MAZE,2807,2807,4,1,5,4,beam_3,16,0.005829600151628256,4,0.001457400037907064,True
2,LARGE_MAZE,2850,2850,4,5,5,2,greedy,16,0.028226400027051568,16,0.001764150001690723,False
2,LARGE_MAZE,2850,2850,4,5,5,2,beam_2,16,0.020486700115725398,12,0.001707225009643783,True
2,LARGE_MAZE,2850,2850,4,5,5,2,beam_3,16,0.00933089992031455,4,0.0023327249800786376,True
2,LARGE_MAZE,2912,2912,4,10,7,9,greedy,16,0.035996099933981895,16,0.0022497562458738685,False
2,LARGE_MAZE,2912,2912,4,10,7,9,beam_2,16,0.03478819993324578,16,0.002174262495827861,False
2,LARGE_MAZE,2912,2912,4,10,7,9,beam_3,16,0.008990399772301316,4,0.002247599943075329,True
2,LARGE_MAZE,2968,2968,5,2,2,1,greedy,16,0.00650559994392097,4,0.0016263999859802425,True
2,LARGE_MAZE,2968,2968,5,2,2,1,beam_2,16,0.007281600032001734,4,0.0018204000080004334,True
2,LARGE_MAZE,2968,2968,5,2,2,1,beam_3,16,0.006683400133624673,4,0.0016708500334061682,True
2,LARGE_MAZE,3018,3018,5,3,3,1,greedy,16,0.027863299939781427,12,0.0023219416616484523,True
2,LARGE_MAZE,3018,3018,5,3,3,1,beam_2,16,0.02646460011601448,12,0.002205383343001207,True
2,LARGE_MAZE,3018,3018,5,3,3,1,beam_3,16,0.006135200150310993,4,0.0015338000375777483,True
2,LARGE_MAZE,3067,3067,5,4,3,6,greedy,16,0.006560400128364563,4,0.0016401000320911407,True
2,LARGE_MAZE,3067,3067,5,4,3,6,beam_2,16,0.009171100100502372,4,0.002292775025125593,True
2,LARGE_MAZE,3067,3067,5,4,3,6,beam_3,16,0.009418300120159984,4,0.002354575030039996,True
2,LARGE_MAZE,3113,3113,5,5,3,7,greedy,16,0.007011000066995621,4,0.0017527500167489052,True
2,LARGE_MAZE,3113,3113,5,5,3,7,beam_2,16,0.00497530004940927,4,0.0012438250123523176,True
2,LARGE_MAZE,3113,3113,5,5,3,7,beam_3,16,0.005428500007838011,4,0.0013571250019595027,True
2,LARGE_MAZE,3197,3197,5,9,2,10,greedy,16,0.02467479999177158,16,0.0015421749994857237,False
2,LARGE_MAZE,3197,3197,5,9,2,10,beam_2,16,0.008899400010704994,4,0.0022248500026762486,True
2,LARGE_MAZE,3197,3197,5,9,2,10,beam_3,16,0.010093000018969178,4,0.0025232500047422945,True
2,LARGE_MAZE,3297,3297,6,3,4,1,greedy,16,0.00929099996574223,4,0.0023227499914355576,True
2,LARGE_MAZE,3297,3297,6,3,4,1,beam_2,16,0.008292399812489748,4,0.002073099953122437,True
2,LARGE_MAZE,3297,3297,6,3,4,1,beam_3,16,0.005338799906894565,4,0.0013346999767236412,True
2,LARGE_MAZE,3346,3346,6,5,5,2,greedy,16,0.008097600191831589,4,0.002024400047957897,True
2,LARGE_MAZE,3346,3346,6,5,5,2,beam_2,16,0.01007919991388917,4,0.0025197999784722924,True
2,LARGE_MAZE,3346,3346,6,5,5,2,beam_3,16,0.009369600098580122,4,0.0023424000246450305,True
2,LARGE_MAZE,3482,3482,7,1,5,3,greedy,16,0.004669800167903304,4,0.001167450041975826,True
2,LARGE_MAZE,3482,3482,7,1,5,3,beam_2,16,0.011538899969309568,4,0.002884724992327392,True
2,LARGE_MAZE,3482,3482,7,1,5,3,beam_3,16,0.009982899995520711,4,0.0024957249988801777,True
2,LARGE_MAZE,3606,3606,7,5,3,5,greedy,16,0.008013000013306737,4,0.0020032500033266842,True
2,LARGE_MAZE,3606,3606,7,5,3,5,beam_2,16,0.009275899967178702,4,0.0023189749917946756,True
2,LARGE_MAZE,3606,3606,7,5,3,5,beam_3,16,0.009377599926665425,4,0.0023443999816663563,True
2,LARGE_MAZE,3709,3709,7,7,5,5,greedy,16,0.0081430000718683,4,0.002035750017967075,True
2,LARGE_MAZE,3709,3709,7,7,5,5,beam_2,16,0.008693400071933866,4,0.0021733500179834664,True
2,LARGE_MAZE,3709,3709,7,7,5,5,beam_3,16,0.014637300046160817,4,0.0036593250115402043,True
2,LARGE_MAZE,1805,1805,1,2,3,5,greedy,16,0.01216110005043447,5,0.002432220010086894,True
2,LARGE_MAZE,1805,1805,1,2,3,5,beam_2,16,0.008595000021159649,5,0.0017190000042319297,True
2,LARGE_MAZE,1805,1805,1,2,3,5,beam_3,16,0.009400000097230077,5,0.0018800000194460153,True
2,LARGE_MAZE,1892,1892,1,4,3,1,greedy,16,0.016591000137850642,11,0.0015082727398046038,True
2,LARGE_MAZE,1892,1892,1,4,3,1,beam_2,16,0.021680999780073762,11,0.0019709999800067057,True
2,LARGE_MAZE,1892,1892,1,4,3,1,beam_3,16,0.007611699867993593,5,0.0015223399735987187,True
2,LARGE_MAZE,1938,1938,1,5,3,2,greedy,16,0.028770599979907274,16,0.0017981624987442046,False
2,LARGE_MAZE,1938,1938,1,5,3,2,beam_2,16,0.020801100181415677,11,0.0018910091074014251,True
2,LARGE_MAZE,1938,1938,1,5,3,2,beam_3,16,0.020668999990448356,11,0.0018789999991316688,True
2,LARGE_MAZE,1990,1990,1,7,3,10,greedy,16,0.010531999869272113,5,0.0021063999738544226,True
2,LARGE_MAZE,1990,1990,1,7,3,10,beam_2,16,0.009271000046283007,5,0.0018542000092566014,True
2,LARGE_MAZE,1990,1990,1,7,3,10,beam_3,16,0.008279699832201004,5,0.0016559399664402008,True
2,LARGE_MAZE,2076,2076,1,9,3,6,greedy,16,0.00647630007006228,5,0.001295260014012456,True
2,LARGE_MAZE,2076,2076,1,9,3,6,beam_2,16,0.00865560001693666,5,0.001731120003387332,True
2,LARGE_MAZE,2076,2076,1,9,3,6,beam_3,16,0.010750300018116832,5,0.0021500600036233664,True
2,LARGE_MAZE,2153,2153,2,1,1,5,greedy,16,0.009862600127235055,5,0.001972520025447011,True
2,LARGE_MAZE,2153,2153,2,1,1,5,beam_2,16,0.006708600092679262,5,0.0013417200185358523,True
2,LARGE_MAZE,2153,2153,2,1,1,5,beam_3,16,0.006664899876341224,5,0.0013329799752682448,True
2,LARGE_MAZE,2244,2244,2,5,1,7,greedy,16,0.019765399862080812,16,0.0012353374913800508,False
2,LARGE_MAZE,2244,2244,2,5,1,7,beam_2,16,0.005941800074651837,5,0.0011883600149303676,True
2,LARGE_MAZE,2244,2244,2,5,1,7,beam_3,16,0.00847309990786016,5,0.001694619981572032,True
2,LARGE_MAZE,2288,2288,2,7,1,5,greedy,16,0.006890699965879321,5,0.0013781399931758643,True
2,LARGE_MAZE,2288,2288,2,7,1,5,beam_2,16,0.006916300160810351,5,0.0013832600321620702,True
2,LARGE_MAZE,2288,2288,2,7,1,5,beam_3,16,0.00916560017503798,5,0.001833120035007596,True
2,LARGE_MAZE,2346,2346,2,10,3,6,greedy,16,0.009388100123032928,5,0.0018776200246065854,True
2,LARGE_MAZE,2346,2346,2,10,3,6,beam_2,16,0.010942300083115697,5,0.002188460016623139,True
2,LARGE_MAZE,2346,2346,2,10,3,6,beam_3,16,0.010956699959933758,5,0.0021913399919867515,True
2,LARGE_MAZE,2423,2423,3,2,1,5,greedy,16,0.010181100107729435,5,0.002036220021545887,True
2,LARGE_MAZE,2423,2423,3,2,1,5,beam_2,16,0.007871499983593822,5,0.0015742999967187643,True
2,LARGE_MAZE,2423,2423,3,2,1,5,beam_3,16,0.006759099895134568,5,0.0013518199790269136,True
2,LARGE_MAZE,2515,2515,3,5,1,8,greedy,16,0.030382900033146143,16,0.001898931252071634,False
2,LARGE_MAZE,2515,2515,3,5,1,8,beam_2,16,0.009724900126457214,5,0.0019449800252914428,True
2,LARGE_MAZE,2515,2515,3,5,1,8,beam_3,16,0.010453599970787764,5,0.0020907199941575527,True
2,LARGE_MAZE,2550,2550,3,5,7,6,greedy,16,0.023351999931037426,16,0.0014594999956898391,False
2,LARGE_MAZE,2550,2550,3,5,7,6,beam_2,16,0.010430000023916364,5,0.002086000004783273,True
2,LARGE_MAZE,2550,2550,3,5,7,6,beam_3,16,0.011656200047582388,5,0.0023312400095164775,True
2,LARGE_MAZE,2581,2581,3,6,5,3,greedy,16,0.009107199963182211,5,0.0018214399926364422,True
2,LARGE_MAZE,2581,2581,3,6,5,3,beam_2,16,0.01031660009175539,5,0.002063320018351078,True
2,LARGE_MAZE,2581,2581,3,6,5,3,beam_3,16,0.011538999853655696,5,0.0023077999707311393,True
2,LARGE_MAZE,2631,2631,3,7,5,10,greedy,16,0.006201799958944321,5,0.001240359991788864,True
2,LARGE_MAZE,2631,2631,3,7,5,10,beam_2,16,0.006627399940043688,5,0.0013254799880087376,True
2,LARGE_MAZE,2631,2631,3,7,5,10,beam_3,16,0.009135100059211254,5,0.0018270200118422509,True
2,LARGE_MAZE,2675,2675,3,8,5,9,greedy,16,0.009343199897557497,5,0.0018686399795114993,True
2,LARGE_MAZE,2675,2675,3,8,5,9,beam_2,16,0.010340699926018715,5,0.002068139985203743,True
2,LARGE_MAZE,2675,2675,3,8,5,9,beam_3,16,0.0072997999377548695,5,0.001459959987550974,True
2,LARGE_MAZE,2739,2739,3,10,1,7,greedy,16,0.022999400040134788,16,0.0014374625025084242,False
2,LARGE_MAZE,2739,2739,3,10,1,7,beam_2,16,0.006711099995300174,5,0.0013422199990600348,True
2,LARGE_MAZE,2739,2739,3,10,1,7,beam_3,16,0.007112700026482344,5,0.0014225400052964687,True
2,LARGE_MAZE,2818,2818,4,1,7,3,greedy,16,0.0062605999410152435,5,0.0012521199882030488,True
2,LARGE_MAZE,2818,2818,4,1,7,3,beam_2,16,0.007444099988788366,5,0.0014888199977576733,True
2,LARGE_MAZE,2818,2818,4,1,7,3,beam_3,16,0.011119399918243289,5,0.002223879983648658,True
2,LARGE_MAZE,2863,2863,4,5,7,3,greedy,16,0.024459500098600984,15,0.0016306333399067321,True
2,LARGE_MAZE,2863,2863,4,5,7,3,beam_2,16,0.0314841999206692,15,0.0020989466613779467,True
2,LARGE_MAZE,2863,2863,4,5,7,3,beam_3,16,0.009106799960136414,5,0.0018213599920272826,True
2,LARGE_MAZE,2913,2913,4,10,7,10,greedy,16,0.019530100049450994,16,0.001220631253090687,False
2,LARGE_MAZE,2913,2913,4,10,7,10,beam_2,16,0.030395299894735217,16,0.001899706243420951,False
2,LARGE_MAZE,2913,2913,4,10,7,10,beam_3,16,0.011228600051254034,5,0.002245720010250807,True
2,LARGE_MAZE,2952,2952,5,1,7,2,greedy,16,0.030857800040394068,16,0.0019286125025246292,False
2,LARGE_MAZE,2952,2952,5,1,7,2,beam_2,16,0.007488299859687686,5,0.001497659971937537,True
2,LARGE_MAZE,2952,2952,5,1,7,2,beam_3,16,0.006959300022572279,5,0.0013918600045144558,True
2,LARGE_MAZE,2999,2999,5,2,7,5,greedy,16,0.006444999948143959,5,0.0012889999896287918,True
2,LARGE_MAZE,2999,2999,5,2,7,5,beam_2,16,0.010355499805882573,5,0.0020710999611765145,True
2,LARGE_MAZE,2999,2999,5,2,7,5,beam_3,16,0.010346899973228574,5,0.002069379994645715,True
2,LARGE_MAZE,3045,3045,5,3,7,6,greedy,16,0.008314500097185373,5,0.0016629000194370747,True
2,LARGE_MAZE,3045,3045,5,3,7,6,beam_2,16,0.007202999899163842,5,0.0014405999798327684,True
2,LARGE_MAZE,3045,3045,5,3,7,6,beam_3,16,0.007800700142979622,5,0.0015601400285959245,True
2,LARGE_MAZE,3091,3091,5,4,7,7,greedy,16,0.007748099975287914,5,0.001549619995057583,True
2,LARGE_MAZE,3091,3091,5,4,7,7,beam_2,16,0.010080199921503663,5,0.002016039984300733,True
2,LARGE_MAZE,3091,3091,5,4,7,7,beam_3,16,0.01094900001771748,5,0.0021898000035434962,True
2,LARGE_MAZE,3129,3129,5,5,6,7,greedy,16,0.009493599878624082,5,0.0018987199757248164,True
2,LARGE_MAZE,3129,3129,5,5,6,7,beam_2,16,0.009771999903023243,5,0.0019543999806046486,True
2,LARGE_MAZE,3129,3129,5,5,6,7,beam_3,16,0.007944999961182475,5,0.001588999992236495,True
2,LARGE_MAZE,3236,3236,5,10,1,9,greedy,16,0.009042900055646896,5,0.0018085800111293793,True
2,LARGE_MAZE,3236,3236,5,10,1,9,beam_2,16,0.009527900023385882,5,0.0019055800046771764,True
2,LARGE_MAZE,3236,3236,5,10,1,9,beam_3,16,0.010216700145974755,5,0.002043340029194951,True
2,LARGE_MAZE,3323,3323,6,5,1,5,greedy,16,0.030633100075647235,16,0.0019145687547279522,False
2,LARGE_MAZE,3323,3323,6,5,1,5,beam_2,16,0.010032100137323141,5,0.0020064200274646283,True
2,LARGE_MAZE,3323,3323,6,5,1,5,beam_3,16,0.012503700098022819,5,0.0025007400196045636,True
2,LARGE_MAZE,3394,3394,6,7,5,5,greedy,16,0.009506399976089597,5,0.0019012799952179194,True
2,LARGE_MAZE,3394,3394,6,7,5,5,beam_2,16,0.009749599965289235,5,0.001949919993057847,True
2,LARGE_MAZE,3394,3394,6,7,5,5,beam_3,16,0.010727799963206053,5,0.0021455599926412106,True
2,LARGE_MAZE,3525,3525,7,2,5,1,greedy,16,0.009757600026205182,5,0.0019515200052410363,True
2,LARGE_MAZE,3525,3525,7,2,5,1,beam_2,16,0.016857100185006857,5,0.0033714200370013716,True
2,LARGE_MAZE,3525,3525,7,2,5,1,beam_3,16,0.015187400160357356,5,0.0030374800320714713,True
2,LARGE_MAZE,3600,3600,7,5,2,5,greedy,16,0.03158940002322197,16,0.001974337501451373,False
2,LARGE_MAZE,3600,3600,7,5,2,5,beam_2,16,0.011271500028669834,5,0.002254300005733967,True
2,LARGE_MAZE,3600,3600,7,5,2,5,beam_3,16,0.006627100054174662,5,0.0013254200108349322,True
2,LARGE_MAZE,3662,3662,7,6,5,3,greedy,16,0.006057299906387925,5,0.001211459981277585,True
2,LARGE_MAZE,3662,3662,7,6,5,3,beam_2,16,0.011229299940168858,5,0.0022458599880337713,True
2,LARGE_MAZE,3662,3662,7,6,5,3,beam_3,16,0.009407700039446354,5,0.0018815400078892707,True
2,LARGE_MAZE,1760,1760,1,1,3,5,greedy,16,0.008290500147268176,6,0.001381750024544696,True
2,LARGE_MAZE,1760,1760,1,1,3,5,beam_2,16,0.009779599960893393,6,0.0016299333268155654,True
2,LARGE_MAZE,1760,1760,1,1,3,5,beam_3,16,0.014578300062566996,6,0.002429716677094499,True
2,LARGE_MAZE,1852,1852,1,3,3,7,greedy,16,0.011275199940428138,6,0.0018791999900713563,True
2,LARGE_MAZE,1852,1852,1,3,3,7,beam_2,16,0.012809900101274252,6,0.002134983350212375,True
2,LARGE_MAZE,1852,1852,1,3,3,7,beam_3,16,0.013246200047433376,6,0.002207700007905563,True
2,LARGE_MAZE,1901,1901,1,4,4,1,greedy,16,0.020256400108337402,10,0.00202564001083374,True
2,LARGE_MAZE,1901,1901,1,4,4,1,beam_2,16,0.02385349990800023,10,0.002385349990800023,True
2,LARGE_MAZE,1901,1901,1,4,4,1,beam_3,16,0.011818400118499994,6,0.0019697333530833325,True
2,LARGE_MAZE,1944,1944,1,5,3,9,greedy,16,0.007970300037413836,6,0.0013283833395689726,True
2,LARGE_MAZE,1944,1944,1,5,3,9,beam_2,16,0.00779350008815527,6,0.0012989166813592117,True
2,LARGE_MAZE,1944,1944,1,5,3,9,beam_3,16,0.011873400071635842,6,0.001978900011939307,True
2,LARGE_MAZE,1998,1998,1,7,5,5,greedy,16,0.012190900044515729,6,0.0020318166740859547,True
2,LARGE_MAZE,1998,1998,1,7,5,5,beam_2,16,0.0129700000397861,6,0.0021616666732976833,True
2,LARGE_MAZE,1998,1998,1,7,5,5,beam_3,16,0.008213300025090575,6,0.001368883337515096,True
2,LARGE_MAZE,2090,2090,1,9,5,9,greedy,16,0.0075436001643538475,6,0.0012572666940589745,True
2,LARGE_MAZE,2090,2090,1,9,5,9,beam_2,16,0.007163800066336989,6,0.0011939666777228315,True
2,LARGE_MAZE,2090,2090,1,9,5,9,beam_3,16,0.008005599956959486,6,0.0013342666594932477,True
2,LARGE_MAZE,2182,2182,2,1,6,3,greedy,16,0.028795499820262194,16,0.001799718738766387,False
2,LARGE_MAZE,2182,2182,2,1,6,3,beam_2,16,0.011754499981179833,6,0.001959083330196639,True
2,LARGE_MAZE,2182,2182,2,1,6,3,beam_3,16,0.013634599978104234,6,0.002272433329684039,True
2,LARGE_MAZE,2248,2248,2,5,2,1,greedy,16,0.011537999846041203,10,0.0011537999846041203,True
2,LARGE_MAZE,2248,2248,2,5,2,1,beam_2,16,0.007897600065916777,6,0.001316266677652796,True
2,LARGE_MAZE,2248,2248,2,5,2,1,beam_3,16,0.00849699997343123,6,0.0014161666622385383,True
2,LARGE_MAZE,2280,2280,2,5,7,6,greedy,16,0.006939399987459183,6,0.0011565666645765305,True
2,LARGE_MAZE,2280,2280,2,5,7,6,beam_2,16,0.012060699984431267,6,0.002010116664071878,True
2,LARGE_MAZE,2280,2280,2,5,7,6,beam_3,16,0.012494100024923682,6,0.002082350004153947,True
2,LARGE_MAZE,2345,2345,2,10,3,5,greedy,16,0.011669599916785955,6,0.001944933319464326,True
2,LARGE_MAZE,2345,2345,2,10,3,5,beam_2,16,0.011639599921181798,6,0.0019399333201969664,True
2,LARGE_MAZE,2345,2345,2,10,3,5,beam_3,16,0.00849969987757504,6,0.0014166166462625067,True
2,LARGE_MAZE,2430,2430,3,2,2,5,greedy,16,0.01036980003118515,6,0.001728300005197525,True
2,LARGE_MAZE,2430,2430,3,2,2,5,beam_2,16,0.011935800081118941,6,0.0019893000135198236,True
2,LARGE_MAZE,2430,2430,3,2,2,5,beam_3,16,0.0081582001876086,6,0.0013597000312681,True
2,LARGE_MAZE,2509,2509,3,5,1,1,greedy,16,0.012145600048825145,10,0.0012145600048825145,True
2,LARGE_MAZE,2509,2509,3,5,1,1,beam_2,16,0.019789899932220578,10,0.001978989993222058,True
2,LARGE_MAZE,2509,2509,3,5,1,1,beam_3,16,0.01244700001552701,6,0.002074500002587835,True
2,LARGE_MAZE,2534,2534,3,5,5,1,greedy,16,0.011244199937209487,6,0.0018740333228682478,True
2,LARGE_MAZE,2534,2534,3,5,5,1,beam_2,16,0.012235799804329872,6,0.002039299967388312,True
2,LARGE_MAZE,2534,2534,3,5,5,1,beam_3,16,0.012988199945539236,6,0.002164699990923206,True
2,LARGE_MAZE,2564,2564,3,6,2,3,greedy,16,0.011664099991321564,6,0.0019440166652202606,True
2,LARGE_MAZE,2564,2564,3,6,2,3,beam_2,16,0.012851599836722016,6,0.002141933306120336,True
2,LARGE_MAZE,2564,2564,3,6,2,3,beam_3,16,0.012258500093594193,6,0.0020430833489323654,True
2,LARGE_MAZE,2601,2601,3,7,1,3,greedy,16,0.00980959995649755,6,0.001634933326082925,True
2,LARGE_MAZE,2601,2601,3,7,1,3,beam_2,16,0.012653600191697478,6,0.002108933365282913,True
2,LARGE_MAZE,2601,2601,3,7,1,3,beam_3,16,0.012686800211668015,6,0.0021144667019446692,True
2,LARGE_MAZE,2672,2672,3,8,5,4,greedy,16,0.011437800014391541,6,0.0019063000023985903,True
2,LARGE_MAZE,2672,2672,3,8,5,4,beam_2,16,0.008942300220951438,6,0.001490383370158573,True
2,LARGE_MAZE,2672,2672,3,8,5,4,beam_3,16,0.01259070006199181,6,0.0020984500103319683,True
2,LARGE_MAZE,2732,2732,3,9,7,9,greedy,16,0.010971100069582462,6,0.0018285166782637436,True
2,LARGE_MAZE,2732,2732,3,9,7,9,beam_2,16,0.009794000070542097,6,0.0016323333450903494,True
2,LARGE_MAZE,2732,2732,3,9,7,9,beam_3,16,0.008463099831715226,6,0.0014105166386192043,True
2,LARGE_MAZE,2802,2802,4,1,4,5,greedy,16,0.023062099935486913,16,0.001441381245967932,False
2,LARGE_MAZE,2802,2802,4,1,4,5,beam_2,16,0.008574799867346883,6,0.0014291333112244804,True
2,LARGE_MAZE,2802,2802,4,1,4,5,beam_3,16,0.00809870008379221,6,0.0013497833472987015,True
2,LARGE_MAZE,2834,2834,4,5,2,3,greedy,16,0.00813540001399815,6,0.0013559000023330252,True
2,LARGE_MAZE,2834,2834,4,5,2,3,beam_2,16,0.012340700021013618,6,0.0020567833368356028,True
2,LARGE_MAZE,2834,2834,4,5,2,3,beam_3,16,0.01331080007366836,6,0.002218466678944727,True
2,LARGE_MAZE,2874,2874,4,10,1,7,greedy,16,0.027918600011616945,16,0.001744912500726059,False
2,LARGE_MAZE,2874,2874,4,10,1,7,beam_2,16,0.008152900030836463,6,0.0013588166718060772,True
2,LARGE_MAZE,2874,2874,4,10,1,7,beam_3,16,0.007751599885523319,6,0.0012919333142538865,True
2,LARGE_MAZE,2954,2954,5,1,7,5,greedy,16,0.007435500156134367,6,0.0012392500260223944,True
2,LARGE_MAZE,2954,2954,5,1,7,5,beam_2,16,0.007454599952325225,6,0.0012424333253875375,True
2,LARGE_MAZE,2954,2954,5,1,7,5,beam_3,16,0.012600099900737405,6,0.002100016650122901,True
2,LARGE_MAZE,3000,3000,5,2,7,6,greedy,16,0.008547200122848153,6,0.0014245333538080256,True
2,LARGE_MAZE,3000,3000,5,2,7,6,beam_2,16,0.012040599947795272,6,0.0020067666579658785,True
2,LARGE_MAZE,3000,3000,5,2,7,6,beam_3,16,0.012752000009641051,6,0.002125333334940175,True
2,LARGE_MAZE,3046,3046,5,3,7,7,greedy,16,0.011311100097373128,6,0.001885183349562188,True
2,LARGE_MAZE,3046,3046,5,3,7,7,beam_2,16,0.010031800018623471,6,0.0016719666697705786,True
2,LARGE_MAZE,3046,3046,5,3,7,7,beam_3,16,0.011783899972215295,6,0.001963983328702549,True
2,LARGE_MAZE,3069,3069,5,4,3,8,greedy,16,0.010790300089865923,6,0.0017983833483109872,True
2,LARGE_MAZE,3069,3069,5,4,3,8,beam_2,16,0.012025400064885616,6,0.0020042333441476026,True
2,LARGE_MAZE,3069,3069,5,4,3,8,beam_3,16,0.013510999968275428,6,0.0022518333280459046,True
2,LARGE_MAZE,3115,3115,5,5,3,9,greedy,16,0.012528900057077408,6,0.0020881500095129013,True
2,LARGE_MAZE,3115,3115,5,5,3,9,beam_2,16,0.009469900047406554,6,0.001578316674567759,True
2,LARGE_MAZE,3115,3115,5,5,3,9,beam_3,16,0.010131899965927005,6,0.0016886499943211675,True
2,LARGE_MAZE,3203,3203,5,9,3,7,greedy,16,0.01228679995983839,6,0.0020477999933063984,True
2,LARGE_MAZE,3203,3203,5,9,3,7,beam_2,16,0.011415800079703331,6,0.0019026333466172218,True
2,LARGE_MAZE,3203,3203,5,9,3,7,beam_3,16,0.014861400006338954,6,0.0024769000010564923,True
2,LARGE_MAZE,3285,3285,6,3,2,5,greedy,16,0.028656499926000834,16,0.001791031245375052,False
2,LARGE_MAZE,3285,3285,6,3,2,5,beam_2,16,0.007983400020748377,6,0.0013305666701247294,True
2,LARGE_MAZE,3285,3285,6,3,2,5,beam_3,16,0.011219699867069721,6,0.0018699499778449535,True
2,LARGE_MAZE,3331,3331,6,5,2,7,greedy,16,0.006775600137189031,6,0.001129266689531505,True
2,LARGE_MAZE,3331,3331,6,5,2,7,beam_2,16,0.00801529991440475,6,0.0013358833190674584,True
2,LARGE_MAZE,3331,3331,6,5,2,7,beam_3,16,0.013177900109440088,6,0.0021963166849066815,True
2,LARGE_MAZE,3393,3393,6,7,5,4,greedy,16,0.007495800033211708,6,0.0012493000055352848,True
2,LARGE_MAZE,3393,3393,6,7,5,4,beam_2,16,0.007965700002387166,6,0.0013276166670645277,True
2,LARGE_MAZE,3393,3393,6,7,5,4,beam_3,16,0.009253300027921796,6,0.0015422166713202994,True
2,LARGE_MAZE,3522,3522,7,2,4,1,greedy,16,0.010820799972862005,6,0.0018034666621436675,True
2,LARGE_MAZE,3522,3522,7,2,4,1,beam_2,16,0.0124719999730587,6,0.0020786666621764502,True
2,LARGE_MAZE,3522,3522,7,2,4,1,beam_3,16,0.012577200075611472,6,0.002096200012601912,True
2,LARGE_MAZE,3584,3584,7,3,7,5,greedy,16,0.011477200081571937,6,0.0019128666802619894,True
2,LARGE_MAZE,3584,3584,7,3,7,5,beam_2,16,0.010397400008514524,6,0.0017329000014190872,True
2,LARGE_MAZE,3584,3584,7,3,7,5,beam_3,16,0.009395400062203407,6,0.0015659000103672345,True
2,LARGE_MAZE,3645,3645,7,6,2,5,greedy,16,0.03198029985651374,16,0.0019987687410321087,False
2,LARGE_MAZE,3645,3645,7,6,2,5,beam_2,16,0.01205630018375814,6,0.00200938336395969,True
2,LARGE_MAZE,3645,3645,7,6,2,5,beam_3,16,0.014066600007936358,6,0.0023444333346560597,True
2,LARGE_MAZE,3707,3707,7,7,5,3,greedy,16,0.011918799951672554,6,0.0019864666586120925,True
2,LARGE_MAZE,3707,3707,7,7,5,3,beam_2,16,0.00678750011138618,6,0.0011312500185643632,True
2,LARGE_MAZE,3707,3707,7,7,5,3,beam_3,16,0.007393500069156289,6,0.0012322500115260482,True
2,LARGE_MAZE,1767,1767,1,1,4,5,greedy,16,0.012809099862352014,7,0.0018298714089074305,True
2,LARGE_MAZE,1767,1767,1,1,4,5,beam_2,16,0.014174600131809711,7,0.002024942875972816,True
2,LARGE_MAZE,1767,1767,1,1,4,5,beam_3,16,0.015020499937236309,7,0.002145785705319473,True
2,LARGE_MAZE,1818,1818,1,2,5,5,greedy,16,0.012748799985274673,7,0.0018212571407535247,True
2,LARGE_MAZE,1818,1818,1,2,5,5,beam_2,16,0.014620099915191531,7,0.0020885857021702187,True
2,LARGE_MAZE,1818,1818,1,2,5,5,beam_3,16,0.011622600024566054,7,0.001660371432080865,True
2,LARGE_MAZE,1868,1868,1,3,6,5,greedy,16,0.008570499951019883,7,0.0012243571358599833,True
2,LARGE_MAZE,1868,1868,1,3,6,5,beam_2,16,0.009327299892902374,7,0.0013324714132717677,True
2,LARGE_MAZE,1868,1868,1,3,6,5,beam_3,16,0.010086100082844496,7,0.0014408714404063566,True
2,LARGE_MAZE,1919,1919,1,4,7,5,greedy,16,0.008400699822232127,7,0.0012000999746045896,True
2,LARGE_MAZE,1919,1919,1,4,7,5,beam_2,16,0.00887309992685914,7,0.00126758570383702,True
2,LARGE_MAZE,1919,1919,1,4,7,5,beam_3,16,0.009912400040775537,7,0.0014160571486822196,True
2,LARGE_MAZE,1957,1957,1,5,6,3,greedy,16,0.013421999989077449,7,0.001917428569868207,True
2,LARGE_MAZE,1957,1957,1,5,6,3,beam_2,16,0.013639000011608005,7,0.0019484285730868578,True
2,LARGE_MAZE,1957,1957,1,5,6,3,beam_3,16,0.014818600146099925,7,0.002116942878014275,True
2,LARGE_MAZE,2003,2003,1,7,6,5,greedy,16,0.018778600031509995,16,0.0011736625019693747,False
2,LARGE_MAZE,2003,2003,1,7,6,5,beam_2,16,0.008861500071361661,7,0.0012659285816230945,True
2,LARGE_MAZE,2003,2003,1,7,6,5,beam_3,16,0.010212399996817112,7,0.0014589142852595874,True
2,LARGE_MAZE,2082,2082,1,9,4,5,greedy,16,0.009241299936547875,7,0.001320185705221125,True
2,LARGE_MAZE,2082,2082,1,9,4,5,beam_2,16,0.014032999984920025,7,0.0020047142835600035,True
2,LARGE_MAZE,2082,2082,1,9,4,5,beam_3,16,0.012944400077685714,7,0.0018492000110979592,True
2,LARGE_MAZE,2178,2178,2,1,5,5,greedy,16,0.0108173000626266,9,0.0012019222291807334,True
2,LARGE_MAZE,2178,2178,2,1,5,5,beam_2,16,0.009374500019475818,7,0.0013392142884965455,True
2,LARGE_MAZE,2178,2178,2,1,5,5,beam_3,16,0.009740299778059125,7,0.0013914713968655892,True
2,LARGE_MAZE,2246,2246,2,5,1,9,greedy,16,0.01497739995829761,13,0.0011521076890998161,True
2,LARGE_MAZE,2246,2246,2,5,1,9,beam_2,16,0.014598499983549118,7,0.002085499997649874,True
2,LARGE_MAZE,2246,2246,2,5,1,9,beam_3,16,0.015522999921813607,7,0.002217571417401944,True
2,LARGE_MAZE,2278,2278,2,5,7,3,greedy,16,0.030458600027486682,16,0.0019036625017179176,False
2,LARGE_MAZE,2278,2278,2,5,7,3,beam_2,16,0.011664999881759286,7,0.0016664285545370408,True
2,LARGE_MAZE,2278,2278,2,5,7,3,beam_3,16,0.010362599976360798,7,0.0014803714251943997,True
2,LARGE_MAZE,2324,2324,2,7,7,5,greedy,16,0.008489300031214952,7,0.0012127571473164217,True
2,LARGE_MAZE,2324,2324,2,7,7,5,beam_2,16,0.009591200156137347,7,0.001370171450876764,True
2,LARGE_MAZE,2324,2324,2,7,7,5,beam_3,16,0.00912069994956255,7,0.0013029571356517927,True
2,LARGE_MAZE,2397,2397,3,1,4,5,greedy,16,0.02492789993993938,16,0.0015579937462462112,False
2,LARGE_MAZE,2397,2397,3,1,4,5,beam_2,16,0.03462580009363592,16,0.002164112505852245,False
2,LARGE_MAZE,2397,2397,3,1,4,5,beam_3,16,0.016081300098448992,9,0.001786811122049888,True
2,LARGE_MAZE,2458,2458,3,2,7,3,greedy,16,0.008684299886226654,7,0.0012406142694609506,True
2,LARGE_MAZE,2458,2458,3,2,7,3,beam_2,16,0.009091699961572886,7,0.001298814280224698,True
2,LARGE_MAZE,2458,2458,3,2,7,3,beam_3,16,0.013160400092601776,7,0.001880057156085968,True
2,LARGE_MAZE,2517,2517,3,5,1,10,greedy,16,0.012403900036588311,7,0.001771985719512616,True
2,LARGE_MAZE,2517,2517,3,5,1,10,beam_2,16,0.014327799901366234,7,0.0020468285573380335,True
2,LARGE_MAZE,2517,2517,3,5,1,10,beam_3,16,0.014544700039550662,7,0.0020778142913643804,True
2,LARGE_MAZE,2544,2544,3,5,6,7,greedy,16,0.01132959988899529,7,0.00161851426985647,True
2,LARGE_MAZE,2544,2544,3,5,6,7,beam_2,16,0.009907800005748868,7,0.001415400000821267,True
2,LARGE_MAZE,2544,2544,3,5,6,7,beam_3,16,0.010409600101411343,7,0.001487085728773049,True
2,LARGE_MAZE,2585,2585,3,6,5,9,greedy,16,0.021869600052013993,16,0.0013668500032508746,False
2,LARGE_MAZE,2585,2585,3,6,5,9,beam_2,16,0.015638699987903237,7,0.002234099998271891,True
2,LARGE_MAZE,2585,2585,3,6,5,9,beam_3,16,0.015069900080561638,7,0.0021528428686516626,True
2,LARGE_MAZE,2625,2625,3,7,5,2,greedy,16,0.03181459987536073,16,0.0019884124922100455,False
2,LARGE_MAZE,2625,2625,3,7,5,2,beam_2,16,0.03775699995458126,16,0.002359812497161329,False
2,LARGE_MAZE,2625,2625,3,7,5,2,beam_3,16,0.01854550000280142,7,0.0026493571432573454,True
2,LARGE_MAZE,2671,2671,3,8,5,3,greedy,16,0.01414350001141429,7,0.002020500001630613,True
2,LARGE_MAZE,2671,2671,3,8,5,3,beam_2,16,0.010359799955040216,7,0.0014799714221486024,True
2,LARGE_MAZE,2671,2671,3,8,5,3,beam_3,16,0.009858000092208385,7,0.0014082857274583408,True
2,LARGE_MAZE,2723,2723,3,9,6,5,greedy,16,0.009546299930661917,7,0.0013637571329517023,True
2,LARGE_MAZE,2723,2723,3,9,6,5,beam_2,16,0.008895199978724122,7,0.001270742854103446,True
2,LARGE_MAZE,2723,2723,3,9,6,5,beam_3,16,0.009859699988737702,7,0.0014085285698196717,True
2,LARGE_MAZE,2796,2796,4,1,3,5,greedy,16,0.009971600025892258,7,0.0014245142894131796,True
2,LARGE_MAZE,2796,2796,4,1,3,5,beam_2,16,0.01123489998281002,7,0.0016049857118300029,True
2,LARGE_MAZE,2796,2796,4,1,3,5,beam_3,16,0.015402799937874079,7,0.0022003999911248684,True
2,LARGE_MAZE,2837,2837,4,5,2,10,greedy,16,0.012557700043544173,7,0.001793957149077739,True
2,LARGE_MAZE,2837,2837,4,5,2,10,beam_2,16,0.013913200004026294,7,0.001987600000575185,True
2,LARGE_MAZE,2837,2837,4,5,2,10,beam_3,16,0.016246899962425232,7,0.0023209857089178903,True
2,LARGE_MAZE,2861,2861,4,5,7,1,greedy,16,0.026148099917918444,16,0.0016342562448699027,False
2,LARGE_MAZE,2861,2861,4,5,7,1,beam_2,16,0.009130900027230382,7,0.0013044142896043403,True
2,LARGE_MAZE,2861,2861,4,5,7,1,beam_3,16,0.013944899896159768,7,0.0019921285565942526,True
2,LARGE_MAZE,2932,2932,5,1,3,6,greedy,16,0.008407500106841326,7,0.0012010714438344752,True
2,LARGE_MAZE,2932,2932,5,1,3,6,beam_2,16,0.0116393999196589,7,0.0016627714170941285,True
2,LARGE_MAZE,2932,2932,5,1,3,6,beam_3,16,0.015231200028210878,7,0.0021758857183158398,True
2,LARGE_MAZE,3001,3001,5,2,7,7,greedy,16,0.013707899954169989,7,0.001958271422024284,True
2,LARGE_MAZE,3001,3001,5,2,7,7,beam_2,16,0.014404800022020936,7,0.0020578285745744196,True
2,LARGE_MAZE,3001,3001,5,2,7,7,beam_3,16,0.01549299992620945,7,0.002213285703744207,True
2,LARGE_MAZE,3024,3024,5,3,3,8,greedy,16,0.011883000144734979,7,0.0016975714492478541,True
2,LARGE_MAZE,3024,3024,5,3,3,8,beam_2,16,0.011513799894601107,7,0.0016448285563715867,True
2,LARGE_MAZE,3024,3024,5,3,3,8,beam_3,16,0.015169999795034528,7,0.0021671428278620753,True
2,LARGE_MAZE,3065,3065,5,4,3,3,greedy,16,0.012214499991387129,7,0.0017449285701981612,True
2,LARGE_MAZE,3065,3065,5,4,3,3,beam_2,16,0.009137799963355064,7,0.0013053999947650091,True
2,LARGE_MAZE,3065,3065,5,4,3,3,beam_3,16,0.011441699927672744,7,0.0016345285610961063,True
2,LARGE_MAZE,3103,3103,5,5,2,1,greedy,16,0.0172477001324296,9,0.001916411125825511,True
2,LARGE_MAZE,3103,3103,5,5,2,1,beam_2,16,0.010742399841547012,7,0.0015346285487924302,True
2,LARGE_MAZE,3103,3103,5,5,2,1,beam_3,16,0.01096219988539815,7,0.0015660285550568784,True
2,LARGE_MAZE,3168,3168,5,7,5,4,greedy,16,0.013420300092548132,7,0.001917185727506876,True
2,LARGE_MAZE,3168,3168,5,7,5,4,beam_2,16,0.014103799825534225,7,0.0020148285465048893,True
2,LARGE_MAZE,3168,3168,5,7,5,4,beam_3,16,0.015858700033277273,7,0.0022655285761824678,True
2,LARGE_MAZE,3246,3246,5,10,3,5,greedy,16,0.00920489989221096,7,0.0013149856988872801,True
2,LARGE_MAZE,3246,3246,5,10,3,5,beam_2,16,0.011300900019705296,7,0.001614414288529328,True
2,LARGE_MAZE,3246,3246,5,10,3,5,beam_3,16,0.015620300080627203,7,0.0022314714400896002,True
2,LARGE_MAZE,3316,3316,6,3,7,7,greedy,16,0.021749000065028667,11,0.0019771818240935154,True
2,LARGE_MAZE,3316,3316,6,3,7,7,beam_2,16,0.014120799954980612,7,0.002017257136425802,True
2,LARGE_MAZE,3316,3316,6,3,7,7,beam_3,16,0.014757900033146143,7,0.0021082714333065917,True
2,LARGE_MAZE,3356,3356,6,5,7,1,greedy,16,0.01944299996830523,13,0.0014956153821773254,True
2,LARGE_MAZE,3356,3356,6,5,7,1,beam_2,16,0.00943019986152649,7,0.0013471714087894984,True
2,LARGE_MAZE,3356,3356,6,5,7,1,beam_3,16,0.009646099992096424,7,0.0013780142845852034,True
2,LARGE_MAZE,3477,3477,7,1,4,1,greedy,16,0.008010900113731623,7,0.0011444143019616604,True
2,LARGE_MAZE,3477,3477,7,1,4,1,beam_2,16,0.012023800052702427,7,0.0017176857218146324,True
2,LARGE_MAZE,3477,3477,7,1,4,1,beam_3,16,0.019485000055283308,7,0.002783571436469044,True
2,LARGE_MAZE,3539,3539,7,2,7,5,greedy,16,0.015431999927386642,7,0.002204571418198092,True
2,LARGE_MAZE,3539,3539,7,2,7,5,beam_2,16,0.014296700013801455,7,0.0020423857162573506,True
2,LARGE_MAZE,3539,3539,7,2,7,5,beam_3,16,0.01046460005454719,7,0.001494942864935313,True
2,LARGE_MAZE,3585,3585,7,3,7,6,greedy,16,0.02938339998945594,16,0.0018364624993409961,False
2,LARGE_MAZE,3585,3585,7,3,7,6,beam_2,16,0.039020099909976125,16,0.002438756244373508,False
2,LARGE_MAZE,3585,3585,7,3,7,6,beam_3,16,0.013464000076055527,7,0.0019234285822936467,True
2,LARGE_MAZE,3628,3628,7,5,7,2,greedy,16,0.008721299935132265,7,0.0012458999907331808,True
2,LARGE_MAZE,3628,3628,7,5,7,2,beam_2,16,0.014121999964118004,7,0.002017428566302572,True
2,LARGE_MAZE,3628,3628,7,5,7,2,beam_3,16,0.014565099962055683,7,0.002080728566007955,True
2,LARGE_MAZE,3690,3690,7,7,2,5,greedy,16,0.03674790007062256,16,0.00229674375441391,False
2,LARGE_MAZE,3690,3690,7,7,2,5,beam_2,16,0.01697180001065135,7,0.0024245428586644785,True
2,LARGE_MAZE,3690,3690,7,7,2,5,beam_3,16,0.01848879992030561,7,0.00264125713147223,True
2,LARGE_MAZE,3744,3744,7,9,3,8,greedy,16,0.019722199998795986,7,0.002817457142685141,True
2,LARGE_MAZE,3744,3744,7,9,3,8,beam_2,16,0.02133350004442036,7,0.003047642863488623,True
2,LARGE_MAZE,3744,3744,7,9,3,8,beam_3,16,0.022933099884539843,7,0.0032761571263628347,True
2,LARGE_MAZE,1783,1783,1,1,7,3,greedy,18,0.017070600064471364,8,0.0021338250080589205,True
2,LARGE_MAZE,1783,1783,1,1,7,3,beam_2,18,0.0167066000867635,8,0.0020883250108454376,True
2,LARGE_MAZE,1783,1783,1,1,7,3,beam_3,18,0.019068799912929535,8,0.002383599989116192,True
2,LARGE_MAZE,1823,1823,1,2,6,5,greedy,18,0.03004120010882616,12,0.00250343334240218,True
2,LARGE_MAZE,1823,1823,1,2,6,5,beam_2,18,0.034300100058317184,10,0.0034300100058317186,True
2,LARGE_MAZE,1823,1823,1,2,6,5,beam_3,18,0.030357399955391884,8,0.0037946749944239855,True
2,LARGE_MAZE,1884,1884,1,4,1,8,greedy,18,0.027588400058448315,8,0.0034485500073060393,True
2,LARGE_MAZE,1884,1884,1,4,1,8,beam_2,18,0.030034000054001808,8,0.003754250006750226,True
2,LARGE_MAZE,1884,1884,1,4,1,8,beam_3,18,0.03287060000002384,8,0.00410882500000298,True
2,LARGE_MAZE,1930,1930,1,5,1,9,greedy,18,0.026822600048035383,10,0.0026822600048035383,True
2,LARGE_MAZE,1930,1930,1,5,1,9,beam_2,18,0.021087499801069498,8,0.0026359374751336873,True
2,LARGE_MAZE,1930,1930,1,5,1,9,beam_3,18,0.018400399945676327,8,0.002300049993209541,True
2,LARGE_MAZE,1966,1966,1,5,7,7,greedy,18,0.014454599935561419,8,0.0018068249919451773,True
2,LARGE_MAZE,1966,1966,1,5,7,7,beam_2,18,0.017794999992474914,8,0.002224374999059364,True
2,LARGE_MAZE,1966,1966,1,5,7,7,beam_3,18,0.020135399885475636,8,0.0025169249856844544,True
2,LARGE_MAZE,2017,2017,1,8,1,4,greedy,18,0.016226900042966008,8,0.002028362505370751,True
2,LARGE_MAZE,2017,2017,1,8,1,4,beam_2,18,0.016147600021213293,8,0.0020184500026516616,True
2,LARGE_MAZE,2017,2017,1,8,1,4,beam_3,18,0.020101499976590276,8,0.0025126874970737845,True
2,LARGE_MAZE,2088,2088,1,9,5,5,greedy,18,0.020244099898263812,8,0.0025305124872829765,True
2,LARGE_MAZE,2088,2088,1,9,5,5,beam_2,18,0.01542950002476573,8,0.0019286875030957162,True
2,LARGE_MAZE,2088,2088,1,9,5,5,beam_3,18,0.02003580005839467,8,0.002504475007299334,True
2,LARGE_MAZE,2166,2166,2,1,3,6,greedy,18,0.021208500023931265,10,0.0021208500023931266,True
2,LARGE_MAZE,2166,2166,2,1,3,6,beam_2,18,0.018093699822202325,8,0.0022617124777752906,True
2,LARGE_MAZE,2166,2166,2,1,3,6,beam_3,18,0.013914500130340457,8,0.0017393125162925571,True
2,LARGE_MAZE,2213,2213,2,3,3,8,greedy,18,0.03803399996832013,18,0.002112999998240007,False
2,LARGE_MAZE,2213,2213,2,3,3,8,beam_2,18,0.012286599958315492,8,0.0015358249947894365,True
2,LARGE_MAZE,2213,2213,2,3,3,8,beam_3,18,0.016772600123658776,8,0.002096575015457347,True
2,LARGE_MAZE,2261,2261,2,5,4,1,greedy,18,0.018086500000208616,8,0.002260812500026077,True
2,LARGE_MAZE,2261,2261,2,5,4,1,beam_2,18,0.01575229992158711,8,0.0019690374901983887,True
2,LARGE_MAZE,2261,2261,2,5,4,1,beam_3,18,0.01693330006673932,8,0.002116662508342415,True
2,LARGE_MAZE,2294,2294,2,7,2,3,greedy,18,0.01933169993571937,8,0.0024164624919649214,True
2,LARGE_MAZE,2294,2294,2,7,2,3,beam_2,18,0.02391030010767281,8,0.0029887875134591013,True
2,LARGE_MAZE,2294,2294,2,7,2,3,beam_3,18,0.028065900085493922,8,0.0035082375106867403,True
2,LARGE_MAZE,2333,2333,2,10,1,5,greedy,18,0.018389400094747543,8,0.002298675011843443,True
2,LARGE_MAZE,2333,2333,2,10,1,5,beam_2,18,0.020404000068083405,8,0.0025505000085104257,True
2,LARGE_MAZE,2333,2333,2,10,1,5,beam_3,18,0.021903299959376454,8,0.002737912494922057,True
2,LARGE_MAZE,2436,2436,3,2,3,6,greedy,18,0.033224199898540974,18,0.0018457888832522763,False
2,LARGE_MAZE,2436,2436,3,2,3,6,beam_2,18,0.013960400130599737,8,0.0017450500163249671,True
2,LARGE_MAZE,2436,2436,3,2,3,6,beam_3,18,0.012513000052422285,8,0.0015641250065527856,True
2,LARGE_MAZE,2493,2493,3,3,5,5,greedy,18,0.015345900086686015,8,0.0019182375108357519,True
2,LARGE_MAZE,2493,2493,3,3,5,5,beam_2,18,0.014134800061583519,8,0.0017668500076979399,True
2,LARGE_MAZE,2493,2493,3,3,5,5,beam_3,18,0.015263699926435947,8,0.0019079624908044934,True
2,LARGE_MAZE,2546,2546,3,5,7,1,greedy,18,0.01336119999177754,8,0.0016701499989721924,True
2,LARGE_MAZE,2546,2546,3,5,7,1,beam_2,18,0.017990699969232082,8,0.0022488374961540103,True
2,LARGE_MAZE,2546,2546,3,5,7,1,beam_3,18,0.01211660006083548,8,0.001514575007604435,True
2,LARGE_MAZE,2590,2590,3,6,6,9,greedy,18,0.04398819990456104,18,0.0024437888835867247,False
2,LARGE_MAZE,2590,2590,3,6,6,9,beam_2,18,0.02300329995341599,8,0.0028754124941769987,True
2,LARGE_MAZE,2590,2590,3,6,6,9,beam_3,18,0.020854700123891234,8,0.0026068375154864043,True
2,LARGE_MAZE,2638,2638,3,7,7,3,greedy,18,0.03282329998910427,18,0.0018235166660613483,False
2,LARGE_MAZE,2638,2638,3,7,7,3,beam_2,18,0.019870300078764558,8,0.0024837875098455697,True
2,LARGE_MAZE,2638,2638,3,7,7,3,beam_3,18,0.01771560008637607,8,0.002214450010797009,True
2,LARGE_MAZE,2670,2670,3,8,5,2,greedy,18,0.034694100031629205,18,0.001927450001757178,False
2,LARGE_MAZE,2670,2670,3,8,5,2,beam_2,18,0.011380000039935112,8,0.001422500004991889,True
2,LARGE_MAZE,2670,2670,3,8,5,2,beam_3,18,0.016263400204479694,8,0.002032925025559962,True
2,LARGE_MAZE,2716,2716,3,9,5,3,greedy,18,0.01864660019055009,8,0.002330825023818761,True
2,LARGE_MAZE,2716,2716,3,9,5,3,beam_2,18,0.013017100049182773,8,0.0016271375061478466,True
2,LARGE_MAZE,2716,2716,3,9,5,3,beam_3,18,0.01403649989515543,8,0.0017545624868944287,True
2,LARGE_MAZE,2790,2790,4,1,2,5,greedy,18,0.02684649988077581,18,0.001491472215598656,False
2,LARGE_MAZE,2790,2790,4,1,2,5,beam_2,18,0.016816599993035197,8,0.0021020749991293997,True
2,LARGE_MAZE,2790,2790,4,1,2,5,beam_3,18,0.013860499951988459,8,0.0017325624939985573,True
2,LARGE_MAZE,2839,2839,4,5,3,2,greedy,18,0.017307200003415346,8,0.0021634000004269183,True
2,LARGE_MAZE,2839,2839,4,5,3,2,beam_2,18,0.018942700000479817,8,0.002367837500059977,True
2,LARGE_MAZE,2839,2839,4,5,3,2,beam_3,18,0.012539800023660064,8,0.001567475002957508,True
2,LARGE_MAZE,2933,2933,5,1,3,7,greedy,18,0.010540500050410628,8,0.0013175625063013285,True
2,LARGE_MAZE,2933,2933,5,1,3,7,beam_2,18,0.021167000057175756,8,0.0026458750071469694,True
2,LARGE_MAZE,2933,2933,5,1,3,7,beam_3,18,0.026032499969005585,8,0.003254062496125698,True
2,LARGE_MAZE,2994,2994,5,2,6,7,greedy,18,0.02150849997997284,8,0.002688562497496605,True
2,LARGE_MAZE,2994,2994,5,2,6,7,beam_2,18,0.024008400039747357,8,0.0030010500049684197,True
2,LARGE_MAZE,2994,2994,5,2,6,7,beam_3,18,0.025051899952813983,8,0.003131487494101748,True
2,LARGE_MAZE,3050,3050,5,4,1,2,greedy,18,0.05705699999816716,18,0.0031698333332315087,False
2,LARGE_MAZE,3050,3050,5,4,1,2,beam_2,18,0.023774100001901388,8,0.0029717625002376735,True
2,LARGE_MAZE,3050,3050,5,4,1,2,beam_3,18,0.024320000084117055,8,0.003040000010514632,True
2,LARGE_MAZE,3101,3101,5,5,1,9,greedy,18,0.02764820004813373,10,0.002764820004813373,True
2,LARGE_MAZE,3101,3101,5,5,1,9,beam_2,18,0.019502699840813875,8,0.0024378374801017344,True
2,LARGE_MAZE,3101,3101,5,5,1,9,beam_3,18,0.020809199893847108,8,0.0026011499867308885,True
2,LARGE_MAZE,3167,3167,5,7,5,3,greedy,18,0.018278899835422635,8,0.0022848624794278294,True
2,LARGE_MAZE,3167,3167,5,7,5,3,beam_2,18,0.03081299993209541,8,0.003851624991511926,True
2,LARGE_MAZE,3167,3167,5,7,5,3,beam_3,18,0.024636699818074703,8,0.003079587477259338,True
2,LARGE_MAZE,3275,3275,6,3,1,2,greedy,18,0.046133199939504266,18,0.0025629555521946815,False
2,LARGE_MAZE,3275,3275,6,3,1,2,beam_2,18,0.020695900078862906,8,0.002586987509857863,True
2,LARGE_MAZE,3275,3275,6,3,1,2,beam_3,18,0.023852699901908636,8,0.0029815874877385795,True
2,LARGE_MAZE,3309,3309,6,3,6,7,greedy,18,0.017987400060519576,8,0.002248425007564947,True
2,LARGE_MAZE,3309,3309,6,3,6,7,beam_2,18,0.02406900003552437,8,0.003008625004440546,True
2,LARGE_MAZE,3309,3309,6,3,6,7,beam_3,18,0.037651400081813335,8,0.004706425010226667,True
2,LARGE_MAZE,3334,3334,6,5,3,2,greedy,18,0.013943800004199147,8,0.0017429750005248934,True
2,LARGE_MAZE,3334,3334,6,5,3,2,beam_2,18,0.016392000019550323,8,0.0020490000024437904,True
2,LARGE_MAZE,3334,3334,6,5,3,2,beam_3,18,0.018941499991342425,8,0.002367687498917803,True
2,LARGE_MAZE,3398,3398,6,7,6,3,greedy,18,0.03773739980533719,18,0.002096522211407622,False
2,LARGE_MAZE,3398,3398,6,7,6,3,beam_2,18,0.022845800034701824,8,0.002855725004337728,True
2,LARGE_MAZE,3398,3398,6,7,6,3,beam_3,18,0.028198599815368652,8,0.0035248249769210815,True
2,LARGE_MAZE,3471,3471,7,1,3,5,greedy,18,0.025054599856957793,8,0.003131824982119724,True
2,LARGE_MAZE,3471,3471,7,1,3,5,beam_2,18,0.027743699960410595,8,0.0034679624950513244,True
2,LARGE_MAZE,3471,3471,7,1,3,5,beam_3,18,0.029646500013768673,8,0.003705812501721084,True
2,LARGE_MAZE,3517,3517,7,2,3,6,greedy,18,0.03169249999336898,8,0.003961562499171123,True
2,LARGE_MAZE,3517,3517,7,2,3,6,beam_2,18,0.02921460010111332,8,0.003651825012639165,True
2,LARGE_MAZE,3517,3517,7,2,3,6,beam_3,18,0.03197870007716119,8,0.003997337509645149,True
2,LARGE_MAZE,3563,3563,7,3,3,7,greedy,18,0.02115389984101057,8,0.0026442374801263213,True
2,LARGE_MAZE,3563,3563,7,3,3,7,beam_2,18,0.02970630000345409,8,0.003713287500431761,True
2,LARGE_MAZE,3563,3563,7,3,3,7,beam_3,18,0.029756899923086166,8,0.003719612490385771,True
2,LARGE_MAZE,3610,3610,7,5,3,9,greedy,18,0.02653539995662868,8,0.003316924994578585,True
2,LARGE_MAZE,3610,3610,7,5,3,9,beam_2,18,0.03370949998497963,8,0.004213687498122454,True
2,LARGE_MAZE,3610,3610,7,5,3,9,beam_3,18,0.03675379999913275,8,0.004594224999891594,True
2,LARGE_MAZE,3657,3657,7,6,4,1,greedy,18,0.026965100085362792,8,0.003370637510670349,True
2,LARGE_MAZE,3657,3657,7,6,4,1,beam_2,18,0.02389389998279512,8,0.00298673749784939,True
2,LARGE_MAZE,3657,3657,7,6,4,1,beam_3,18,0.023252200102433562,8,0.0029065250128041953,True
2,LARGE_MAZE,3719,3719,7,7,7,3,greedy,18,0.01606200006790459,8,0.002007750008488074,True
2,LARGE_MAZE,3719,3719,7,7,7,3,beam_2,18,0.024683000054210424,8,0.003085375006776303,True
2,LARGE_MAZE,3719,3719,7,7,7,3,beam_3,18,0.024398199981078506,8,0.003049774997634813,True
2,LARGE_MAZE,1755,1755,1,1,2,7,greedy,20,0.024092300096526742,9,0.0026769222329474157,True
2,LARGE_MAZE,1755,1755,1,1,2,7,beam_2,20,0.032240299973636866,9,0.0035822555526263183,True
2,LARGE_MAZE,1755,1755,1,1,2,7,beam_3,20,0.027171500027179718,9,0.003019055558575524,True
2,LARGE_MAZE,1809,1809,1,2,3,9,greedy,20,0.02905740006826818,9,0.0032286000075853532,True
2,LARGE_MAZE,1809,1809,1,2,3,9,beam_2,20,0.02658730000257492,9,0.002954144444730547,True
2,LARGE_MAZE,1809,1809,1,2,3,9,beam_3,20,0.03186230012215674,9,0.0035402555691285264,True
2,LARGE_MAZE,1867,1867,1,3,6,3,greedy,20,0.021395999938249588,9,0.0023773333264721763,True
2,LARGE_MAZE,1867,1867,1,3,6,3,beam_2,20,0.02578460006043315,9,0.00286495556227035,True
2,LARGE_MAZE,1867,1867,1,3,6,3,beam_3,20,0.025693700183182955,9,0.0028548555759092173,True
2,LARGE_MAZE,1918,1918,1,4,7,3,greedy,20,0.030941399978473783,11,0.0028128545434976168,True
2,LARGE_MAZE,1918,1918,1,4,7,3,beam_2,20,0.029766199877485633,9,0.003307355541942848,True
2,LARGE_MAZE,1918,1918,1,4,7,3,beam_3,20,0.029868500074371696,9,0.003318722230485744,True
2,LARGE_MAZE,1962,1962,1,5,7,2,greedy,20,0.02687350008636713,9,0.0029859444540407923,True
2,LARGE_MAZE,1962,1962,1,5,7,2,beam_2,20,0.023198500042781234,9,0.0025776111158645814,True
2,LARGE_MAZE,1962,1962,1,5,7,2,beam_3,20,0.025553799932822585,9,0.002839311103646954,True
2,LARGE_MAZE,2005,2005,1,7,6,9,greedy,20,0.02020330005325377,9,0.002244811117028197,True
2,LARGE_MAZE,2005,2005,1,7,6,9,beam_2,20,0.020924299955368042,9,0.0023249222172631156,True
2,LARGE_MAZE,2005,2005,1,7,6,9,beam_3,20,0.03129610000178218,9,0.003477344444642464,True
2,LARGE_MAZE,2057,2057,1,8,7,9,greedy,20,0.024868899956345558,9,0.0027632111062606177,True
2,LARGE_MAZE,2057,2057,1,8,7,9,beam_2,20,0.026220300002023578,9,0.0029133666668915087,True
2,LARGE_MAZE,2057,2057,1,8,7,9,beam_3,20,0.029420199804008007,9,0.003268911089334223,True
2,LARGE_MAZE,2108,2108,1,10,1,5,greedy,20,0.03234289982356131,9,0.0035936555359512568,True
2,LARGE_MAZE,2108,2108,1,10,1,5,beam_2,20,0.05868029990233481,9,0.006520033322481645,True
2,LARGE_MAZE,2108,2108,1,10,1,5,beam_3,20,0.03650929988361895,9,0.004056588875957661,True
2,LARGE_MAZE,2199,2199,2,3,1,7,greedy,20,0.076225999975577,19,0.004011894735556684,False
2,LARGE_MAZE,2199,2199,2,3,1,7,beam_2,20,0.03410649998113513,9,0.0037896111090150145,True
2,LARGE_MAZE,2199,2199,2,3,1,7,beam_3,20,0.02863619988784194,9,0.003181799987537993,True
2,LARGE_MAZE,2270,2270,2,5,5,9,greedy,20,0.024615000002086163,9,0.002735000000231796,True
2,LARGE_MAZE,2270,2270,2,5,5,9,beam_2,20,0.020289500011131167,9,0.0022543888901256854,True
2,LARGE_MAZE,2270,2270,2,5,5,9,beam_3,20,0.02438979991711676,9,0.002709977768568529,True
2,LARGE_MAZE,2323,2323,2,7,7,3,greedy,20,0.033425900153815746,9,0.003713988905979527,True
2,LARGE_MAZE,2323,2323,2,7,7,3,beam_2,20,0.03429639991372824,9,0.0038107111015253598,True
2,LARGE_MAZE,2323,2323,2,7,7,3,beam_3,20,0.03180409991182387,9,0.003533788879091541,True
2,LARGE_MAZE,2363,2363,2,10,6,5,greedy,20,0.10250269994139671,19,0.005394878944284038,False
2,LARGE_MAZE,2363,2363,2,10,6,5,beam_2,20,0.05592810013331473,9,0.006214233348146081,True
2,LARGE_MAZE,2363,2363,2,10,6,5,beam_3,20,0.03359250002540648,9,0.003732500002822942,True
2,LARGE_MAZE,2459,2459,3,2,7,5,greedy,20,0.03827460017055273,11,0.0034795091064138846,True
2,LARGE_MAZE,2459,2459,3,2,7,5,beam_2,20,0.035822900012135506,9,0.003980322223570611,True
2,LARGE_MAZE,2459,2459,3,2,7,5,beam_3,20,0.04640699992887676,9,0.005156333325430751,True
2,LARGE_MAZE,2545,2545,3,5,6,9,greedy,20,0.07702079997397959,19,0.0040537263144199785,False
2,LARGE_MAZE,2545,2545,3,5,6,9,beam_2,20,0.03257300006225705,9,0.0036192222291396726,True
2,LARGE_MAZE,2545,2545,3,5,6,9,beam_3,20,0.037055799970403314,9,0.0041173111078225905,True
2,LARGE_MAZE,2608,2608,3,7,2,1,greedy,20,0.03083019983023405,9,0.0034255777589148944,True
2,LARGE_MAZE,2608,2608,3,7,2,1,beam_2,20,0.03484899993054569,9,0.0038721111033939654,True
2,LARGE_MAZE,2608,2608,3,7,2,1,beam_3,20,0.03315550019033253,9,0.0036839444655925035,True
2,LARGE_MAZE,2643,2643,3,7,7,10,greedy,20,0.030893899966031313,9,0.003432655551781257,True
2,LARGE_MAZE,2643,2643,3,7,7,10,beam_2,20,0.04274319997057319,9,0.004749244441174799,True
2,LARGE_MAZE,2643,2643,3,7,7,10,beam_3,20,0.04995670006610453,9,0.005550744451789392,True
2,LARGE_MAZE,2686,2686,3,8,7,7,greedy,20,0.0760920001193881,19,0.004004842111546742,False
2,LARGE_MAZE,2686,2686,3,8,7,7,beam_2,20,0.03251269995234907,9,0.003612522216927674,True
2,LARGE_MAZE,2686,2686,3,8,7,7,beam_3,20,0.03776789992116392,9,0.004196433324573768,True
2,LARGE_MAZE,2730,2730,3,9,7,6,greedy,20,0.06544490018859506,19,0.003444468430978687,False
2,LARGE_MAZE,2730,2730,3,9,7,6,beam_2,20,0.027731499867513776,9,0.003081277763057086,True
2,LARGE_MAZE,2730,2730,3,9,7,6,beam_3,20,0.021450400119647384,9,0.0023833777910719314,True
2,LARGE_MAZE,2821,2821,4,1,7,7,greedy,20,0.01634349999949336,9,0.0018159444443881512,True
2,LARGE_MAZE,2821,2821,4,1,7,7,beam_2,20,0.015744500095024705,9,0.0017493888994471894,True
2,LARGE_MAZE,2821,2821,4,1,7,7,beam_3,20,0.019452699925750494,9,0.002161411102861166,True
2,LARGE_MAZE,2926,2926,5,1,2,7,greedy,20,0.022811699891462922,9,0.002534633321273658,True
2,LARGE_MAZE,2926,2926,5,1,2,7,beam_2,20,0.025287600001320243,9,0.002809733333480027,True
2,LARGE_MAZE,2926,2926,5,1,2,7,beam_3,20,0.01906810002401471,9,0.002118677780446079,True
2,LARGE_MAZE,2989,2989,5,2,5,7,greedy,20,0.015927200205624104,9,0.0017696889117360115,True
2,LARGE_MAZE,2989,2989,5,2,5,7,beam_2,20,0.016824800055474043,9,0.0018694222283860047,True
2,LARGE_MAZE,2989,2989,5,2,5,7,beam_3,20,0.015501799993216991,9,0.0017224222214685546,True
2,LARGE_MAZE,3074,3074,5,4,4,10,greedy,20,0.014078800100833178,9,0.0015643111223147975,True
2,LARGE_MAZE,3074,3074,5,4,4,10,beam_2,20,0.017029100097715855,9,0.0018921222330795394,True
2,LARGE_MAZE,3074,3074,5,4,4,10,beam_3,20,0.0210124000441283,9,0.0023347111160142552,True
2,LARGE_MAZE,3166,3166,5,7,5,2,greedy,20,0.020937500055879354,9,0.002326388895097706,True
2,LARGE_MAZE,3166,3166,5,7,5,2,beam_2,20,0.017637500073760748,9,0.0019597222304178607,True
2,LARGE_MAZE,3166,3166,5,7,5,2,beam_3,20,0.015714900102466345,9,0.0017461000113851493,True
2,LARGE_MAZE,3259,3259,5,10,5,5,greedy,20,0.012320900103077292,9,0.0013689889003419215,True
2,LARGE_MAZE,3259,3259,5,10,5,5,beam_2,20,0.017103200079873204,9,0.001900355564430356,True
2,LARGE_MAZE,3259,3259,5,10,5,5,beam_3,20,0.015971300192177296,9,0.0017745889102419217,True
2,LARGE_MAZE,3319,3319,6,5,1,1,greedy,20,0.01909189997240901,9,0.0021213222191565568,True
2,LARGE_MAZE,3319,3319,6,5,1,1,beam_2,20,0.02182859997265041,9,0.0024253999969611564,True
2,LARGE_MAZE,3319,3319,6,5,1,1,beam_3,20,0.031914500053972006,9,0.003546055561552445,True
2,LARGE_MAZE,3368,3368,6,7,1,5,greedy,20,0.045563000021502376,19,0.002398052632710651,False
2,LARGE_MAZE,3368,3368,6,7,1,5,beam_2,20,0.017833499936386943,9,0.0019814999929318824,True
2,LARGE_MAZE,3368,3368,6,7,1,5,beam_3,20,0.01645129988901317,9,0.0018279222098903523,True
2,LARGE_MAZE,3426,3426,6,9,3,5,greedy,20,0.012826899997889996,9,0.0014252111108766662,True
2,LARGE_MAZE,3426,3426,6,9,3,5,beam_2,20,0.014459900092333555,9,0.0016066555658148394,True
2,LARGE_MAZE,3426,3426,6,9,3,5,beam_3,20,0.016897899797186255,9,0.001877544421909584,True
2,LARGE_MAZE,3495,3495,7,1,7,6,greedy,20,0.021789100021123886,9,0.0024210111134582097,True
2,LARGE_MAZE,3495,3495,7,1,7,6,beam_2,20,0.01651560002937913,9,0.0018350666699310143,True
2,LARGE_MAZE,3495,3495,7,1,7,6,beam_3,20,0.019932800205424428,9,0.002214755578380492,True
2,LARGE_MAZE,3541,3541,7,2,7,7,greedy,20,0.021734900074079633,9,0.0024149888971199593,True
2,LARGE_MAZE,3541,3541,7,2,7,7,beam_2,20,0.022779100108891726,9,0.0025310111232101917,True
2,LARGE_MAZE,3541,3541,7,2,7,7,beam_3,20,0.0253645998891443,9,0.002818288876571589,True
2,LARGE_MAZE,3564,3564,7,3,3,8,greedy,20,0.026266499888151884,9,0.0029184999875724316,True
2,LARGE_MAZE,3564,3564,7,3,3,8,beam_2,20,0.02623749990016222,9,0.002915277766684691,True
2,LARGE_MAZE,3564,3564,7,3,3,8,beam_3,20,0.02965040015988052,9,0.003294488906653391,True
2,LARGE_MAZE,3599,3599,7,5,2,3,greedy,20,0.02295150002464652,9,0.002550166669405169,True
2,LARGE_MAZE,3599,3599,7,5,2,3,beam_2,20,0.02058100001886487,9,0.0022867777798738745,True
2,LARGE_MAZE,3599,3599,7,5,2,3,beam_3,20,0.024172000121325254,9,0.0026857777912583617,True
2,LARGE_MAZE,3648,3648,7,6,3,1,greedy,20,0.01993350009433925,13,0.0015333461611030193,True
2,LARGE_MAZE,3648,3648,7,6,3,1,beam_2,20,0.022227200213819742,9,0.002469688912646638,True
2,LARGE_MAZE,3648,3648,7,6,3,1,beam_3,20,0.02635810011997819,9,0.002928677791108688,True
2,LARGE_MAZE,3699,3699,7,7,3,8,greedy,20,0.017617100151255727,9,0.0019574555723617473,True
2,LARGE_MAZE,3699,3699,7,7,3,8,beam_2,20,0.01636030012741685,9,0.0018178111252685387,True
2,LARGE_MAZE,3699,3699,7,7,3,8,beam_3,20,0.02091150009073317,9,0.0023235000100814635,True
2,LARGE_MAZE,3742,3742,7,9,3,6,greedy,20,0.019608099944889545,9,0.002178677771654394,True
2,LARGE_MAZE,3742,3742,7,9,3,6,beam_2,20,0.0227874000556767,9,0.002531933339519633,True
2,LARGE_MAZE,3742,3742,7,9,3,6,beam_3,20,0.023568500066176057,9,0.0026187222295751176,True
2,LARGE_MAZE,1781,1781,1,1,7,1,greedy,22,0.018141600070521235,10,0.0018141600070521236,True
2,LARGE_MAZE,1781,1781,1,1,7,1,beam_2,22,0.01636249991133809,10,0.0016362499911338091,True
2,LARGE_MAZE,1781,1781,1,1,7,1,beam_3,22,0.018054499989375472,10,0.0018054499989375473,True
2,LARGE_MAZE,1830,1830,1,2,7,6,greedy,22,0.03140989993698895,14,0.0022435642812134965,True
2,LARGE_MAZE,1830,1830,1,2,7,6,beam_2,22,0.021420200122520328,12,0.001785016676876694,True
2,LARGE_MAZE,1830,1830,1,2,7,6,beam_3,22,0.022880999837070704,10,0.0022880999837070703,True
2,LARGE_MAZE,1876,1876,1,3,7,7,greedy,22,0.024125399999320507,10,0.002412539999932051,True
2,LARGE_MAZE,1876,1876,1,3,7,7,beam_2,22,0.02434440003708005,10,0.0024344400037080048,True
2,LARGE_MAZE,1876,1876,1,3,7,7,beam_3,22,0.032951399916782975,10,0.0032951399916782975,True
2,LARGE_MAZE,1954,1954,1,5,5,7,greedy,22,0.017264300025999546,10,0.0017264300025999547,True
2,LARGE_MAZE,1954,1954,1,5,5,7,beam_2,22,0.017282299930229783,10,0.0017282299930229783,True
2,LARGE_MAZE,1954,1954,1,5,5,7,beam_3,22,0.019029400078579783,10,0.0019029400078579783,True
2,LARGE_MAZE,1994,1994,1,7,5,1,greedy,22,0.02092329994775355,14,0.0014945214248395392,True
2,LARGE_MAZE,1994,1994,1,7,5,1,beam_2,22,0.018327200086787343,10,0.0018327200086787343,True
2,LARGE_MAZE,1994,1994,1,7,5,1,beam_3,22,0.018800899852067232,10,0.0018800899852067232,True
2,LARGE_MAZE,2023,2023,1,8,2,3,greedy,22,0.016277400078251958,10,0.0016277400078251957,True
2,LARGE_MAZE,2023,2023,1,8,2,3,beam_2,22,0.025322100147604942,10,0.002532210014760494,True
2,LARGE_MAZE,2023,2023,1,8,2,3,beam_3,22,0.023518000030890107,10,0.0023518000030890106,True
2,LARGE_MAZE,2061,2061,1,9,1,3,greedy,22,0.054907399928197265,10,0.005490739992819726,True
2,LARGE_MAZE,2061,2061,1,9,1,3,beam_2,22,0.054474900010973215,10,0.005447490001097321,True
2,LARGE_MAZE,2061,2061,1,9,1,3,beam_3,22,0.05126690003089607,10,0.005126690003089606,True
2,LARGE_MAZE,2138,2138,1,10,6,5,greedy,22,0.02380470000207424,10,0.0023804700002074243,True
2,LARGE_MAZE,2138,2138,1,10,6,5,beam_2,22,0.026426699943840504,10,0.00264266999438405,True
2,LARGE_MAZE,2138,2138,1,10,6,5,beam_3,22,0.028157899854704738,10,0.002815789985470474,True
2,LARGE_MAZE,2215,2215,2,3,3,10,greedy,22,0.017653899965807796,10,0.0017653899965807795,True
2,LARGE_MAZE,2215,2215,2,3,3,10,beam_2,22,0.022695000050589442,10,0.0022695000050589444,True
2,LARGE_MAZE,2215,2215,2,3,3,10,beam_3,22,0.02955619990825653,10,0.002955619990825653,True
2,LARGE_MAZE,2298,2298,2,7,3,2,greedy,22,0.028823700034990907,10,0.0028823700034990908,True
2,LARGE_MAZE,2298,2298,2,7,3,2,beam_2,22,0.02976229996420443,10,0.002976229996420443,True
2,LARGE_MAZE,2298,2298,2,7,3,2,beam_3,22,0.03245940012857318,10,0.0032459400128573178,True
2,LARGE_MAZE,2331,2331,2,10,1,3,greedy,22,0.018163899891078472,10,0.0018163899891078471,True
2,LARGE_MAZE,2331,2331,2,10,1,3,beam_2,22,0.02202860009856522,10,0.002202860009856522,True
2,LARGE_MAZE,2331,2331,2,10,1,3,beam_3,22,0.025174100184813142,10,0.002517410018481314,True
2,LARGE_MAZE,2431,2431,3,2,2,7,greedy,22,0.02262259996496141,10,0.002262259996496141,True
2,LARGE_MAZE,2431,2431,3,2,2,7,beam_2,22,0.023738199844956398,10,0.0023738199844956396,True
2,LARGE_MAZE,2431,2431,3,2,2,7,beam_3,22,0.02834740001708269,10,0.002834740001708269,True
2,LARGE_MAZE,2501,2501,3,3,7,1,greedy,22,0.01979709998704493,10,0.001979709998704493,True
2,LARGE_MAZE,2501,2501,3,3,7,1,beam_2,22,0.017116700066253543,10,0.0017116700066253543,True
2,LARGE_MAZE,2501,2501,3,3,7,1,beam_3,22,0.025161399971693754,10,0.0025161399971693754,True
2,LARGE_MAZE,2629,2629,3,7,5,7,greedy,22,0.04852349986322224,19,0.0025538684138538023,False
2,LARGE_MAZE,2629,2629,3,7,5,7,beam_2,22,0.02589130005799234,10,0.0025891300057992337,True
2,LARGE_MAZE,2629,2629,3,7,5,7,beam_3,22,0.026847900124266744,10,0.0026847900124266745,True
2,LARGE_MAZE,2679,2679,3,8,6,7,greedy,22,0.039627499878406525,19,0.0020856578883371854,False
2,LARGE_MAZE,2679,2679,3,8,6,7,beam_2,22,0.024398700101301074,10,0.0024398700101301075,True
2,LARGE_MAZE,2679,2679,3,8,6,7,beam_3,22,0.02571429987438023,10,0.002571429987438023,True
2,LARGE_MAZE,2728,2728,3,9,7,3,greedy,22,0.020033700158819556,10,0.0020033700158819555,True
2,LARGE_MAZE,2728,2728,3,9,7,3,beam_2,22,0.016882100142538548,10,0.0016882100142538547,True
2,LARGE_MAZE,2728,2728,3,9,7,3,beam_3,22,0.02591520012356341,10,0.0025915200123563407,True
2,LARGE_MAZE,2767,2767,3,10,6,3,greedy,22,0.03773240000009537,19,0.0019859157894787038,False
2,LARGE_MAZE,2767,2767,3,10,6,3,beam_2,22,0.025993899907916784,10,0.0025993899907916784,True
2,LARGE_MAZE,2767,2767,3,10,6,3,beam_3,22,0.025421999860554934,10,0.0025421999860554935,True
2,LARGE_MAZE,2860,2860,4,5,6,9,greedy,22,0.019737099995836616,10,0.0019737099995836616,True
2,LARGE_MAZE,2860,2860,4,5,6,9,beam_2,22,0.016204499872401357,10,0.0016204499872401357,True
2,LARGE_MAZE,2860,2860,4,5,6,9,beam_3,22,0.02223699982278049,10,0.002223699982278049,True
2,LARGE_MAZE,2935,2935,5,1,3,9,greedy,22,0.024247399996966124,10,0.0024247399996966124,True
2,LARGE_MAZE,2935,2935,5,1,3,9,beam_2,22,0.025101100094616413,10,0.0025101100094616414,True
2,LARGE_MAZE,2935,2935,5,1,3,9,beam_3,22,0.021889900090172887,10,0.0021889900090172887,True
2,LARGE_MAZE,3017,3017,5,3,2,10,greedy,22,0.01384270004928112,10,0.0013842700049281121,True
2,LARGE_MAZE,3017,3017,5,3,2,10,beam_2,22,0.015962500125169754,10,0.0015962500125169753,True
2,LARGE_MAZE,3017,3017,5,3,2,10,beam_3,22,0.0185633001383394,10,0.00185633001383394,True
2,LARGE_MAZE,3143,3143,5,7,1,5,greedy,22,0.02885079989209771,19,0.001518463152215669,False
2,LARGE_MAZE,3143,3143,5,7,1,5,beam_2,22,0.021187700098380446,10,0.0021187700098380447,True
2,LARGE_MAZE,3143,3143,5,7,1,5,beam_3,22,0.027324300026521087,10,0.0027324300026521087,True
2,LARGE_MAZE,3214,3214,5,9,5,5,greedy,22,0.023468999890610576,10,0.0023468999890610574,True
2,LARGE_MAZE,3214,3214,5,9,5,5,beam_2,22,0.02801689994521439,10,0.002801689994521439,True
2,LARGE_MAZE,3214,3214,5,9,5,5,beam_3,22,0.03073760005645454,10,0.0030737600056454538,True
2,LARGE_MAZE,3296,3296,6,3,3,10,greedy,22,0.028899300144985318,10,0.002889930014498532,True
2,LARGE_MAZE,3296,3296,6,3,3,10,beam_2,22,0.029245899990200996,10,0.0029245899990200997,True
2,LARGE_MAZE,3296,3296,6,3,3,10,beam_3,22,0.024949500104412436,10,0.0024949500104412435,True
2,LARGE_MAZE,3384,3384,6,7,3,8,greedy,22,0.018889000173658133,10,0.0018889000173658132,True
2,LARGE_MAZE,3384,3384,6,7,3,8,beam_2,22,0.028054700000211596,10,0.0028054700000211597,True
2,LARGE_MAZE,3384,3384,6,7,3,8,beam_3,22,0.02604779996909201,10,0.0026047799969092012,True
2,LARGE_MAZE,3454,3454,7,1,1,1,greedy,22,0.0250021000392735,10,0.00250021000392735,True
2,LARGE_MAZE,3454,3454,7,1,1,1,beam_2,22,0.02527189999818802,10,0.002527189999818802,True
2,LARGE_MAZE,3454,3454,7,1,1,1,beam_3,22,0.027777699986472726,10,0.0027777699986472728,True
2,LARGE_MAZE,3500,3500,7,2,1,2,greedy,22,0.015482000075280666,10,0.0015482000075280667,True
2,LARGE_MAZE,3500,3500,7,2,1,2,beam_2,22,0.01576109998859465,10,0.0015761099988594652,True
2,LARGE_MAZE,3500,3500,7,2,1,2,beam_3,22,0.021284899907186627,10,0.002128489990718663,True
2,LARGE_MAZE,3535,3535,7,2,6,7,greedy,22,0.023621900007128716,10,0.0023621900007128717,True
2,LARGE_MAZE,3535,3535,7,2,6,7,beam_2,22,0.021986499894410372,10,0.0021986499894410374,True
2,LARGE_MAZE,3535,3535,7,2,6,7,beam_3,22,0.02699080016463995,10,0.002699080016463995,True
2,LARGE_MAZE,3589,3589,7,5,1,1,greedy,22,0.029415100114420056,10,0.002941510011442006,True
2,LARGE_MAZE,3589,3589,7,5,1,1,beam_2,22,0.02342150011099875,10,0.002342150011099875,True
2,LARGE_MAZE,3589,3589,7,5,1,1,beam_3,22,0.019960700068622828,10,0.001996070006862283,True
2,LARGE_MAZE,3635,3635,7,6,1,2,greedy,22,0.03663980006240308,19,0.0019284105296001623,False
2,LARGE_MAZE,3635,3635,7,6,1,2,beam_2,22,0.02686750004068017,10,0.002686750004068017,True
2,LARGE_MAZE,3635,3635,7,6,1,2,beam_3,22,0.018917200155556202,10,0.00189172001555562,True
2,LARGE_MAZE,3656,3656,7,6,3,10,greedy,22,0.038853699807077646,19,0.0020449315687935603,False
2,LARGE_MAZE,3656,3656,7,6,3,10,beam_2,22,0.025581900030374527,10,0.002558190003037453,True
2,LARGE_MAZE,3656,3656,7,6,3,10,beam_3,22,0.026024800026789308,10,0.0026024800026789308,True
2,LARGE_MAZE,3717,3717,7,7,7,1,greedy,22,0.01757350005209446,10,0.001757350005209446,True
2,LARGE_MAZE,3717,3717,7,7,7,1,beam_2,22,0.02377479989081621,10,0.0023774799890816213,True
2,LARGE_MAZE,3717,3717,7,7,7,1,beam_3,22,0.02515360014513135,10,0.002515360014513135,True
2,LARGE_MAZE,3787,3787,7,10,3,6,greedy,22,0.0201836999040097,10,0.00201836999040097,True
2,LARGE_MAZE,3787,3787,7,10,3,6,beam_2,22,0.025154500035569072,10,0.002515450003556907,True
2,LARGE_MAZE,3787,3787,7,10,3,6,beam_3,22,0.02961900015361607,10,0.002961900015361607,True
2,LARGE_MAZE,1801,1801,1,2,2,10,greedy,24,0.025152900023385882,11,0.002286627274853262,True
2,LARGE_MAZE,1801,1801,1,2,2,10,beam_2,24,0.027703400002792478,11,0.002518490909344771,True
2,LARGE_MAZE,1801,1801,1,2,2,10,beam_3,24,0.03112890012562275,11,0.00282990001142025,True
2,LARGE_MAZE,1866,1866,1,3,5,10,greedy,24,0.017872099997475743,11,0.0016247363634068859,True
2,LARGE_MAZE,1866,1866,1,3,5,10,beam_2,24,0.030724900076165795,11,0.0027931727341968904,True
2,LARGE_MAZE,1866,1866,1,3,5,10,beam_3,24,0.025098899845033884,11,0.002281718167730353,True
2,LARGE_MAZE,1916,1916,1,4,7,1,greedy,24,0.024145999923348427,13,0.0018573846094883406,True
2,LARGE_MAZE,1916,1916,1,4,7,1,beam_2,24,0.01835409994237125,11,0.001668554540215568,True
2,LARGE_MAZE,1916,1916,1,4,7,1,beam_3,24,0.027622699970379472,11,0.0025111545427617702,True
2,LARGE_MAZE,2004,2004,1,7,6,7,greedy,24,0.030846900073811412,11,0.002804263643073765,True
2,LARGE_MAZE,2004,2004,1,7,6,7,beam_2,24,0.031585900112986565,11,0.0028714454648169603,True
2,LARGE_MAZE,2004,2004,1,7,6,7,beam_3,24,0.02867479994893074,11,0.00260679999535734,True
2,LARGE_MAZE,2039,2039,1,8,5,1,greedy,24,0.03546339995227754,15,0.0023642266634851692,True
2,LARGE_MAZE,2039,2039,1,8,5,1,beam_2,24,0.0325225000269711,11,0.0029565909115428276,True
2,LARGE_MAZE,2039,2039,1,8,5,1,beam_3,24,0.021749700186774135,11,0.0019772454715249214,True
2,LARGE_MAZE,2085,2085,1,9,5,2,greedy,24,0.021947599947452545,11,0.001995236358859322,True
2,LARGE_MAZE,2085,2085,1,9,5,2,beam_2,24,0.025029900018125772,11,0.002275445456193252,True
2,LARGE_MAZE,2085,2085,1,9,5,2,beam_3,24,0.030943799996748567,11,0.0028130727269771423,True
2,LARGE_MAZE,2144,2144,1,10,7,5,greedy,24,0.02410089992918074,11,0.002190990902652795,True
2,LARGE_MAZE,2144,2144,1,10,7,5,beam_2,24,0.028939400101080537,11,0.0026308545546436853,True
2,LARGE_MAZE,2144,2144,1,10,7,5,beam_3,24,0.021304399939253926,11,0.001936763630841266,True
2,LARGE_MAZE,2206,2206,2,3,2,10,greedy,24,0.045239599887281656,19,0.002381031573014824,False
2,LARGE_MAZE,2206,2206,2,3,2,10,beam_2,24,0.034025799948722124,11,0.0030932545407929206,True
2,LARGE_MAZE,2206,2206,2,3,2,10,beam_3,24,0.04000049992464483,11,0.003636409084058621,True
2,LARGE_MAZE,2297,2297,2,7,3,1,greedy,24,0.025940400082617998,11,0.002358218189328909,True
2,LARGE_MAZE,2297,2297,2,7,3,1,beam_2,24,0.030155499931424856,11,0.002741409084674987,True
2,LARGE_MAZE,2297,2297,2,7,3,1,beam_3,24,0.022267399821430445,11,0.002024309074675495,True
2,LARGE_MAZE,2355,2355,2,10,5,2,greedy,24,0.045099399983882904,19,0.002373652630730679,False
2,LARGE_MAZE,2355,2355,2,10,5,2,beam_2,24,0.029517000075429678,11,0.00268336364322088,True
2,LARGE_MAZE,2355,2355,2,10,5,2,beam_3,24,0.023132700007408857,11,0.00210297272794626,True
2,LARGE_MAZE,2409,2409,3,1,6,7,greedy,24,0.024185399990528822,15,0.0016123599993685882,True
2,LARGE_MAZE,2409,2409,3,1,6,7,beam_2,24,0.024609900079667568,11,0.0022372636436061425,True
2,LARGE_MAZE,2409,2409,3,1,6,7,beam_3,24,0.03119499981403351,11,0.002835909074003046,True
2,LARGE_MAZE,2485,2485,3,3,3,10,greedy,24,0.02670020004734397,11,0.0024272909133949065,True
2,LARGE_MAZE,2485,2485,3,3,3,10,beam_2,24,0.029450700152665377,11,0.002677336377515034,True
2,LARGE_MAZE,2485,2485,3,3,3,10,beam_3,24,0.026181300170719624,11,0.0023801181973381476,True
2,LARGE_MAZE,2681,2681,3,8,7,1,greedy,24,0.03845790005289018,19,0.002024100002783694,False
2,LARGE_MAZE,2681,2681,3,8,7,1,beam_2,24,0.02672090008854866,11,0.0024291727353226056,True
2,LARGE_MAZE,2681,2681,3,8,7,1,beam_3,24,0.026137999957427382,11,0.00237618181431158,True
2,LARGE_MAZE,2727,2727,3,9,7,2,greedy,24,0.015242199879139662,11,0.001385654534467242,True
2,LARGE_MAZE,2727,2727,3,9,7,2,beam_2,24,0.0162132999394089,11,0.0014739363581280816,True
2,LARGE_MAZE,2727,2727,3,9,7,2,beam_3,24,0.017520399997010827,11,0.0015927636360918934,True
2,LARGE_MAZE,2776,2776,3,10,7,7,greedy,24,0.018732599914073944,11,0.0017029636285521767,True
2,LARGE_MAZE,2776,2776,3,10,7,7,beam_2,24,0.02156640007160604,11,0.0019605818246914582,True
2,LARGE_MAZE,2776,2776,3,10,7,7,beam_3,24,0.01897630002349615,11,0.0017251181839541955,True
2,LARGE_MAZE,2870,2870,4,10,1,2,greedy,24,0.028228800045326352,11,0.002566254549575123,True
2,LARGE_MAZE,2870,2870,4,10,1,2,beam_2,24,0.025612000143155456,11,0.0023283636493777685,True
2,LARGE_MAZE,2870,2870,4,10,1,2,beam_3,24,0.018565600039437413,11,0.0016877818217670376,True
2,LARGE_MAZE,2920,2920,5,1,1,8,greedy,24,0.017541700042784214,11,0.001594700003889474,True
2,LARGE_MAZE,2920,2920,5,1,1,8,beam_2,24,0.02608680003322661,11,0.0023715272757478738,True
2,LARGE_MAZE,2920,2920,5,1,1,8,beam_3,24,0.02396530006080866,11,0.0021786636418916964,True
2,LARGE_MAZE,3012,3012,5,3,1,10,greedy,24,0.015420099953189492,11,0.001401827268471772,True
2,LARGE_MAZE,3012,3012,5,3,1,10,beam_2,24,0.01953190006315708,11,0.0017756272784688256,True
2,LARGE_MAZE,3012,3012,5,3,1,10,beam_3,24,0.02477779984474182,11,0.0022525272586128926,True
2,LARGE_MAZE,3151,3151,5,7,2,7,greedy,24,0.02659670007415116,19,0.0013998263196921663,False
2,LARGE_MAZE,3151,3151,5,7,2,7,beam_2,24,0.013906300067901611,11,0.0012642090970819647,True
2,LARGE_MAZE,3151,3151,5,7,2,7,beam_3,24,0.018195000011473894,11,0.0016540909101339903,True
2,LARGE_MAZE,3213,3213,5,9,5,4,greedy,24,0.012917299987748265,11,0.001174299998886206,True
2,LARGE_MAZE,3213,3213,5,9,5,4,beam_2,24,0.014934200095012784,11,0.0013576545540920713,True
2,LARGE_MAZE,3213,3213,5,9,5,4,beam_3,24,0.021758000133559108,11,0.001978000012141737,True
2,LARGE_MAZE,3281,3281,6,3,1,9,greedy,24,0.025675599928945303,13,0.001975046148380408,True
2,LARGE_MAZE,3281,3281,6,3,1,9,beam_2,24,0.014877899782732129,11,0.001352536343884739,True
2,LARGE_MAZE,3281,3281,6,3,1,9,beam_3,24,0.01651989994570613,11,0.0015018090859732845,True
2,LARGE_MAZE,3369,3369,6,7,1,7,greedy,24,0.027076700003817677,19,0.001425089473885141,False
2,LARGE_MAZE,3369,3369,6,7,1,7,beam_2,24,0.023051300086081028,11,0.002095572735098275,True
2,LARGE_MAZE,3369,3369,6,7,1,7,beam_3,24,0.021463599987328053,11,0.0019512363624843683,True
2,LARGE_MAZE,3439,3439,6,9,5,5,greedy,24,0.01877589989453554,11,0.001706899990412322,True
2,LARGE_MAZE,3439,3439,6,9,5,5,beam_2,24,0.022953999927267432,11,0.002086727266115221,True
2,LARGE_MAZE,3439,3439,6,9,5,5,beam_3,24,0.02614420000463724,11,0.002376745454967022,True
2,LARGE_MAZE,3474,3474,7,1,3,8,greedy,24,0.016018900088965893,11,0.0014562636444514449,True
2,LARGE_MAZE,3474,3474,7,1,3,8,beam_2,24,0.023052999982610345,11,0.002095727271146395,True
2,LARGE_MAZE,3474,3474,7,1,3,8,beam_3,24,0.024647600017488003,11,0.0022406909106807275,True
2,LARGE_MAZE,3530,3530,7,2,5,7,greedy,24,0.02347159991040826,11,0.0021337818100371146,True
2,LARGE_MAZE,3530,3530,7,2,5,7,beam_2,24,0.026657700072973967,11,0.0024234272793612695,True
2,LARGE_MAZE,3530,3530,7,2,5,7,beam_3,24,0.02451030001975596,11,0.002228209092705087,True
2,LARGE_MAZE,3634,3634,7,6,1,1,greedy,24,0.02250099997036159,11,0.0020455454518510537,True
2,LARGE_MAZE,3634,3634,7,6,1,1,beam_2,24,0.02680370002053678,11,0.00243670000186698,True
2,LARGE_MAZE,3634,3634,7,6,1,1,beam_3,24,0.018498799996450543,11,0.0016817090905864131,True
2,LARGE_MAZE,3680,3680,7,7,1,2,greedy,24,0.013783799950033426,11,0.0012530727227303114,True
2,LARGE_MAZE,3680,3680,7,7,1,2,beam_2,24,0.015735600143671036,11,0.0014305091039700942,True
2,LARGE_MAZE,3680,3680,7,7,1,2,beam_3,24,0.019492299994453788,11,0.0017720272722230716,True
2,LARGE_MAZE,3701,3701,7,7,3,10,greedy,24,0.025874700164422393,19,0.0013618263244432839,False
2,LARGE_MAZE,3701,3701,7,7,3,10,beam_2,24,0.021835600025951862,11,0.0019850545478138056,True
2,LARGE_MAZE,3701,3701,7,7,3,10,beam_3,24,0.018129499861970544,11,0.0016481363510882313,True
2,LARGE_MAZE,1750,1750,1,1,1,9,greedy,26,0.028777600033208728,14,0.002055542859514909,True
2,LARGE_MAZE,1750,1750,1,1,1,9,beam_2,26,0.02199539984576404,12,0.0018329499871470034,True
2,LARGE_MAZE,1750,1750,1,1,1,9,beam_3,26,0.027252099942415953,12,0.0022710083285346627,True
2,LARGE_MAZE,1821,1821,1,2,5,10,greedy,26,0.022416100138798356,12,0.001868008344899863,True
2,LARGE_MAZE,1821,1821,1,2,5,10,beam_2,26,0.020012499997392297,12,0.0016677083331160247,True
2,LARGE_MAZE,1821,1821,1,2,5,10,beam_3,26,0.017206599935889244,12,0.0014338833279907703,True
2,LARGE_MAZE,1915,1915,1,4,6,9,greedy,26,0.0392537999432534,19,0.002065989470697547,False
2,LARGE_MAZE,1915,1915,1,4,6,9,beam_2,26,0.02249250002205372,12,0.0018743750018378098,True
2,LARGE_MAZE,1915,1915,1,4,6,9,beam_3,26,0.03148530004546046,12,0.002623775003788372,True
2,LARGE_MAZE,2022,2022,1,8,2,1,greedy,26,0.019166799960657954,12,0.0015972333300548296,True
2,LARGE_MAZE,2022,2022,1,8,2,1,beam_2,26,0.02155170007608831,12,0.0017959750063406925,True
2,LARGE_MAZE,2022,2022,1,8,2,1,beam_3,26,0.026568399975076318,12,0.00221403333125636,True
2,LARGE_MAZE,2059,2059,1,9,1,1,greedy,26,0.017294699791818857,12,0.0014412249826515715,True
2,LARGE_MAZE,2059,2059,1,9,1,1,beam_2,26,0.017604599939659238,12,0.0014670499949716032,True
2,LARGE_MAZE,2059,2059,1,9,1,1,beam_3,26,0.022659699898213148,12,0.0018883083248510957,True
2,LARGE_MAZE,2105,2105,1,10,1,2,greedy,26,0.02255200012587011,12,0.001879333343822509,True
2,LARGE_MAZE,2105,2105,1,10,1,2,beam_2,26,0.02435370022431016,12,0.0020294750186925135,True
2,LARGE_MAZE,2105,2105,1,10,1,2,beam_3,26,0.023879599990323186,12,0.0019899666658602655,True
2,LARGE_MAZE,2155,2155,2,1,1,8,greedy,26,0.03790650004521012,19,0.0019950789497479014,False
2,LARGE_MAZE,2155,2155,2,1,1,8,beam_2,26,0.020531499991193414,12,0.001710958332599451,True
2,LARGE_MAZE,2155,2155,2,1,1,8,beam_3,26,0.025348199997097254,12,0.0021123499997581043,True
2,LARGE_MAZE,2229,2229,2,3,6,7,greedy,26,0.026865100022405386,14,0.001918935715886099,True
2,LARGE_MAZE,2229,2229,2,3,6,7,beam_2,26,0.02520200004801154,12,0.0021001666706676283,True
2,LARGE_MAZE,2229,2229,2,3,6,7,beam_3,26,0.019143200013786554,12,0.0015952666678155463,True
2,LARGE_MAZE,2368,2368,2,10,7,3,greedy,26,0.014774899929761887,12,0.0012312416608134906,True
2,LARGE_MAZE,2368,2368,2,10,7,3,beam_2,26,0.02332499995827675,12,0.0019437499965230625,True
2,LARGE_MAZE,2368,2368,2,10,7,3,beam_3,26,0.01724159996956587,12,0.0014367999974638224,True
2,LARGE_MAZE,2425,2425,3,2,1,8,greedy,26,0.015901000006124377,12,0.001325083333843698,True
2,LARGE_MAZE,2425,2425,3,2,1,8,beam_2,26,0.017827900126576424,12,0.0014856583438813686,True
2,LARGE_MAZE,2425,2425,3,2,1,8,beam_3,26,0.025116499979048967,12,0.0020930416649207473,True
2,LARGE_MAZE,2488,2488,3,3,4,10,greedy,26,0.017587000038474798,12,0.0014655833365395665,True
2,LARGE_MAZE,2488,2488,3,3,4,10,beam_2,26,0.02098819985985756,12,0.0017490166549881299,True
2,LARGE_MAZE,2488,2488,3,3,4,10,beam_3,26,0.019918000092729926,12,0.0016598333410608272,True
2,LARGE_MAZE,2743,2743,3,10,2,1,greedy,26,0.020160799846053123,12,0.0016800666538377602,True
2,LARGE_MAZE,2743,2743,3,10,2,1,beam_2,26,0.025194199988618493,12,0.0020995166657182076,True
2,LARGE_MAZE,2743,2743,3,10,2,1,beam_3,26,0.02692680014297366,12,0.0022439000119144716,True
2,LARGE_MAZE,2785,2785,4,1,1,8,greedy,26,0.018887100042775273,14,0.0013490785744839481,True
2,LARGE_MAZE,2785,2785,4,1,1,8,beam_2,26,0.019826499978080392,12,0.0016522083315066993,True
2,LARGE_MAZE,2785,2785,4,1,1,8,beam_3,26,0.02695810003206134,12,0.0022465083360051117,True
2,LARGE_MAZE,2894,2894,4,10,5,1,greedy,26,0.03919010004028678,19,0.00206263684422562,False
2,LARGE_MAZE,2894,2894,4,10,5,1,beam_2,26,0.0217763998080045,12,0.0018146999840003748,True
2,LARGE_MAZE,2894,2894,4,10,5,1,beam_3,26,0.023662500083446503,12,0.001971875006953875,True
2,LARGE_MAZE,2939,2939,5,1,4,10,greedy,26,0.018598200054839253,12,0.0015498500045699377,True
2,LARGE_MAZE,2939,2939,5,1,4,10,beam_2,26,0.02617529989220202,12,0.002181274991016835,True
2,LARGE_MAZE,2939,2939,5,1,4,10,beam_3,26,0.027832699939608574,12,0.002319391661634048,True
2,LARGE_MAZE,3137,3137,5,5,7,9,greedy,26,0.027841900009661913,19,0.0014653631584032585,False
2,LARGE_MAZE,3137,3137,5,5,7,9,beam_2,26,0.023567300057038665,12,0.0019639416714198887,True
2,LARGE_MAZE,3137,3137,5,5,7,9,beam_3,26,0.021639500046148896,12,0.001803291670512408,True
2,LARGE_MAZE,3176,3176,5,7,7,1,greedy,26,0.019088000059127808,12,0.001590666671593984,True
2,LARGE_MAZE,3176,3176,5,7,7,1,beam_2,26,0.018767300061881542,12,0.0015639416718234618,True
2,LARGE_MAZE,3176,3176,5,7,7,1,beam_3,26,0.030771999852731824,12,0.0025643333210609853,True
2,LARGE_MAZE,3239,3239,5,10,2,3,greedy,26,0.017950499895960093,12,0.0014958749913300078,True
2,LARGE_MAZE,3239,3239,5,10,2,3,beam_2,26,0.02789999986998737,12,0.002324999989165614,True
2,LARGE_MAZE,3239,3239,5,10,2,3,beam_3,26,0.02829720010049641,12,0.002358100008374701,True
2,LARGE_MAZE,3307,3307,6,3,5,10,greedy,26,0.024842899991199374,12,0.002070241665933281,True
2,LARGE_MAZE,3307,3307,6,3,5,10,beam_2,26,0.026765499962493777,12,0.002230458330207815,True
2,LARGE_MAZE,3307,3307,6,3,5,10,beam_3,26,0.02147129992954433,12,0.001789274994128694,True
2,LARGE_MAZE,3374,3374,6,7,2,3,greedy,26,0.03919190005399287,19,0.002062731581789098,False
2,LARGE_MAZE,3374,3374,6,7,2,3,beam_2,26,0.02785700000822544,12,0.00232141666735212,True
2,LARGE_MAZE,3374,3374,6,7,2,3,beam_3,26,0.021473099943250418,12,0.001789424995270868,True
2,LARGE_MAZE,3444,3444,6,9,6,5,greedy,26,0.03743400005623698,19,0.0019702105292756307,False
2,LARGE_MAZE,3444,3444,6,9,6,5,beam_2,26,0.022503300104290247,12,0.0018752750086908538,True
2,LARGE_MAZE,3444,3444,6,9,6,5,beam_3,26,0.02834770013578236,12,0.0023623083446485302,True
2,LARGE_MAZE,3505,3505,7,2,1,8,greedy,26,0.019217099994421005,12,0.0016014249995350838,True
2,LARGE_MAZE,3505,3505,7,2,1,8,beam_2,26,0.028567499946802855,12,0.0023806249955669045,True
2,LARGE_MAZE,3505,3505,7,2,1,8,beam_3,26,0.02675449987873435,12,0.002229541656561196,True
2,LARGE_MAZE,3621,3621,7,5,5,9,greedy,26,0.020499699981883168,12,0.0017083083318235974,True
2,LARGE_MAZE,3621,3621,7,5,5,9,beam_2,26,0.01908620004542172,12,0.0015905166704518099,True
2,LARGE_MAZE,3621,3621,7,5,5,9,beam_3,26,0.025621600216254592,12,0.002135133351354549,True
2,LARGE_MAZE,3692,3692,7,7,2,10,greedy,26,0.02137949992902577,12,0.0017816249940854807,True
2,LARGE_MAZE,3692,3692,7,7,2,10,beam_2,26,0.025218900060281157,12,0.0021015750050234296,True
2,LARGE_MAZE,3692,3692,7,7,2,10,beam_3,26,0.02330389991402626,12,0.0019419916595021884,True
2,LARGE_MAZE,3780,3780,7,10,2,5,greedy,26,0.018843499943614006,12,0.0015702916619678338,True
2,LARGE_MAZE,3780,3780,7,10,2,5,beam_2,26,0.02445819997228682,12,0.0020381833310239017,True
2,LARGE_MAZE,3780,3780,7,10,2,5,beam_3,26,0.021678099874407053,12,0.0018065083228672545,True
2,LARGE_MAZE,1819,1819,1,2,5,7,greedy,28,0.021340599982067943,13,0.0016415846140052264,True
2,LARGE_MAZE,1819,1819,1,2,5,7,beam_2,28,0.024137299973517656,13,0.0018567153825782812,True
2,LARGE_MAZE,1819,1819,1,2,5,7,beam_3,28,0.019995999988168478,13,0.0015381538452437292,True
2,LARGE_MAZE,2027,2027,1,8,3,1,greedy,28,0.016285100020468235,13,0.0012527000015744795,True
2,LARGE_MAZE,2027,2027,1,8,3,1,beam_2,28,0.017131999833509326,13,0.001317846141039179,True
2,LARGE_MAZE,2027,2027,1,8,3,1,beam_3,28,0.02054980001412332,13,0.0015807538472402554,True
2,LARGE_MAZE,2081,2081,1,9,4,1,greedy,28,0.02218679990619421,13,0.001706676915861093,True
2,LARGE_MAZE,2081,2081,1,9,4,1,beam_2,28,0.02960420004092157,13,0.002277246156993967,True
2,LARGE_MAZE,2081,2081,1,9,4,1,beam_3,28,0.030843200162053108,13,0.0023725538586194697,True
2,LARGE_MAZE,2129,2129,1,10,5,1,greedy,28,0.016707200091332197,13,0.0012851692377947844,True
2,LARGE_MAZE,2129,2129,1,10,5,1,beam_2,28,0.017707800026983023,13,0.0013621384636140787,True
2,LARGE_MAZE,2129,2129,1,10,5,1,beam_3,28,0.021902200067415833,13,0.0016847846205704487,True
2,LARGE_MAZE,2173,2173,2,1,4,10,greedy,28,0.025713999988511205,13,0.0019779999991162466,True
2,LARGE_MAZE,2173,2173,2,1,4,10,beam_2,28,0.019061499973759055,13,0.0014662692287506966,True
2,LARGE_MAZE,2173,2173,2,1,4,10,beam_3,28,0.029652899829670787,13,0.0022809922945900606,True
2,LARGE_MAZE,2343,2343,2,10,3,2,greedy,28,0.044324399903416634,19,0.0023328631528114017,False
2,LARGE_MAZE,2343,2343,2,10,3,2,beam_2,28,0.030755399959161878,13,0.002365799996858606,True
2,LARGE_MAZE,2343,2343,2,10,3,2,beam_3,28,0.02689399989321828,13,0.0020687692225552523,True
2,LARGE_MAZE,2395,2395,3,1,3,10,greedy,28,0.02525259996764362,13,0.0019425076898187399,True
2,LARGE_MAZE,2395,2395,3,1,3,10,beam_2,28,0.021746200043708086,13,0.001672784618746776,True
2,LARGE_MAZE,2395,2395,3,1,3,10,beam_3,28,0.03101409994997084,13,0.0023856999961516033,True
2,LARGE_MAZE,2472,2472,3,3,1,10,greedy,28,0.01598090003244579,13,0.00122930000249583,True
2,LARGE_MAZE,2472,2472,3,3,1,10,beam_2,28,0.019241000059992075,13,0.001480076927691698,True
2,LARGE_MAZE,2472,2472,3,3,1,10,beam_3,28,0.01908839982934296,13,0.001468338448410997,True
2,LARGE_MAZE,2771,2771,3,10,7,1,greedy,28,0.02905549993738532,19,0.0015292368388097537,False
2,LARGE_MAZE,2771,2771,3,10,7,1,beam_2,28,0.028541299980133772,13,0.002195484613856444,True
2,LARGE_MAZE,2771,2771,3,10,7,1,beam_3,28,0.02570259990170598,13,0.0019771230693619987,True
2,LARGE_MAZE,2884,2884,4,10,3,2,greedy,28,0.024769200012087822,13,0.0019053230778529094,True
2,LARGE_MAZE,2884,2884,4,10,3,2,beam_2,28,0.025930800009518862,13,0.0019946769238091432,True
2,LARGE_MAZE,2884,2884,4,10,3,2,beam_3,28,0.03010159987024963,13,0.0023155076823268947,True
2,LARGE_MAZE,2946,2946,5,1,5,10,greedy,28,0.02102000010199845,13,0.0016169230847691114,True
2,LARGE_MAZE,2946,2946,5,1,5,10,beam_2,28,0.027105499990284443,13,0.002085038460791111,True
2,LARGE_MAZE,2946,2946,5,1,5,10,beam_3,28,0.02934330003336072,13,0.002257176925643132,True
2,LARGE_MAZE,3140,3140,5,7,1,2,greedy,28,0.024605599930509925,13,0.001892738456193071,True
2,LARGE_MAZE,3140,3140,5,7,1,2,beam_2,28,0.02104169991798699,13,0.0016185923013836145,True
2,LARGE_MAZE,3140,3140,5,7,1,2,beam_3,28,0.021370199974626303,13,0.0016438615365097155,True
2,LARGE_MAZE,3161,3161,5,7,3,10,greedy,28,0.0255196001380682,13,0.0019630461644667844,True
2,LARGE_MAZE,3161,3161,5,7,3,10,beam_2,28,0.026910800021141768,13,0.0020700615400878284,True
2,LARGE_MAZE,3161,3161,5,7,3,10,beam_3,28,0.02540819998830557,13,0.0019544769221773515,True
2,LARGE_MAZE,3225,3225,5,9,7,6,greedy,28,0.036347700050100684,19,0.0019130368447421414,False
2,LARGE_MAZE,3225,3225,5,9,7,6,beam_2,28,0.038857199950143695,19,0.002045115786849668,False
2,LARGE_MAZE,3225,3225,5,9,7,6,beam_3,28,0.03286349982954562,13,0.0025279615253496627,True
2,LARGE_MAZE,3271,3271,5,10,7,7,greedy,28,0.018683600006625056,13,0.0014372000005096197,True
2,LARGE_MAZE,3271,3271,5,10,7,7,beam_2,28,0.026193599915131927,13,0.0020148923011639942,True
2,LARGE_MAZE,3271,3271,5,10,7,7,beam_3,28,0.026779100066050887,13,0.0020599307743116068,True
2,LARGE_MAZE,3377,3377,6,7,2,10,greedy,28,0.017494700150564313,13,0.001345746165428024,True
2,LARGE_MAZE,3377,3377,6,7,2,10,beam_2,28,0.01862110011279583,13,0.00143239231636891,True
2,LARGE_MAZE,3377,3377,6,7,2,10,beam_3,28,0.020225699990987778,13,0.001555823076229829,True
2,LARGE_MAZE,3449,3449,6,9,7,5,greedy,28,0.025696099968627095,13,0.0019766230745097767,True
2,LARGE_MAZE,3449,3449,6,9,7,5,beam_2,28,0.02962889987975359,13,0.00227914614459643,True
2,LARGE_MAZE,3449,3449,6,9,7,5,beam_3,28,0.02888079988770187,13,0.0022215999913616823,True
2,LARGE_MAZE,3524,3524,7,2,4,10,greedy,28,0.015786699950695038,13,0.001214361534668849,True
2,LARGE_MAZE,3524,3524,7,2,4,10,beam_2,28,0.02838160004466772,13,0.0021832000034359787,True
2,LARGE_MAZE,3524,3524,7,2,4,10,beam_3,28,0.026705299969762564,13,0.0020542538438278893,True
2,LARGE_MAZE,3687,3687,7,7,1,10,greedy,28,0.04220469994470477,19,0.002221299997089725,False
2,LARGE_MAZE,3687,3687,7,7,1,10,beam_2,28,0.02511060005053878,13,0.0019315846192722137,True
2,LARGE_MAZE,3687,3687,7,7,1,10,beam_3,28,0.01965589984320104,13,0.0015119922956308494,True
2,LARGE_MAZE,3773,3773,7,10,1,5,greedy,28,0.01764790015295148,13,0.0013575307809962677,True
2,LARGE_MAZE,3773,3773,7,10,1,5,beam_2,28,0.025596800027415156,13,0.0019689846174934735,True
2,LARGE_MAZE,3773,3773,7,10,1,5,beam_3,28,0.021096300100907683,13,0.0016227923154544372,True
2,LARGE_MAZE,1877,1877,1,3,7,9,greedy,30,0.033800699980929494,19,0.001778984209522605,False
2,LARGE_MAZE,1877,1877,1,3,7,9,beam_2,30,0.022774700075387955,14,0.0016267642910991395,True
2,LARGE_MAZE,1877,1877,1,3,7,9,beam_3,30,0.03161880001425743,14,0.002258485715304102,True
2,LARGE_MAZE,2112,2112,1,10,2,1,greedy,30,0.023328799987211823,14,0.001666342856229416,True
2,LARGE_MAZE,2112,2112,1,10,2,1,beam_2,30,0.025805999990552664,14,0.0018432857136109046,True
2,LARGE_MAZE,2112,2112,1,10,2,1,beam_3,30,0.031554599991068244,14,0.0022538999993620174,True
2,LARGE_MAZE,2157,2157,2,1,1,10,greedy,30,0.017504299990832806,14,0.0012503071422023432,True
2,LARGE_MAZE,2157,2157,2,1,1,10,beam_2,30,0.02137380000203848,14,0.0015267000001456057,True
2,LARGE_MAZE,2157,2157,2,1,1,10,beam_3,30,0.03190289996564388,14,0.002278778568974563,True
2,LARGE_MAZE,2366,2366,2,10,7,1,greedy,30,0.024707499891519547,14,0.0017648214208228247,True
2,LARGE_MAZE,2366,2366,2,10,7,1,beam_2,30,0.022993599995970726,14,0.0016423999997121947,True
2,LARGE_MAZE,2366,2366,2,10,7,1,beam_3,30,0.027154000010341406,14,0.0019395714293101005,True
2,LARGE_MAZE,2451,2451,3,2,5,10,greedy,30,0.02424820000305772,14,0.0017320142859326942,True
2,LARGE_MAZE,2451,2451,3,2,5,10,beam_2,30,0.024272300070151687,14,0.0017337357192965491,True
2,LARGE_MAZE,2451,2451,3,2,5,10,beam_3,30,0.02209510002285242,14,0.0015782214302037443,True
2,LARGE_MAZE,2883,2883,4,10,3,1,greedy,30,0.019256599945947528,14,0.0013754714247105376,True
2,LARGE_MAZE,2883,2883,4,10,3,1,beam_2,30,0.022344200173392892,14,0.0015960142980994923,True
2,LARGE_MAZE,2883,2883,4,10,3,1,beam_3,30,0.0197242998983711,14,0.0014088785641693643,True
2,LARGE_MAZE,3047,3047,5,3,7,9,greedy,30,0.019777100067585707,14,0.0014126500048275506,True
2,LARGE_MAZE,3047,3047,5,3,7,9,beam_2,30,0.029665099922567606,14,0.002118935708754829,True
2,LARGE_MAZE,3047,3047,5,3,7,9,beam_3,30,0.0230831999797374,14,0.0016487999985526716,True
2,LARGE_MAZE,3155,3155,5,7,3,3,greedy,30,0.032255500089377165,19,0.0016976578994409035,False
2,LARGE_MAZE,3155,3155,5,7,3,3,beam_2,30,0.019039100036025047,14,0.0013599357168589319,True
2,LARGE_MAZE,3155,3155,5,7,3,3,beam_3,30,0.021820199908688664,14,0.001558585707763476,True
2,LARGE_MAZE,3223,3223,5,9,7,3,greedy,30,0.023388400208204985,14,0.0016706000148717845,True
2,LARGE_MAZE,3223,3223,5,9,7,3,beam_2,30,0.029108700109645724,14,0.0020791928649746944,True
2,LARGE_MAZE,3223,3223,5,9,7,3,beam_3,30,0.029065200127661228,14,0.0020760857234043734,True
2,LARGE_MAZE,3264,3264,5,10,6,7,greedy,30,0.023066299967467785,14,0.0016475928548191274,True
2,LARGE_MAZE,3264,3264,5,10,6,7,beam_2,30,0.02927400008775294,14,0.002091000006268067,True
2,LARGE_MAZE,3264,3264,5,10,6,7,beam_3,30,0.02836260013282299,14,0.0020259000094873564,True
2,LARGE_MAZE,3397,3397,6,7,5,10,greedy,30,0.01968450006097555,14,0.0014060357186411107,True
2,LARGE_MAZE,3397,3397,6,7,5,10,beam_2,30,0.029189799912273884,14,0.0020849857080195633,True
2,LARGE_MAZE,3397,3397,6,7,5,10,beam_3,30,0.026811200194060802,14,0.0019150857281472003,True
2,LARGE_MAZE,3450,3450,6,9,7,6,greedy,30,0.035043800016865134,19,0.0018444105272034282,False
2,LARGE_MAZE,3450,3450,6,9,7,6,beam_2,30,0.02944570011459291,14,0.0021032642938994934,True
2,LARGE_MAZE,3450,3450,6,9,7,6,beam_3,30,0.024082700023427606,14,0.0017201928588162576,True
2,LARGE_MAZE,3532,3532,7,2,5,10,greedy,30,0.018474699929356575,14,0.0013196214235254697,True
2,LARGE_MAZE,3532,3532,7,2,5,10,beam_2,30,0.021565600065514445,14,0.0015404000046796032,True
2,LARGE_MAZE,3532,3532,7,2,5,10,beam_3,30,0.026510800002142787,14,0.0018936285715816276,True
2,LARGE_MAZE,3726,3726,7,9,1,3,greedy,30,0.02447890001349151,14,0.0017484928581065365,True
2,LARGE_MAZE,3726,3726,7,9,1,3,beam_2,30,0.029515699949115515,14,0.00210826428207968,True
2,LARGE_MAZE,3726,3726,7,9,1,3,beam_3,30,0.02928679995238781,14,0.002091914282313415,True
2,LARGE_MAZE,3804,3804,7,10,6,5,greedy,30,0.022060299990698695,14,0.0015757357136213354,True
2,LARGE_MAZE,3804,3804,7,10,6,5,beam_2,30,0.031077600084245205,14,0.0022198285774460863,True
2,LARGE_MAZE,3804,3804,7,10,6,5,beam_3,30,0.031073200050741434,14,0.002219514289338674,True
2,LARGE_MAZE,2134,2134,1,10,5,7,greedy,32,0.03202209994196892,19,0.0016853736811562588,False
2,LARGE_MAZE,2134,2134,1,10,5,7,beam_2,32,0.028931699926033616,15,0.0019287799950689077,True
2,LARGE_MAZE,2134,2134,1,10,5,7,beam_3,32,0.024005299899727106,15,0.0016003533266484738,True
2,LARGE_MAZE,2406,2406,3,1,5,10,greedy,32,0.018171299947425723,15,0.0012114199964950482,True
2,LARGE_MAZE,2406,2406,3,1,5,10,beam_2,32,0.020185899920761585,15,0.0013457266613841057,True
2,LARGE_MAZE,2406,2406,3,1,5,10,beam_3,32,0.030611200025305152,15,0.0020407466683536766,True
2,LARGE_MAZE,3002,3002,5,2,7,9,greedy,32,0.023520200047641993,15,0.0015680133365094662,True
2,LARGE_MAZE,3002,3002,5,2,7,9,beam_2,32,0.03161130007356405,15,0.00210742000490427,True
2,LARGE_MAZE,3002,3002,5,2,7,9,beam_3,32,0.03229169989936054,15,0.0021527799932907024,True
2,LARGE_MAZE,3199,3199,5,9,3,2,greedy,32,0.03670659987255931,19,0.0019319263090820688,False
2,LARGE_MAZE,3199,3199,5,9,3,2,beam_2,32,0.026817800011485815,15,0.0017878533340990542,True
2,LARGE_MAZE,3199,3199,5,9,3,2,beam_3,32,0.025230900151655078,15,0.0016820600101103385,True
2,LARGE_MAZE,3260,3260,5,10,5,7,greedy,32,0.037590800086036325,19,0.0019784631624229646,False
2,LARGE_MAZE,3260,3260,5,10,5,7,beam_2,32,0.01992020010948181,15,0.0013280133406321207,True
2,LARGE_MAZE,3260,3260,5,10,5,7,beam_3,32,0.03413599985651672,15,0.002275733323767781,True
2,LARGE_MAZE,3425,3425,6,9,3,3,greedy,32,0.03812779998406768,19,0.0020067263149509303,False
2,LARGE_MAZE,3425,3425,6,9,3,3,beam_2,32,0.031597299966961145,15,0.0021064866644640765,True
2,LARGE_MAZE,3425,3425,6,9,3,3,beam_3,32,0.03400999982841313,15,0.0022673333218942086,True
2,LARGE_MAZE,3487,3487,7,1,5,10,greedy,32,0.029939600033685565,15,0.0019959733355790375,True
2,LARGE_MAZE,3487,3487,7,1,5,10,beam_2,32,0.03289070003665984,15,0.0021927133357773224,True
2,LARGE_MAZE,3487,3487,7,1,5,10,beam_3,32,0.02528639999218285,15,0.0016857599994788567,True
2,LARGE_MAZE,3716,3716,7,7,6,9,greedy,32,0.027525499928742647,19,0.0014487105225654024,False
2,LARGE_MAZE,3716,3716,7,7,6,9,beam_2,32,0.019611299969255924,15,0.001307419997950395,True
2,LARGE_MAZE,3716,3716,7,7,6,9,beam_3,32,0.02283330005593598,15,0.0015222200037290654,True
2,LARGE_MAZE,3766,3766,7,9,7,6,greedy,32,0.033995999954640865,19,0.001789263155507414,False
2,LARGE_MAZE,3766,3766,7,9,7,6,beam_2,32,0.03742230008356273,15,0.002494820005570849,True
2,LARGE_MAZE,3766,3766,7,9,7,6,beam_3,32,0.035641999915242195,15,0.002376133327682813,True
2,LARGE_MAZE,1833,1833,1,2,7,10,greedy,34,0.03160829981788993,16,0.0019755187386181206,True
2,LARGE_MAZE,1833,1833,1,2,7,10,beam_2,34,0.027844500029459596,16,0.0017402812518412247,True
2,LARGE_MAZE,1833,1833,1,2,7,10,beam_3,34,0.03126309998333454,16,0.001953943748958409,True
2,LARGE_MAZE,2507,2507,3,3,7,9,greedy,34,0.029610800091177225,16,0.0018506750056985766,True
2,LARGE_MAZE,2507,2507,3,3,7,9,beam_2,34,0.02804250014014542,16,0.0017526562587590888,True
2,LARGE_MAZE,2507,2507,3,3,7,9,beam_3,34,0.02948100003413856,16,0.00184256250213366,True
2,LARGE_MAZE,3198,3198,5,9,3,1,greedy,34,0.030284699983894825,16,0.0018927937489934266,True
2,LARGE_MAZE,3198,3198,5,9,3,1,beam_2,34,0.025711500085890293,16,0.0016069687553681433,True
2,LARGE_MAZE,3198,3198,5,9,3,1,beam_3,34,0.023802100215107203,16,0.0014876312634442002,True
2,LARGE_MAZE,3418,3418,6,9,2,1,greedy,34,0.02299869991838932,16,0.0014374187448993325,True
2,LARGE_MAZE,3418,3418,6,9,2,1,beam_2,34,0.03195329988375306,16,0.0019970812427345663,True
2,LARGE_MAZE,3418,3418,6,9,2,1,beam_3,34,0.033559300005435944,16,0.0020974562503397465,True
2,LARGE_MAZE,3486,3486,7,1,5,9,greedy,34,0.02684420021250844,16,0.0016777625132817775,True
2,LARGE_MAZE,3486,3486,7,1,5,9,beam_2,34,0.023926099995151162,16,0.0014953812496969476,True
2,LARGE_MAZE,3486,3486,7,1,5,9,beam_3,34,0.03678550012409687,16,0.0022990937577560544,True
2,LARGE_MAZE,3724,3724,7,9,1,1,greedy,34,0.029213899979367852,16,0.0018258687487104908,True
2,LARGE_MAZE,3724,3724,7,9,1,1,beam_2,34,0.03176570008508861,16,0.001985356255318038,True
2,LARGE_MAZE,3724,3724,7,9,1,1,beam_3,34,0.03616410004906356,16,0.0022602562530664727,True
2,LARGE_MAZE,3770,3770,7,10,1,2,greedy,34,0.025547999888658524,16,0.0015967499930411577,True
2,LARGE_MAZE,3770,3770,7,10,1,2,beam_2,34,0.03385979984886944,16,0.00211623749055434,True
2,LARGE_MAZE,3770,3770,7,10,1,2,beam_3,34,0.03316990006715059,16,0.002073118754196912,True
2,LARGE_MAZE,1788,1788,1,1,7,10,greedy,36,0.03292910009622574,17,0.0019370058880132787,True
2,LARGE_MAZE,1788,1788,1,1,7,10,beam_2,36,0.026259899837896228,17,0.001544699990464484,True
2,LARGE_MAZE,1788,1788,1,1,7,10,beam_3,36,0.03160990006290376,17,0.0018594058860531624,True
2,LARGE_MAZE,2822,2822,4,1,7,9,greedy,36,0.03389340010471642,17,0.0019937294179244954,True
2,LARGE_MAZE,2822,2822,4,1,7,9,beam_2,36,0.030610400019213557,17,0.0018006117658360915,True
2,LARGE_MAZE,2822,2822,4,1,7,9,beam_3,36,0.025966200046241283,17,0.0015274235321318403,True
2,LARGE_MAZE,3440,3440,6,9,5,7,greedy,36,0.03703100001439452,19,0.0019490000007576064,False
2,LARGE_MAZE,3440,3440,6,9,5,7,beam_2,36,0.03168729995377362,19,0.0016677526291459799,True
2,LARGE_MAZE,3440,3440,6,9,5,7,beam_3,36,0.03208149992860854,17,0.0018871470546240315,True
2,LARGE_MAZE,3723,3723,7,7,7,10,greedy,36,0.040165800135582685,17,0.002362694125622511,True
2,LARGE_MAZE,3723,3723,7,7,7,10,beam_2,36,0.03870929987169802,17,0.002277017639511648,True
2,LARGE_MAZE,3723,3723,7,7,7,10,beam_3,36,0.03523369994945824,17,0.0020725705852622494,True
2,LARGE_MAZE,3763,3763,7,9,7,2,greedy,36,0.03182169981300831,17,0.0018718646948828416,True
2,LARGE_MAZE,3763,3763,7,9,7,2,beam_2,36,0.03493499988690019,17,0.0020549999933470696,True
2,LARGE_MAZE,3763,3763,7,9,7,2,beam_3,36,0.03796330001205206,17,0.0022331352948265918,True
2,LARGE_MAZE,3812,3812,7,10,7,7,greedy,36,0.025063199922442436,17,0.0014743058777907316,True
2,LARGE_MAZE,3812,3812,7,10,7,7,beam_2,36,0.03218049998395145,17,0.0018929705872912617,True
2,LARGE_MAZE,3812,3812,7,10,7,7,beam_3,36,0.03847580007277429,17,0.0022632823572220173,True
2,LARGE_MAZE,3182,3182,5,7,7,9,greedy,38,0.028240500018000603,18,0.0015689166676667002,True
2,LARGE_MAZE,3182,3182,5,7,7,9,beam_2,38,0.038300100015476346,18,0.0021277833341931305,True
2,LARGE_MAZE,3182,3182,5,7,7,9,beam_3,38,0.03836170001886785,18,0.0021312055566037693,True
2,LARGE_MAZE,3755,3755,7,9,5,7,greedy,38,0.02505850000306964,19,0.0013188684212141915,False
2,LARGE_MAZE,3755,3755,7,9,5,7,beam_2,38,0.02666299999691546,18,0.0014812777776064144,True
2,LARGE_MAZE,3755,3755,7,9,5,7,beam_3,38,0.04339329991489649,18,0.002410738884160916,True
2,LARGE_MAZE,3805,3805,7,10,6,7,greedy,38,0.037697800202295184,18,0.0020943222334608436,True
2,LARGE_MAZE,3805,3805,7,10,6,7,beam_2,38,0.035842500161379576,18,0.001991250008965532,True
2,LARGE_MAZE,3805,3805,7,10,6,7,beam_3,38,0.027828000020235777,18,0.0015460000011242097,True
2,LARGE_MAZE,3783,3783,7,10,3,1,greedy,40,0.02838180004619062,19,0.0014937789497995063,False
2,LARGE_MAZE,3783,3783,7,10,3,1,beam_2,40,0.03759309998713434,19,0.0019785842098491756,True
2,LARGE_MAZE,3783,3783,7,10,3,1,beam_3,40,0.030494100181385875,19,0.0016049526411255723,True
