cv_fold,maze_name,episode_id,query_index,start_x,start_y,goal_x,goal_y,strategy,requested_steps,compute_seconds,steps_until_stop,seconds_per_step,goal_reached
0,OPEN,0,0,2,2,2,3,greedy,16,0.0139511000015772,1,0.0139511000015772,True
0,OPEN,0,0,2,2,2,3,beam_2,16,0.00515829998767,1,0.00515829998767,True
0,OPEN,0,0,2,2,2,3,beam_3,16,0.0039361999952234,1,0.0039361999952234,True
0,OPEN,31,31,2,4,2,3,greedy,16,0.0054542000289075,1,0.0054542000289075,True
0,OPEN,31,31,2,4,2,3,beam_2,16,0.0075224000029265,1,0.0075224000029265,True
0,OPEN,31,31,2,4,2,3,beam_3,16,0.0093601000262424,1,0.0093601000262424,True
0,OPEN,60,60,3,2,2,2,greedy,16,0.0232140999869443,3,0.0077380333289814,True
0,OPEN,60,60,3,2,2,2,beam_2,16,0.0595830000238493,3,0.0198610000079497,True
0,OPEN,60,60,3,2,2,2,beam_3,16,0.0183202999760396,1,0.0183202999760396,True
0,OPEN,80,80,3,3,3,4,greedy,16,0.0264446000219322,1,0.0264446000219322,True
0,OPEN,80,80,3,3,3,4,beam_2,16,0.0439638000098057,1,0.0439638000098057,True
0,OPEN,80,80,3,3,3,4,beam_3,16,0.0216278999578207,1,0.0216278999578207,True
0,OPEN,99,99,3,4,4,4,greedy,16,0.5383049999945797,16,0.0336440624996612,False
0,OPEN,99,99,3,4,4,4,beam_2,16,0.1067503999802284,5,0.0213500799960456,True
0,OPEN,99,99,3,4,4,4,beam_3,16,0.1256034999969415,5,0.0251206999993883,True
0,OPEN,128,128,4,2,4,3,greedy,16,0.0123192999744787,1,0.0123192999744787,True
0,OPEN,128,128,4,2,4,3,beam_2,16,0.0115868000430054,1,0.0115868000430054,True
0,OPEN,128,128,4,2,4,3,beam_3,16,0.0100364999962039,1,0.0100364999962039,True
0,OPEN,147,147,4,3,5,3,greedy,16,0.0746745999786071,7,0.0106677999969438,True
0,OPEN,147,147,4,3,5,3,beam_2,16,0.0067864000448025,1,0.0067864000448025,True
0,OPEN,147,147,4,3,5,3,beam_3,16,0.0060785999521613,1,0.0060785999521613,True
0,OPEN,172,172,4,5,3,5,greedy,16,0.0067744000116363,1,0.0067744000116363,True
0,OPEN,172,172,4,5,3,5,beam_2,16,0.0343838999979198,1,0.0343838999979198,True
0,OPEN,172,172,4,5,3,5,beam_3,16,0.0046990999835543,1,0.0046990999835543,True
0,OPEN,204,204,5,3,4,3,greedy,16,0.1793667000019922,16,0.0112104187501245,False
0,OPEN,204,204,5,3,4,3,beam_2,16,0.0604556000325828,7,0.0086365142903689,True
0,OPEN,204,204,5,3,4,3,beam_3,16,0.0065534999594092,1,0.0065534999594092,True
0,OPEN,224,224,5,4,5,5,greedy,16,0.0058732000179588,1,0.0058732000179588,True
0,OPEN,224,224,5,4,5,5,beam_2,16,0.0079394000349566,1,0.0079394000349566,True
0,OPEN,224,224,5,4,5,5,beam_3,16,0.0071712000062689,1,0.0071712000062689,True
0,OPEN,7,7,2,2,4,2,greedy,16,0.0858001000015065,10,0.0085800100001506,True
0,OPEN,7,7,2,2,4,2,beam_2,16,0.031362599984277,4,0.0078406499960692,True
0,OPEN,7,7,2,2,4,2,beam_3,16,0.0386482999892905,4,0.0096620749973226,True
0,OPEN,30,30,2,4,2,2,greedy,16,0.0147025000187568,2,0.0073512500093784,True
0,OPEN,30,30,2,4,2,2,beam_2,16,0.0149337000329978,2,0.0074668500164989,True
0,OPEN,30,30,2,4,2,2,beam_3,16,0.0159865000168792,2,0.0079932500084396,True
0,OPEN,50,50,2,5,3,4,greedy,16,0.1384937000111676,16,0.0086558562506979,False
0,OPEN,50,50,2,5,3,4,beam_2,16,0.0162663999944925,2,0.0081331999972462,True
0,OPEN,50,50,2,5,3,4,beam_3,16,0.0200610000174492,2,0.0100305000087246,True
0,OPEN,71,71,3,2,5,2,greedy,16,0.0302096999948844,4,0.0075524249987211,True
0,OPEN,71,71,3,2,5,2,beam_2,16,0.0120361999724991,2,0.0060180999862495,True
0,OPEN,71,71,3,2,5,2,beam_3,16,0.0138477000291459,2,0.0069238500145729,True
0,OPEN,84,84,3,3,4,4,greedy,16,0.0173545000143349,2,0.0086772500071674,True
0,OPEN,84,84,3,3,4,4,beam_2,16,0.0135235000052489,2,0.0067617500026244,True
0,OPEN,84,84,3,3,4,4,beam_3,16,0.0165656000026501,2,0.008282800001325,True
0,OPEN,98,98,3,4,4,3,greedy,16,0.0167054000194184,2,0.0083527000097092,True
0,OPEN,98,98,3,4,4,3,beam_2,16,0.013517600018531,2,0.0067588000092655,True
0,OPEN,98,98,3,4,4,3,beam_3,16,0.0116338999941945,2,0.0058169499970972,True
0,OPEN,114,114,3,5,4,4,greedy,16,0.1308112000115215,16,0.00817570000072,False
0,OPEN,114,114,3,5,4,4,beam_2,16,0.2171700000180862,16,0.0135731250011303,False
0,OPEN,114,114,3,5,4,4,beam_3,16,0.1447781000169925,16,0.009048631251062,False
0,OPEN,132,132,4,2,5,3,greedy,16,0.0090587000013329,2,0.0045293500006664,True
0,OPEN,132,132,4,2,5,3,beam_2,16,0.0103347999975085,2,0.0051673999987542,True
0,OPEN,132,132,4,2,5,3,beam_3,16,0.0126803999883122,2,0.0063401999941561,True
0,OPEN,146,146,4,3,5,2,greedy,16,0.0086896000429987,2,0.0043448000214993,True
0,OPEN,146,146,4,3,5,2,beam_2,16,0.0120492999558337,2,0.0060246499779168,True
0,OPEN,146,146,4,3,5,2,beam_3,16,0.010389800008852,2,0.005194900004426,True
0,OPEN,158,158,4,4,4,2,greedy,16,0.0305611999938264,6,0.0050935333323044,True
0,OPEN,158,158,4,4,4,2,beam_2,16,0.0514823999837972,8,0.0064352999979746,True
0,OPEN,158,158,4,4,4,2,beam_3,16,0.0212932000285945,4,0.0053233000071486,True
0,OPEN,174,174,4,5,4,3,greedy,16,0.0219950000173412,4,0.0054987500043353,True
0,OPEN,174,174,4,5,4,3,beam_2,16,0.0236089999671094,4,0.0059022499917773,True
0,OPEN,174,174,4,5,4,3,beam_3,16,0.0272169000236317,4,0.0068042250059079,True
0,OPEN,200,200,5,3,3,3,greedy,16,0.0441173000144772,8,0.0055146625018096,True
0,OPEN,200,200,5,3,3,3,beam_2,16,0.0222198999836109,4,0.0055549749959027,True
0,OPEN,200,200,5,3,3,3,beam_3,16,0.0099351000390015,2,0.0049675500195007,True
0,OPEN,219,219,5,4,4,3,greedy,16,0.0547900000237859,10,0.0054790000023785,True
0,OPEN,219,219,5,4,4,3,beam_2,16,0.0103370000142604,2,0.0051685000071302,True
0,OPEN,219,219,5,4,4,3,beam_3,16,0.0104671000153757,2,0.0052335500076878,True
0,OPEN,238,238,5,5,5,3,greedy,16,0.0089801999856717,2,0.0044900999928358,True
0,OPEN,238,238,5,5,5,3,beam_2,16,0.0096002999925985,2,0.0048001499962992,True
0,OPEN,238,238,5,5,5,3,beam_3,16,0.0107649999554269,2,0.0053824999777134,True
0,OPEN,21,21,2,3,3,5,greedy,16,0.0142008000402711,3,0.0047336000134237,True
0,OPEN,21,21,2,3,3,5,beam_2,16,0.0152346999966539,3,0.0050782333322179,True
0,OPEN,21,21,2,3,3,5,beam_3,16,0.0190321000409312,3,0.006344033346977,True
0,OPEN,38,38,2,4,4,3,greedy,16,0.1138440000358969,16,0.0071152500022435,False
0,OPEN,38,38,2,4,4,3,beam_2,16,0.0171505999751389,3,0.0057168666583796,True
0,OPEN,38,38,2,4,4,3,beam_3,16,0.0201461999677121,3,0.0067153999892373,True
0,OPEN,54,54,2,5,4,4,greedy,16,0.1548370999516919,16,0.0096773187469807,False
0,OPEN,54,54,2,5,4,4,beam_2,16,0.183544100029394,16,0.0114715062518371,False
0,OPEN,54,54,2,5,4,4,beam_3,16,0.0970946000306867,9,0.0107882888922985,True
0,OPEN,72,72,3,2,5,3,greedy,16,0.0281662000343203,3,0.0093887333447734,True
0,OPEN,72,72,3,2,5,3,beam_2,16,0.0327442999696359,3,0.0109147666565453,True
0,OPEN,72,72,3,2,5,3,beam_3,16,0.0341263000154867,3,0.0113754333384955,True
0,OPEN,90,90,3,4,2,2,greedy,16,0.0255585000268183,3,0.0085195000089394,True
0,OPEN,90,90,3,4,2,2,beam_2,16,0.0251029999926686,3,0.0083676666642228,True
0,OPEN,90,90,3,4,2,2,beam_3,16,0.0501363000366836,3,0.0167121000122278,True
0,OPEN,109,109,3,5,3,2,greedy,16,0.0568597000092268,5,0.0113719400018453,True
0,OPEN,109,109,3,5,3,2,beam_2,16,0.0639628999633714,5,0.0127925799926742,True
0,OPEN,109,109,3,5,3,2,beam_3,16,0.0197656999807804,3,0.0065885666602601,True
0,OPEN,130,130,4,2,4,5,greedy,16,0.0351587000186555,5,0.0070317400037311,True
0,OPEN,130,130,4,2,4,5,beam_2,16,0.052510000008624,5,0.0105020000017248,True
0,OPEN,130,130,4,2,4,5,beam_3,16,0.0352493000100366,5,0.0070498600020073,True
0,OPEN,149,149,4,3,5,5,greedy,16,0.0520532999653369,7,0.0074361857093338,True
0,OPEN,149,149,4,3,5,5,beam_2,16,0.0337253999896347,5,0.0067450799979269,True
0,OPEN,149,149,4,3,5,5,beam_3,16,0.0224835999542847,3,0.0074945333180949,True
0,OPEN,167,167,4,5,2,4,greedy,16,0.0240543000400066,3,0.0080181000133355,True
0,OPEN,167,167,4,5,2,4,beam_2,16,0.0224710999755188,3,0.0074903666585062,True
0,OPEN,167,167,4,5,2,4,beam_3,16,0.02594850002788,3,0.0086495000092933,True
0,OPEN,185,185,5,2,3,3,greedy,16,0.1578204999677837,16,0.0098637812479864,False
0,OPEN,185,185,5,2,3,3,beam_2,16,0.0271327999653294,3,0.0090442666551098,True
0,OPEN,185,185,5,2,3,3,beam_3,16,0.0251462999731302,3,0.0083820999910434,True
0,OPEN,201,201,5,3,3,4,greedy,16,0.1542475000023841,16,0.009640468750149,False
0,OPEN,201,201,5,3,3,4,beam_2,16,0.1613642000011168,16,0.0100852625000698,False
0,OPEN,201,201,5,3,3,4,beam_3,16,0.021573600010015,3,0.0071912000033383,True
0,OPEN,218,218,5,4,4,2,greedy,16,0.0188703999738208,3,0.0062901333246069,True
0,OPEN,218,218,5,4,4,2,beam_2,16,0.0184600999928079,3,0.0061533666642693,True
0,OPEN,218,218,5,4,4,2,beam_3,16,0.0280135999782942,3,0.0093378666594314,True
0,OPEN,6,6,2,2,3,5,greedy,16,0.0389264000114053,4,0.0097316000028513,True
0,OPEN,6,6,2,2,3,5,beam_2,16,0.0405557000194676,4,0.0101389250048669,True
0,OPEN,6,6,2,2,3,5,beam_3,16,0.047142099996563,4,0.0117855249991407,True
0,OPEN,28,28,2,3,5,4,greedy,16,0.0396112999878823,4,0.0099028249969705,True
0,OPEN,28,28,2,3,5,4,beam_2,16,0.0349591000122018,4,0.0087397750030504,True
0,OPEN,28,28,2,3,5,4,beam_3,16,0.0350038000033237,4,0.0087509500008309,True
0,OPEN,53,53,2,5,4,3,greedy,16,0.125924699997995,16,0.0078702937498746,False
0,OPEN,53,53,2,5,4,3,beam_2,16,0.028328499989584,4,0.007082124997396,True
0,OPEN,53,53,2,5,4,3,beam_3,16,0.0247744999942369,4,0.0061936249985592,True
0,OPEN,89,89,3,3,5,5,greedy,16,0.0359297999530099,4,0.0089824499882524,True
0,OPEN,89,89,3,3,5,5,beam_2,16,0.0354536999948322,4,0.008863424998708,True
0,OPEN,89,89,3,3,5,5,beam_3,16,0.0365462000481784,4,0.0091365500120446,True
0,OPEN,122,122,4,2,2,4,greedy,16,0.1312144999974407,16,0.00820090624984,False
0,OPEN,122,122,4,2,2,4,beam_2,16,0.0268211000366136,4,0.0067052750091534,True
0,OPEN,122,122,4,2,2,4,beam_3,16,0.0317963000270538,4,0.0079490750067634,True
0,OPEN,166,166,4,5,2,3,greedy,16,0.0302637999993748,4,0.0075659499998437,True
0,OPEN,166,166,4,5,2,3,beam_2,16,0.0301972000161185,4,0.0075493000040296,True
0,OPEN,166,166,4,5,2,3,beam_3,16,0.0369499999796971,4,0.0092374999949242,True
0,OPEN,191,191,5,2,4,5,greedy,16,0.0235791000304743,4,0.0058947750076185,True
0,OPEN,191,191,5,2,4,5,beam_2,16,0.0270754999946802,4,0.00676887499867,True
0,OPEN,191,191,5,2,4,5,beam_3,16,0.0277604000293649,4,0.0069401000073412,True
0,OPEN,213,213,5,4,2,5,greedy,16,0.0353393999976106,4,0.0088348499994026,True
0,OPEN,213,213,5,4,2,5,beam_2,16,0.0326521000242792,4,0.0081630250060698,True
0,OPEN,213,213,5,4,2,5,beam_3,16,0.0302031000028364,4,0.0075507750007091,True
0,OPEN,10,10,2,2,4,5,greedy,16,0.0264030999969691,5,0.0052806199993938,True
0,OPEN,10,10,2,2,4,5,beam_2,16,0.039657499990426,5,0.0079314999980852,True
0,OPEN,10,10,2,2,4,5,beam_3,16,0.0338797000003978,5,0.0067759400000795,True
0,OPEN,57,57,2,5,5,3,greedy,16,0.0468668999965302,7,0.0066952714280757,True
0,OPEN,57,57,2,5,5,3,beam_2,16,0.0356652000336907,5,0.0071330400067381,True
0,OPEN,57,57,2,5,5,3,beam_3,16,0.0422381999669596,5,0.0084476399933919,True
0,OPEN,182,182,5,2,2,4,greedy,16,0.0515034000272862,7,0.0073576285753266,True
0,OPEN,182,182,5,2,2,4,beam_2,16,0.0487714000046253,7,0.0069673428578036,True
0,OPEN,182,182,5,2,2,4,beam_3,16,0.0375019000493921,5,0.0075003800098784,True
0,OPEN,229,229,5,5,3,2,greedy,16,0.0281728999689221,5,0.0056345799937844,True
0,OPEN,229,229,5,5,3,2,beam_2,16,0.0334615999599918,5,0.0066923199919983,True
0,OPEN,229,229,5,5,3,2,beam_3,16,0.0500576999620534,5,0.0100115399924106,True
0,U_MAZE,240,240,2,2,2,3,greedy,16,0.0061008000047877,1,0.0061008000047877,True
0,U_MAZE,240,240,2,2,2,3,beam_2,16,0.0052655999897979,1,0.0052655999897979,True
0,U_MAZE,240,240,2,2,2,3,beam_3,16,0.0057252999977208,1,0.0057252999977208,True
0,U_MAZE,260,260,2,4,2,5,greedy,16,0.1329739000066183,16,0.0083108687504136,False
0,U_MAZE,260,260,2,4,2,5,beam_2,16,0.0059278000262565,1,0.0059278000262565,True
0,U_MAZE,260,260,2,4,2,5,beam_3,16,0.0045569000067189,1,0.0045569000067189,True
0,U_MAZE,290,290,4,2,5,2,greedy,16,0.0645307999802753,11,0.0058664363618432,True
0,U_MAZE,290,290,4,2,5,2,beam_2,16,0.0047675999812781,1,0.0047675999812781,True
0,U_MAZE,290,290,4,2,5,2,beam_3,16,0.0036312000011093,1,0.0036312000011093,True
0,U_MAZE,319,319,5,4,5,3,greedy,16,0.0040875999839045,1,0.0040875999839045,True
0,U_MAZE,319,319,5,4,5,3,beam_2,16,0.003711299970746,1,0.003711299970746,True
0,U_MAZE,319,319,5,4,5,3,beam_3,16,0.0050058000488206,1,0.0050058000488206,True
0,U_MAZE,251,251,2,3,2,5,greedy,16,0.0870483000180684,16,0.0054405187511292,False
0,U_MAZE,251,251,2,3,2,5,beam_2,16,0.0105215000221505,2,0.0052607500110752,True
0,U_MAZE,251,251,2,3,2,5,beam_3,16,0.0100999000133015,2,0.0050499500066507,True
0,U_MAZE,281,281,3,2,5,2,greedy,16,0.0083148999838158,2,0.0041574499919079,True
0,U_MAZE,281,281,3,2,5,2,beam_2,16,0.0100320000201463,2,0.0050160000100731,True
0,U_MAZE,281,281,3,2,5,2,beam_3,16,0.0095496000139974,2,0.0047748000069987,True
0,U_MAZE,308,308,5,3,4,2,greedy,16,0.0081013000453822,2,0.0040506500226911,True
0,U_MAZE,308,308,5,3,4,2,beam_2,16,0.0085547999478876,2,0.0042773999739438,True
0,U_MAZE,308,308,5,3,4,2,beam_3,16,0.0090620000264607,2,0.0045310000132303,True
0,U_MAZE,245,245,2,2,5,2,greedy,16,0.0440730999689549,9,0.0048970111076616,True
0,U_MAZE,245,245,2,2,5,2,beam_2,16,0.0166524999658577,3,0.0055508333219525,True
0,U_MAZE,245,245,2,2,5,2,beam_3,16,0.0168722000089474,3,0.0056240666696491,True
0,U_MAZE,282,282,3,2,5,3,greedy,16,0.012150099966675,3,0.004050033322225,True
0,U_MAZE,282,282,3,2,5,3,beam_2,16,0.0135293999919667,3,0.0045097999973222,True
0,U_MAZE,282,282,3,2,5,3,beam_3,16,0.0156698999926447,3,0.0052232999975482,True
0,U_MAZE,307,307,5,3,3,2,greedy,16,0.0143280999618582,3,0.0047760333206194,True
0,U_MAZE,307,307,5,3,3,2,beam_2,16,0.0138102000346407,3,0.0046034000115469,True
0,U_MAZE,307,307,5,3,3,2,beam_3,16,0.0184745999868027,3,0.0061581999956009,True
0,U_MAZE,262,262,2,4,4,2,greedy,16,0.0175564999808557,4,0.0043891249952139,True
0,U_MAZE,262,262,2,4,4,2,beam_2,16,0.0188620999688282,4,0.004715524992207,True
0,U_MAZE,262,262,2,4,4,2,beam_3,16,0.0224527000100351,4,0.0056131750025087,True
0,U_MAZE,293,293,4,2,5,5,greedy,16,0.0696647999575361,14,0.004976057139824,True
0,U_MAZE,293,293,4,2,5,5,beam_2,16,0.0206268999609164,4,0.0051567249902291,True
0,U_MAZE,293,293,4,2,5,5,beam_3,16,0.0213599000126123,4,0.005339975003153,True
0,U_MAZE,247,247,2,2,5,4,greedy,16,0.0534626999869942,11,0.0048602454533631,True
0,U_MAZE,247,247,2,2,5,4,beam_2,16,0.0261610999586991,5,0.0052322199917398,True
0,U_MAZE,247,247,2,2,5,4,beam_3,16,0.0265154999797232,5,0.0053030999959446,True
0,U_MAZE,288,288,4,2,2,5,greedy,16,0.0212104999809525,5,0.0042420999961905,True
0,U_MAZE,288,288,4,2,2,5,beam_2,16,0.0239897000137716,5,0.0047979400027543,True
0,U_MAZE,288,288,4,2,2,5,beam_3,16,0.029537700000219,5,0.0059075400000438,True
0,U_MAZE,248,248,2,2,5,5,greedy,16,0.0665987000102177,12,0.0055498916675181,True
0,U_MAZE,248,248,2,2,5,5,beam_2,16,0.0482626000302843,8,0.0060328250037855,True
0,U_MAZE,248,248,2,2,5,5,beam_3,16,0.0414794000098481,6,0.0069132333349746,True
0,U_MAZE,305,305,5,3,2,4,greedy,16,0.0525948000140488,10,0.0052594800014048,True
0,U_MAZE,305,305,5,3,2,4,beam_2,16,0.0341423999634571,6,0.0056903999939095,True
0,U_MAZE,305,305,5,3,2,4,beam_3,16,0.0475479000015184,6,0.007924650000253,True
0,U_MAZE,273,273,2,5,5,3,greedy,16,0.0393982999958097,7,0.0056283285708299,True
0,U_MAZE,273,273,2,5,5,3,beam_2,16,0.0489750999840907,7,0.0069964428548701,True
0,U_MAZE,273,273,2,5,5,3,beam_3,16,0.0482978000072762,7,0.0068996857153251,True
0,U_MAZE,274,274,2,5,5,4,greedy,18,0.043371699983254,8,0.0054214624979067,True
0,U_MAZE,274,274,2,5,5,4,beam_2,18,0.0487565000075846,8,0.006094562500948,True
0,U_MAZE,274,274,2,5,5,4,beam_3,18,0.0441860000137239,8,0.0055232500017154,True
0,SMALL_MAZE,420,420,2,2,2,3,greedy,16,0.0045540999853983,1,0.0045540999853983,True
0,SMALL_MAZE,420,420,2,2,2,3,beam_2,16,0.0042121000005863,1,0.0042121000005863,True
0,SMALL_MAZE,420,420,2,2,2,3,beam_3,16,0.003996499988716,1,0.003996499988716,True
0,SMALL_MAZE,431,431,2,5,2,4,greedy,16,0.0033888000180013,1,0.0033888000180013,True
0,SMALL_MAZE,431,431,2,5,2,4,beam_2,16,0.0050252000219188,1,0.0050252000219188,True
0,SMALL_MAZE,431,431,2,5,2,4,beam_3,16,0.0036885000299662,1,0.0036885000299662,True
0,SMALL_MAZE,440,440,5,4,5,5,greedy,16,0.0041290000081062,1,0.0041290000081062,True
0,SMALL_MAZE,440,440,5,4,5,5,beam_2,16,0.0034788000048138,1,0.0034788000048138,True
0,SMALL_MAZE,440,440,5,4,5,5,beam_3,16,0.0043114000000059,1,0.0043114000000059,True
0,SMALL_MAZE,430,430,2,5,2,3,greedy,16,0.0090046999976038,2,0.0045023499988019,True
0,SMALL_MAZE,430,430,2,5,2,3,beam_2,16,0.0089601000072434,2,0.0044800500036217,True
0,SMALL_MAZE,430,430,2,5,2,3,beam_3,16,0.0082499000127427,2,0.0041249500063713,True
0,SMALL_MAZE,422,422,2,2,2,5,greedy,16,0.0138176000327803,3,0.0046058666775934,True
0,SMALL_MAZE,422,422,2,2,2,5,beam_2,16,0.0129649000009521,3,0.0043216333336507,True
0,SMALL_MAZE,422,422,2,2,2,5,beam_3,16,0.01431820000289,3,0.0047727333342966,True
0,MEDIUM_MAZE,444,444,1,1,1,2,greedy,16,0.0035664999741129,1,0.0035664999741129,True
0,MEDIUM_MAZE,444,444,1,1,1,2,beam_2,16,0.0037889000377617,1,0.0037889000377617,True
0,MEDIUM_MAZE,444,444,1,1,1,2,beam_3,16,0.0041317999712191,1,0.0041317999712191,True
0,MEDIUM_MAZE,500,500,1,5,2,5,greedy,16,0.0034899999736808,1,0.0034899999736808,True
0,MEDIUM_MAZE,500,500,1,5,2,5,beam_2,16,0.0038940000231377,1,0.0038940000231377,True
0,MEDIUM_MAZE,500,500,1,5,2,5,beam_3,16,0.0033547999919392,1,0.0033547999919392,True
0,MEDIUM_MAZE,570,570,2,2,1,2,greedy,16,0.020060500013642,5,0.0040121000027284,True
0,MEDIUM_MAZE,570,570,2,2,1,2,beam_2,16,0.0130193000077269,3,0.0043397666692423,True
0,MEDIUM_MAZE,570,570,2,2,1,2,beam_3,16,0.0047442999784834,1,0.0047442999784834,True
0,MEDIUM_MAZE,621,621,2,5,1,5,greedy,16,0.0037061000475659,1,0.0037061000475659,True
0,MEDIUM_MAZE,621,621,2,5,1,5,beam_2,16,0.0041915000183507,1,0.0041915000183507,True
0,MEDIUM_MAZE,621,621,2,5,1,5,beam_3,16,0.0033494000090286,1,0.0033494000090286,True
0,MEDIUM_MAZE,675,675,3,3,2,3,greedy,16,0.0036956999683752,1,0.0036956999683752,True
0,MEDIUM_MAZE,675,675,3,3,2,3,beam_2,16,0.0032153999782167,1,0.0032153999782167,True
0,MEDIUM_MAZE,675,675,3,3,2,3,beam_3,16,0.0042545999749563,1,0.0042545999749563,True
0,MEDIUM_MAZE,726,726,3,5,2,5,greedy,16,0.0033970000222325,1,0.0033970000222325,True
0,MEDIUM_MAZE,726,726,3,5,2,5,beam_2,16,0.0047013000003062,1,0.0047013000003062,True
0,MEDIUM_MAZE,726,726,3,5,2,5,beam_3,16,0.003599900053814,1,0.003599900053814,True
0,MEDIUM_MAZE,781,781,4,2,4,1,greedy,16,0.0814318999764509,16,0.0050894937485281,False
0,MEDIUM_MAZE,781,781,4,2,4,1,beam_2,16,0.0039141000015661,1,0.0039141000015661,True
0,MEDIUM_MAZE,781,781,4,2,4,1,beam_3,16,0.0034894999698735,1,0.0034894999698735,True
0,MEDIUM_MAZE,830,830,4,5,3,5,greedy,16,0.0032933999900706,1,0.0032933999900706,True
0,MEDIUM_MAZE,830,830,4,5,3,5,beam_2,16,0.0038229000056162,1,0.0038229000056162,True
0,MEDIUM_MAZE,830,830,4,5,3,5,beam_3,16,0.0035753999836742,1,0.0035753999836742,True
0,MEDIUM_MAZE,889,889,5,1,6,1,greedy,16,0.0836370000033639,16,0.0052273125002102,False
0,MEDIUM_MAZE,889,889,5,1,6,1,beam_2,16,0.0037836999981664,1,0.0037836999981664,True
0,MEDIUM_MAZE,889,889,5,1,6,1,beam_3,16,0.0033219000324606,1,0.0033219000324606,True
0,MEDIUM_MAZE,960,960,5,6,4,6,greedy,16,0.0044068999704904,1,0.0044068999704904,True
0,MEDIUM_MAZE,960,960,5,6,4,6,beam_2,16,0.0031912000267766,1,0.0031912000267766,True
0,MEDIUM_MAZE,960,960,5,6,4,6,beam_3,16,0.0040014999685809,1,0.0040014999685809,True
0,MEDIUM_MAZE,1038,1038,6,4,5,4,greedy,16,0.0887468999717384,16,0.0055466812482336,False
0,MEDIUM_MAZE,1038,1038,6,4,5,4,beam_2,16,0.0055844000307843,1,0.0055844000307843,True
0,MEDIUM_MAZE,1038,1038,6,4,5,4,beam_3,16,0.0059343000175431,1,0.0059343000175431,True
0,MEDIUM_MAZE,1093,1093,6,6,6,5,greedy,16,0.0042715999879874,1,0.0042715999879874,True
0,MEDIUM_MAZE,1093,1093,6,6,6,5,beam_2,16,0.00528319994919,1,0.00528319994919,True
0,MEDIUM_MAZE,1093,1093,6,6,6,5,beam_3,16,0.0045852000475861,1,0.0045852000475861,True
0,MEDIUM_MAZE,504,504,1,5,3,5,greedy,16,0.0084972999757155,2,0.0042486499878577,True
0,MEDIUM_MAZE,504,504,1,5,3,5,beam_2,16,0.0100164000177755,2,0.0050082000088877,True
0,MEDIUM_MAZE,504,504,1,5,3,5,beam_3,16,0.0095870000077411,2,0.0047935000038705,True
0,MEDIUM_MAZE,577,577,2,2,3,3,greedy,16,0.0090430999989621,2,0.004521549999481,True
0,MEDIUM_MAZE,577,577,2,2,3,3,beam_2,16,0.0115503999986685,2,0.0057751999993342,True
0,MEDIUM_MAZE,577,577,2,2,3,3,beam_3,16,0.0098212999873794,2,0.0049106499936897,True
0,MEDIUM_MAZE,622,622,2,5,1,6,greedy,16,0.0083160999929532,2,0.0041580499964766,True
0,MEDIUM_MAZE,622,622,2,5,1,6,beam_2,16,0.0083908999804407,2,0.0041954499902203,True
0,MEDIUM_MAZE,622,622,2,5,1,6,beam_3,16,0.0101888999924995,2,0.0050944499962497,True
0,MEDIUM_MAZE,674,674,3,3,2,2,greedy,16,0.0824666999978944,16,0.0051541687498684,False
0,MEDIUM_MAZE,674,674,3,3,2,2,beam_2,16,0.080519400013145,14,0.0057513857152246,True
0,MEDIUM_MAZE,674,674,3,3,2,2,beam_3,16,0.008913500001654,2,0.004456750000827,True
0,MEDIUM_MAZE,701,701,3,4,2,5,greedy,16,0.0079376000212505,2,0.0039688000106252,True
0,MEDIUM_MAZE,701,701,3,4,2,5,beam_2,16,0.0080549999838694,2,0.0040274999919347,True
0,MEDIUM_MAZE,701,701,3,4,2,5,beam_3,16,0.0097503999713808,2,0.0048751999856904,True
0,MEDIUM_MAZE,728,728,3,5,3,3,greedy,16,0.0086004000040702,2,0.0043002000020351,True
0,MEDIUM_MAZE,728,728,3,5,3,3,beam_2,16,0.0088276999886147,2,0.0044138499943073,True
0,MEDIUM_MAZE,728,728,3,5,3,3,beam_3,16,0.0086534000001847,2,0.0043267000000923,True
0,MEDIUM_MAZE,785,785,4,2,5,1,greedy,16,0.0779136000201106,16,0.0048696000012569,False
0,MEDIUM_MAZE,785,785,4,2,5,1,beam_2,16,0.0978774999966844,16,0.0061173437497927,False
0,MEDIUM_MAZE,785,785,4,2,5,1,beam_3,16,0.0122485000174492,2,0.0061242500087246,True
0,MEDIUM_MAZE,812,812,4,3,5,4,greedy,16,0.0565582999843172,10,0.0056558299984317,True
0,MEDIUM_MAZE,812,812,4,3,5,4,beam_2,16,0.0101201000506989,2,0.0050600500253494,True
0,MEDIUM_MAZE,812,812,4,3,5,4,beam_3,16,0.0100669999956153,2,0.0050334999978076,True
0,MEDIUM_MAZE,868,868,4,6,6,6,greedy,16,0.0542496000416576,10,0.0054249600041657,True
0,MEDIUM_MAZE,868,868,4,6,6,6,beam_2,16,0.008584700000938,2,0.004292350000469,True
0,MEDIUM_MAZE,868,868,4,6,6,6,beam_3,16,0.0122543000034056,2,0.0061271500017028,True
0,MEDIUM_MAZE,916,916,5,3,6,4,greedy,16,0.0090318000293336,2,0.0045159000146668,True
0,MEDIUM_MAZE,916,916,5,3,6,4,beam_2,16,0.008888799988199,2,0.0044443999940995,True
0,MEDIUM_MAZE,916,916,5,3,6,4,beam_3,16,0.0115228999638929,2,0.0057614499819464,True
0,MEDIUM_MAZE,981,981,6,1,4,1,greedy,16,0.0082196000148542,2,0.0041098000074271,True
0,MEDIUM_MAZE,981,981,6,1,4,1,beam_2,16,0.0089794999803416,2,0.0044897499901708,True
0,MEDIUM_MAZE,981,981,6,1,4,1,beam_3,16,0.0095034000114537,2,0.0047517000057268,True
0,MEDIUM_MAZE,1064,1064,6,5,5,6,greedy,16,0.008640700019896,2,0.004320350009948,True
0,MEDIUM_MAZE,1064,1064,6,5,5,6,beam_2,16,0.0087889999849721,2,0.004394499992486,True
0,MEDIUM_MAZE,1064,1064,6,5,5,6,beam_3,16,0.0090410999837331,2,0.0045205499918665,True
0,MEDIUM_MAZE,503,503,1,5,3,4,greedy,16,0.0131230999832041,3,0.004374366661068,True
0,MEDIUM_MAZE,503,503,1,5,3,4,beam_2,16,0.0127577999955974,3,0.0042525999985324,True
0,MEDIUM_MAZE,503,503,1,5,3,4,beam_3,16,0.0144335000077262,3,0.004811166669242,True
0,MEDIUM_MAZE,582,582,2,2,4,3,greedy,16,0.0122837999952025,3,0.0040945999984008,True
0,MEDIUM_MAZE,582,582,2,2,4,3,beam_2,16,0.0138747000019066,3,0.0046249000006355,True
0,MEDIUM_MAZE,582,582,2,2,4,3,beam_3,16,0.0149552000220865,3,0.0049850666740288,True
0,MEDIUM_MAZE,627,627,2,5,3,3,greedy,16,0.013973600056488,3,0.004657866685496,True
0,MEDIUM_MAZE,627,627,2,5,3,3,beam_2,16,0.0134832999901846,3,0.0044944333300615,True
0,MEDIUM_MAZE,627,627,2,5,3,3,beam_3,16,0.0145589999738149,3,0.0048529999912716,True
0,MEDIUM_MAZE,673,673,3,3,2,1,greedy,16,0.0519813999999314,11,0.0047255818181755,True
0,MEDIUM_MAZE,673,673,3,3,2,1,beam_2,16,0.0654561999836005,11,0.0059505636348727,True
0,MEDIUM_MAZE,673,673,3,3,2,1,beam_3,16,0.0159664999810047,3,0.0053221666603349,True
0,MEDIUM_MAZE,696,696,3,4,1,5,greedy,16,0.0139004999655298,3,0.0046334999885099,True
0,MEDIUM_MAZE,696,696,3,4,1,5,beam_2,16,0.0150495000416412,3,0.0050165000138804,True
0,MEDIUM_MAZE,696,696,3,4,1,5,beam_3,16,0.0169829999795183,3,0.0056609999931727,True
0,MEDIUM_MAZE,711,711,3,4,5,3,greedy,16,0.0127717000432312,3,0.0042572333477437,True
0,MEDIUM_MAZE,711,711,3,4,5,3,beam_2,16,0.0129981999634765,3,0.0043327333211588,True
0,MEDIUM_MAZE,711,711,3,4,5,3,beam_3,16,0.0144687999854795,3,0.0048229333284931,True
0,MEDIUM_MAZE,753,753,4,1,3,3,greedy,16,0.013199400040321,3,0.0043998000134403,True
0,MEDIUM_MAZE,753,753,4,1,3,3,beam_2,16,0.0136949999723583,3,0.0045649999907861,True
0,MEDIUM_MAZE,753,753,4,1,3,3,beam_3,16,0.0148201999836601,3,0.00494006666122,True
0,MEDIUM_MAZE,787,787,4,2,5,4,greedy,16,0.0116765000275336,3,0.0038921666758445,True
0,MEDIUM_MAZE,787,787,4,2,5,4,beam_2,16,0.0151256999815814,3,0.0050418999938604,True
0,MEDIUM_MAZE,787,787,4,2,5,4,beam_3,16,0.0139832000131718,3,0.0046610666710572,True
0,MEDIUM_MAZE,816,816,4,3,6,4,greedy,16,0.0484548999811522,9,0.0053838777756835,True
0,MEDIUM_MAZE,816,816,4,3,6,4,beam_2,16,0.0124592999927699,3,0.0041530999975899,True
0,MEDIUM_MAZE,816,816,4,3,6,4,beam_3,16,0.0170356999733485,3,0.0056785666577828,True
0,MEDIUM_MAZE,851,851,4,6,2,5,greedy,16,0.0117963000084273,3,0.0039321000028091,True
0,MEDIUM_MAZE,851,851,4,6,2,5,beam_2,16,0.0125960999866947,3,0.0041986999955649,True
0,MEDIUM_MAZE,851,851,4,6,2,5,beam_3,16,0.014958799991291,3,0.0049862666637636,True
0,MEDIUM_MAZE,904,904,5,3,3,4,greedy,16,0.0849963000509888,16,0.0053122687531868,False
0,MEDIUM_MAZE,904,904,5,3,3,4,beam_2,16,0.0153743999544531,3,0.0051247999848177,True
0,MEDIUM_MAZE,904,904,5,3,3,4,beam_3,16,0.0166717999964021,3,0.0055572666654673,True
0,MEDIUM_MAZE,943,943,5,4,6,6,greedy,16,0.0121828999835997,3,0.0040609666611999,True
0,MEDIUM_MAZE,943,943,5,4,6,6,beam_2,16,0.0132974000298418,3,0.0044324666766139,True
0,MEDIUM_MAZE,943,943,5,4,6,6,beam_3,16,0.0152535999659448,3,0.0050845333219816,True
0,MEDIUM_MAZE,1033,1033,6,4,4,3,greedy,16,0.0864471999811939,16,0.0054029499988246,False
0,MEDIUM_MAZE,1033,1033,6,4,4,3,beam_2,16,0.0152653999975882,3,0.0050884666658627,True
0,MEDIUM_MAZE,1033,1033,6,4,4,3,beam_3,16,0.0150508999940939,3,0.0050169666646979,True
0,MEDIUM_MAZE,1088,1088,6,6,5,4,greedy,16,0.0126653999905101,3,0.0042217999968367,True
0,MEDIUM_MAZE,1088,1088,6,6,5,4,beam_2,16,0.0138651999877765,3,0.0046217333292588,True
0,MEDIUM_MAZE,1088,1088,6,6,5,4,beam_3,16,0.0151725999894551,3,0.0050575333298183,True
0,MEDIUM_MAZE,509,509,1,5,4,6,greedy,16,0.0169953000149689,4,0.0042488250037422,True
0,MEDIUM_MAZE,509,509,1,5,4,6,beam_2,16,0.0205768999876454,4,0.0051442249969113,True
0,MEDIUM_MAZE,509,509,1,5,4,6,beam_3,16,0.019224599993322,4,0.0048061499983305,True
0,MEDIUM_MAZE,579,579,2,2,3,5,greedy,16,0.0162221000064164,4,0.0040555250016041,True
0,MEDIUM_MAZE,579,579,2,2,3,5,beam_2,16,0.0226728999987244,4,0.0056682249996811,True
0,MEDIUM_MAZE,579,579,2,2,3,5,beam_3,16,0.0243280000286176,4,0.0060820000071544,True
0,MEDIUM_MAZE,608,608,2,3,4,5,greedy,16,0.0213803000515326,4,0.0053450750128831,True
0,MEDIUM_MAZE,608,608,2,3,4,5,beam_2,16,0.0257026000181213,4,0.0064256500045303,True
0,MEDIUM_MAZE,608,608,2,3,4,5,beam_3,16,0.0254210999701172,4,0.0063552749925293,True
0,MEDIUM_MAZE,652,652,2,6,3,3,greedy,16,0.0199690000154078,4,0.0049922500038519,True
0,MEDIUM_MAZE,652,652,2,6,3,3,beam_2,16,0.0255303000449202,4,0.00638257501123,True
0,MEDIUM_MAZE,652,652,2,6,3,3,beam_3,16,0.0237149999593384,4,0.0059287499898346,True
0,MEDIUM_MAZE,684,684,3,3,4,6,greedy,16,0.0403753999853506,8,0.0050469249981688,True
0,MEDIUM_MAZE,684,684,3,3,4,6,beam_2,16,0.0201983000151813,4,0.0050495750037953,True
0,MEDIUM_MAZE,684,684,3,3,4,6,beam_3,16,0.0319102000212296,4,0.0079775500053074,True
0,MEDIUM_MAZE,698,698,3,4,2,1,greedy,16,0.0167979999678209,4,0.0041994999919552,True
0,MEDIUM_MAZE,698,698,3,4,2,1,beam_2,16,0.021104399987962,4,0.0052760999969905,True
0,MEDIUM_MAZE,698,698,3,4,2,1,beam_3,16,0.0218255000072531,4,0.0054563750018132,True
0,MEDIUM_MAZE,731,731,3,5,4,2,greedy,16,0.0188684000167995,4,0.0047171000041998,True
0,MEDIUM_MAZE,731,731,3,5,4,2,beam_2,16,0.0208501000306569,4,0.0052125250076642,True
0,MEDIUM_MAZE,731,731,3,5,4,2,beam_3,16,0.019804399984423,4,0.0049510999961057,True
0,MEDIUM_MAZE,762,762,4,1,5,4,greedy,16,0.0179176999954506,4,0.0044794249988626,True
0,MEDIUM_MAZE,762,762,4,1,5,4,beam_2,16,0.0196809000335633,4,0.0049202250083908,True
0,MEDIUM_MAZE,762,762,4,1,5,4,beam_3,16,0.0219625000027008,4,0.0054906250006752,True
0,MEDIUM_MAZE,795,795,4,3,1,2,greedy,16,0.0165151000255718,4,0.0041287750063929,True
0,MEDIUM_MAZE,795,795,4,3,1,2,beam_2,16,0.0195402999524958,4,0.0048850749881239,True
0,MEDIUM_MAZE,795,795,4,3,1,2,beam_3,16,0.0222598999971523,4,0.005564974999288,True
0,MEDIUM_MAZE,817,817,4,3,6,5,greedy,16,0.0178015000419691,4,0.0044503750104922,True
0,MEDIUM_MAZE,817,817,4,3,6,5,beam_2,16,0.0200881999917328,4,0.0050220499979332,True
0,MEDIUM_MAZE,817,817,4,3,6,5,beam_3,16,0.0193084999918937,4,0.0048271249979734,True
0,MEDIUM_MAZE,846,846,4,6,1,5,greedy,16,0.0161903999978676,4,0.0040475999994669,True
0,MEDIUM_MAZE,846,846,4,6,1,5,beam_2,16,0.0222203000448644,4,0.0055550750112161,True
0,MEDIUM_MAZE,846,846,4,6,1,5,beam_3,16,0.0201704999781213,4,0.0050426249945303,True
0,MEDIUM_MAZE,886,886,5,1,5,3,greedy,16,0.0672977999784052,14,0.0048069857127432,True
0,MEDIUM_MAZE,886,886,5,1,5,3,beam_2,16,0.018581099982839,4,0.0046452749957097,True
0,MEDIUM_MAZE,886,886,5,1,5,3,beam_3,16,0.0204465999850071,4,0.0051116499962517,True
0,MEDIUM_MAZE,925,925,5,4,2,3,greedy,16,0.0207019000081345,4,0.0051754750020336,True
0,MEDIUM_MAZE,925,925,5,4,2,3,beam_2,16,0.0235912000061944,4,0.0058978000015486,True
0,MEDIUM_MAZE,925,925,5,4,2,3,beam_3,16,0.0230724999564699,4,0.0057681249891174,True
0,MEDIUM_MAZE,954,954,5,6,3,4,greedy,16,0.061791300016921,12,0.00514927500141,True
0,MEDIUM_MAZE,954,954,5,6,3,4,beam_2,16,0.0192061000270769,4,0.0048015250067692,True
0,MEDIUM_MAZE,954,954,5,6,3,4,beam_3,16,0.0208221999928355,4,0.0052055499982088,True
0,MEDIUM_MAZE,1032,1032,6,4,4,2,greedy,16,0.0787789999740198,16,0.0049236874983762,True
0,MEDIUM_MAZE,1032,1032,6,4,4,2,beam_2,16,0.0552295999950729,10,0.0055229599995072,True
0,MEDIUM_MAZE,1032,1032,6,4,4,2,beam_3,16,0.0211160999606363,4,0.005279024990159,True
0,MEDIUM_MAZE,1087,1087,6,6,5,3,greedy,16,0.016876499983482,4,0.0042191249958705,True
0,MEDIUM_MAZE,1087,1087,6,6,5,3,beam_2,16,0.020957900036592,4,0.005239475009148,True
0,MEDIUM_MAZE,1087,1087,6,6,5,3,beam_3,16,0.0235855999635532,4,0.0058963999908883,True
0,MEDIUM_MAZE,486,486,1,2,5,3,greedy,16,0.022154500009492,5,0.0044309000018984,True
0,MEDIUM_MAZE,486,486,1,2,5,3,beam_2,16,0.0251902000163681,5,0.0050380400032736,True
0,MEDIUM_MAZE,486,486,1,2,5,3,beam_3,16,0.0275171999819576,5,0.0055034399963915,True
0,MEDIUM_MAZE,534,534,1,6,4,6,greedy,16,0.0658932999940589,13,0.0050687153841583,True
0,MEDIUM_MAZE,534,534,1,6,4,6,beam_2,16,0.0342037999653257,5,0.0068407599930651,True
0,MEDIUM_MAZE,534,534,1,6,4,6,beam_3,16,0.0383386999601498,5,0.0076677399920299,True
0,MEDIUM_MAZE,580,580,2,2,4,1,greedy,16,0.0238287000101991,5,0.0047657400020398,True
0,MEDIUM_MAZE,580,580,2,2,4,1,beam_2,16,0.021942899969872,5,0.0043885799939744,True
0,MEDIUM_MAZE,580,580,2,2,4,1,beam_3,16,0.0232294999877922,5,0.0046458999975584,True
0,MEDIUM_MAZE,609,609,2,3,4,6,greedy,16,0.0231906999833881,5,0.0046381399966776,True
0,MEDIUM_MAZE,609,609,2,3,4,6,beam_2,16,0.0215289000188931,5,0.0043057800037786,True
0,MEDIUM_MAZE,609,609,2,3,4,6,beam_3,16,0.0241848999867215,5,0.0048369799973443,True
0,MEDIUM_MAZE,636,636,2,5,5,3,greedy,16,0.0679081000271253,16,0.0042442562516953,False
0,MEDIUM_MAZE,636,636,2,5,5,3,beam_2,16,0.0176059000077657,5,0.0035211800015531,True
0,MEDIUM_MAZE,636,636,2,5,5,3,beam_3,16,0.0182097000069916,5,0.0036419400013983,True
0,MEDIUM_MAZE,672,672,3,3,1,6,greedy,16,0.0158530999906361,5,0.0031706199981272,True
0,MEDIUM_MAZE,672,672,3,3,1,6,beam_2,16,0.0183373999898321,5,0.0036674799979664,True
0,MEDIUM_MAZE,672,672,3,3,1,6,beam_3,16,0.0181932999985292,5,0.0036386599997058,True
0,MEDIUM_MAZE,710,710,3,4,5,1,greedy,16,0.0168119999580085,5,0.0033623999916017,True
0,MEDIUM_MAZE,710,710,3,4,5,1,beam_2,16,0.0201378000201657,5,0.0040275600040331,True
0,MEDIUM_MAZE,710,710,3,4,5,1,beam_3,16,0.0183219999889843,5,0.0036643999977968,True
0,MEDIUM_MAZE,730,730,3,5,4,1,greedy,16,0.0171499999705702,5,0.003429999994114,True
0,MEDIUM_MAZE,730,730,3,5,4,1,beam_2,16,0.0179390999837778,5,0.0035878199967555,True
0,MEDIUM_MAZE,730,730,3,5,4,1,beam_3,16,0.0185874999733641,5,0.0037174999946728,True
0,MEDIUM_MAZE,766,766,4,1,6,4,greedy,16,0.0164573999936692,5,0.0032914799987338,True
0,MEDIUM_MAZE,766,766,4,1,6,4,beam_2,16,0.0170047000283375,5,0.0034009400056675,True
0,MEDIUM_MAZE,766,766,4,1,6,4,beam_3,16,0.0206557000055909,5,0.0041311400011181,True
0,MEDIUM_MAZE,792,792,4,2,6,5,greedy,16,0.0205876999534666,5,0.0041175399906933,True
0,MEDIUM_MAZE,792,792,4,2,6,5,beam_2,16,0.0178661000099964,5,0.0035732200019992,True
0,MEDIUM_MAZE,792,792,4,2,6,5,beam_3,16,0.0191441999631933,5,0.0038288399926386,True
0,MEDIUM_MAZE,815,815,4,3,6,2,greedy,16,0.0554354999912902,16,0.0034647187494556,False
0,MEDIUM_MAZE,815,815,4,3,6,2,beam_2,16,0.0783287999802269,16,0.0048955499987641,False
0,MEDIUM_MAZE,815,815,4,3,6,2,beam_3,16,0.1164856000104919,16,0.0072803500006557,False
0,MEDIUM_MAZE,841,841,4,5,6,4,greedy,16,0.0368627000134438,7,0.0052661000019205,True
0,MEDIUM_MAZE,841,841,4,5,6,4,beam_2,16,0.0272760999505408,5,0.0054552199901081,True
0,MEDIUM_MAZE,841,841,4,5,6,4,beam_3,16,0.0324220000184141,5,0.0064844000036828,True
0,MEDIUM_MAZE,875,875,5,1,2,3,greedy,16,0.0257183000212535,5,0.0051436600042507,True
0,MEDIUM_MAZE,875,875,5,1,2,3,beam_2,16,0.0335616000229492,5,0.0067123200045898,True
0,MEDIUM_MAZE,875,875,5,1,2,3,beam_3,16,0.0342017000075429,5,0.0068403400015085,True
0,MEDIUM_MAZE,901,901,5,3,2,5,greedy,16,0.0475928999949246,9,0.005288099999436,True
0,MEDIUM_MAZE,901,901,5,3,2,5,beam_2,16,0.0267859000014141,5,0.0053571800002828,True
0,MEDIUM_MAZE,901,901,5,3,2,5,beam_3,16,0.0178368000197224,5,0.0035673600039444,True
0,MEDIUM_MAZE,930,930,5,4,3,5,greedy,16,0.017822400026489,5,0.0035644800052978,True
0,MEDIUM_MAZE,930,930,5,4,3,5,beam_2,16,0.0197242000140249,5,0.0039448400028049,True
0,MEDIUM_MAZE,930,930,5,4,3,5,beam_3,16,0.019761599949561,5,0.0039523199899122,True
0,MEDIUM_MAZE,953,953,5,6,3,3,greedy,16,0.0191352000110782,5,0.0038270400022156,True
0,MEDIUM_MAZE,953,953,5,6,3,3,beam_2,16,0.019322199979797,5,0.0038644399959594,True
0,MEDIUM_MAZE,953,953,5,6,3,3,beam_3,16,0.0202380999689921,5,0.0040476199937984,True
0,MEDIUM_MAZE,1025,1025,6,4,2,3,greedy,16,0.0201919999672099,5,0.0040383999934419,True
0,MEDIUM_MAZE,1025,1025,6,4,2,3,beam_2,16,0.0273173000314272,5,0.0054634600062854,True
0,MEDIUM_MAZE,1025,1025,6,4,2,3,beam_3,16,0.0314818999613635,5,0.0062963799922727,True
0,MEDIUM_MAZE,1055,1055,6,5,3,5,greedy,16,0.0310032999841496,5,0.0062006599968299,True
0,MEDIUM_MAZE,1055,1055,6,5,3,5,beam_2,16,0.0261367000057362,5,0.0052273400011472,True
0,MEDIUM_MAZE,1055,1055,6,5,3,5,beam_3,16,0.0347855999716557,5,0.0069571199943311,True
0,MEDIUM_MAZE,454,454,1,1,3,5,greedy,16,0.0356613000039942,6,0.0059435500006657,True
0,MEDIUM_MAZE,454,454,1,1,3,5,beam_2,16,0.0308338999748229,6,0.0051389833291371,True
0,MEDIUM_MAZE,454,454,1,1,3,5,beam_3,16,0.0402176000061444,6,0.0067029333343574,True
0,MEDIUM_MAZE,483,483,1,2,4,5,greedy,16,0.0292913999874144,6,0.0048818999979024,True
0,MEDIUM_MAZE,483,483,1,2,4,5,beam_2,16,0.0391298999893479,6,0.0065216499982246,True
0,MEDIUM_MAZE,483,483,1,2,4,5,beam_3,16,0.0303921000449918,6,0.0050653500074986,True
0,MEDIUM_MAZE,518,518,1,5,6,6,greedy,16,0.0345582999871112,6,0.0057597166645185,True
0,MEDIUM_MAZE,518,518,1,5,6,6,beam_2,16,0.041552499984391,6,0.0069254166640651,True
0,MEDIUM_MAZE,518,518,1,5,6,6,beam_3,16,0.0428061999846249,6,0.0071343666641041,True
0,MEDIUM_MAZE,555,555,2,1,4,1,greedy,16,0.0561768999905325,6,0.0093628166650887,True
0,MEDIUM_MAZE,555,555,2,1,4,1,beam_2,16,0.0403070999891497,6,0.0067178499981916,True
0,MEDIUM_MAZE,555,555,2,1,4,1,beam_3,16,0.0360370999551378,6,0.0060061833258563,True
0,MEDIUM_MAZE,584,584,2,2,4,6,greedy,16,0.0355721999658271,6,0.0059286999943045,True
0,MEDIUM_MAZE,584,584,2,2,4,6,beam_2,16,0.0616775000235065,6,0.010279583337251,True
0,MEDIUM_MAZE,584,584,2,2,4,6,beam_3,16,0.050870900042355,6,0.0084784833403925,True
0,MEDIUM_MAZE,614,614,2,3,6,1,greedy,16,0.0311798999900929,6,0.0051966499983488,True
0,MEDIUM_MAZE,614,614,2,3,6,1,beam_2,16,0.1517550999997183,6,0.0252925166666197,True
0,MEDIUM_MAZE,614,614,2,3,6,1,beam_3,16,0.0428335000178776,6,0.0071389166696462,True
0,MEDIUM_MAZE,637,637,2,5,5,4,greedy,16,0.1557083000079728,16,0.0097317687504983,False
0,MEDIUM_MAZE,637,637,2,5,5,4,beam_2,16,0.0595653000054881,6,0.0099275500009146,True
0,MEDIUM_MAZE,637,637,2,5,5,4,beam_3,16,0.2169597999891266,6,0.0361599666648544,True
0,MEDIUM_MAZE,668,668,2,6,6,6,greedy,16,0.0977343000122346,6,0.0162890500020391,True
0,MEDIUM_MAZE,668,668,2,6,6,6,beam_2,16,0.0746271999669261,6,0.0124378666611543,True
0,MEDIUM_MAZE,668,668,2,6,6,6,beam_3,16,0.0434373999596573,6,0.0072395666599428,True
0,MEDIUM_MAZE,719,719,3,5,1,1,greedy,16,0.0327587000210769,6,0.0054597833368461,True
0,MEDIUM_MAZE,719,719,3,5,1,1,beam_2,16,0.0422000999678857,6,0.0070333499946476,True
0,MEDIUM_MAZE,719,719,3,5,1,1,beam_3,16,0.0746691999956965,6,0.0124448666659494,True
0,MEDIUM_MAZE,751,751,4,1,2,5,greedy,16,0.0470013000303879,6,0.0078335500050646,True
0,MEDIUM_MAZE,751,751,4,1,2,5,beam_2,16,0.0637701000086963,6,0.0106283500014493,True
0,MEDIUM_MAZE,751,751,4,1,2,5,beam_3,16,0.0528890999848954,6,0.0088148499974825,True
0,MEDIUM_MAZE,777,777,4,2,2,6,greedy,16,0.0931037999689579,16,0.0058189874980598,False
0,MEDIUM_MAZE,777,777,4,2,2,6,beam_2,16,0.0339514999650418,6,0.0056585833275069,True
0,MEDIUM_MAZE,777,777,4,2,2,6,beam_3,16,0.0413552999962121,6,0.0068925499993686,True
0,MEDIUM_MAZE,820,820,4,5,1,2,greedy,16,0.0760953000281006,12,0.0063412750023417,True
0,MEDIUM_MAZE,820,820,4,5,1,2,beam_2,16,0.0363902000244706,6,0.0060650333374117,True
0,MEDIUM_MAZE,820,820,4,5,1,2,beam_3,16,0.034975700022187,6,0.0058292833370311,True
0,MEDIUM_MAZE,857,857,4,6,4,2,greedy,16,0.0910945999785326,16,0.0056934124986582,False
0,MEDIUM_MAZE,857,857,4,6,4,2,beam_2,16,0.0312643999932333,6,0.0052107333322055,True
0,MEDIUM_MAZE,857,857,4,6,4,2,beam_3,16,0.0369365999940782,6,0.006156099999013,True
0,MEDIUM_MAZE,894,894,5,3,1,1,greedy,16,0.0324477999820373,6,0.0054079666636728,True
0,MEDIUM_MAZE,894,894,5,3,1,1,beam_2,16,0.0584413000033237,6,0.0097402166672206,True
0,MEDIUM_MAZE,894,894,5,3,1,1,beam_3,16,0.0516895999899134,6,0.0086149333316522,True
0,MEDIUM_MAZE,920,920,5,4,1,2,greedy,16,0.0547584000159986,8,0.0068448000019998,True
0,MEDIUM_MAZE,920,920,5,4,1,2,beam_2,16,0.0481873000389896,8,0.0060234125048737,True
0,MEDIUM_MAZE,920,920,5,4,1,2,beam_3,16,0.0501017000060528,6,0.0083502833343421,True
0,MEDIUM_MAZE,947,947,5,6,1,6,greedy,16,0.0608198000118136,6,0.0101366333353022,True
0,MEDIUM_MAZE,947,947,5,6,1,6,beam_2,16,0.0919358999817632,6,0.0153226499969605,True
0,MEDIUM_MAZE,947,947,5,6,1,6,beam_3,16,0.2091586000169627,6,0.0348597666694937,True
0,MEDIUM_MAZE,988,988,6,1,5,4,greedy,16,0.0353266999591141,6,0.005887783326519,True
0,MEDIUM_MAZE,988,988,6,1,5,4,beam_2,16,0.0309332000324502,6,0.0051555333387417,True
0,MEDIUM_MAZE,988,988,6,1,5,4,beam_3,16,0.033183200052008,6,0.0055305333420013,True
0,MEDIUM_MAZE,1036,1036,6,4,5,1,greedy,16,0.0250374000170268,6,0.0041729000028378,True
0,MEDIUM_MAZE,1036,1036,6,4,5,1,beam_2,16,0.0482856000307947,6,0.0080476000051324,True
0,MEDIUM_MAZE,1036,1036,6,4,5,1,beam_3,16,0.0387089999858289,6,0.0064514999976381,True
0,MEDIUM_MAZE,1071,1071,6,6,1,5,greedy,16,0.0240964999538846,6,0.0040160833256474,True
0,MEDIUM_MAZE,1071,1071,6,6,1,5,beam_2,16,0.0246055999887175,6,0.0041009333314529,True
0,MEDIUM_MAZE,1071,1071,6,6,1,5,beam_3,16,0.031434399948921,6,0.0052390666581535,True
0,MEDIUM_MAZE,455,455,1,1,4,1,greedy,16,0.0252364999614655,7,0.0036052142802093,True
0,MEDIUM_MAZE,455,455,1,1,4,1,beam_2,16,0.030033600050956,7,0.0042905142929937,True
0,MEDIUM_MAZE,455,455,1,1,4,1,beam_3,16,0.0302045999560505,7,0.0043149428508643,True
0,MEDIUM_MAZE,484,484,1,2,4,6,greedy,16,0.0245645000250078,7,0.0035092142892868,True
0,MEDIUM_MAZE,484,484,1,2,4,6,beam_2,16,0.0300859999842941,7,0.0042979999977563,True
0,MEDIUM_MAZE,484,484,1,2,4,6,beam_3,16,0.0281601999886333,7,0.0040228857126619,True
0,MEDIUM_MAZE,505,505,1,5,4,1,greedy,16,0.0274576999945566,7,0.0039225285706509,True
0,MEDIUM_MAZE,505,505,1,5,4,1,beam_2,16,0.0269532999955117,7,0.0038504714279302,True
0,MEDIUM_MAZE,505,505,1,5,4,1,beam_3,16,0.0275560999871231,7,0.0039365857124461,True
0,MEDIUM_MAZE,536,536,1,6,5,3,greedy,16,0.0220036000246182,7,0.0031433714320883,True
0,MEDIUM_MAZE,536,536,1,6,5,3,beam_2,16,0.0250771999708376,7,0.003582457138691,True
0,MEDIUM_MAZE,536,536,1,6,5,3,beam_3,16,0.0273428999935276,7,0.0039061285705039,True
0,MEDIUM_MAZE,560,560,2,1,5,1,greedy,16,0.028918900003191,7,0.0041312714290272,True
0,MEDIUM_MAZE,560,560,2,1,5,1,beam_2,16,0.0296770999557338,7,0.0042395857079619,True
0,MEDIUM_MAZE,560,560,2,1,5,1,beam_3,16,0.0389953000121749,7,0.0055707571445964,True
0,MEDIUM_MAZE,592,592,2,2,6,5,greedy,16,0.0299132999498397,7,0.0042733285642628,True
0,MEDIUM_MAZE,592,592,2,2,6,5,beam_2,16,0.0293429000303149,7,0.0041918428614735,True
0,MEDIUM_MAZE,592,592,2,2,6,5,beam_3,16,0.0306040000286884,7,0.0043720000040983,True
0,MEDIUM_MAZE,641,641,2,5,6,4,greedy,16,0.0230768999899737,7,0.0032966999985676,True
0,MEDIUM_MAZE,641,641,2,5,6,4,beam_2,16,0.0323232000228017,7,0.0046176000032573,True
0,MEDIUM_MAZE,641,641,2,5,6,4,beam_3,16,0.0289678000262938,7,0.0041382571466134,True
0,MEDIUM_MAZE,667,667,2,6,6,5,greedy,16,0.0353307999903336,7,0.0050472571414762,True
0,MEDIUM_MAZE,667,667,2,6,6,5,beam_2,16,0.0399771999800577,9,0.0044419111088953,True
0,MEDIUM_MAZE,667,667,2,6,6,5,beam_3,16,0.0365573000162839,7,0.0052224714308977,True
0,MEDIUM_MAZE,752,752,4,1,2,6,greedy,16,0.1040524000418372,16,0.0065032750026148,False
0,MEDIUM_MAZE,752,752,4,1,2,6,beam_2,16,0.0360112999915145,7,0.0051444714273592,True
0,MEDIUM_MAZE,752,752,4,1,2,6,beam_3,16,0.0354626000043936,7,0.0050660857149133,True
0,MEDIUM_MAZE,819,819,4,5,1,1,greedy,16,0.0301868999958969,7,0.0043124142851281,True
0,MEDIUM_MAZE,819,819,4,5,1,1,beam_2,16,0.0342386999982409,7,0.0048912428568915,True
0,MEDIUM_MAZE,819,819,4,5,1,1,beam_3,16,0.0371315999655053,7,0.0053045142807864,True
0,MEDIUM_MAZE,870,870,5,1,1,2,greedy,16,0.0360722999903373,9,0.0040080333322597,True
0,MEDIUM_MAZE,870,870,5,1,1,2,beam_2,16,0.0414557000040076,9,0.0046061888893341,True
0,MEDIUM_MAZE,870,870,5,1,1,2,beam_3,16,0.0290718000032939,7,0.0041531142861848,True
0,MEDIUM_MAZE,897,897,5,3,1,6,greedy,16,0.0622486000065691,11,0.0056589636369608,True
0,MEDIUM_MAZE,897,897,5,3,1,6,beam_2,16,0.028066300030332,7,0.0040094714329045,True
0,MEDIUM_MAZE,897,897,5,3,1,6,beam_3,16,0.0367089000064879,7,0.0052441285723554,True
0,MEDIUM_MAZE,949,949,5,6,2,2,greedy,16,0.0958355999900959,16,0.0059897249993809,False
0,MEDIUM_MAZE,949,949,5,6,2,2,beam_2,16,0.0834633000195026,7,0.0119233285742146,True
0,MEDIUM_MAZE,949,949,5,6,2,2,beam_3,16,0.0398333999910391,7,0.0056904857130055,True
0,MEDIUM_MAZE,1000,1000,6,2,2,3,greedy,16,0.0369086000137031,7,0.0052726571448147,True
0,MEDIUM_MAZE,1000,1000,6,2,2,3,beam_2,16,0.0378427999676205,7,0.0054061142810886,True
0,MEDIUM_MAZE,1000,1000,6,2,2,3,beam_3,16,0.0450793000054545,7,0.0064399000007792,True
0,MEDIUM_MAZE,1026,1026,6,4,2,5,greedy,16,0.094396400032565,16,0.0058997750020353,False
0,MEDIUM_MAZE,1026,1026,6,4,2,5,beam_2,16,0.0403587999753654,7,0.0057655428536236,True
0,MEDIUM_MAZE,1026,1026,6,4,2,5,beam_3,16,0.0442866000230424,7,0.0063266571461489,True
0,MEDIUM_MAZE,1061,1061,6,5,5,1,greedy,16,0.037125599978026,7,0.005303657139718,True
0,MEDIUM_MAZE,1061,1061,6,5,5,1,beam_2,16,0.0403712000115774,7,0.0057673142873682,True
0,MEDIUM_MAZE,1061,1061,6,5,5,1,beam_3,16,0.0417694000061601,7,0.0059670571437371,True
0,MEDIUM_MAZE,451,451,1,1,2,6,greedy,18,0.0954941000090912,18,0.0053052277782828,False
0,MEDIUM_MAZE,451,451,1,1,2,6,beam_2,18,0.1261526000453159,18,0.0070084777802953,False
0,MEDIUM_MAZE,451,451,1,1,2,6,beam_3,18,0.0644270000047981,8,0.0080533750005997,True
0,MEDIUM_MAZE,488,488,1,2,5,6,greedy,18,0.0433896000031381,8,0.0054237000003922,True
0,MEDIUM_MAZE,488,488,1,2,5,6,beam_2,18,0.0454561000224202,8,0.0056820125028025,True
0,MEDIUM_MAZE,488,488,1,2,5,6,beam_3,18,0.0504863999667577,8,0.0063107999958447,True
0,MEDIUM_MAZE,516,516,1,5,6,4,greedy,18,0.0447976000141352,8,0.0055997000017669,True
0,MEDIUM_MAZE,516,516,1,5,6,4,beam_2,18,0.0674017000128515,8,0.0084252125016064,True
0,MEDIUM_MAZE,516,516,1,5,6,4,beam_3,18,0.0891087999916635,8,0.0111385999989579,True
0,MEDIUM_MAZE,542,542,1,6,6,5,greedy,18,0.0317944000125862,8,0.0039743000015732,True
0,MEDIUM_MAZE,542,542,1,6,6,5,beam_2,18,0.0339036000077612,8,0.0042379500009701,True
0,MEDIUM_MAZE,542,542,1,6,6,5,beam_3,18,0.0354650000226683,8,0.0044331250028335,True
0,MEDIUM_MAZE,590,590,2,2,6,2,greedy,18,0.0801085000275634,18,0.0044504722237535,False
0,MEDIUM_MAZE,590,590,2,2,6,2,beam_2,18,0.0331866000196896,8,0.0041483250024612,True
0,MEDIUM_MAZE,590,590,2,2,6,2,beam_3,18,0.0345169000211171,8,0.0043146125026396,True
0,MEDIUM_MAZE,666,666,2,6,6,4,greedy,18,0.03567120002117,8,0.0044589000026462,True
0,MEDIUM_MAZE,666,666,2,6,6,4,beam_2,18,0.0403628000058233,8,0.0050453500007279,True
0,MEDIUM_MAZE,666,666,2,6,6,4,beam_3,18,0.049427599995397,8,0.0061784499994246,True
0,MEDIUM_MAZE,844,844,4,6,1,1,greedy,18,0.0463619999936781,8,0.0057952499992097,True
0,MEDIUM_MAZE,844,844,4,6,1,1,beam_2,18,0.0418108999729156,8,0.0052263624966144,True
0,MEDIUM_MAZE,844,844,4,6,1,1,beam_3,18,0.0401119000161998,8,0.0050139875020249,True
0,MEDIUM_MAZE,885,885,5,1,4,6,greedy,18,0.0781182999489829,18,0.0043399055527212,False
0,MEDIUM_MAZE,885,885,5,1,4,6,beam_2,18,0.0342440999811515,8,0.0042805124976439,True
0,MEDIUM_MAZE,885,885,5,1,4,6,beam_3,18,0.0471794999903067,8,0.0058974374987883,True
0,MEDIUM_MAZE,956,956,5,6,4,1,greedy,18,0.0346304000122472,8,0.0043288000015309,True
0,MEDIUM_MAZE,956,956,5,6,4,1,beam_2,18,0.0381968999863602,8,0.004774612498295,True
0,MEDIUM_MAZE,956,956,5,6,4,1,beam_3,18,0.049821900029201,8,0.0062277375036501,True
0,MEDIUM_MAZE,992,992,6,1,6,5,greedy,18,0.0373150999657809,8,0.0046643874957226,True
0,MEDIUM_MAZE,992,992,6,1,6,5,beam_2,18,0.047336500021629,8,0.0059170625027036,True
0,MEDIUM_MAZE,992,992,6,1,6,5,beam_3,18,0.0554734000470489,8,0.0069341750058811,True
0,MEDIUM_MAZE,1021,1021,6,4,1,5,greedy,18,0.0422108999919146,8,0.0052763624989893,True
0,MEDIUM_MAZE,1021,1021,6,4,1,5,beam_2,18,0.0500287000322714,8,0.0062535875040339,True
0,MEDIUM_MAZE,1021,1021,6,4,1,5,beam_3,18,0.0512933999998495,8,0.0064116749999811,True
0,MEDIUM_MAZE,1048,1048,6,5,2,1,greedy,18,0.0424751000246033,8,0.0053093875030754,True
0,MEDIUM_MAZE,1048,1048,6,5,2,1,beam_2,18,0.0717875999980606,8,0.0089734499997575,True
0,MEDIUM_MAZE,1048,1048,6,5,2,1,beam_3,18,0.0422617000294849,8,0.0052827125036856,True
0,MEDIUM_MAZE,463,463,1,1,5,6,greedy,20,0.0323640999849885,9,0.0035960111094431,True
0,MEDIUM_MAZE,463,463,1,1,5,6,beam_2,20,0.0423352000070735,9,0.004703911111897,True
0,MEDIUM_MAZE,463,463,1,1,5,6,beam_3,20,0.0428185000200755,9,0.0047576111133417,True
0,MEDIUM_MAZE,514,514,1,5,6,1,greedy,20,0.0383607000112533,9,0.0042623000012503,True
0,MEDIUM_MAZE,514,514,1,5,6,1,beam_2,20,0.0443790000281296,9,0.0049310000031255,True
0,MEDIUM_MAZE,514,514,1,5,6,1,beam_3,20,0.041367900033947,9,0.0045964333371052,True
0,MEDIUM_MAZE,568,568,2,1,6,6,greedy,20,0.0322975000017322,9,0.0035886111113035,True
0,MEDIUM_MAZE,568,568,2,1,6,6,beam_2,20,0.0399919999763369,9,0.0044435555529263,True
0,MEDIUM_MAZE,568,568,2,1,6,6,beam_3,20,0.0431897999951615,9,0.004798866666129,True
0,MEDIUM_MAZE,872,872,5,1,1,6,greedy,20,0.035813299997244,9,0.0039792555552493,True
0,MEDIUM_MAZE,872,872,5,1,1,6,beam_2,20,0.1703672999865375,9,0.0189296999985041,True
0,MEDIUM_MAZE,872,872,5,1,1,6,beam_3,20,0.0630078000249341,9,0.0070008666694371,True
0,MEDIUM_MAZE,971,971,6,1,1,5,greedy,20,0.085676799993962,9,0.0095196444437735,True
0,MEDIUM_MAZE,971,971,6,1,1,5,beam_2,20,0.0809044000343419,9,0.0089893777815935,True
0,MEDIUM_MAZE,971,971,6,1,1,5,beam_3,20,0.0652217000024393,9,0.0072468555558265,True
0,MEDIUM_MAZE,998,998,6,2,2,1,greedy,20,0.0428996999980881,9,0.0047666333331209,True
0,MEDIUM_MAZE,998,998,6,2,2,1,beam_2,20,0.0457554999738931,9,0.0050839444415436,True
0,MEDIUM_MAZE,998,998,6,2,2,1,beam_3,20,0.0756055999663658,9,0.008400622218485,True
0,MEDIUM_MAZE,1044,1044,6,5,1,1,greedy,20,0.0673227999941445,9,0.0074803111104605,True
0,MEDIUM_MAZE,1044,1044,6,5,1,1,beam_2,20,0.0823110999772325,9,0.009145677775248,True
0,MEDIUM_MAZE,1044,1044,6,5,1,1,beam_3,20,0.0556004000245593,9,0.006177822224951,True
0,MEDIUM_MAZE,465,465,1,1,6,2,greedy,22,0.0984164000255987,19,0.005179810527663,False
0,MEDIUM_MAZE,465,465,1,1,6,2,beam_2,22,0.0906507999752648,19,0.0047710947355402,False
0,MEDIUM_MAZE,465,465,1,1,6,2,beam_3,22,0.0525188000174239,10,0.0052518800017423,True
0,MEDIUM_MAZE,865,865,4,6,6,2,greedy,22,0.0783263999619521,19,0.0041224421032606,False
0,MEDIUM_MAZE,865,865,4,6,6,2,beam_2,22,0.137065100017935,19,0.0072139526325228,False
0,MEDIUM_MAZE,865,865,4,6,6,2,beam_3,22,0.0740844999672845,10,0.0074084499967284,True
0,MEDIUM_MAZE,996,996,6,2,1,5,greedy,22,0.08353999996325,10,0.008353999996325,True
0,MEDIUM_MAZE,996,996,6,2,1,5,beam_2,22,0.0545274000032804,10,0.005452740000328,True
0,MEDIUM_MAZE,996,996,6,2,1,5,beam_3,22,0.0477118999697268,10,0.0047711899969726,True
0,MEDIUM_MAZE,1091,1091,6,6,6,2,greedy,22,0.1833074999740347,19,0.0096477631565281,False
0,MEDIUM_MAZE,1091,1091,6,6,6,2,beam_2,22,0.0618817000067792,10,0.0061881700006779,True
0,MEDIUM_MAZE,1091,1091,6,6,6,2,beam_3,22,0.0502655999734997,10,0.0050265599973499,True
0,LARGE_MAZE,1744,1744,1,1,1,2,greedy,16,0.0047813999699428,1,0.0047813999699428,True
0,LARGE_MAZE,1744,1744,1,1,1,2,beam_2,16,0.0033004999859258,1,0.0033004999859258,True
0,LARGE_MAZE,1744,1744,1,1,1,2,beam_3,16,0.0037459000013768,1,0.0037459000013768,True
0,LARGE_MAZE,1836,1836,1,3,1,4,greedy,16,0.003663100011181,1,0.003663100011181,True
0,LARGE_MAZE,1836,1836,1,3,1,4,beam_2,16,0.0044055000180378,1,0.0044055000180378,True
0,LARGE_MAZE,1836,1836,1,3,1,4,beam_3,16,0.0033737999619916,1,0.0033737999619916,True
0,LARGE_MAZE,1934,1934,1,5,2,5,greedy,16,0.0047916999901644,1,0.0047916999901644,True
0,LARGE_MAZE,1934,1934,1,5,2,5,beam_2,16,0.0104530999669805,1,0.0104530999669805,True
0,LARGE_MAZE,1934,1934,1,5,2,5,beam_3,16,0.0037011000094935,1,0.0037011000094935,True
0,LARGE_MAZE,2065,2065,1,9,1,8,greedy,16,0.0048531999927945,1,0.0048531999927945,True
0,LARGE_MAZE,2065,2065,1,9,1,8,beam_2,16,0.0035774999996647,1,0.0035774999996647,True
0,LARGE_MAZE,2065,2065,1,9,1,8,beam_3,16,0.0037459000013768,1,0.0037459000013768,True
0,LARGE_MAZE,2162,2162,2,1,3,1,greedy,16,0.0745202000252902,16,0.0046575125015806,False
0,LARGE_MAZE,2162,2162,2,1,3,1,beam_2,16,0.0037071999977342,1,0.0037071999977342,True
0,LARGE_MAZE,2162,2162,2,1,3,1,beam_3,16,0.0044775999849662,1,0.0044775999849662,True
0,LARGE_MAZE,2289,2289,2,7,1,7,greedy,16,0.0053543000249192,1,0.0053543000249192,True
0,LARGE_MAZE,2289,2289,2,7,1,7,beam_2,16,0.0041088000289164,1,0.0041088000289164,True
0,LARGE_MAZE,2289,2289,2,7,1,7,beam_3,16,0.0047873999574221,1,0.0047873999574221,True
0,LARGE_MAZE,2388,2388,3,1,3,2,greedy,16,0.0895753999939188,16,0.0055984624996199,False
0,LARGE_MAZE,2388,2388,3,1,3,2,beam_2,16,0.0037630999577231,1,0.0037630999577231,True
0,LARGE_MAZE,2388,2388,3,1,3,2,beam_3,16,0.0064880999852903,1,0.0064880999852903,True
0,LARGE_MAZE,2479,2479,3,3,3,2,greedy,16,0.0826534999650903,16,0.0051658437478181,False
0,LARGE_MAZE,2479,2479,3,3,3,2,beam_2,16,0.0032606999739073,1,0.0032606999739073,True
0,LARGE_MAZE,2479,2479,3,3,3,2,beam_3,16,0.0039829000015743,1,0.0039829000015743,True
0,LARGE_MAZE,2572,2572,3,6,3,7,greedy,16,0.0741610000259243,16,0.0046350625016202,False
0,LARGE_MAZE,2572,2572,3,6,3,7,beam_2,16,0.0048610999947413,1,0.0048610999947413,True
0,LARGE_MAZE,2572,2572,3,6,3,7,beam_3,16,0.0052076000138185,1,0.0052076000138185,True
0,LARGE_MAZE,2664,2664,3,8,3,9,greedy,16,0.0742738000117242,16,0.0046421125007327,False
0,LARGE_MAZE,2664,2664,3,8,3,9,beam_2,16,0.0031116000027395,1,0.0031116000027395,True
0,LARGE_MAZE,2664,2664,3,8,3,9,beam_3,16,0.0037958000320941,1,0.0037958000320941,True
0,LARGE_MAZE,2758,2758,3,10,4,10,greedy,16,0.0675213999929837,16,0.0042200874995614,False
0,LARGE_MAZE,2758,2758,3,10,4,10,beam_2,16,0.0033634999999776,1,0.0033634999999776,True
0,LARGE_MAZE,2758,2758,3,10,4,10,beam_3,16,0.0038683000020682,1,0.0038683000020682,True
0,LARGE_MAZE,2891,2891,4,10,3,10,greedy,16,0.0027893999940715,1,0.0027893999940715,True
0,LARGE_MAZE,2891,2891,4,10,3,10,beam_2,16,0.0029735999996773,1,0.0029735999996773,True
0,LARGE_MAZE,2891,2891,4,10,3,10,beam_3,16,0.0033342000097036,1,0.0033342000097036,True
0,LARGE_MAZE,2986,2986,5,2,5,3,greedy,16,0.0028462000191211,1,0.0028462000191211,True
0,LARGE_MAZE,2986,2986,5,2,5,3,beam_2,16,0.003616800007876,1,0.003616800007876,True
0,LARGE_MAZE,2986,2986,5,2,5,3,beam_3,16,0.0026136999949812,1,0.0026136999949812,True
0,LARGE_MAZE,3078,3078,5,4,5,5,greedy,16,0.0035507000284269,1,0.0035507000284269,True
0,LARGE_MAZE,3078,3078,5,4,5,5,beam_2,16,0.0039049999904818,1,0.0039049999904818,True
0,LARGE_MAZE,3078,3078,5,4,5,5,beam_3,16,0.0035561000113375,1,0.0035561000113375,True
0,LARGE_MAZE,3216,3216,5,9,5,10,greedy,16,0.0029869999852962,1,0.0029869999852962,True
0,LARGE_MAZE,3216,3216,5,9,5,10,beam_2,16,0.0025358999846503,1,0.0025358999846503,True
0,LARGE_MAZE,3216,3216,5,9,5,10,beam_3,16,0.0033384999842382,1,0.0033384999842382,True
0,LARGE_MAZE,3313,3313,6,3,7,3,greedy,16,0.0580639999825507,16,0.0036289999989094,False
0,LARGE_MAZE,3313,3313,6,3,7,3,beam_2,16,0.0031840999727137,1,0.0031840999727137,True
0,LARGE_MAZE,3313,3313,6,3,7,3,beam_3,16,0.0030492999940179,1,0.0030492999940179,True
0,LARGE_MAZE,3441,3441,6,9,5,9,greedy,16,0.0031554999877698,1,0.0031554999877698,True
0,LARGE_MAZE,3441,3441,6,9,5,9,beam_2,16,0.00307380000595,1,0.00307380000595,True
0,LARGE_MAZE,3441,3441,6,9,5,9,beam_3,16,0.0034874000120908,1,0.0034874000120908,True
0,LARGE_MAZE,3578,3578,7,3,6,3,greedy,16,0.0034413000103086,1,0.0034413000103086,True
0,LARGE_MAZE,3578,3578,7,3,6,3,beam_2,16,0.00342930003535,1,0.00342930003535,True
0,LARGE_MAZE,3578,3578,7,3,6,3,beam_3,16,0.003506599983666,1,0.003506599983666,True
0,LARGE_MAZE,3676,3676,7,6,7,7,greedy,16,0.0584131999639794,16,0.0036508249977487,False
0,LARGE_MAZE,3676,3676,7,6,7,7,beam_2,16,0.0028872999828308,1,0.0028872999828308,True
0,LARGE_MAZE,3676,3676,7,6,7,7,beam_3,16,0.0037744999863207,1,0.0037744999863207,True
0,LARGE_MAZE,3813,3813,7,10,7,9,greedy,16,0.0044737000134773,1,0.0044737000134773,True
0,LARGE_MAZE,3813,3813,7,10,7,9,beam_2,16,0.0039779000217095,1,0.0039779000217095,True
0,LARGE_MAZE,3813,3813,7,10,7,9,beam_3,16,0.0030996000277809,1,0.0030996000277809,True
0,LARGE_MAZE,1798,1798,1,2,2,3,greedy,16,0.0674768000026233,16,0.0042173000001639,False
0,LARGE_MAZE,1798,1798,1,2,2,3,beam_2,16,0.0828507000114768,16,0.0051781687507173,False
0,LARGE_MAZE,1798,1798,1,2,2,3,beam_3,16,0.0865019999910146,16,0.0054063749994384,False
0,LARGE_MAZE,1888,1888,1,4,2,3,greedy,16,0.0666667999466881,16,0.004166674996668,False
0,LARGE_MAZE,1888,1888,1,4,2,3,beam_2,16,0.0757426999625749,16,0.0047339187476609,False
0,LARGE_MAZE,1888,1888,1,4,2,3,beam_3,16,0.0077451999532058,2,0.0038725999766029,True
0,LARGE_MAZE,1987,1987,1,7,3,7,greedy,16,0.0064093999681063,2,0.0032046999840531,True
0,LARGE_MAZE,1987,1987,1,7,3,7,beam_2,16,0.0066674000117927,2,0.0033337000058963,True
0,LARGE_MAZE,1987,1987,1,7,3,7,beam_3,16,0.0066390999709255,2,0.0033195499854627,True
0,LARGE_MAZE,2110,2110,1,10,1,8,greedy,16,0.0070579000166617,2,0.0035289500083308,True
0,LARGE_MAZE,2110,2110,1,10,1,8,beam_2,16,0.0071332000079564,2,0.0035666000039782,True
0,LARGE_MAZE,2110,2110,1,10,1,8,beam_3,16,0.0074922000057995,2,0.0037461000028997,True
0,LARGE_MAZE,2195,2195,2,3,1,2,greedy,16,0.0612911999924108,16,0.0038306999995256,False
0,LARGE_MAZE,2195,2195,2,3,1,2,beam_2,16,0.0066476999782025,2,0.0033238499891012,True
0,LARGE_MAZE,2195,2195,2,3,1,2,beam_3,16,0.0075837000040337,2,0.0037918500020168,True
0,LARGE_MAZE,2262,2262,2,5,4,5,greedy,16,0.0603265999816358,16,0.0037704124988522,False
0,LARGE_MAZE,2262,2262,2,5,4,5,beam_2,16,0.0846888000378385,16,0.0052930500023649,False
0,LARGE_MAZE,2262,2262,2,5,4,5,beam_3,16,0.0098689000005833,2,0.0049344500002916,True
0,LARGE_MAZE,2349,2349,2,10,3,9,greedy,16,0.0087447999976575,2,0.0043723999988287,True
0,LARGE_MAZE,2349,2349,2,10,3,9,beam_2,16,0.0094697999884374,2,0.0047348999942187,True
0,LARGE_MAZE,2349,2349,2,10,3,9,beam_3,16,0.0091379000223241,2,0.004568950011162,True
0,LARGE_MAZE,2428,2428,3,2,2,1,greedy,16,0.1034122999990359,16,0.0064632687499397,False
0,LARGE_MAZE,2428,2428,3,2,2,1,beam_2,16,0.0099783000187017,2,0.0049891500093508,True
0,LARGE_MAZE,2428,2428,3,2,2,1,beam_3,16,0.0093879000050947,2,0.0046939500025473,True
0,LARGE_MAZE,2513,2513,3,5,1,5,greedy,16,0.0825938999769277,16,0.0051621187485579,False
0,LARGE_MAZE,2513,2513,3,5,1,5,beam_2,16,0.0094380999798886,2,0.0047190499899443,True
0,LARGE_MAZE,2513,2513,3,5,1,5,beam_3,16,0.0077844000188633,2,0.0038922000094316,True
0,LARGE_MAZE,2573,2573,3,6,3,8,greedy,16,0.0646523000323213,16,0.00404076875202,False
0,LARGE_MAZE,2573,2573,3,6,3,8,beam_2,16,0.0071837000432424,2,0.0035918500216212,True
0,LARGE_MAZE,2573,2573,3,6,3,8,beam_3,16,0.0080721999984234,2,0.0040360999992117,True
0,LARGE_MAZE,2656,2656,3,8,2,7,greedy,16,0.0572013000492006,16,0.003575081253075,False
0,LARGE_MAZE,2656,2656,3,8,2,7,beam_2,16,0.007427499978803,2,0.0037137499894015,True
0,LARGE_MAZE,2656,2656,3,8,2,7,beam_3,16,0.006699799967464,2,0.003349899983732,True
0,LARGE_MAZE,2713,2713,3,9,4,10,greedy,16,0.0061596999876201,2,0.00307984999381,True
0,LARGE_MAZE,2713,2713,3,9,4,10,beam_2,16,0.0071742000291123,2,0.0035871000145561,True
0,LARGE_MAZE,2713,2713,3,9,4,10,beam_3,16,0.0081676999689079,2,0.0040838499844539,True
0,LARGE_MAZE,2794,2794,4,1,3,2,greedy,16,0.0074074000003747,2,0.0037037000001873,True
0,LARGE_MAZE,2794,2794,4,1,3,2,beam_2,16,0.0069203000166453,2,0.0034601500083226,True
0,LARGE_MAZE,2794,2794,4,1,3,2,beam_3,16,0.0065105000394396,2,0.0032552500197198,True
0,LARGE_MAZE,2858,2858,4,5,6,5,greedy,16,0.0058794999495148,2,0.0029397499747574,True
0,LARGE_MAZE,2858,2858,4,5,6,5,beam_2,16,0.006696899945382,2,0.003348449972691,True
0,LARGE_MAZE,2858,2858,4,5,6,5,beam_3,16,0.0073333999607712,2,0.0036666999803856,True
0,LARGE_MAZE,2941,2941,5,1,5,3,greedy,16,0.0061279999790713,2,0.0030639999895356,True
0,LARGE_MAZE,2941,2941,5,1,5,3,beam_2,16,0.0052358999964781,2,0.002617949998239,True
0,LARGE_MAZE,2941,2941,5,1,5,3,beam_3,16,0.0072474000044167,2,0.0036237000022083,True
0,LARGE_MAZE,3033,3033,5,3,5,5,greedy,16,0.0067586000077426,2,0.0033793000038713,True
0,LARGE_MAZE,3033,3033,5,3,5,5,beam_2,16,0.0067036999971605,2,0.0033518499985802,True
0,LARGE_MAZE,3033,3033,5,3,5,5,beam_3,16,0.0075553000206127,2,0.0037776500103063,True
0,LARGE_MAZE,3083,3083,5,4,6,5,greedy,16,0.0566874999785795,16,0.0035429687486612,False
0,LARGE_MAZE,3083,3083,5,4,6,5,beam_2,16,0.0076808999874629,2,0.0038404499937314,True
0,LARGE_MAZE,3083,3083,5,4,6,5,beam_3,16,0.0069913000334054,2,0.0034956500167027,True
0,LARGE_MAZE,3209,3209,5,9,4,10,greedy,16,0.0061529999948106,2,0.0030764999974053,True
0,LARGE_MAZE,3209,3209,5,9,4,10,beam_2,16,0.0066376999602653,2,0.0033188499801326,True
0,LARGE_MAZE,3209,3209,5,9,4,10,beam_3,16,0.0084476999472826,2,0.0042238499736413,True
0,LARGE_MAZE,3303,3303,6,3,5,4,greedy,16,0.0069503000122494,2,0.0034751500061247,True
0,LARGE_MAZE,3303,3303,6,3,5,4,beam_2,16,0.0071295000379905,2,0.0035647500189952,True
0,LARGE_MAZE,3303,3303,6,3,5,4,beam_3,16,0.0076082000159658,2,0.0038041000079829,True
0,LARGE_MAZE,3405,3405,6,7,7,6,greedy,16,0.0077728000469505,2,0.0038864000234752,True
0,LARGE_MAZE,3405,3405,6,7,7,6,beam_2,16,0.0067331999889574,2,0.0033665999944787,True
0,LARGE_MAZE,3405,3405,6,7,7,6,beam_3,16,0.0067544999765232,2,0.0033772499882616,True
0,LARGE_MAZE,3572,3572,7,3,5,3,greedy,16,0.0063106999732553,2,0.0031553499866276,True
0,LARGE_MAZE,3572,3572,7,3,5,3,beam_2,16,0.0067628999822773,2,0.0033814499911386,True
0,LARGE_MAZE,3572,3572,7,3,5,3,beam_3,16,0.0066789999837055,2,0.0033394999918527,True
0,LARGE_MAZE,3670,3670,7,6,6,7,greedy,16,0.0615795999765396,16,0.0038487249985337,False
0,LARGE_MAZE,3670,3670,7,6,6,7,beam_2,16,0.0067972000106237,2,0.0033986000053118,True
0,LARGE_MAZE,3670,3670,7,6,6,7,beam_3,16,0.0067546999780461,2,0.003377349989023,True
0,LARGE_MAZE,1746,1746,1,1,1,4,greedy,16,0.0089607000118121,3,0.0029869000039373,True
0,LARGE_MAZE,1746,1746,1,1,1,4,beam_2,16,0.0092212000163272,3,0.0030737333387757,True
0,LARGE_MAZE,1746,1746,1,1,1,4,beam_3,16,0.0099343999754637,3,0.0033114666584879,True
0,LARGE_MAZE,1802,1802,1,2,3,1,greedy,16,0.0090202999999746,3,0.0030067666666582,True
0,LARGE_MAZE,1802,1802,1,2,3,1,beam_2,16,0.0102928999694995,3,0.0034309666564998,True
0,LARGE_MAZE,1802,1802,1,2,3,1,beam_3,16,0.0104971000109799,3,0.0034990333369933,True
0,LARGE_MAZE,1879,1879,1,4,1,1,greedy,16,0.0097752999863587,3,0.0032584333287862,True
0,LARGE_MAZE,1879,1879,1,4,1,1,beam_2,16,0.0102034999872557,3,0.0034011666624185,True
0,LARGE_MAZE,1879,1879,1,4,1,1,beam_3,16,0.0111716999672353,3,0.0037238999890784,True
0,LARGE_MAZE,1941,1941,1,5,3,6,greedy,16,0.0095223000389523,3,0.0031741000129841,True
0,LARGE_MAZE,1941,1941,1,5,3,6,beam_2,16,0.010271199978888,3,0.003423733326296,True
0,LARGE_MAZE,1941,1941,1,5,3,6,beam_3,16,0.0159908999921754,3,0.0053302999973918,True
0,LARGE_MAZE,2026,2026,1,8,2,10,greedy,16,0.0682878000079654,16,0.0042679875004978,False
0,LARGE_MAZE,2026,2026,1,8,2,10,beam_2,16,0.0141979000181891,3,0.0047326333393963,True
0,LARGE_MAZE,2026,2026,1,8,2,10,beam_3,16,0.0146516999811865,3,0.0048838999937288,True
0,LARGE_MAZE,2124,2124,1,10,3,9,greedy,16,0.0689727999852038,16,0.0043107999990752,False
0,LARGE_MAZE,2124,2124,1,10,3,9,beam_2,16,0.0240891000139527,3,0.0080297000046509,True
0,LARGE_MAZE,2124,2124,1,10,3,9,beam_3,16,0.0161099999677389,3,0.0053699999892463,True
0,LARGE_MAZE,2194,2194,2,3,1,1,greedy,16,0.0158981999848037,3,0.0052993999949345,True
0,LARGE_MAZE,2194,2194,2,3,1,1,beam_2,16,0.010192800022196,3,0.0033976000073986,True
0,LARGE_MAZE,2194,2194,2,3,1,1,beam_3,16,0.0103591000079177,3,0.0034530333359725,True
0,LARGE_MAZE,2268,2268,2,5,5,5,greedy,16,0.0115304999635554,3,0.0038434999878518,True
0,LARGE_MAZE,2268,2268,2,5,5,5,beam_2,16,0.0118731000111438,3,0.0039577000037146,True
0,LARGE_MAZE,2268,2268,2,5,5,5,beam_3,16,0.0125492000370286,3,0.0041830666790095,True
0,LARGE_MAZE,2348,2348,2,10,3,8,greedy,16,0.0093252999940887,3,0.0031084333313629,True
0,LARGE_MAZE,2348,2348,2,10,3,8,beam_2,16,0.0107922999886795,3,0.0035974333295598,True
0,LARGE_MAZE,2348,2348,2,10,3,8,beam_3,16,0.0115274999989196,3,0.0038424999996398,True
0,LARGE_MAZE,2419,2419,3,2,1,1,greedy,16,0.067613799998071,16,0.0042258624998794,False
0,LARGE_MAZE,2419,2419,3,2,1,1,beam_2,16,0.0138146000099368,3,0.0046048666699789,True
0,LARGE_MAZE,2419,2419,3,2,1,1,beam_3,16,0.0145638000103645,3,0.0048546000034548,True
0,LARGE_MAZE,2473,2473,3,3,2,1,greedy,16,0.07720669999253,16,0.0048254187495331,False
0,LARGE_MAZE,2473,2473,3,3,2,1,beam_2,16,0.0201941999839618,5,0.0040388399967923,True
0,LARGE_MAZE,2473,2473,3,3,2,1,beam_3,16,0.0144588999683037,3,0.0048196333227679,True
0,LARGE_MAZE,2537,2537,3,5,5,4,greedy,16,0.0821558000170625,16,0.0051347375010664,False
0,LARGE_MAZE,2537,2537,3,5,5,4,beam_2,16,0.0131928999908268,3,0.0043976333302756,True
0,LARGE_MAZE,2537,2537,3,5,5,4,beam_3,16,0.0155414000037126,3,0.0051804666679042,True
0,LARGE_MAZE,2583,2583,3,6,5,5,greedy,16,0.0124785000225529,3,0.0041595000075176,True
0,LARGE_MAZE,2583,2583,3,6,5,5,beam_2,16,0.0128204000066034,3,0.0042734666688678,True
0,LARGE_MAZE,2583,2583,3,6,5,5,beam_3,16,0.0139846000238321,3,0.0046615333412773,True
0,LARGE_MAZE,2649,2649,3,8,1,7,greedy,16,0.0904630000004544,16,0.0056539375000284,False
0,LARGE_MAZE,2649,2649,3,8,1,7,beam_2,16,0.0146103999577462,3,0.0048701333192487,True
0,LARGE_MAZE,2649,2649,3,8,1,7,beam_3,16,0.0125397000228986,3,0.0041799000076328,True
0,LARGE_MAZE,2701,2701,3,9,2,7,greedy,16,0.0282725000288337,7,0.0040389285755476,True
0,LARGE_MAZE,2701,2701,3,9,2,7,beam_2,16,0.0222818999900482,3,0.0074272999966827,True
0,LARGE_MAZE,2701,2701,3,9,2,7,beam_3,16,0.0191583999549038,3,0.0063861333183012,True
0,LARGE_MAZE,2765,2765,3,10,5,9,greedy,16,0.0925686999689787,16,0.0057855437480611,False
0,LARGE_MAZE,2765,2765,3,10,5,9,beam_2,16,0.0160315000102855,3,0.0053438333367618,True
0,LARGE_MAZE,2765,2765,3,10,5,9,beam_3,16,0.01762709999457,3,0.00587569999819,True
0,LARGE_MAZE,2843,2843,4,5,3,7,greedy,16,0.0716560999862849,16,0.0044785062491428,False
0,LARGE_MAZE,2843,2843,4,5,3,7,beam_2,16,0.0123193000326864,3,0.0041064333442288,True
0,LARGE_MAZE,2843,2843,4,5,3,7,beam_3,16,0.0133721000165678,3,0.0044573666721892,True
0,LARGE_MAZE,2905,2905,4,10,6,9,greedy,16,0.0954495999612845,16,0.0059655999975802,False
0,LARGE_MAZE,2905,2905,4,10,6,9,beam_2,16,0.07632829999784,16,0.004770518749865,False
0,LARGE_MAZE,2905,2905,4,10,6,9,beam_3,16,0.0148595999926328,3,0.0049531999975442,True
0,LARGE_MAZE,2973,2973,5,2,3,1,greedy,16,0.0397722999914549,9,0.0044191444434949,True
0,LARGE_MAZE,2973,2973,5,2,3,1,beam_2,16,0.0198016000213101,3,0.0066005333404367,True
0,LARGE_MAZE,2973,2973,5,2,3,1,beam_3,16,0.0179249999928288,3,0.0059749999976096,True
0,LARGE_MAZE,3038,3038,5,3,6,5,greedy,16,0.0639340999769046,16,0.0039958812485565,False
0,LARGE_MAZE,3038,3038,5,3,6,5,beam_2,16,0.0111821999889798,3,0.0037273999963266,True
0,LARGE_MAZE,3038,3038,5,3,6,5,beam_3,16,0.0111529999994672,3,0.003717666666489,True
0,LARGE_MAZE,3089,3089,5,4,7,5,greedy,16,0.060622900025919,16,0.0037889312516199,False
0,LARGE_MAZE,3089,3089,5,4,7,5,beam_2,16,0.0631925999769009,16,0.0039495374985563,False
0,LARGE_MAZE,3089,3089,5,4,7,5,beam_3,16,0.0103506000014022,3,0.0034502000004673,True
0,LARGE_MAZE,3135,3135,5,5,7,6,greedy,16,0.0571836999733932,16,0.003573981248337,False
0,LARGE_MAZE,3135,3135,5,5,7,6,beam_2,16,0.0640162999625317,16,0.0040010187476582,False
0,LARGE_MAZE,3135,3135,5,5,7,6,beam_3,16,0.0781879999558441,16,0.0048867499972402,False
0,LARGE_MAZE,3250,3250,5,10,3,9,greedy,16,0.0126822000020183,3,0.0042274000006727,True
0,LARGE_MAZE,3250,3250,5,10,3,9,beam_2,16,0.0108700999990105,3,0.0036233666663368,True
0,LARGE_MAZE,3250,3250,5,10,3,9,beam_3,16,0.0108317999984137,3,0.0036105999994712,True
0,LARGE_MAZE,3336,3336,6,5,3,5,greedy,16,0.0109585999744012,3,0.0036528666581337,True
0,LARGE_MAZE,3336,3336,6,5,3,5,beam_2,16,0.0122257000184617,3,0.0040752333394872,True
0,LARGE_MAZE,3336,3336,6,5,3,5,beam_3,16,0.0129787999903783,3,0.0043262666634594,True
0,LARGE_MAZE,3488,3488,7,1,6,3,greedy,16,0.0183406000141985,3,0.0061135333380661,True
0,LARGE_MAZE,3488,3488,7,1,6,3,beam_2,16,0.0123834999976679,3,0.0041278333325559,True
0,LARGE_MAZE,3488,3488,7,1,6,3,beam_3,16,0.0109826999832876,3,0.0036608999944292,True
0,LARGE_MAZE,3618,3618,7,5,5,4,greedy,16,0.0092918000300414,3,0.0030972666766804,True
0,LARGE_MAZE,3618,3618,7,5,5,4,beam_2,16,0.0107427000184543,3,0.0035809000061514,True
0,LARGE_MAZE,3618,3618,7,5,5,4,beam_3,16,0.011063500016462,3,0.0036878333388206,True
0,LARGE_MAZE,3757,3757,7,9,5,10,greedy,16,0.0097575000254437,3,0.0032525000084812,True
0,LARGE_MAZE,3757,3757,7,9,5,10,beam_2,16,0.009827799978666,3,0.003275933326222,True
0,LARGE_MAZE,3757,3757,7,9,5,10,beam_3,16,0.010590499965474,3,0.003530166655158,True
0,LARGE_MAZE,1799,1799,1,2,2,5,greedy,16,0.0130329000530764,4,0.0032582250132691,True
0,LARGE_MAZE,1799,1799,1,2,2,5,beam_2,16,0.0148030000273138,4,0.0037007500068284,True
0,LARGE_MAZE,1799,1799,1,2,2,5,beam_3,16,0.0144723000121302,4,0.0036180750030325,True
0,LARGE_MAZE,1887,1887,1,4,2,1,greedy,16,0.0124780999612994,4,0.0031195249903248,True
0,LARGE_MAZE,1887,1887,1,4,2,1,beam_2,16,0.0156508000218309,4,0.0039127000054577,True
0,LARGE_MAZE,1887,1887,1,4,2,1,beam_3,16,0.013602599967271,4,0.0034006499918177,True
0,LARGE_MAZE,1939,1939,1,5,3,3,greedy,16,0.0565791000262834,16,0.0035361937516427,False
0,LARGE_MAZE,1939,1939,1,5,3,3,beam_2,16,0.0491324000176973,12,0.0040943666681414,True
0,LARGE_MAZE,1939,1939,1,5,3,3,beam_3,16,0.0145878000184893,4,0.0036469500046223,True
0,LARGE_MAZE,1989,1989,1,7,3,9,greedy,16,0.0508087999769486,16,0.0031755499985592,False
0,LARGE_MAZE,1989,1989,1,7,3,9,beam_2,16,0.0619526000227779,16,0.0038720375014236,False
0,LARGE_MAZE,1989,1989,1,7,3,9,beam_3,16,0.0137777000200003,4,0.003444425005,True
0,LARGE_MAZE,2079,2079,1,9,3,9,greedy,16,0.0526252000126987,16,0.0032890750007936,False
0,LARGE_MAZE,2079,2079,1,9,3,9,beam_2,16,0.0638586999848485,16,0.003991168749053,False
0,LARGE_MAZE,2079,2079,1,9,3,9,beam_3,16,0.0133518999791704,4,0.0033379749947926,True
0,LARGE_MAZE,2152,2152,2,1,1,4,greedy,16,0.012311199971009,4,0.0030777999927522,True
0,LARGE_MAZE,2152,2152,2,1,1,4,beam_2,16,0.0139314000261947,4,0.0034828500065486,True
0,LARGE_MAZE,2152,2152,2,1,1,4,beam_3,16,0.0141896000131964,4,0.0035474000032991,True
0,LARGE_MAZE,2216,2216,2,3,4,1,greedy,16,0.0521665000123903,16,0.0032604062507743,False
0,LARGE_MAZE,2216,2216,2,3,4,1,beam_2,16,0.0197849000105634,6,0.0032974833350939,True
0,LARGE_MAZE,2216,2216,2,3,4,1,beam_3,16,0.013009599992074,4,0.0032523999980185,True
0,LARGE_MAZE,2267,2267,2,5,5,4,greedy,16,0.0110212000436149,4,0.0027553000109037,True
0,LARGE_MAZE,2267,2267,2,5,5,4,beam_2,16,0.0119659000192768,4,0.0029914750048192,True
0,LARGE_MAZE,2267,2267,2,5,5,4,beam_3,16,0.0122165000066161,4,0.003054125001654,True
0,LARGE_MAZE,2307,2307,2,7,4,5,greedy,16,0.0105527000268921,4,0.002638175006723,True
0,LARGE_MAZE,2307,2307,2,7,4,5,beam_2,16,0.0115698999725282,4,0.002892474993132,True
0,LARGE_MAZE,2307,2307,2,7,4,5,beam_3,16,0.0122950000222772,4,0.0030737500055693,True
0,LARGE_MAZE,2401,2401,3,1,5,3,greedy,16,0.0459856999805197,16,0.0028741062487824,False
0,LARGE_MAZE,2401,2401,3,1,5,3,beam_2,16,0.0381140000536106,12,0.0031761666711342,True
0,LARGE_MAZE,2401,2401,3,1,5,3,beam_3,16,0.0121939000091515,4,0.0030484750022878,True
0,LARGE_MAZE,2468,2468,3,3,1,5,greedy,16,0.0099621000117622,4,0.0024905250029405,True
0,LARGE_MAZE,2468,2468,3,3,1,5,beam_2,16,0.0113659999915398,4,0.0028414999978849,True
0,LARGE_MAZE,2468,2468,3,3,1,5,beam_3,16,0.0120448999805375,4,0.0030112249951343,True
0,LARGE_MAZE,2536,2536,3,5,5,3,greedy,16,0.0103212000103667,4,0.0025803000025916,True
0,LARGE_MAZE,2536,2536,3,5,5,3,beam_2,16,0.0114627000293694,4,0.0028656750073423,True
0,LARGE_MAZE,2536,2536,3,5,5,3,beam_3,16,0.0126245000283233,4,0.0031561250070808,True
0,LARGE_MAZE,2582,2582,3,6,5,4,greedy,16,0.0105553999892435,4,0.0026388499973108,True
0,LARGE_MAZE,2582,2582,3,6,5,4,beam_2,16,0.0115288000088185,4,0.0028822000022046,True
0,LARGE_MAZE,2582,2582,3,6,5,4,beam_3,16,0.0121746000368148,4,0.0030436500092037,True
0,LARGE_MAZE,2623,2623,3,7,4,10,greedy,16,0.0107950000092387,4,0.0026987500023096,True
0,LARGE_MAZE,2623,2623,3,7,4,10,beam_2,16,0.0118564000003971,4,0.0029641000000992,True
0,LARGE_MAZE,2623,2623,3,7,4,10,beam_3,16,0.0120712000061757,4,0.0030178000015439,True
0,LARGE_MAZE,2667,2667,3,8,4,5,greedy,16,0.0103261999902315,4,0.0025815499975578,True
0,LARGE_MAZE,2667,2667,3,8,4,5,beam_2,16,0.0123946000239811,4,0.0030986500059952,True
0,LARGE_MAZE,2667,2667,3,8,4,5,beam_3,16,0.0125783000257797,4,0.0031445750064449,True
0,LARGE_MAZE,2720,2720,3,9,5,9,greedy,16,0.0114052999997511,4,0.0028513249999377,True
0,LARGE_MAZE,2720,2720,3,9,5,9,beam_2,16,0.0142952000023797,4,0.0035738000005949,True
0,LARGE_MAZE,2720,2720,3,9,5,9,beam_3,16,0.0139998000231571,4,0.0034999500057892,True
0,LARGE_MAZE,2780,2780,4,1,1,2,greedy,16,0.0107024000026285,4,0.0026756000006571,True
0,LARGE_MAZE,2780,2780,4,1,1,2,beam_2,16,0.0131638000020757,4,0.0032909500005189,True
0,LARGE_MAZE,2780,2780,4,1,1,2,beam_3,16,0.0135079000028781,4,0.0033769750007195,True
0,LARGE_MAZE,2836,2836,4,5,2,7,greedy,16,0.0553559999680146,16,0.0034597499980009,False
0,LARGE_MAZE,2836,2836,4,5,2,7,beam_2,16,0.016286400030367,4,0.0040716000075917,True
0,LARGE_MAZE,2836,2836,4,5,2,7,beam_3,16,0.0173512999899685,4,0.0043378249974921,True
0,LARGE_MAZE,2876,2876,4,10,1,9,greedy,16,0.0132797000114806,4,0.0033199250028701,True
0,LARGE_MAZE,2876,2876,4,10,1,9,beam_2,16,0.0171702000079676,4,0.0042925500019919,True
0,LARGE_MAZE,2876,2876,4,10,1,9,beam_3,16,0.0164432000019587,4,0.0041108000004896,True
0,LARGE_MAZE,2943,2943,5,1,5,5,greedy,16,0.0133020000066608,4,0.0033255000016652,True
0,LARGE_MAZE,2943,2943,5,1,5,5,beam_2,16,0.0184204999823123,4,0.004605124995578,True
0,LARGE_MAZE,2943,2943,5,1,5,5,beam_3,16,0.0179871000000275,4,0.0044967750000068,True
0,LARGE_MAZE,2993,2993,5,2,6,5,greedy,16,0.0140258999890647,4,0.0035064749972661,True
0,LARGE_MAZE,2993,2993,5,2,6,5,beam_2,16,0.0147343999706208,4,0.0036835999926552,True
0,LARGE_MAZE,2993,2993,5,2,6,5,beam_3,16,0.0148611000040546,4,0.0037152750010136,True
0,LARGE_MAZE,3044,3044,5,3,7,5,greedy,16,0.015986900019925,4,0.0039967250049812,True
0,LARGE_MAZE,3044,3044,5,3,7,5,beam_2,16,0.0175084000220522,4,0.004377100005513,True
0,LARGE_MAZE,3044,3044,5,3,7,5,beam_3,16,0.0166227999725379,4,0.0041556999931344,True
0,LARGE_MAZE,3090,3090,5,4,7,6,greedy,16,0.0510978000238537,16,0.0031936125014908,False
0,LARGE_MAZE,3090,3090,5,4,7,6,beam_2,16,0.0586796999559737,16,0.0036674812472483,False
0,LARGE_MAZE,3090,3090,5,4,7,6,beam_3,16,0.0147120999754406,4,0.0036780249938601,True
0,LARGE_MAZE,3136,3136,5,5,7,7,greedy,16,0.0557087000343017,16,0.0034817937521438,False
0,LARGE_MAZE,3136,3136,5,5,7,7,beam_2,16,0.0132558000041171,4,0.0033139500010292,True
0,LARGE_MAZE,3136,3136,5,5,7,7,beam_3,16,0.0142466999823227,4,0.0035616749955806,True
0,LARGE_MAZE,3249,3249,5,10,3,8,greedy,16,0.011791999975685,4,0.0029479999939212,True
0,LARGE_MAZE,3249,3249,5,10,3,8,beam_2,16,0.013892000017222,4,0.0034730000043055,True
0,LARGE_MAZE,3249,3249,5,10,3,8,beam_3,16,0.0130108000012114,4,0.0032527000003028,True
0,LARGE_MAZE,3330,3330,6,5,2,5,greedy,16,0.05091910000192,16,0.00318244375012,False
0,LARGE_MAZE,3330,3330,6,5,2,5,beam_2,16,0.0133970999740995,4,0.0033492749935248,True
0,LARGE_MAZE,3330,3330,6,5,2,5,beam_3,16,0.0129810000071302,4,0.0032452500017825,True
0,LARGE_MAZE,3399,3399,6,7,6,5,greedy,16,0.0109113000216893,4,0.0027278250054223,True
0,LARGE_MAZE,3399,3399,6,7,6,5,beam_2,16,0.0129481999902054,4,0.0032370499975513,True
0,LARGE_MAZE,3399,3399,6,7,6,5,beam_3,16,0.013618100027088,4,0.003404525006772,True
0,LARGE_MAZE,3570,3570,7,3,5,1,greedy,16,0.0116093999822624,4,0.0029023499955656,True
0,LARGE_MAZE,3570,3570,7,3,5,1,beam_2,16,0.012853400025051,4,0.0032133500062627,True
0,LARGE_MAZE,3570,3570,7,3,5,1,beam_3,16,0.0136037000338546,4,0.0034009250084636,True
0,LARGE_MAZE,3658,3658,7,6,4,5,greedy,16,0.0117243000422604,4,0.0029310750105651,True
0,LARGE_MAZE,3658,3658,7,6,4,5,beam_2,16,0.0136726999771781,4,0.0034181749942945,True
0,LARGE_MAZE,3658,3658,7,6,4,5,beam_3,16,0.0143900999682955,4,0.0035975249920738,True
0,LARGE_MAZE,1754,1754,1,1,2,5,greedy,16,0.014459199970588,5,0.0028918399941176,True
0,LARGE_MAZE,1754,1754,1,1,2,5,beam_2,16,0.0154514000169001,5,0.00309028000338,True
0,LARGE_MAZE,1754,1754,1,1,2,5,beam_3,16,0.0171020000125281,5,0.0034204000025056,True
0,LARGE_MAZE,1856,1856,1,3,4,1,greedy,16,0.034608100017067,11,0.0031461909106424,True
0,LARGE_MAZE,1856,1856,1,3,4,1,beam_2,16,0.0181076999870128,5,0.0036215399974025,True
0,LARGE_MAZE,1856,1856,1,3,4,1,beam_3,16,0.0193002999876625,5,0.0038600599975325,True
0,LARGE_MAZE,1932,1932,1,5,2,1,greedy,16,0.0383485999773256,11,0.003486236361575,True
0,LARGE_MAZE,1932,1932,1,5,2,1,beam_2,16,0.0152158999699167,5,0.0030431799939833,True
0,LARGE_MAZE,1932,1932,1,5,2,1,beam_3,16,0.0169766999897547,5,0.0033953399979509,True
0,LARGE_MAZE,1958,1958,1,5,6,5,greedy,16,0.0138697000220417,5,0.0027739400044083,True
0,LARGE_MAZE,1958,1958,1,5,6,5,beam_2,16,0.0161767000099644,5,0.0032353400019928,True
0,LARGE_MAZE,1958,1958,1,5,6,5,beam_3,16,0.0168440000270493,5,0.0033688000054098,True
0,LARGE_MAZE,2034,2034,1,8,3,9,greedy,16,0.0511695999884977,16,0.0031980999992811,False
0,LARGE_MAZE,2034,2034,1,8,3,9,beam_2,16,0.0581030999892391,16,0.0036314437493274,False
0,LARGE_MAZE,2034,2034,1,8,3,9,beam_3,16,0.0166314999805763,5,0.0033262999961152,True
0,LARGE_MAZE,2122,2122,1,10,3,7,greedy,16,0.013876499957405,5,0.002775299991481,True
0,LARGE_MAZE,2122,2122,1,10,3,7,beam_2,16,0.0153532000258564,5,0.0030706400051712,True
0,LARGE_MAZE,2122,2122,1,10,3,7,beam_3,16,0.0176030000438913,5,0.0035206000087782,True
0,LARGE_MAZE,2219,2219,2,3,5,1,greedy,16,0.0556832000147551,11,0.0050621090922504,True
0,LARGE_MAZE,2219,2219,2,3,5,1,beam_2,16,0.0196001000003889,5,0.0039200200000777,True
0,LARGE_MAZE,2219,2219,2,3,5,1,beam_3,16,0.0179494000039994,5,0.0035898800007998,True
0,LARGE_MAZE,2266,2266,2,5,5,3,greedy,16,0.0139435000019148,5,0.0027887000003829,True
0,LARGE_MAZE,2266,2266,2,5,5,3,beam_2,16,0.0187546000233851,5,0.003750920004677,True
0,LARGE_MAZE,2266,2266,2,5,5,3,beam_3,16,0.0259515999932773,5,0.0051903199986554,True
0,LARGE_MAZE,2313,2313,2,7,5,5,greedy,16,0.0196450999937951,5,0.003929019998759,True
0,LARGE_MAZE,2313,2313,2,7,5,5,beam_2,16,0.1279738000012003,5,0.02559476000024,True
0,LARGE_MAZE,2313,2313,2,7,5,5,beam_3,16,0.0985468999715522,5,0.0197093799943104,True
0,LARGE_MAZE,2402,2402,3,1,5,4,greedy,16,0.1914181999745778,16,0.0119636374984111,False
0,LARGE_MAZE,2402,2402,3,1,5,4,beam_2,16,0.0555195999913848,11,0.0050472363628531,True
0,LARGE_MAZE,2402,2402,3,1,5,4,beam_3,16,0.0363673000247217,5,0.0072734600049443,True
0,LARGE_MAZE,2490,2490,3,3,5,2,greedy,16,0.0695566000067628,5,0.0139113200013525,True
0,LARGE_MAZE,2490,2490,3,3,5,2,beam_2,16,0.0413358000223524,5,0.0082671600044704,True
0,LARGE_MAZE,2490,2490,3,3,5,2,beam_3,16,0.0844631000072695,5,0.0168926200014539,True
0,LARGE_MAZE,2535,2535,3,5,5,2,greedy,16,0.1242478000349365,16,0.0077654875021835,False
0,LARGE_MAZE,2535,2535,3,5,5,2,beam_2,16,0.0396951999864541,5,0.0079390399972908,True
0,LARGE_MAZE,2535,2535,3,5,5,2,beam_3,16,0.03196360002039,5,0.006392720004078,True
0,LARGE_MAZE,2567,2567,3,6,2,10,greedy,16,0.0231217000400647,5,0.0046243400080129,True
0,LARGE_MAZE,2567,2567,3,6,2,10,beam_2,16,0.0252078999765217,5,0.0050415799953043,True
0,LARGE_MAZE,2567,2567,3,6,2,10,beam_3,16,0.0269010000047273,5,0.0053802000009454,True
0,LARGE_MAZE,2607,2607,3,7,1,10,greedy,16,0.0241435999632813,5,0.0048287199926562,True
0,LARGE_MAZE,2607,2607,3,7,1,10,beam_2,16,0.0253534999792464,5,0.0050706999958492,True
0,LARGE_MAZE,2607,2607,3,7,1,10,beam_3,16,0.0227412999956868,5,0.0045482599991373,True
0,LARGE_MAZE,2651,2651,3,8,1,9,greedy,16,0.0203939999919384,5,0.0040787999983876,True
0,LARGE_MAZE,2651,2651,3,8,1,9,beam_2,16,0.0211827000021003,5,0.00423654000042,True
0,LARGE_MAZE,2651,2651,3,8,1,9,beam_3,16,0.0260030999779701,5,0.005200619995594,True
0,LARGE_MAZE,2712,2712,3,9,4,5,greedy,16,0.0237441000062972,5,0.0047488200012594,True
0,LARGE_MAZE,2712,2712,3,9,4,5,beam_2,16,0.0231794000137597,5,0.0046358800027519,True
0,LARGE_MAZE,2712,2712,3,9,4,5,beam_3,16,0.0208513000397942,5,0.0041702600079588,True
0,LARGE_MAZE,2781,2781,4,1,1,3,greedy,16,0.0165953999967314,5,0.0033190799993462,True
0,LARGE_MAZE,2781,2781,4,1,1,3,beam_2,16,0.019140199990943,5,0.0038280399981886,True
0,LARGE_MAZE,2781,2781,4,1,1,3,beam_3,16,0.0269285999820567,5,0.0053857199964113,True
0,LARGE_MAZE,2845,2845,4,5,3,9,greedy,16,0.0181879999581724,5,0.0036375999916344,True
0,LARGE_MAZE,2845,2845,4,5,3,9,beam_2,16,0.0183683999930508,5,0.0036736799986101,True
0,LARGE_MAZE,2845,2845,4,5,3,9,beam_3,16,0.0202858999837189,5,0.0040571799967437,True
0,LARGE_MAZE,2881,2881,4,10,2,7,greedy,16,0.0155857999925501,5,0.00311715999851,True
0,LARGE_MAZE,2881,2881,4,10,2,7,beam_2,16,0.0181536999880336,5,0.0036307399976067,True
0,LARGE_MAZE,2881,2881,4,10,2,7,beam_3,16,0.0247397999628447,5,0.0049479599925689,True
0,LARGE_MAZE,2938,2938,5,1,4,5,greedy,16,0.0217982999747619,5,0.0043596599949523,True
0,LARGE_MAZE,2938,2938,5,1,4,5,beam_2,16,0.0283510999870486,5,0.0056702199974097,True
0,LARGE_MAZE,2938,2938,5,1,4,5,beam_3,16,0.0275696999742649,5,0.0055139399948529,True
0,LARGE_MAZE,2976,2976,5,2,3,5,greedy,16,0.0243488999549299,5,0.0048697799909859,True
0,LARGE_MAZE,2976,2976,5,2,3,5,beam_2,16,0.0570179999922402,5,0.011403599998448,True
0,LARGE_MAZE,2976,2976,5,2,3,5,beam_3,16,0.0321946999756619,5,0.0064389399951323,True
0,LARGE_MAZE,3019,3019,5,3,3,2,greedy,16,0.0419507999904453,5,0.008390159998089,True
0,LARGE_MAZE,3019,3019,5,3,3,2,beam_2,16,0.0524864000035449,5,0.0104972800007089,True
0,LARGE_MAZE,3019,3019,5,3,3,2,beam_3,16,0.0347210000036284,5,0.0069442000007256,True
0,LARGE_MAZE,3068,3068,5,4,3,7,greedy,16,0.040658899990376,5,0.0081317799980752,True
0,LARGE_MAZE,3068,3068,5,4,3,7,beam_2,16,0.0378625000012107,5,0.0075725000002421,True
0,LARGE_MAZE,3068,3068,5,4,3,7,beam_3,16,0.0336646999930962,5,0.0067329399986192,True
0,LARGE_MAZE,3114,3114,5,5,3,8,greedy,16,0.0241450000321492,5,0.0048290000064298,True
0,LARGE_MAZE,3114,3114,5,5,3,8,beam_2,16,0.0450793000054545,5,0.0090158600010909,True
0,LARGE_MAZE,3114,3114,5,5,3,8,beam_3,16,0.0205703999963589,5,0.0041140799992717,True
0,LARGE_MAZE,3192,3192,5,9,1,10,greedy,16,0.0370188999804668,11,0.0033653545436788,True
0,LARGE_MAZE,3192,3192,5,9,1,10,beam_2,16,0.0182346999645233,5,0.0036469399929046,True
0,LARGE_MAZE,3192,3192,5,9,1,10,beam_3,16,0.0197068999987095,5,0.0039413799997419,True
0,LARGE_MAZE,3291,3291,6,3,3,5,greedy,16,0.0151766000199131,5,0.0030353200039826,True
0,LARGE_MAZE,3291,3291,6,3,3,5,beam_2,16,0.016326899989508,5,0.0032653799979016,True
0,LARGE_MAZE,3291,3291,6,3,3,5,beam_3,16,0.0165942999883554,5,0.003318859997671,True
0,LARGE_MAZE,3350,3350,6,5,5,7,greedy,16,0.0527377999969758,16,0.0032961124998109,False
0,LARGE_MAZE,3350,3350,6,5,5,7,beam_2,16,0.0171646000235341,5,0.0034329200047068,True
0,LARGE_MAZE,3350,3350,6,5,5,7,beam_3,16,0.0174411999760195,5,0.0034882399952039,True
0,LARGE_MAZE,3481,3481,7,1,5,2,greedy,16,0.0187747000018134,5,0.0037549400003626,True
0,LARGE_MAZE,3481,3481,7,1,5,2,beam_2,16,0.0171729999710805,5,0.0034345999942161,True
0,LARGE_MAZE,3481,3481,7,1,5,2,beam_3,16,0.0168125000200234,5,0.0033625000040046,True
0,LARGE_MAZE,3568,3568,7,3,4,5,greedy,16,0.0143729000119492,5,0.0028745800023898,True
0,LARGE_MAZE,3568,3568,7,3,4,5,beam_2,16,0.016618900001049,5,0.0033237800002098,True
0,LARGE_MAZE,3568,3568,7,3,4,5,beam_3,16,0.0173775000148452,5,0.003475500002969,True
0,LARGE_MAZE,3623,3623,7,5,6,3,greedy,16,0.0141353000071831,5,0.0028270600014366,True
0,LARGE_MAZE,3623,3623,7,5,6,3,beam_2,16,0.0159098000149242,5,0.0031819600029848,True
0,LARGE_MAZE,3623,3623,7,5,6,3,beam_3,16,0.0198142000008374,5,0.0039628400001674,True
0,LARGE_MAZE,3746,3746,7,9,3,10,greedy,16,0.0149791000294499,5,0.0029958200058899,True
0,LARGE_MAZE,3746,3746,7,9,3,10,beam_2,16,0.0160844000056386,5,0.0032168800011277,True
0,LARGE_MAZE,3746,3746,7,9,3,10,beam_3,16,0.0182981000398285,5,0.0036596200079657,True
0,LARGE_MAZE,1812,1812,1,2,4,5,greedy,16,0.0585195000167004,16,0.0036574687510437,False
0,LARGE_MAZE,1812,1812,1,2,4,5,beam_2,16,0.0188323000329546,6,0.0031387166721591,True
0,LARGE_MAZE,1812,1812,1,2,4,5,beam_3,16,0.0212321000290103,6,0.0035386833381683,True
0,LARGE_MAZE,1890,1890,1,4,2,7,greedy,16,0.0171990999951958,6,0.0028665166658659,True
0,LARGE_MAZE,1890,1890,1,4,2,7,beam_2,16,0.0194432999705895,6,0.0032405499950982,True
0,LARGE_MAZE,1890,1890,1,4,2,7,beam_3,16,0.020140899985563,6,0.0033568166642605,True
0,LARGE_MAZE,1928,1928,1,5,1,7,greedy,16,0.0170868999557569,6,0.0028478166592928,True
0,LARGE_MAZE,1928,1928,1,5,1,7,beam_2,16,0.0190743999555706,6,0.0031790666592617,True
0,LARGE_MAZE,1928,1928,1,5,1,7,beam_3,16,0.0218374999822117,6,0.0036395833303686,True
0,LARGE_MAZE,1973,1973,1,7,1,5,greedy,16,0.0529855000204406,16,0.0033115937512775,False
0,LARGE_MAZE,1973,1973,1,7,1,5,beam_2,16,0.0185950000304728,6,0.0030991666717454,True
0,LARGE_MAZE,1973,1973,1,7,1,5,beam_3,16,0.0200925999670289,6,0.0033487666611714,True
0,LARGE_MAZE,2046,2046,1,8,5,10,greedy,16,0.0174822999979369,6,0.0029137166663228,True
0,LARGE_MAZE,2046,2046,1,8,5,10,beam_2,16,0.018487500026822,6,0.0030812500044703,True
0,LARGE_MAZE,2046,2046,1,8,5,10,beam_3,16,0.0226188000524416,6,0.0037698000087402,True
0,LARGE_MAZE,2159,2159,2,1,2,5,greedy,16,0.0198118999833241,6,0.003301983330554,True
0,LARGE_MAZE,2159,2159,2,1,2,5,beam_2,16,0.0230759999831207,6,0.0038459999971867,True
0,LARGE_MAZE,2159,2159,2,1,2,5,beam_3,16,0.024414500046987,6,0.0040690833411645,True
0,LARGE_MAZE,2220,2220,2,3,5,2,greedy,16,0.0583188000018708,16,0.0036449250001169,False
0,LARGE_MAZE,2220,2220,2,3,5,2,beam_2,16,0.0241182000027038,6,0.0040197000004506,True
0,LARGE_MAZE,2220,2220,2,3,5,2,beam_3,16,0.0284036999801173,6,0.0047339499966862,True
0,LARGE_MAZE,2265,2265,2,5,5,2,greedy,16,0.0225015999749302,6,0.0037502666624883,True
0,LARGE_MAZE,2265,2265,2,5,5,2,beam_2,16,0.0240126999560743,6,0.0040021166593457,True
0,LARGE_MAZE,2265,2265,2,5,5,2,beam_3,16,0.0260738999932073,6,0.0043456499988678,True
0,LARGE_MAZE,2316,2316,2,7,5,10,greedy,16,0.0542552000260911,16,0.0033909500016306,False
0,LARGE_MAZE,2316,2316,2,7,5,10,beam_2,16,0.0269252000143751,8,0.0033656500017968,True
0,LARGE_MAZE,2316,2316,2,7,5,10,beam_3,16,0.0203023999929428,6,0.0033837333321571,True
0,LARGE_MAZE,2403,2403,3,1,5,5,greedy,16,0.0497793999966234,16,0.0031112124997889,False
0,LARGE_MAZE,2403,2403,3,1,5,5,beam_2,16,0.0405674999929033,10,0.0040567499992903,True
0,LARGE_MAZE,2403,2403,3,1,5,5,beam_3,16,0.0322959999903105,6,0.0053826666650517,True
0,LARGE_MAZE,2480,2480,3,3,3,5,greedy,16,0.022207600006368,6,0.003701266667728,True
0,LARGE_MAZE,2480,2480,3,3,3,5,beam_2,16,0.0219655000255443,6,0.003660916670924,True
0,LARGE_MAZE,2480,2480,3,3,3,5,beam_3,16,0.0213537999661639,6,0.0035589666610273,True
0,LARGE_MAZE,2525,2525,3,5,3,3,greedy,16,0.0517468000180088,16,0.0032341750011255,False
0,LARGE_MAZE,2525,2525,3,5,3,3,beam_2,16,0.0390959000214934,10,0.0039095900021493,True
0,LARGE_MAZE,2525,2525,3,5,3,3,beam_3,16,0.0203533000312745,6,0.003392216671879,True
0,LARGE_MAZE,2555,2555,3,6,1,2,greedy,16,0.0180057999677956,6,0.0030009666612992,True
0,LARGE_MAZE,2555,2555,3,6,1,2,beam_2,16,0.0187486000359058,6,0.0031247666726509,True
0,LARGE_MAZE,2555,2555,3,6,1,2,beam_3,16,0.020435600017663,6,0.0034059333362771,True
0,LARGE_MAZE,2587,2587,3,6,6,3,greedy,16,0.0170197999686934,6,0.0028366333281155,True
0,LARGE_MAZE,2587,2587,3,6,6,3,beam_2,16,0.0179660000139847,6,0.0029943333356641,True
0,LARGE_MAZE,2587,2587,3,6,6,3,beam_3,16,0.019460900046397,6,0.0032434833410661,True
0,LARGE_MAZE,2639,2639,3,7,7,5,greedy,16,0.0167987999739125,6,0.002799799995652,True
0,LARGE_MAZE,2639,2639,3,7,7,5,beam_2,16,0.0183992000529542,6,0.003066533342159,True
0,LARGE_MAZE,2639,2639,3,7,7,5,beam_3,16,0.0216561999986879,6,0.0036093666664479,True
0,LARGE_MAZE,2693,2693,3,9,1,5,greedy,16,0.0486727000097744,16,0.0030420437506109,False
0,LARGE_MAZE,2693,2693,3,9,1,5,beam_2,16,0.0432652999879792,12,0.0036054416656649,True
0,LARGE_MAZE,2693,2693,3,9,1,5,beam_3,16,0.0203169000451453,6,0.0033861500075242,True
0,LARGE_MAZE,2778,2778,3,10,7,10,greedy,16,0.0175095999729819,6,0.0029182666621636,True
0,LARGE_MAZE,2778,2778,3,10,7,10,beam_2,16,0.0188770000240765,6,0.0031461666706794,True
0,LARGE_MAZE,2778,2778,3,10,7,10,beam_3,16,0.0210173000232316,6,0.0035028833372052,True
0,LARGE_MAZE,2825,2825,4,5,1,2,greedy,16,0.0496876999968662,16,0.0031054812498041,False
0,LARGE_MAZE,2825,2825,4,5,1,2,beam_2,16,0.0192896999651566,6,0.0032149499941927,True
0,LARGE_MAZE,2825,2825,4,5,1,2,beam_3,16,0.0201353000011295,6,0.0033558833335215,True
0,LARGE_MAZE,2859,2859,4,5,6,7,greedy,16,0.0177749000140465,6,0.0029624833356744,True
0,LARGE_MAZE,2859,2859,4,5,6,7,beam_2,16,0.0228977000224404,6,0.0038162833370734,True
0,LARGE_MAZE,2859,2859,4,5,6,7,beam_3,16,0.0208777000079862,6,0.0034796166679977,True
0,LARGE_MAZE,2931,2931,5,1,3,5,greedy,16,0.0192115000099875,6,0.0032019166683312,True
0,LARGE_MAZE,2931,2931,5,1,3,5,beam_2,16,0.0239282000111415,6,0.0039880333351902,True
0,LARGE_MAZE,2931,2931,5,1,3,5,beam_3,16,0.0244805000256747,6,0.0040800833376124,True
0,LARGE_MAZE,2970,2970,5,2,2,5,greedy,16,0.0585134999710135,16,0.0036570937481883,False
0,LARGE_MAZE,2970,2970,5,2,2,5,beam_2,16,0.0246701000141911,6,0.0041116833356985,True
0,LARGE_MAZE,2970,2970,5,2,2,5,beam_3,16,0.0250451000174507,6,0.0041741833362417,True
0,LARGE_MAZE,3020,3020,5,3,3,3,greedy,16,0.0605556000373326,16,0.0037847250023332,False
0,LARGE_MAZE,3020,3020,5,3,3,3,beam_2,16,0.0235787999699823,6,0.003929799994997,True
0,LARGE_MAZE,3020,3020,5,3,3,3,beam_3,16,0.0244331000139936,6,0.0040721833356656,True
0,LARGE_MAZE,3061,3061,5,4,2,7,greedy,16,0.0203603999689221,6,0.0033933999948203,True
0,LARGE_MAZE,3061,3061,5,4,2,7,beam_2,16,0.0238440000102855,6,0.0039740000017142,True
0,LARGE_MAZE,3061,3061,5,4,2,7,beam_3,16,0.02269349998096,6,0.0037822499968266,True
0,LARGE_MAZE,3099,3099,5,5,1,7,greedy,16,0.018294200010132,6,0.003049033335022,True
0,LARGE_MAZE,3099,3099,5,5,1,7,beam_2,16,0.0188586000003851,6,0.0031431000000641,True
0,LARGE_MAZE,3099,3099,5,5,1,7,beam_3,16,0.0214188999962061,6,0.0035698166660343,True
0,LARGE_MAZE,3169,3169,5,7,5,5,greedy,16,0.0182306000497192,6,0.0030384333416198,True
0,LARGE_MAZE,3169,3169,5,7,5,5,beam_2,16,0.0195373999886214,6,0.0032562333314369,True
0,LARGE_MAZE,3169,3169,5,7,5,5,beam_3,16,0.0198639000300318,6,0.0033106500050053,True
0,LARGE_MAZE,3247,3247,5,10,3,6,greedy,16,0.0196710999589413,6,0.0032785166598235,True
0,LARGE_MAZE,3247,3247,5,10,3,6,beam_2,16,0.0194125999696552,6,0.0032354333282758,True
0,LARGE_MAZE,3247,3247,5,10,3,6,beam_3,16,0.0200316000264138,6,0.0033386000044023,True
0,LARGE_MAZE,3315,3315,6,3,7,6,greedy,16,0.0161629999638535,6,0.0026938333273089,True
0,LARGE_MAZE,3315,3315,6,3,7,6,beam_2,16,0.0195183999603614,6,0.0032530666600602,True
0,LARGE_MAZE,3315,3315,6,3,7,6,beam_3,16,0.0208658999763429,6,0.0034776499960571,True
0,LARGE_MAZE,3357,3357,6,5,7,2,greedy,16,0.0342835999908857,12,0.0028569666659071,True
0,LARGE_MAZE,3357,3357,6,5,7,2,beam_2,16,0.0181749000330455,6,0.0030291500055075,True
0,LARGE_MAZE,3357,3357,6,5,7,2,beam_3,16,0.0195678999880328,6,0.0032613166646721,True
0,LARGE_MAZE,3480,3480,7,1,5,1,greedy,16,0.0153575000003911,6,0.0025595833333985,True
0,LARGE_MAZE,3480,3480,7,1,5,1,beam_2,16,0.0185308000072836,6,0.0030884666678806,True
0,LARGE_MAZE,3480,3480,7,1,5,1,beam_3,16,0.0193854999961331,6,0.0032309166660221,True
0,LARGE_MAZE,3558,3558,7,3,3,1,greedy,16,0.0166753000230528,6,0.0027792166705088,True
0,LARGE_MAZE,3558,3558,7,3,3,1,beam_2,16,0.0182335000135935,6,0.0030389166689322,True
0,LARGE_MAZE,3558,3558,7,3,3,1,beam_3,16,0.0190158000332303,6,0.0031693000055383,True
0,LARGE_MAZE,3615,3615,7,5,5,1,greedy,16,0.0157471999991685,6,0.0026245333331947,True
0,LARGE_MAZE,3615,3615,7,5,5,1,beam_2,16,0.0180419000098481,6,0.0030069833349746,True
0,LARGE_MAZE,3615,3615,7,5,5,1,beam_3,16,0.0198444999987259,6,0.0033074166664543,True
0,LARGE_MAZE,3668,3668,7,6,6,3,greedy,16,0.0176285000052303,6,0.002938083334205,True
0,LARGE_MAZE,3668,3668,7,6,6,3,beam_2,16,0.0172490999684669,6,0.0028748499947444,True
0,LARGE_MAZE,3668,3668,7,6,6,3,beam_3,16,0.0185798999737016,6,0.0030966499956169,True
0,LARGE_MAZE,3791,3791,7,10,3,10,greedy,16,0.0151429999968968,6,0.0025238333328161,True
0,LARGE_MAZE,3791,3791,7,10,3,10,beam_2,16,0.0185214999946765,6,0.0030869166657794,True
0,LARGE_MAZE,3791,3791,7,10,3,10,beam_3,16,0.0180241000489331,6,0.0030040166748221,True
0,LARGE_MAZE,1807,1807,1,2,3,7,greedy,16,0.0180174999986775,7,0.0025739285712396,True
0,LARGE_MAZE,1807,1807,1,2,3,7,beam_2,16,0.0208216999890282,7,0.0029745285698611,True
0,LARGE_MAZE,1807,1807,1,2,3,7,beam_3,16,0.0211042999872006,7,0.0030148999981715,True
0,LARGE_MAZE,1860,1860,1,3,5,2,greedy,16,0.0184124000370502,7,0.0026303428624357,True
0,LARGE_MAZE,1860,1860,1,3,5,2,beam_2,16,0.0258474000147543,7,0.0036924857163934,True
0,LARGE_MAZE,1860,1860,1,3,5,2,beam_3,16,0.0225646000471897,7,0.0032235142924556,True
0,LARGE_MAZE,1904,1904,1,4,5,1,greedy,16,0.0201997000258415,7,0.002885671432263,True
0,LARGE_MAZE,1904,1904,1,4,5,1,beam_2,16,0.0275455000228248,7,0.0039350714318321,True
0,LARGE_MAZE,1904,1904,1,4,5,1,beam_3,16,0.023646900022868,7,0.0033781285746954,True
0,LARGE_MAZE,1946,1946,1,5,4,1,greedy,16,0.0245984999928623,9,0.0027331666658735,True
0,LARGE_MAZE,1946,1946,1,5,4,1,beam_2,16,0.0283226000028662,9,0.003146955555874,True
0,LARGE_MAZE,1946,1946,1,5,4,1,beam_3,16,0.0230188999557867,7,0.0032884142793981,True
0,LARGE_MAZE,1997,1997,1,7,5,4,greedy,16,0.0191365000209771,7,0.0027337857172824,True
0,LARGE_MAZE,1997,1997,1,7,5,4,beam_2,16,0.022232899966184,7,0.0031761285665977,True
0,LARGE_MAZE,1997,1997,1,7,5,4,beam_3,16,0.0229358000215142,7,0.0032765428602163,True
0,LARGE_MAZE,2045,2045,1,8,5,9,greedy,16,0.0188561999821104,7,0.0026937428545872,True
0,LARGE_MAZE,2045,2045,1,8,5,9,beam_2,16,0.0218809999641962,7,0.0031258571377423,True
0,LARGE_MAZE,2045,2045,1,8,5,9,beam_3,16,0.0249908000114373,7,0.0035701142873481,True
0,LARGE_MAZE,2147,2147,1,10,7,9,greedy,16,0.0384578999946825,13,0.0029582999995909,True
0,LARGE_MAZE,2147,2147,1,10,7,9,beam_2,16,0.0236246000276878,7,0.0033749428610982,True
0,LARGE_MAZE,2147,2147,1,10,7,9,beam_3,16,0.0261628000298514,7,0.0037375428614073,True
0,LARGE_MAZE,2221,2221,2,3,5,3,greedy,16,0.030070999986492,9,0.0033412222207213,True
0,LARGE_MAZE,2221,2221,2,3,5,3,beam_2,16,0.0503034000284969,9,0.0055892666698329,True
0,LARGE_MAZE,2221,2221,2,3,5,3,beam_3,16,0.0361264999955892,7,0.0051609285707984,True
0,LARGE_MAZE,2263,2263,2,5,4,10,greedy,16,0.0304732999647967,7,0.0043533285663995,True
0,LARGE_MAZE,2263,2263,2,5,4,10,beam_2,16,0.0305956000229343,7,0.0043708000032763,True
0,LARGE_MAZE,2263,2263,2,5,4,10,beam_3,16,0.0292021000059321,7,0.004171728572276,True
0,LARGE_MAZE,2311,2311,2,7,5,3,greedy,16,0.0207148999907076,7,0.0029592714272439,True
0,LARGE_MAZE,2311,2311,2,7,5,3,beam_2,16,0.0234691000077873,7,0.003352728572541,True
0,LARGE_MAZE,2311,2311,2,7,5,3,beam_3,16,0.024782899999991,7,0.003540414285713,True
0,LARGE_MAZE,2373,2373,2,10,7,10,greedy,16,0.0208278000354766,7,0.002975400005068,True
0,LARGE_MAZE,2373,2373,2,10,7,10,beam_2,16,0.0236016999697312,7,0.0033716714242473,True
0,LARGE_MAZE,2373,2373,2,10,7,10,beam_3,16,0.0253817000193521,7,0.0036259571456217,True
0,LARGE_MAZE,2435,2435,3,2,3,5,greedy,16,0.0196674999897368,7,0.0028096428556766,True
0,LARGE_MAZE,2435,2435,3,2,3,5,beam_2,16,0.0218344000168144,7,0.003119200002402,True
0,LARGE_MAZE,2435,2435,3,2,3,5,beam_3,16,0.0224725000443868,7,0.0032103571491981,True
0,LARGE_MAZE,2492,2492,3,3,5,4,greedy,16,0.0321815000497736,11,0.0029255909136157,True
0,LARGE_MAZE,2492,2492,3,3,5,4,beam_2,16,0.0208518999861553,7,0.002978842855165,True
0,LARGE_MAZE,2492,2492,3,3,5,4,beam_3,16,0.0226517000119201,7,0.00323595714456,True
0,LARGE_MAZE,2531,2531,3,5,4,1,greedy,16,0.0243880999623797,9,0.0027097888847088,True
0,LARGE_MAZE,2531,2531,3,5,4,1,beam_2,16,0.0212489999830722,7,0.0030355714261531,True
0,LARGE_MAZE,2531,2531,3,5,4,1,beam_3,16,0.0214851999771781,7,0.003069314282454,True
0,LARGE_MAZE,2570,2570,3,6,3,3,greedy,16,0.0512733000214211,16,0.0032045812513388,False
0,LARGE_MAZE,2570,2570,3,6,3,3,beam_2,16,0.0224328999756835,7,0.0032046999965262,True
0,LARGE_MAZE,2570,2570,3,6,3,3,beam_3,16,0.0215991999721154,7,0.0030855999960164,True
0,LARGE_MAZE,2600,2600,3,7,1,2,greedy,16,0.0197418000316247,7,0.0028202571473749,True
0,LARGE_MAZE,2600,2600,3,7,1,2,beam_2,16,0.0257361999829299,7,0.0036765999975614,True
0,LARGE_MAZE,2600,2600,3,7,1,2,beam_3,16,0.025614799989853,7,0.0036592571414075,True
0,LARGE_MAZE,2640,2640,3,7,7,6,greedy,16,0.0211941000306978,7,0.0030277285758139,True
0,LARGE_MAZE,2640,2640,3,7,7,6,beam_2,16,0.0206143000395968,7,0.0029449000056566,True
0,LARGE_MAZE,2640,2640,3,7,7,6,beam_3,16,0.0243459999910555,7,0.0034779999987222,True
0,LARGE_MAZE,2692,2692,3,9,1,4,greedy,16,0.0190907000214792,7,0.0027272428602113,True
0,LARGE_MAZE,2692,2692,3,9,1,4,beam_2,16,0.0208693000022321,7,0.0029813285717474,True
0,LARGE_MAZE,2692,2692,3,9,1,4,beam_3,16,0.0233927000081166,7,0.0033418142868738,True
0,LARGE_MAZE,2763,2763,3,10,5,5,greedy,16,0.0185585999861359,7,0.0026512285694479,True
0,LARGE_MAZE,2763,2763,3,10,5,5,beam_2,16,0.1074569000047631,7,0.0153509857149661,True
0,LARGE_MAZE,2763,2763,3,10,5,5,beam_3,16,0.0782580999657511,7,0.0111797285665358,True
0,LARGE_MAZE,2824,2824,4,5,1,1,greedy,16,0.1251896999892778,16,0.0078243562493298,False
0,LARGE_MAZE,2824,2824,4,5,1,1,beam_2,16,0.0298257999820634,7,0.0042608285688662,True
0,LARGE_MAZE,2824,2824,4,5,1,1,beam_3,16,0.05608690000372,7,0.0080124142862457,True
0,LARGE_MAZE,2848,2848,4,5,4,10,greedy,16,0.0333592999959364,7,0.0047656142851337,True
0,LARGE_MAZE,2848,2848,4,5,4,10,beam_2,16,0.0601580999791622,7,0.0085940142827374,True
0,LARGE_MAZE,2848,2848,4,5,4,10,beam_3,16,0.0373146000201813,7,0.0053306571457401,True
0,LARGE_MAZE,2917,2917,5,1,1,4,greedy,16,0.0788277999963611,16,0.0049267374997725,False
0,LARGE_MAZE,2917,2917,5,1,1,4,beam_2,16,0.0301618000376038,7,0.0043088285768005,True
0,LARGE_MAZE,2917,2917,5,1,1,4,beam_3,16,0.0297741999966092,7,0.0042534571423727,True
0,LARGE_MAZE,2963,2963,5,2,1,5,greedy,16,0.0745827999780885,16,0.0046614249986305,False
0,LARGE_MAZE,2963,2963,5,2,1,5,beam_2,16,0.032658599957358,7,0.0046655142796225,True
0,LARGE_MAZE,2963,2963,5,2,1,5,beam_3,16,0.0370870999759063,7,0.0052981571394151,True
0,LARGE_MAZE,3014,3014,5,3,2,3,greedy,16,0.0844598999829031,9,0.0093844333314336,True
0,LARGE_MAZE,3014,3014,5,3,2,3,beam_2,16,0.0465200000326149,9,0.0051688888925127,True
0,LARGE_MAZE,3014,3014,5,3,2,3,beam_3,16,0.0472152999718673,9,0.0052461444413185,True
0,LARGE_MAZE,3051,3051,5,4,1,3,greedy,16,0.0416632000124082,9,0.0046292444458231,True
0,LARGE_MAZE,3051,3051,5,4,1,3,beam_2,16,0.0325139000196941,7,0.0046448428599563,True
0,LARGE_MAZE,3051,3051,5,4,1,3,beam_3,16,0.0331183000234887,7,0.0047311857176412,True
0,LARGE_MAZE,3095,3095,5,5,1,2,greedy,16,0.0286445000092498,7,0.0040920714298928,True
0,LARGE_MAZE,3095,3095,5,5,1,2,beam_2,16,0.0313549000420607,7,0.0044792714345801,True
0,LARGE_MAZE,3095,3095,5,5,1,2,beam_3,16,0.0358086999622173,7,0.005115528566031,True
0,LARGE_MAZE,3116,3116,5,5,3,10,greedy,16,0.0300096000428311,7,0.0042870857204044,True
0,LARGE_MAZE,3116,3116,5,5,3,10,beam_2,16,0.0299427999998442,7,0.0042775428571206,True
0,LARGE_MAZE,3116,3116,5,5,3,10,beam_3,16,0.0339444000273942,7,0.0048492000039134,True
0,LARGE_MAZE,3202,3202,5,9,3,6,greedy,16,0.0283737999852746,7,0.0040533999978963,True
0,LARGE_MAZE,3202,3202,5,9,3,6,beam_2,16,0.0326252999948337,7,0.0046607571421191,True
0,LARGE_MAZE,3202,3202,5,9,3,6,beam_3,16,0.0350706000463105,7,0.0050100857209015,True
0,LARGE_MAZE,3290,3290,6,3,3,3,greedy,16,0.030706999998074,7,0.0043867142854391,True
0,LARGE_MAZE,3290,3290,6,3,3,3,beam_2,16,0.0335200999979861,7,0.004788585713998,True
0,LARGE_MAZE,3290,3290,6,3,3,3,beam_3,16,0.0333400999661535,7,0.0047628714237362,True
0,LARGE_MAZE,3333,3333,6,5,3,1,greedy,16,0.0284698000177741,7,0.0040671142882534,True
0,LARGE_MAZE,3333,3333,6,5,3,1,beam_2,16,0.0315679000341333,7,0.0045097000048761,True
0,LARGE_MAZE,3333,3333,6,5,3,1,beam_3,16,0.0323244999744929,7,0.0046177857106418,True
0,LARGE_MAZE,3416,3416,6,9,1,9,greedy,16,0.065793499990832,16,0.004112093749427,False
0,LARGE_MAZE,3416,3416,6,9,1,9,beam_2,16,0.0288925000349991,7,0.0041275000049998,True
0,LARGE_MAZE,3416,3416,6,9,1,9,beam_3,16,0.031476600037422,7,0.0044966571482031,True
0,LARGE_MAZE,3513,3513,7,2,3,1,greedy,16,0.0294137999881058,7,0.0042019714268722,True
0,LARGE_MAZE,3513,3513,7,2,3,1,beam_2,16,0.0323092000326141,7,0.0046156000046591,True
0,LARGE_MAZE,3513,3513,7,2,3,1,beam_3,16,0.0334492000401951,7,0.0047784571485993,True
0,LARGE_MAZE,3559,3559,7,3,3,2,greedy,16,0.068340000056196,16,0.0042712500035122,False
0,LARGE_MAZE,3559,3559,7,3,3,2,beam_2,16,0.0308007000130601,7,0.0044001000018657,True
0,LARGE_MAZE,3559,3559,7,3,3,2,beam_3,16,0.0318295000470243,7,0.0045470714352891,True
0,LARGE_MAZE,3609,3609,7,5,3,8,greedy,16,0.0270440999884158,7,0.0038634428554879,True
0,LARGE_MAZE,3609,3609,7,5,3,8,beam_2,16,0.031414000026416,7,0.004487714289488,True
0,LARGE_MAZE,3609,3609,7,5,3,8,beam_3,16,0.0345215999986976,7,0.004931657142671,True
0,LARGE_MAZE,3660,3660,7,6,5,1,greedy,16,0.0287282000062987,7,0.0041040285723283,True
0,LARGE_MAZE,3660,3660,7,6,5,1,beam_2,16,0.0294192999717779,7,0.0042027571388254,True
0,LARGE_MAZE,3660,3660,7,6,5,1,beam_3,16,0.0287151000229641,7,0.0041021571461377,True
0,LARGE_MAZE,3713,3713,7,7,6,3,greedy,16,0.0590776000171899,16,0.0036923500010743,False
0,LARGE_MAZE,3713,3713,7,7,6,3,beam_2,16,0.0620828000246547,16,0.0038801750015409,False
0,LARGE_MAZE,3713,3713,7,7,6,3,beam_3,16,0.0208395999507047,7,0.0029770857072435,True
0,LARGE_MAZE,1762,1762,1,1,3,7,greedy,18,0.0213487999862991,8,0.0026685999982873,True
0,LARGE_MAZE,1762,1762,1,1,3,7,beam_2,18,0.0258250999613665,8,0.0032281374951708,True
0,LARGE_MAZE,1762,1762,1,1,3,7,beam_3,18,0.0264094000449404,8,0.0033011750056175,True
0,LARGE_MAZE,1817,1817,1,2,5,4,greedy,18,0.0221815999830141,8,0.0027726999978767,True
0,LARGE_MAZE,1817,1817,1,2,5,4,beam_2,18,0.0200582999968901,8,0.0025072874996112,True
0,LARGE_MAZE,1817,1817,1,2,5,4,beam_3,18,0.0259337999741546,8,0.0032417249967693,True
0,LARGE_MAZE,1861,1861,1,3,5,3,greedy,18,0.0270567999687045,8,0.003382099996088,True
0,LARGE_MAZE,1861,1861,1,3,5,3,beam_2,18,0.0286703999736346,8,0.0035837999967043,True
0,LARGE_MAZE,1861,1861,1,3,5,3,beam_3,18,0.0299703000346198,8,0.0037462875043274,True
0,LARGE_MAZE,1912,1912,1,4,6,3,greedy,18,0.0542174999718554,18,0.0030120833317697,False
0,LARGE_MAZE,1912,1912,1,4,6,3,beam_2,18,0.0250601000152528,8,0.0031325125019066,True
0,LARGE_MAZE,1912,1912,1,4,6,3,beam_3,18,0.0327284000231884,8,0.0040910500028985,True
0,LARGE_MAZE,1949,1949,1,5,5,1,greedy,18,0.0246341000311076,8,0.0030792625038884,True
0,LARGE_MAZE,1949,1949,1,5,5,1,beam_2,18,0.0252115000039339,8,0.0031514375004917,True
0,LARGE_MAZE,1949,1949,1,5,5,1,beam_3,18,0.0239881000015884,8,0.0029985125001985,True
0,LARGE_MAZE,2000,2000,1,7,5,9,greedy,18,0.0231270999647676,8,0.0028908874955959,True
0,LARGE_MAZE,2000,2000,1,7,5,9,beam_2,18,0.0314682999742217,8,0.0039335374967777,True
0,LARGE_MAZE,2000,2000,1,7,5,9,beam_3,18,0.036110799992457,8,0.0045138499990571,True
0,LARGE_MAZE,2050,2050,1,8,6,9,greedy,18,0.0675365999923087,18,0.003752033332906,False
0,LARGE_MAZE,2050,2050,1,8,6,9,beam_2,18,0.0339738000184297,8,0.0042467250023037,True
0,LARGE_MAZE,2050,2050,1,8,6,9,beam_3,18,0.0321119999862276,8,0.0040139999982784,True
0,LARGE_MAZE,2127,2127,1,10,4,5,greedy,18,0.0282883000327274,8,0.0035360375040909,True
0,LARGE_MAZE,2127,2127,1,10,4,5,beam_2,18,0.0296463000122457,8,0.0037057875015307,True
0,LARGE_MAZE,2127,2127,1,10,4,5,beam_3,18,0.0351885000127367,8,0.004398562501592,True
0,LARGE_MAZE,2187,2187,2,1,7,2,greedy,18,0.031285100034438,8,0.0039106375043047,True
0,LARGE_MAZE,2187,2187,2,1,7,2,beam_2,18,0.0371754000079818,8,0.0046469250009977,True
0,LARGE_MAZE,2187,2187,2,1,7,2,beam_3,18,0.0346402999712154,8,0.0043300374964019,True
0,LARGE_MAZE,2228,2228,2,3,6,5,greedy,18,0.0373037999961525,10,0.0037303799996152,True
0,LARGE_MAZE,2228,2228,2,3,6,5,beam_2,18,0.0294899999862536,8,0.0036862499982817,True
0,LARGE_MAZE,2228,2228,2,3,6,5,beam_3,18,0.0308817999903112,8,0.0038602249987889,True
0,LARGE_MAZE,2277,2277,2,5,7,2,greedy,18,0.042281300004106,8,0.0052851625005132,True
0,LARGE_MAZE,2277,2277,2,5,7,2,beam_2,18,0.0321992000099271,8,0.0040249000012408,True
0,LARGE_MAZE,2277,2277,2,5,7,2,beam_3,18,0.034048699948471,8,0.0042560874935588,True
0,LARGE_MAZE,2320,2320,2,7,6,9,greedy,18,0.0370975999976508,8,0.0046371999997063,True
0,LARGE_MAZE,2320,2320,2,7,6,9,beam_2,18,0.0368220999953337,8,0.0046027624994167,True
0,LARGE_MAZE,2320,2320,2,7,6,9,beam_3,18,0.0304417999577708,8,0.0038052249947213,True
0,LARGE_MAZE,2411,2411,3,1,7,1,greedy,18,0.0308740999898873,8,0.0038592624987359,True
0,LARGE_MAZE,2411,2411,3,1,7,1,beam_2,18,0.0297468999633565,8,0.0037183624954195,True
0,LARGE_MAZE,2411,2411,3,1,7,1,beam_3,18,0.0371026000357233,8,0.0046378250044654,True
0,LARGE_MAZE,2457,2457,3,2,7,2,greedy,18,0.0334674000041559,8,0.0041834250005194,True
0,LARGE_MAZE,2457,2457,3,2,7,2,beam_2,18,0.0330130000365898,8,0.0041266250045737,True
0,LARGE_MAZE,2457,2457,3,2,7,2,beam_3,18,0.0350470000412315,8,0.0043808750051539,True
0,LARGE_MAZE,2539,2539,3,5,5,7,greedy,18,0.0536721999524161,18,0.0029817888862453,False
0,LARGE_MAZE,2539,2539,3,5,5,7,beam_2,18,0.0314315999858081,8,0.003928949998226,True
0,LARGE_MAZE,2539,2539,3,5,5,7,beam_3,18,0.0307175999623723,8,0.0038396999952965,True
0,LARGE_MAZE,2576,2576,3,6,4,1,greedy,18,0.032095200032927,8,0.0040119000041158,True
0,LARGE_MAZE,2576,2576,3,6,4,1,beam_2,18,0.0341365000349469,8,0.0042670625043683,True
0,LARGE_MAZE,2576,2576,3,6,4,1,beam_3,18,0.0361974000115878,8,0.0045246750014484,True
0,LARGE_MAZE,2615,2615,3,7,3,3,greedy,18,0.0687999000074341,18,0.0038222166670796,False
0,LARGE_MAZE,2615,2615,3,7,3,3,beam_2,18,0.0256627000053413,8,0.0032078375006676,True
0,LARGE_MAZE,2615,2615,3,7,3,3,beam_3,18,0.0217420000117272,8,0.0027177500014659,True
0,LARGE_MAZE,2645,2645,3,8,1,2,greedy,18,0.0227580000064335,8,0.0028447500008041,True
0,LARGE_MAZE,2645,2645,3,8,1,2,beam_2,18,0.0289556999923661,8,0.0036194624990457,True
0,LARGE_MAZE,2645,2645,3,8,1,2,beam_3,18,0.031331600039266,8,0.0039164500049082,True
0,LARGE_MAZE,2688,2688,3,8,7,10,greedy,18,0.0270973000442609,8,0.0033871625055326,True
0,LARGE_MAZE,2688,2688,3,8,7,10,beam_2,18,0.0302628999925218,8,0.0037828624990652,True
0,LARGE_MAZE,2688,2688,3,8,7,10,beam_3,18,0.0322658999939449,8,0.0040332374992431,True
0,LARGE_MAZE,2762,2762,3,10,5,4,greedy,18,0.0253497000085189,8,0.0031687125010648,True
0,LARGE_MAZE,2762,2762,3,10,5,4,beam_2,18,0.0255058999755419,8,0.0031882374969427,True
0,LARGE_MAZE,2762,2762,3,10,5,4,beam_3,18,0.0277504000114277,8,0.0034688000014284,True
0,LARGE_MAZE,2832,2832,4,5,1,10,greedy,18,0.0189440000103786,8,0.0023680000012973,True
0,LARGE_MAZE,2832,2832,4,5,1,10,beam_2,18,0.0282531999982893,8,0.0035316499997861,True
0,LARGE_MAZE,2832,2832,4,5,1,10,beam_3,18,0.0303807000163942,8,0.0037975875020492,True
0,LARGE_MAZE,2898,2898,4,10,5,5,greedy,18,0.0462628999957814,8,0.0057828624994726,True
0,LARGE_MAZE,2898,2898,4,10,5,5,beam_2,18,0.0576576999737881,8,0.0072072124967235,True
0,LARGE_MAZE,2898,2898,4,10,5,5,beam_3,18,0.0465933000086806,8,0.005824162501085,True
0,LARGE_MAZE,2971,2971,5,2,2,7,greedy,18,0.0334971999982371,8,0.0041871499997796,True
0,LARGE_MAZE,2971,2971,5,2,2,7,beam_2,18,0.0329854000010527,8,0.0041231750001315,True
0,LARGE_MAZE,2971,2971,5,2,2,7,beam_3,18,0.0348715999862179,8,0.0043589499982772,True
0,LARGE_MAZE,3025,3025,5,3,3,9,greedy,18,0.0285693000187166,8,0.0035711625023395,True
0,LARGE_MAZE,3025,3025,5,3,3,9,beam_2,18,0.03055540000787,8,0.0038194250009837,True
0,LARGE_MAZE,3025,3025,5,3,3,9,beam_3,18,0.0341509999707341,8,0.0042688749963417,True
0,LARGE_MAZE,3071,3071,5,4,3,10,greedy,18,0.0243575000204145,8,0.0030446875025518,True
0,LARGE_MAZE,3071,3071,5,4,3,10,beam_2,18,0.0300529000232927,8,0.0037566125029115,True
0,LARGE_MAZE,3071,3071,5,4,3,10,beam_3,18,0.0340153000433929,8,0.0042519125054241,True
0,LARGE_MAZE,3119,3119,5,5,4,10,greedy,18,0.026521399966441,8,0.0033151749958051,True
0,LARGE_MAZE,3119,3119,5,5,4,10,beam_2,18,0.0398102999897673,8,0.0049762874987209,True
0,LARGE_MAZE,3119,3119,5,5,4,10,beam_3,18,0.0344797999714501,8,0.0043099749964312,True
0,LARGE_MAZE,3240,3240,5,10,2,5,greedy,18,0.0319687000010162,8,0.003996087500127,True
0,LARGE_MAZE,3240,3240,5,10,2,5,beam_2,18,0.0376562000019475,8,0.0047070250002434,True
0,LARGE_MAZE,3240,3240,5,10,2,5,beam_3,18,0.0318930000066757,8,0.0039866250008344,True
0,LARGE_MAZE,3286,3286,6,3,2,7,greedy,18,0.0315503999590873,8,0.0039437999948859,True
0,LARGE_MAZE,3286,3286,6,3,2,7,beam_2,18,0.0332801000331528,8,0.0041600125041441,True
0,LARGE_MAZE,3286,3286,6,3,2,7,beam_3,18,0.0343768000020645,8,0.004297100000258,True
0,LARGE_MAZE,3328,3328,6,5,2,1,greedy,18,0.0261498999898321,8,0.003268737498729,True
0,LARGE_MAZE,3328,3328,6,5,2,1,beam_2,18,0.0324773000320419,8,0.0040596625040052,True
0,LARGE_MAZE,3328,3328,6,5,2,1,beam_3,18,0.0328053999692201,8,0.0041006749961525,True
0,LARGE_MAZE,3382,3382,6,7,3,6,greedy,18,0.0275857999804429,8,0.0034482249975553,True
0,LARGE_MAZE,3382,3382,6,7,3,6,beam_2,18,0.0271222000010311,8,0.0033902750001288,True
0,LARGE_MAZE,3382,3382,6,7,3,6,beam_3,18,0.0293530999915674,8,0.0036691374989459,True
0,LARGE_MAZE,3427,3427,6,9,3,6,greedy,18,0.0252992000314407,8,0.00316240000393,True
0,LARGE_MAZE,3427,3427,6,9,3,6,beam_2,18,0.0274007999687455,8,0.0034250999960931,True
0,LARGE_MAZE,3427,3427,6,9,3,6,beam_3,18,0.0375222999718971,8,0.0046902874964871,True
0,LARGE_MAZE,3510,3510,7,2,2,5,greedy,18,0.0656894999556243,18,0.0036494166642013,False
0,LARGE_MAZE,3510,3510,7,2,2,5,beam_2,18,0.0366330999531783,8,0.0045791374941472,True
0,LARGE_MAZE,3510,3510,7,2,2,5,beam_3,18,0.0331728999735787,8,0.0041466124966973,True
0,LARGE_MAZE,3548,3548,7,3,1,5,greedy,18,0.0456948000355623,12,0.0038079000029635,True
0,LARGE_MAZE,3548,3548,7,3,1,5,beam_2,18,0.0334014999680221,8,0.0041751874960027,True
0,LARGE_MAZE,3548,3548,7,3,1,5,beam_3,18,0.033585800032597,8,0.0041982250040746,True
0,LARGE_MAZE,3594,3594,7,5,1,7,greedy,18,0.0303025000030174,8,0.0037878125003771,True
0,LARGE_MAZE,3594,3594,7,5,1,7,beam_2,18,0.0330789000145159,8,0.0041348625018144,True
0,LARGE_MAZE,3594,3594,7,5,1,7,beam_3,18,0.0389341000118292,8,0.0048667625014786,True
0,LARGE_MAZE,3646,3646,7,6,2,7,greedy,18,0.0291597000323236,8,0.0036449625040404,True
0,LARGE_MAZE,3646,3646,7,6,2,7,beam_2,18,0.0336712999851442,8,0.004208912498143,True
0,LARGE_MAZE,3646,3646,7,6,2,7,beam_3,18,0.0372568999882787,8,0.0046571124985348,True
0,LARGE_MAZE,3698,3698,7,7,3,7,greedy,18,0.0328446000348776,8,0.0041055750043597,True
0,LARGE_MAZE,3698,3698,7,7,3,7,beam_2,18,0.0434644000488333,8,0.0054330500061041,True
0,LARGE_MAZE,3698,3698,7,7,3,7,beam_3,18,0.0357608000049367,8,0.004470100000617,True
0,LARGE_MAZE,3777,3777,7,10,1,10,greedy,18,0.0602479999652132,14,0.0043034285689438,True
0,LARGE_MAZE,3777,3777,7,10,1,10,beam_2,18,0.0327141999732703,8,0.0040892749966587,True
0,LARGE_MAZE,3777,3777,7,10,1,10,beam_3,18,0.0352558000013232,8,0.0044069750001654,True
0,LARGE_MAZE,1782,1782,1,1,7,2,greedy,20,0.0461600000271573,13,0.0035507692328582,True
0,LARGE_MAZE,1782,1782,1,1,7,2,beam_2,20,0.0445336999837309,9,0.0049481888870812,True
0,LARGE_MAZE,1782,1782,1,1,7,2,beam_3,20,0.0788457000162452,9,0.0087606333351383,True
0,LARGE_MAZE,1839,1839,1,3,1,8,greedy,20,0.0384680000133812,9,0.004274222223709,True
0,LARGE_MAZE,1839,1839,1,3,1,8,beam_2,20,0.0337049000081606,9,0.0037449888897956,True
0,LARGE_MAZE,1839,1839,1,3,1,8,beam_3,20,0.040690199995879,9,0.0045211333328754,True
0,LARGE_MAZE,1891,1891,1,4,2,10,greedy,20,0.0516683000023476,9,0.005740922222483,True
0,LARGE_MAZE,1891,1891,1,4,2,10,beam_2,20,0.0390585000277496,9,0.0043398333364166,True
0,LARGE_MAZE,1891,1891,1,4,2,10,beam_3,20,0.0394501999835483,9,0.0043833555537275,True
0,LARGE_MAZE,1956,1956,1,5,5,10,greedy,20,0.0436678000260144,9,0.0048519777806682,True
0,LARGE_MAZE,1956,1956,1,5,5,10,beam_2,20,0.0414653000188991,9,0.0046072555576554,True
0,LARGE_MAZE,1956,1956,1,5,5,10,beam_3,20,0.0408489999826997,9,0.0045387777758555,True
0,LARGE_MAZE,1995,1995,1,7,5,2,greedy,20,0.0734567999606952,19,0.0038661473663523,False
0,LARGE_MAZE,1995,1995,1,7,5,2,beam_2,20,0.0342807000270113,9,0.0038089666696679,True
0,LARGE_MAZE,1995,1995,1,7,5,2,beam_3,20,0.0356371999951079,9,0.0039596888883453,True
0,LARGE_MAZE,2041,2041,1,8,5,3,greedy,20,0.0303392000496387,9,0.0033710222277376,True
0,LARGE_MAZE,2041,2041,1,8,5,3,beam_2,20,0.0336828000145033,9,0.0037425333349448,True
0,LARGE_MAZE,2041,2041,1,8,5,3,beam_3,20,0.0353625999996438,9,0.0039291777777382,True
0,LARGE_MAZE,2093,2093,1,9,6,5,greedy,20,0.0339147000340744,9,0.003768300003786,True
0,LARGE_MAZE,2093,2093,1,9,6,5,beam_2,20,0.0369553000200539,9,0.0041061444466726,True
0,LARGE_MAZE,2093,2093,1,9,6,5,beam_3,20,0.0721588999731466,9,0.0080176555525718,True
0,LARGE_MAZE,2186,2186,2,1,7,1,greedy,20,0.1083440000074915,19,0.0057023157898679,False
0,LARGE_MAZE,2186,2186,2,1,7,1,beam_2,20,0.0566884000436402,9,0.00629871111596,True
0,LARGE_MAZE,2186,2186,2,1,7,1,beam_3,20,0.0609090999932959,9,0.0067676777770328,True
0,LARGE_MAZE,2234,2234,2,3,7,5,greedy,20,0.0360550000332295,9,0.0040061111148032,True
0,LARGE_MAZE,2234,2234,2,3,7,5,beam_2,20,0.0334323999704793,9,0.003714711107831,True
0,LARGE_MAZE,2234,2234,2,3,7,5,beam_3,20,0.0355239999480545,9,0.0039471111053393,True
0,LARGE_MAZE,2299,2299,2,7,3,3,greedy,20,0.059528500016313,19,0.003133078948227,False
0,LARGE_MAZE,2299,2299,2,7,3,3,beam_2,20,0.0291497000143863,9,0.003238855557154,True
0,LARGE_MAZE,2299,2299,2,7,3,3,beam_3,20,0.0299988000188022,9,0.0033332000020891,True
0,LARGE_MAZE,2332,2332,2,10,1,4,greedy,20,0.0247288000537082,9,0.002747644450412,True
0,LARGE_MAZE,2332,2332,2,10,1,4,beam_2,20,0.0262134000076912,9,0.0029126000008545,True
0,LARGE_MAZE,2332,2332,2,10,1,4,beam_3,20,0.0335732999956235,9,0.0037303666661803,True
0,LARGE_MAZE,2437,2437,3,2,3,7,greedy,20,0.0235622999607585,9,0.0026180333289731,True
0,LARGE_MAZE,2437,2437,3,2,3,7,beam_2,20,0.0275445999577641,9,0.0030605111064182,True
0,LARGE_MAZE,2437,2437,3,2,3,7,beam_3,20,0.0287445000139996,9,0.0031938333348888,True
0,LARGE_MAZE,2498,2498,3,3,6,5,greedy,20,0.0233685999992303,9,0.0025965111110255,True
0,LARGE_MAZE,2498,2498,3,3,6,5,beam_2,20,0.0267687000450678,9,0.0029743000050075,True
0,LARGE_MAZE,2498,2498,3,3,6,5,beam_3,20,0.0305067999870516,9,0.0033896444430057,True
0,LARGE_MAZE,2591,2591,3,6,7,1,greedy,20,0.0294425999745726,9,0.0032713999971747,True
0,LARGE_MAZE,2591,2591,3,6,7,1,beam_2,20,0.0261041999910958,9,0.0029004666656773,True
0,LARGE_MAZE,2591,2591,3,6,7,1,beam_3,20,0.0309372999472543,9,0.0034374777719171,True
0,LARGE_MAZE,2634,2634,3,7,6,7,greedy,20,0.0549269000184722,19,0.0028908894746564,False
0,LARGE_MAZE,2634,2634,3,7,6,7,beam_2,20,0.0364239999908022,9,0.0040471111100891,True
0,LARGE_MAZE,2634,2634,3,7,6,7,beam_3,20,0.0383347999886609,9,0.0042594222209623,True
0,LARGE_MAZE,2669,2669,3,8,5,1,greedy,20,0.039610200037714,9,0.0044011333375237,True
0,LARGE_MAZE,2669,2669,3,8,5,1,beam_2,20,0.0460729000042192,9,0.0051192111115799,True
0,LARGE_MAZE,2669,2669,3,8,5,1,beam_3,20,0.0369211999932304,9,0.0041023555548033,True
0,LARGE_MAZE,2715,2715,3,9,5,2,greedy,20,0.0823916999506764,19,0.0043364052605619,False
0,LARGE_MAZE,2715,2715,3,9,5,2,beam_2,20,0.0437442000256851,9,0.0048604666695205,True
0,LARGE_MAZE,2715,2715,3,9,5,2,beam_3,20,0.0483830999583005,9,0.0053758999953667,True
0,LARGE_MAZE,2774,2774,3,10,7,5,greedy,20,0.0370333000319078,9,0.0041148111146564,True
0,LARGE_MAZE,2774,2774,3,10,7,5,beam_2,20,0.0292803000193089,9,0.0032533666688121,True
0,LARGE_MAZE,2774,2774,3,10,7,5,beam_3,20,0.0354921999969519,9,0.0039435777774391,True
0,LARGE_MAZE,2897,2897,4,10,5,4,greedy,20,0.0358302000095136,9,0.0039811333343904,True
0,LARGE_MAZE,2897,2897,4,10,5,4,beam_2,20,0.0355060999863781,9,0.0039451222207086,True
0,LARGE_MAZE,2897,2897,4,10,5,4,beam_3,20,0.0396866000373847,9,0.004409622226376,True
0,LARGE_MAZE,2964,2964,5,2,1,7,greedy,20,0.0303571000113151,9,0.0033730111123683,True
0,LARGE_MAZE,2964,2964,5,2,1,7,beam_2,20,0.0310160999651998,9,0.0034462333294666,True
0,LARGE_MAZE,2964,2964,5,2,1,7,beam_3,20,0.0397286000079475,9,0.0044142888897719,True
0,LARGE_MAZE,3056,3056,5,4,1,9,greedy,20,0.0271890999865718,9,0.003021011109619,True
0,LARGE_MAZE,3056,3056,5,4,1,9,beam_2,20,0.0286720999865792,9,0.0031857888873976,True
0,LARGE_MAZE,3056,3056,5,4,1,9,beam_3,20,0.0305042999680154,9,0.0033893666631128,True
0,LARGE_MAZE,3150,3150,5,7,2,5,greedy,20,0.024637900001835,9,0.0027375444446483,True
0,LARGE_MAZE,3150,3150,5,7,2,5,beam_2,20,0.0272054999950341,9,0.0030228333327815,True
0,LARGE_MAZE,3150,3150,5,7,2,5,beam_3,20,0.0288484000484459,9,0.0032053777831606,True
0,LARGE_MAZE,3208,3208,5,9,4,5,greedy,20,0.0255569000146351,9,0.0028396555571816,True
0,LARGE_MAZE,3208,3208,5,9,4,5,beam_2,20,0.0265311999828554,9,0.0029479111092061,True
0,LARGE_MAZE,3208,3208,5,9,4,5,beam_3,20,0.027236099995207,9,0.0030262333328007,True
0,LARGE_MAZE,3295,3295,6,3,3,9,greedy,20,0.0232470000046305,9,0.0025830000005145,True
0,LARGE_MAZE,3295,3295,6,3,3,9,beam_2,20,0.0266875000088475,9,0.0029652777787608,True
0,LARGE_MAZE,3295,3295,6,3,3,9,beam_3,20,0.0299588000052608,9,0.00332875555614,True
0,LARGE_MAZE,3335,3335,6,5,3,3,greedy,20,0.0603528000065125,19,0.0031764631582375,False
0,LARGE_MAZE,3335,3335,6,5,3,3,beam_2,20,0.0306505999760702,9,0.0034056222195633,True
0,LARGE_MAZE,3335,3335,6,5,3,3,beam_3,20,0.0310078000184148,9,0.0034453111131572,True
0,LARGE_MAZE,3403,3403,6,7,7,3,greedy,20,0.0240481999935582,9,0.0026720222215064,True
0,LARGE_MAZE,3403,3403,6,7,7,3,beam_2,20,0.0311231999658048,9,0.0034581333295338,True
0,LARGE_MAZE,3403,3403,6,7,7,3,beam_3,20,0.0358412999776192,9,0.0039823666641799,True
0,LARGE_MAZE,3469,3469,7,1,3,2,greedy,20,0.0710625000065192,19,0.0037401315792904,False
0,LARGE_MAZE,3469,3469,7,1,3,2,beam_2,20,0.0285485999775119,9,0.0031720666641679,True
0,LARGE_MAZE,3469,3469,7,1,3,2,beam_3,20,0.0325584000092931,9,0.0036176000010325,True
0,LARGE_MAZE,3515,3515,7,2,3,3,greedy,20,0.0585013999952934,19,0.0030790210523838,False
0,LARGE_MAZE,3515,3515,7,2,3,3,beam_2,20,0.0273565999814309,9,0.0030396222201589,True
0,LARGE_MAZE,3515,3515,7,2,3,3,beam_3,20,0.0290107999462634,9,0.0032234222162514,True
0,LARGE_MAZE,3554,3554,7,3,2,3,greedy,20,0.0558521000202745,19,0.0029395842115933,False
0,LARGE_MAZE,3554,3554,7,3,2,3,beam_2,20,0.0604500999907031,19,0.003181584210037,False
0,LARGE_MAZE,3554,3554,7,3,2,3,beam_3,20,0.0285872999811545,9,0.0031763666645727,True
0,LARGE_MAZE,3595,3595,7,5,1,8,greedy,20,0.0232933000079356,9,0.0025881444453261,True
0,LARGE_MAZE,3595,3595,7,5,1,8,beam_2,20,0.0263077999697998,9,0.0029230888855333,True
0,LARGE_MAZE,3595,3595,7,5,1,8,beam_3,20,0.0303274999605491,9,0.0033697222178387,True
0,LARGE_MAZE,3636,3636,7,6,1,3,greedy,20,0.0304634999483823,9,0.003384833327598,True
0,LARGE_MAZE,3636,3636,7,6,1,3,beam_2,20,0.0330079999985173,9,0.0036675555553908,True
0,LARGE_MAZE,3636,3636,7,6,1,3,beam_3,20,0.0338421000051312,9,0.0037602333339034,True
0,LARGE_MAZE,3682,3682,7,7,1,4,greedy,20,0.0279255000059492,9,0.0031028333339943,True
0,LARGE_MAZE,3682,3682,7,7,1,4,beam_2,20,0.0318431999767199,9,0.0035381333307466,True
0,LARGE_MAZE,3682,3682,7,7,1,4,beam_3,20,0.0454985999967902,9,0.0050553999996433,True
0,LARGE_MAZE,3730,3730,7,9,1,8,greedy,20,0.0899995000218041,19,0.0047368157906212,False
0,LARGE_MAZE,3730,3730,7,9,1,8,beam_2,20,0.1116721000289544,19,0.0058774789488923,False
0,LARGE_MAZE,3730,3730,7,9,1,8,beam_3,20,0.0607020999887026,11,0.0055183727262456,True
0,LARGE_MAZE,1748,1748,1,1,1,7,greedy,22,0.0413339000078849,10,0.0041333900007884,True
0,LARGE_MAZE,1748,1748,1,1,1,7,beam_2,22,0.0323426999966613,10,0.0032342699996661,True
0,LARGE_MAZE,1748,1748,1,1,1,7,beam_3,22,0.0357832000008784,10,0.0035783200000878,True
0,LARGE_MAZE,1810,1810,1,2,3,10,greedy,22,0.0304552000015974,10,0.0030455200001597,True
0,LARGE_MAZE,1810,1810,1,2,3,10,beam_2,22,0.0365062999771907,10,0.003650629997719,True
0,LARGE_MAZE,1810,1810,1,2,3,10,beam_3,22,0.0400132000213488,10,0.0040013200021348,True
0,LARGE_MAZE,1858,1858,1,3,4,10,greedy,22,0.0417253000196069,10,0.0041725300019606,True
0,LARGE_MAZE,1858,1858,1,3,4,10,beam_2,22,0.0420588999986648,10,0.0042058899998664,True
0,LARGE_MAZE,1858,1858,1,3,4,10,beam_3,22,0.0493074000114575,10,0.0049307400011457,True
0,LARGE_MAZE,1914,1914,1,4,6,7,greedy,22,0.0360809999983757,10,0.0036080999998375,True
0,LARGE_MAZE,1914,1914,1,4,6,7,beam_2,22,0.0342488000169396,10,0.0034248800016939,True
0,LARGE_MAZE,1914,1914,1,4,6,7,beam_3,22,0.0349764000275172,10,0.0034976400027517,True
0,LARGE_MAZE,1969,1969,1,7,1,1,greedy,22,0.0292429000255651,10,0.0029242900025565,True
0,LARGE_MAZE,1969,1969,1,7,1,1,beam_2,22,0.0337336999946273,10,0.0033733699994627,True
0,LARGE_MAZE,1969,1969,1,7,1,1,beam_3,22,0.0349124000058509,10,0.003491240000585,True
0,LARGE_MAZE,2012,2012,1,7,7,9,greedy,22,0.034102100005839,10,0.0034102100005839,True
0,LARGE_MAZE,2012,2012,1,7,7,9,beam_2,22,0.0326402999926358,10,0.0032640299992635,True
0,LARGE_MAZE,2012,2012,1,7,7,9,beam_3,22,0.0323635000386275,10,0.0032363500038627,True
0,LARGE_MAZE,2055,2055,1,8,7,6,greedy,22,0.0265518000232987,10,0.0026551800023298,True
0,LARGE_MAZE,2055,2055,1,8,7,6,beam_2,22,0.0313058000174351,10,0.0031305800017435,True
0,LARGE_MAZE,2055,2055,1,8,7,6,beam_3,22,0.03158720000647,10,0.003158720000647,True
0,LARGE_MAZE,2107,2107,1,10,1,4,greedy,22,0.0268755999859422,10,0.0026875599985942,True
0,LARGE_MAZE,2107,2107,1,10,1,4,beam_2,22,0.0288272000034339,10,0.0028827200003433,True
0,LARGE_MAZE,2107,2107,1,10,1,4,beam_3,22,0.0350953000015579,10,0.0035095300001557,True
0,LARGE_MAZE,2190,2190,2,1,7,6,greedy,22,0.0471766000264324,12,0.003931383335536,True
0,LARGE_MAZE,2190,2190,2,1,7,6,beam_2,22,0.0408986000111326,10,0.0040898600011132,True
0,LARGE_MAZE,2190,2190,2,1,7,6,beam_3,22,0.0447427000035531,10,0.0044742700003553,True
0,LARGE_MAZE,2275,2275,2,5,6,9,greedy,22,0.0605511000030674,19,0.0031869000001614,False
0,LARGE_MAZE,2275,2275,2,5,6,9,beam_2,22,0.0321913000079803,10,0.003219130000798,True
0,LARGE_MAZE,2275,2275,2,5,6,9,beam_3,22,0.0324992000241763,10,0.0032499200024176,True
0,LARGE_MAZE,2322,2322,2,7,7,2,greedy,22,0.0278956000111065,10,0.0027895600011106,True
0,LARGE_MAZE,2322,2322,2,7,7,2,beam_2,22,0.0295383999473415,10,0.0029538399947341,True
0,LARGE_MAZE,2322,2322,2,7,7,2,beam_3,22,0.034930899972096,10,0.0034930899972096,True
0,LARGE_MAZE,2392,2392,3,1,3,7,greedy,22,0.0264795999974012,10,0.0026479599997401,True
0,LARGE_MAZE,2392,2392,3,1,3,7,beam_2,22,0.0301325999898836,10,0.0030132599989883,True
0,LARGE_MAZE,2392,2392,3,1,3,7,beam_3,22,0.0312611000263132,10,0.0031261100026313,True
0,LARGE_MAZE,2469,2469,3,3,1,7,greedy,22,0.0555000000167638,19,0.0029210526324612,False
0,LARGE_MAZE,2469,2469,3,3,1,7,beam_2,22,0.0317849999992176,10,0.0031784999999217,True
0,LARGE_MAZE,2469,2469,3,3,1,7,beam_3,22,0.0357607000041753,10,0.0035760700004175,True
0,LARGE_MAZE,2598,2598,3,6,7,10,greedy,22,0.0270959999761544,10,0.0027095999976154,True
0,LARGE_MAZE,2598,2598,3,6,7,10,beam_2,22,0.0319343999726697,10,0.0031934399972669,True
0,LARGE_MAZE,2598,2598,3,6,7,10,beam_3,22,0.0326247999910265,10,0.0032624799991026,True
0,LARGE_MAZE,2659,2659,3,8,3,2,greedy,22,0.0550645999610424,19,0.0028981368400548,False
0,LARGE_MAZE,2659,2659,3,8,3,2,beam_2,22,0.0303147000377066,10,0.0030314700037706,True
0,LARGE_MAZE,2659,2659,3,8,3,2,beam_3,22,0.0333664999925531,10,0.0033366499992553,True
0,LARGE_MAZE,2705,2705,3,9,3,3,greedy,22,0.0547828000271692,19,0.0028833052645878,False
0,LARGE_MAZE,2705,2705,3,9,3,3,beam_2,22,0.0298868999816477,10,0.0029886899981647,True
0,LARGE_MAZE,2705,2705,3,9,3,3,beam_3,22,0.0328555000014603,10,0.003285550000146,True
0,LARGE_MAZE,2744,2744,3,10,2,3,greedy,22,0.0347090999712236,10,0.0034709099971223,True
0,LARGE_MAZE,2744,2744,3,10,2,3,beam_2,22,0.0307599999941885,10,0.0030759999994188,True
0,LARGE_MAZE,2744,2744,3,10,2,3,beam_3,22,0.0333028999739326,10,0.0033302899973932,True
0,LARGE_MAZE,2799,2799,4,1,3,8,greedy,22,0.0382625000202097,12,0.0031885416683508,True
0,LARGE_MAZE,2799,2799,4,1,3,8,beam_2,22,0.0400808000122197,10,0.0040080800012219,True
0,LARGE_MAZE,2799,2799,4,1,3,8,beam_3,22,0.0374694000347517,10,0.0037469400034751,True
0,LARGE_MAZE,2909,2909,4,10,7,5,greedy,22,0.0292173000052571,10,0.0029217300005257,True
0,LARGE_MAZE,2909,2909,4,10,7,5,beam_2,22,0.0324639999889768,10,0.0032463999988976,True
0,LARGE_MAZE,2909,2909,4,10,7,5,beam_3,22,0.0357016999623738,10,0.0035701699962373,True
0,LARGE_MAZE,2981,2981,5,2,3,10,greedy,22,0.0319154000026173,10,0.0031915400002617,True
0,LARGE_MAZE,2981,2981,5,2,3,10,beam_2,22,0.0371396000264212,10,0.0037139600026421,True
0,LARGE_MAZE,2981,2981,5,2,3,10,beam_3,22,0.0391655000275932,10,0.0039165500027593,True
0,LARGE_MAZE,3081,3081,5,4,5,10,greedy,22,0.0370947999763302,10,0.003709479997633,True
0,LARGE_MAZE,3081,3081,5,4,5,10,beam_2,22,0.0407201999914832,10,0.0040720199991483,True
0,LARGE_MAZE,3081,3081,5,4,5,10,beam_3,22,0.038777400040999,10,0.0038777400040999,True
0,LARGE_MAZE,3178,3178,5,7,7,3,greedy,22,0.0622075000428594,19,0.0032740789496241,False
0,LARGE_MAZE,3178,3178,5,7,7,3,beam_2,22,0.0333396000205539,10,0.0033339600020553,True
0,LARGE_MAZE,3178,3178,5,7,7,3,beam_3,22,0.0347105000400915,10,0.0034710500040091,True
0,LARGE_MAZE,3263,3263,5,10,6,5,greedy,22,0.0283591999905183,10,0.0028359199990518,True
0,LARGE_MAZE,3263,3263,5,10,6,5,beam_2,22,0.0308729000389575,10,0.0030872900038957,True
0,LARGE_MAZE,3263,3263,5,10,6,5,beam_3,22,0.0327489000046625,10,0.0032748900004662,True
0,LARGE_MAZE,3367,3367,6,7,1,4,greedy,22,0.0564480000175535,18,0.0031360000009751,True
0,LARGE_MAZE,3367,3367,6,7,1,4,beam_2,22,0.032366200000979,10,0.0032366200000979,True
0,LARGE_MAZE,3367,3367,6,7,1,4,beam_3,22,0.036090699955821,10,0.0036090699955821,True
0,LARGE_MAZE,3420,3420,6,9,2,5,greedy,22,0.0306306999991647,10,0.0030630699999164,True
0,LARGE_MAZE,3420,3420,6,9,2,5,beam_2,22,0.0321622999617829,10,0.0032162299961782,True
0,LARGE_MAZE,3420,3420,6,9,2,5,beam_3,22,0.0343882999732159,10,0.0034388299973215,True
0,LARGE_MAZE,3473,3473,7,1,3,7,greedy,22,0.0305937000084668,10,0.0030593700008466,True
0,LARGE_MAZE,3473,3473,7,1,3,7,beam_2,22,0.0320570999756455,10,0.0032057099975645,True
0,LARGE_MAZE,3473,3473,7,1,3,7,beam_3,22,0.0385970999486744,10,0.0038597099948674,True
0,LARGE_MAZE,3511,3511,7,2,2,7,greedy,22,0.0281566999619826,10,0.0028156699961982,True
0,LARGE_MAZE,3511,3511,7,2,2,7,beam_2,22,0.0366581000271253,10,0.0036658100027125,True
0,LARGE_MAZE,3511,3511,7,2,2,7,beam_3,22,0.0412589000188745,10,0.0041258900018874,True
0,LARGE_MAZE,3565,3565,7,3,3,9,greedy,22,0.0337490999954752,10,0.0033749099995475,True
0,LARGE_MAZE,3565,3565,7,3,3,9,beam_2,22,0.0354939000098966,10,0.0035493900009896,True
0,LARGE_MAZE,3565,3565,7,3,3,9,beam_3,22,0.0381369000533595,10,0.0038136900053359,True
0,LARGE_MAZE,3605,3605,7,5,3,3,greedy,22,0.0615885999868623,19,0.0032415052624664,False
0,LARGE_MAZE,3605,3605,7,5,3,3,beam_2,22,0.0330016000079922,10,0.0033001600007992,True
0,LARGE_MAZE,3605,3605,7,5,3,3,beam_3,22,0.036420700023882,10,0.0036420700023882,True
0,LARGE_MAZE,3644,3644,7,6,2,3,greedy,22,0.0647878999589011,19,0.0034098894715211,False
0,LARGE_MAZE,3644,3644,7,6,2,3,beam_2,22,0.0351731000118888,10,0.0035173100011888,True
0,LARGE_MAZE,3644,3644,7,6,2,3,beam_3,22,0.0379285999806597,10,0.0037928599980659,True
0,LARGE_MAZE,3693,3693,7,7,3,1,greedy,22,0.0494480999768711,14,0.003532007141205,True
0,LARGE_MAZE,3693,3693,7,7,3,1,beam_2,22,0.0404914999962784,10,0.0040491499996278,True
0,LARGE_MAZE,3693,3693,7,7,3,1,beam_3,22,0.0436972000170499,10,0.0043697200017049,True
0,LARGE_MAZE,3775,3775,7,10,1,8,greedy,22,0.0685531999915838,19,0.0036080631574517,False
0,LARGE_MAZE,3775,3775,7,10,1,8,beam_2,22,0.0770610999898053,19,0.0040558473678844,False
0,LARGE_MAZE,3775,3775,7,10,1,8,beam_3,22,0.0712606000015512,19,0.0037505578948184,False
0,LARGE_MAZE,1785,1785,1,1,7,6,greedy,24,0.0448716999962925,15,0.0029914466664195,True
0,LARGE_MAZE,1785,1785,1,1,7,6,beam_2,24,0.0394072000053711,11,0.003582472727761,True
0,LARGE_MAZE,1785,1785,1,1,7,6,beam_3,24,0.0442412000265903,11,0.0040219272751445,True
0,LARGE_MAZE,1831,1831,1,2,7,7,greedy,24,0.0357108999742195,11,0.0032464454522017,True
0,LARGE_MAZE,1831,1831,1,2,7,7,beam_2,24,0.0347290000063367,11,0.0031571818187578,True
0,LARGE_MAZE,1831,1831,1,2,7,7,beam_3,24,0.0597625999944284,11,0.0054329636358571,True
0,LARGE_MAZE,1909,1909,1,4,5,7,greedy,24,0.0333638000302016,11,0.0030330727300183,True
0,LARGE_MAZE,1909,1909,1,4,5,7,beam_2,24,0.0435507000074721,11,0.0039591545461338,True
0,LARGE_MAZE,1909,1909,1,4,5,7,beam_3,24,0.0573826999752782,11,0.0052166090886616,True
0,LARGE_MAZE,1983,1983,1,7,3,2,greedy,24,0.0866940000560134,19,0.0045628421082112,False
0,LARGE_MAZE,1983,1983,1,7,3,2,beam_2,24,0.0482455000164918,11,0.0043859545469538,True
0,LARGE_MAZE,1983,1983,1,7,3,2,beam_3,24,0.0466417000279761,11,0.0042401545479978,True
0,LARGE_MAZE,2014,2014,1,8,1,1,greedy,24,0.0327535000396892,11,0.002977590912699,True
0,LARGE_MAZE,2014,2014,1,8,1,1,beam_2,24,0.0368149999994784,11,0.0033468181817707,True
0,LARGE_MAZE,2014,2014,1,8,1,1,beam_3,24,0.0417676999932155,11,0.0037970636357468,True
0,LARGE_MAZE,2060,2060,1,9,1,2,greedy,24,0.0397925999714061,11,0.0036175090883096,True
0,LARGE_MAZE,2060,2060,1,9,1,2,beam_2,24,0.0444217000040225,11,0.004038336364002,True
0,LARGE_MAZE,2060,2060,1,9,1,2,beam_3,24,0.0486307999817654,11,0.0044209818165241,True
0,LARGE_MAZE,2106,2106,1,10,1,3,greedy,24,0.0402400000020861,11,0.0036581818183714,True
0,LARGE_MAZE,2106,2106,1,10,1,3,beam_2,24,0.044105099979788,11,0.004009554543617,True
0,LARGE_MAZE,2106,2106,1,10,1,3,beam_3,24,0.0555423000478185,11,0.0050493000043471,True
0,LARGE_MAZE,2191,2191,2,1,7,7,greedy,24,0.0559862999944016,11,0.0050896636358546,True
0,LARGE_MAZE,2191,2191,2,1,7,7,beam_2,24,0.0567690000170841,11,0.0051608181833712,True
0,LARGE_MAZE,2191,2191,2,1,7,7,beam_3,24,0.0534819000167772,11,0.0048619909106161,True
0,LARGE_MAZE,2236,2236,2,3,7,7,greedy,24,0.0539832999929785,13,0.0041525615379214,True
0,LARGE_MAZE,2236,2236,2,3,7,7,beam_2,24,0.0517718999763019,11,0.0047065363614819,True
0,LARGE_MAZE,2236,2236,2,3,7,7,beam_3,24,0.0541083999560214,11,0.0049189454505474,True
0,LARGE_MAZE,2330,2330,2,10,1,2,greedy,24,0.0464415000169537,11,0.0042219545469957,True
0,LARGE_MAZE,2330,2330,2,10,1,2,beam_2,24,0.0511917999829165,11,0.0046537999984469,True
0,LARGE_MAZE,2330,2330,2,10,1,2,beam_3,24,0.0516536000068299,11,0.0046957818188027,True
0,LARGE_MAZE,2386,2386,3,1,2,7,greedy,24,0.0469769000192172,11,0.0042706272744742,True
0,LARGE_MAZE,2386,2386,3,1,2,7,beam_2,24,0.0495945999864488,11,0.004508599998768,True
0,LARGE_MAZE,2386,2386,3,1,2,7,beam_3,24,0.0565898999921046,11,0.0051445363629186,True
0,LARGE_MAZE,2461,2461,3,2,7,7,greedy,24,0.0488358000293374,13,0.0037566000022567,True
0,LARGE_MAZE,2461,2461,3,2,7,7,beam_2,24,0.040463599958457,11,0.0036785090871324,True
0,LARGE_MAZE,2461,2461,3,2,7,7,beam_3,24,0.0501256000134162,11,0.0045568727284923,True
0,LARGE_MAZE,2658,2658,3,8,3,1,greedy,24,0.0412307000369764,11,0.0037482454579069,True
0,LARGE_MAZE,2658,2658,3,8,3,1,beam_2,24,0.0460096999886445,11,0.0041826999989676,True
0,LARGE_MAZE,2658,2658,3,8,3,1,beam_3,24,0.0511995999841019,11,0.0046545090894638,True
0,LARGE_MAZE,2711,2711,3,9,4,1,greedy,24,0.0396624999702908,11,0.0036056818154809,True
0,LARGE_MAZE,2711,2711,3,9,4,1,beam_2,24,0.0390829000389203,11,0.0035529909126291,True
0,LARGE_MAZE,2711,2711,3,9,4,1,beam_3,24,0.0413134999689646,11,0.0037557727244513,True
0,LARGE_MAZE,2759,2759,3,10,5,1,greedy,24,0.0324942999868653,11,0.0029540272715332,True
0,LARGE_MAZE,2759,2759,3,10,5,1,beam_2,24,0.0389575000153854,11,0.0035415909104895,True
0,LARGE_MAZE,2759,2759,3,10,5,1,beam_3,24,0.0378620999981649,11,0.0034420090907422,True
0,LARGE_MAZE,2809,2809,4,1,5,7,greedy,24,0.030782799993176,11,0.002798436363016,True
0,LARGE_MAZE,2809,2809,4,1,5,7,beam_2,24,0.035865299985744,11,0.0032604818168858,True
0,LARGE_MAZE,2809,2809,4,1,5,7,beam_3,24,0.0427713000099174,11,0.0038883000009015,True
0,LARGE_MAZE,2902,2902,4,10,6,3,greedy,24,0.0435174999875016,11,0.0039561363625001,True
0,LARGE_MAZE,2902,2902,4,10,6,3,beam_2,24,0.0570375999668613,11,0.0051852363606237,True
0,LARGE_MAZE,2902,2902,4,10,6,3,beam_3,24,0.0532791000441648,11,0.0048435545494695,True
0,LARGE_MAZE,2972,2972,5,2,2,10,greedy,24,0.0404876000247895,11,0.0036806909113445,True
0,LARGE_MAZE,2972,2972,5,2,2,10,beam_2,24,0.0468453000066801,11,0.0042586636369709,True
0,LARGE_MAZE,2972,2972,5,2,2,10,beam_3,24,0.0446660000015981,11,0.0040605454546907,True
0,LARGE_MAZE,3130,3130,5,5,6,9,greedy,24,0.0387166999862529,11,0.0035196999987502,True
0,LARGE_MAZE,3130,3130,5,5,6,9,beam_2,24,0.0473949000006541,11,0.0043086272727867,True
0,LARGE_MAZE,3130,3130,5,5,6,9,beam_3,24,0.043669199978467,11,0.0039699272707697,True
0,LARGE_MAZE,3177,3177,5,7,7,2,greedy,24,0.0674497000291012,19,0.0035499842120579,False
0,LARGE_MAZE,3177,3177,5,7,7,2,beam_2,24,0.0420862999744713,11,0.0038260272704064,True
0,LARGE_MAZE,3177,3177,5,7,7,2,beam_3,24,0.0448012999841012,11,0.0040728454531001,True
0,LARGE_MAZE,3257,3257,5,10,5,3,greedy,24,0.0380614000023342,11,0.0034601272729394,True
0,LARGE_MAZE,3257,3257,5,10,5,3,beam_2,24,0.0436073999735526,11,0.0039643090885047,True
0,LARGE_MAZE,3257,3257,5,10,5,3,beam_3,24,0.0452942999545484,11,0.0041176636322316,True
0,LARGE_MAZE,3351,3351,6,5,5,9,greedy,24,0.0364734000177122,11,0.0033157636379738,True
0,LARGE_MAZE,3351,3351,6,5,5,9,beam_2,24,0.0405477999593131,11,0.0036861636326648,True
0,LARGE_MAZE,3351,3351,6,5,5,9,beam_3,24,0.0604465999640524,11,0.0054951454512774,True
0,LARGE_MAZE,3401,3401,6,7,7,1,greedy,24,0.0422665000078268,11,0.0038424090916206,True
0,LARGE_MAZE,3401,3401,6,7,7,1,beam_2,24,0.0415990999899804,11,0.0037817363627254,True
0,LARGE_MAZE,3401,3401,6,7,7,1,beam_3,24,0.0504748999956063,11,0.0045886272723278,True
0,LARGE_MAZE,3464,3464,7,1,2,3,greedy,24,0.0769659000216052,19,0.0040508368432423,False
0,LARGE_MAZE,3464,3464,7,1,2,3,beam_2,24,0.080107300018426,19,0.0042161736851803,False
0,LARGE_MAZE,3464,3464,7,1,2,3,beam_3,24,0.0511573000112548,13,0.0039351769239426,True
0,LARGE_MAZE,3504,3504,7,2,1,7,greedy,24,0.0638182000257074,19,0.0033588526329319,False
0,LARGE_MAZE,3504,3504,7,2,1,7,beam_2,24,0.0401952000102028,11,0.0036541090918366,True
0,LARGE_MAZE,3504,3504,7,2,1,7,beam_3,24,0.0459238000330515,11,0.0041748909120955,True
0,LARGE_MAZE,3597,3597,7,5,1,10,greedy,24,0.0466368999914266,11,0.0042397181810387,True
0,LARGE_MAZE,3597,3597,7,5,1,10,beam_2,24,0.0449512999621219,11,0.0040864818147383,True
0,LARGE_MAZE,3597,3597,7,5,1,10,beam_3,24,0.0426482999464497,11,0.0038771181769499,True
0,LARGE_MAZE,3650,3650,7,6,3,3,greedy,24,0.0584044999559409,19,0.0030739210503126,False
0,LARGE_MAZE,3650,3650,7,6,3,3,beam_2,24,0.0339507999597117,11,0.0030864363599737,True
0,LARGE_MAZE,3650,3650,7,6,3,3,beam_3,24,0.0385706999804824,11,0.0035064272709529,True
0,LARGE_MAZE,3689,3689,7,7,2,3,greedy,24,0.0315419000107795,11,0.0028674454555254,True
0,LARGE_MAZE,3689,3689,7,7,2,3,beam_2,24,0.050420599989593,11,0.0045836909081448,True
0,LARGE_MAZE,3689,3689,7,7,2,3,beam_3,24,0.044380200037267,11,0.0040345636397515,True
0,LARGE_MAZE,3774,3774,7,10,1,7,greedy,24,0.0696289999759756,19,0.0036646842092618,False
0,LARGE_MAZE,3774,3774,7,10,1,7,beam_2,24,0.0679550000349991,19,0.0035765789492104,False
0,LARGE_MAZE,3774,3774,7,10,1,7,beam_3,24,0.0431024999707005,11,0.0039184090882455,True
0,LARGE_MAZE,1786,1786,1,1,7,7,greedy,26,0.0537874000146985,16,0.0033617125009186,True
0,LARGE_MAZE,1786,1786,1,1,7,7,beam_2,26,0.044929800031241,12,0.0037441500026034,True
0,LARGE_MAZE,1786,1786,1,1,7,7,beam_3,26,0.0479072000016458,12,0.0039922666668038,True
0,LARGE_MAZE,1865,1865,1,3,5,9,greedy,26,0.037840100005269,12,0.0031533416671057,True
0,LARGE_MAZE,1865,1865,1,3,5,9,beam_2,26,0.0433311999659054,12,0.0036109333304921,True
0,LARGE_MAZE,1865,1865,1,3,5,9,beam_3,26,0.043734399951063,12,0.0036445333292552,True
0,LARGE_MAZE,1999,1999,1,7,5,7,greedy,26,0.0353179999510757,12,0.0029431666625896,True
0,LARGE_MAZE,1999,1999,1,7,5,7,beam_2,26,0.0385587000055238,12,0.0032132250004603,True
0,LARGE_MAZE,1999,1999,1,7,5,7,beam_3,26,0.0518013999680988,12,0.0043167833306749,True
0,LARGE_MAZE,2049,2049,1,8,6,7,greedy,26,0.0451591999735683,12,0.003763266664464,True
0,LARGE_MAZE,2049,2049,1,8,6,7,beam_2,26,0.0482441000058315,12,0.0040203416671526,True
0,LARGE_MAZE,2049,2049,1,8,6,7,beam_3,26,0.0464904000400565,12,0.003874200003338,True
0,LARGE_MAZE,2098,2098,1,9,7,3,greedy,26,0.0368139999918639,12,0.0030678333326553,True
0,LARGE_MAZE,2098,2098,1,9,7,3,beam_2,26,0.0446930000325664,12,0.0037244166693805,True
0,LARGE_MAZE,2098,2098,1,9,7,3,beam_3,26,0.0503834999981336,12,0.0041986249998444,True
0,LARGE_MAZE,2137,2137,1,10,6,3,greedy,26,0.0447691999725066,12,0.0037307666643755,True
0,LARGE_MAZE,2137,2137,1,10,6,3,beam_2,26,0.1137462999904528,12,0.0094788583325377,True
0,LARGE_MAZE,2137,2137,1,10,6,3,beam_3,26,0.1491096000536345,12,0.0124258000044695,True
0,LARGE_MAZE,2202,2202,2,3,1,10,greedy,26,0.0489676999859511,12,0.0040806416654959,True
0,LARGE_MAZE,2202,2202,2,3,1,10,beam_2,26,0.0510668000206351,12,0.0042555666683862,True
0,LARGE_MAZE,2202,2202,2,3,1,10,beam_3,26,0.06669750000583,12,0.0055581250004858,True
0,LARGE_MAZE,2344,2344,2,10,3,3,greedy,26,0.1161654000170528,19,0.0061139684219501,False
0,LARGE_MAZE,2344,2344,2,10,3,3,beam_2,26,0.077718399988953,12,0.0064765333324127,True
0,LARGE_MAZE,2344,2344,2,10,3,3,beam_3,26,0.059774599969387,12,0.0049812166641155,True
0,LARGE_MAZE,2394,2394,3,1,3,9,greedy,26,0.054991900047753,12,0.0045826583373127,True
0,LARGE_MAZE,2394,2394,3,1,3,9,beam_2,26,0.0530964999925345,12,0.0044247083327112,True
0,LARGE_MAZE,2394,2394,3,1,3,9,beam_3,26,0.0581310999696143,12,0.0048442583308011,True
0,LARGE_MAZE,2471,2471,3,3,1,9,greedy,26,0.0511911999783478,14,0.0036565142841677,True
0,LARGE_MAZE,2471,2471,3,3,1,9,beam_2,26,0.051062099984847,12,0.0042551749987372,True
0,LARGE_MAZE,2471,2471,3,3,1,9,beam_3,26,0.0456889999913983,12,0.0038074166659498,True
0,LARGE_MAZE,2719,2719,3,9,5,7,greedy,26,0.0423140000202693,12,0.0035261666683557,True
0,LARGE_MAZE,2719,2719,3,9,5,7,beam_2,26,0.0383751000044867,12,0.0031979250003738,True
0,LARGE_MAZE,2719,2719,3,9,5,7,beam_3,26,0.0384889999986626,12,0.0032074166665552,True
0,LARGE_MAZE,2769,2769,3,10,6,7,greedy,26,0.0327772999880835,12,0.0027314416656736,True
0,LARGE_MAZE,2769,2769,3,10,6,7,beam_2,26,0.0412260000011883,12,0.003435500000099,True
0,LARGE_MAZE,2769,2769,3,10,6,7,beam_3,26,0.0492722999770194,12,0.0041060249980849,True
0,LARGE_MAZE,2869,2869,4,10,1,1,greedy,26,0.0396190999890677,12,0.0033015916657556,True
0,LARGE_MAZE,2869,2869,4,10,1,1,beam_2,26,0.0469511999981477,12,0.0039125999998456,True
0,LARGE_MAZE,2869,2869,4,10,1,1,beam_3,26,0.0458706000354141,12,0.0038225500029511,True
0,LARGE_MAZE,2921,2921,5,1,1,9,greedy,26,0.0472164000384509,14,0.0033726000027464,True
0,LARGE_MAZE,2921,2921,5,1,1,9,beam_2,26,0.0431234000134281,12,0.0035936166677856,True
0,LARGE_MAZE,2921,2921,5,1,1,9,beam_3,26,0.0403931000037118,12,0.0033660916669759,True
0,LARGE_MAZE,3035,3035,5,3,5,9,greedy,26,0.0331695000058971,12,0.0027641250004914,True
0,LARGE_MAZE,3035,3035,5,3,5,9,beam_2,26,0.0369336999719962,12,0.0030778083309996,True
0,LARGE_MAZE,3035,3035,5,3,5,9,beam_3,26,0.0358352999901399,12,0.0029862749991783,True
0,LARGE_MAZE,3153,3153,5,7,3,1,greedy,26,0.0281824000412598,12,0.0023485333367716,True
0,LARGE_MAZE,3153,3153,5,7,3,1,beam_2,26,0.0320764000061899,12,0.0026730333338491,True
0,LARGE_MAZE,3153,3153,5,7,3,1,beam_3,26,0.033610500046052,12,0.0028008750038376,True
0,LARGE_MAZE,3224,3224,5,9,7,5,greedy,26,0.0399977000197395,12,0.0033331416683116,True
0,LARGE_MAZE,3224,3224,5,9,7,5,beam_2,26,0.0659757999819703,12,0.0054979833318308,True
0,LARGE_MAZE,3224,3224,5,9,7,5,beam_3,26,0.0529121999861672,12,0.0044093499988472,True
0,LARGE_MAZE,3270,3270,5,10,7,6,greedy,26,0.0402976999757811,12,0.0033581416646484,True
0,LARGE_MAZE,3270,3270,5,10,7,6,beam_2,26,0.0442136999918147,12,0.0036844749993178,True
0,LARGE_MAZE,3270,3270,5,10,7,6,beam_3,26,0.0450835000374354,12,0.0037569583364529,True
0,LARGE_MAZE,3370,3370,6,7,1,8,greedy,26,0.064844999986235,19,0.0034128947361176,False
0,LARGE_MAZE,3370,3370,6,7,1,8,beam_2,26,0.0437930999905802,12,0.003649424999215,True
0,LARGE_MAZE,3370,3370,6,7,1,8,beam_3,26,0.0449523999704979,12,0.0037460333308748,True
0,LARGE_MAZE,3412,3412,6,9,1,4,greedy,26,0.0374925999785773,12,0.0031243833315481,True
0,LARGE_MAZE,3412,3412,6,9,1,4,beam_2,26,0.0415326000074856,12,0.0034610500006238,True
0,LARGE_MAZE,3412,3412,6,9,1,4,beam_3,26,0.045948400045745,12,0.0038290333371454,True
0,LARGE_MAZE,3475,3475,7,1,3,9,greedy,26,0.0371710999752394,12,0.0030975916646032,True
0,LARGE_MAZE,3475,3475,7,1,3,9,beam_2,26,0.045513299992308,12,0.003792774999359,True
0,LARGE_MAZE,3475,3475,7,1,3,9,beam_3,26,0.0489428000291809,12,0.0040785666690984,True
0,LARGE_MAZE,3557,3557,7,3,2,10,greedy,26,0.045413699990604,12,0.003784474999217,True
0,LARGE_MAZE,3557,3557,7,3,2,10,beam_2,26,0.0554382999544031,12,0.0046198583295335,True
0,LARGE_MAZE,3557,3557,7,3,2,10,beam_3,26,0.0567487000371329,12,0.0047290583364277,True
0,LARGE_MAZE,3679,3679,7,7,1,1,greedy,26,0.0476779000018723,12,0.0039731583334893,True
0,LARGE_MAZE,3679,3679,7,7,1,1,beam_2,26,0.0475701999966986,12,0.0039641833330582,True
0,LARGE_MAZE,3679,3679,7,7,1,1,beam_3,26,0.0505675000022165,12,0.004213958333518,True
0,LARGE_MAZE,3728,3728,7,9,1,5,greedy,26,0.0433670000056736,12,0.0036139166671394,True
0,LARGE_MAZE,3728,3728,7,9,1,5,beam_2,26,0.0439910999848507,12,0.0036659249987375,True
0,LARGE_MAZE,3728,3728,7,9,1,5,beam_3,26,0.0613207000424154,12,0.0051100583368679,True
0,LARGE_MAZE,1776,1776,1,1,5,10,greedy,28,0.0500020000035874,13,0.0038463076925836,True
0,LARGE_MAZE,1776,1776,1,1,5,10,beam_2,28,0.0579250000300817,13,0.0044557692330832,True
0,LARGE_MAZE,1776,1776,1,1,5,10,beam_3,28,0.0535897000227123,13,0.0041222846171317,True
0,LARGE_MAZE,1922,1922,1,4,7,9,greedy,28,0.0429282000404782,13,0.0033021692338829,True
0,LARGE_MAZE,1922,1922,1,4,7,9,beam_2,28,0.058494700002484,13,0.0044995923078833,True
0,LARGE_MAZE,1922,1922,1,4,7,9,beam_3,28,0.0667955999961122,13,0.005138123076624,True
0,LARGE_MAZE,2067,2067,1,9,2,1,greedy,28,0.0580220000119879,13,0.0044632307701529,True
0,LARGE_MAZE,2067,2067,1,9,2,1,beam_2,28,0.061875500017777,13,0.0047596538475213,True
0,LARGE_MAZE,2067,2067,1,9,2,1,beam_3,28,0.0544542999705299,13,0.0041887923054253,True
0,LARGE_MAZE,2104,2104,1,10,1,1,greedy,28,0.1078563000191934,13,0.0082966384630148,True
0,LARGE_MAZE,2104,2104,1,10,1,1,beam_2,28,0.0568671999499201,13,0.0043743999961477,True
0,LARGE_MAZE,2104,2104,1,10,1,1,beam_3,28,0.0579399999696761,13,0.0044569230745904,True
0,LARGE_MAZE,2156,2156,2,1,1,9,greedy,28,0.0536791000049561,15,0.003578606666997,True
0,LARGE_MAZE,2156,2156,2,1,1,9,beam_2,28,0.0530394000234082,13,0.0040799538479544,True
0,LARGE_MAZE,2156,2156,2,1,1,9,beam_3,28,0.0642256999853998,13,0.0049404384604153,True
0,LARGE_MAZE,2225,2225,2,3,5,9,greedy,28,0.0559624000452458,13,0.0043048000034804,True
0,LARGE_MAZE,2225,2225,2,3,5,9,beam_2,28,0.0595312999794259,13,0.0045793307676481,True
0,LARGE_MAZE,2225,2225,2,3,5,9,beam_3,28,0.061348800023552,13,0.0047191384633501,True
0,LARGE_MAZE,2367,2367,2,10,7,2,greedy,28,0.0498567000031471,13,0.0038351307694728,True
0,LARGE_MAZE,2367,2367,2,10,7,2,beam_2,28,0.0508571999962441,13,0.0039120923074033,True
0,LARGE_MAZE,2367,2367,2,10,7,2,beam_3,28,0.0483548000338487,13,0.0037196000026037,True
0,LARGE_MAZE,2443,2443,3,2,4,10,greedy,28,0.0470694000250659,13,0.0036207230788512,True
0,LARGE_MAZE,2443,2443,3,2,4,10,beam_2,28,0.0605043999967165,13,0.004654184615132,True
0,LARGE_MAZE,2443,2443,3,2,4,10,beam_3,28,0.0546718999976292,13,0.0042055307690484,True
0,LARGE_MAZE,2748,2748,3,10,3,1,greedy,28,0.0453804000280797,13,0.0034908000021599,True
0,LARGE_MAZE,2748,2748,3,10,3,1,beam_2,28,0.0533070000237785,13,0.0041005384633675,True
0,LARGE_MAZE,2748,2748,3,10,3,1,beam_3,28,0.0593348999973386,13,0.0045642230767183,True
0,LARGE_MAZE,2803,2803,4,1,4,10,greedy,28,0.0547962000127881,15,0.0036530800008525,True
0,LARGE_MAZE,2803,2803,4,1,4,10,beam_2,28,0.0550750999827869,13,0.004236546152522,True
0,LARGE_MAZE,2803,2803,4,1,4,10,beam_3,28,0.0581159999710507,13,0.0044704615362346,True
0,LARGE_MAZE,2907,2907,4,10,7,2,greedy,28,0.0462125000194646,13,0.0035548076938049,True
0,LARGE_MAZE,2907,2907,4,10,7,2,beam_2,28,0.0514983999892137,13,0.0039614153837856,True
0,LARGE_MAZE,2907,2907,4,10,7,2,beam_3,28,0.0567349000484682,13,0.0043642230806514,True
0,LARGE_MAZE,3092,3092,5,4,7,9,greedy,28,0.0526678999885916,13,0.0040513769221993,True
0,LARGE_MAZE,3092,3092,5,4,7,9,beam_2,28,0.0543023999780416,13,0.0041771076906185,True
0,LARGE_MAZE,3092,3092,5,4,7,9,beam_3,28,0.0536654000170528,13,0.0041281076936194,True
0,LARGE_MAZE,3149,3149,5,7,2,3,greedy,28,0.0678257999825291,19,0.0035697789464489,False
0,LARGE_MAZE,3149,3149,5,7,2,3,beam_2,28,0.0485487999976612,13,0.0037345230767431,True
0,LARGE_MAZE,3149,3149,5,7,2,3,beam_3,28,0.05993510002736,13,0.0046103923097969,True
0,LARGE_MAZE,3211,3211,5,9,5,2,greedy,28,0.0543300000135786,13,0.0041792307702752,True
0,LARGE_MAZE,3211,3211,5,9,5,2,beam_2,28,0.0661685000522993,13,0.0050898846194076,True
0,LARGE_MAZE,3211,3211,5,9,5,2,beam_3,28,0.0702190000447444,13,0.0054014615419034,True
0,LARGE_MAZE,3255,3255,5,10,5,1,greedy,28,0.0801041999948211,19,0.0042160105260432,False
0,LARGE_MAZE,3255,3255,5,10,5,1,beam_2,28,0.0478484000195749,13,0.0036806461553519,True
0,LARGE_MAZE,3255,3255,5,10,5,1,beam_3,28,0.0566361999954097,13,0.0043566307688776,True
0,LARGE_MAZE,3364,3364,6,7,1,1,greedy,28,0.0424944999977014,13,0.0032688076921308,True
0,LARGE_MAZE,3364,3364,6,7,1,1,beam_2,28,0.0462766999844461,13,0.0035597461526497,True
0,LARGE_MAZE,3364,3364,6,7,1,1,beam_3,28,0.0504994999500922,13,0.0038845769192378,True
0,LARGE_MAZE,3411,3411,6,9,1,3,greedy,28,0.045303699967917,13,0.003484899997532,True
0,LARGE_MAZE,3411,3411,6,9,1,3,beam_2,28,0.0510735000134445,13,0.0039287307702649,True
0,LARGE_MAZE,3411,3411,6,9,1,3,beam_3,28,0.0563244000077247,13,0.0043326461544403,True
0,LARGE_MAZE,3506,3506,7,2,1,9,greedy,28,0.0724071000004187,19,0.003810900000022,False
0,LARGE_MAZE,3506,3506,7,2,1,9,beam_2,28,0.0472247999859973,13,0.0036326769219997,True
0,LARGE_MAZE,3506,3506,7,2,1,9,beam_3,28,0.0454728999757207,13,0.0034979153827477,True
0,LARGE_MAZE,3626,3626,7,5,6,9,greedy,28,0.0407157999579794,13,0.0031319846121522,True
0,LARGE_MAZE,3626,3626,7,5,6,9,beam_2,28,0.0457918000174686,13,0.0035224461551898,True
0,LARGE_MAZE,3626,3626,7,5,6,9,beam_3,28,0.0514345000265166,13,0.0039565000020397,True
0,LARGE_MAZE,3753,3753,7,9,5,4,greedy,28,0.0415146000450477,13,0.0031934307726959,True
0,LARGE_MAZE,3753,3753,7,9,5,4,beam_2,28,0.041782799991779,13,0.0032140615378291,True
0,LARGE_MAZE,3753,3753,7,9,5,4,beam_3,28,0.0456105000339448,13,0.0035085000026111,True
0,LARGE_MAZE,1775,1775,1,1,5,9,greedy,30,0.0447329999879002,14,0.00319521428485,True
0,LARGE_MAZE,1775,1775,1,1,5,9,beam_2,30,0.048477999982424,14,0.0034627142844588,True
0,LARGE_MAZE,1775,1775,1,1,5,9,beam_3,30,0.0553107000305317,14,0.0039507642878951,True
0,LARGE_MAZE,2089,2089,1,9,5,7,greedy,30,0.0506062000058591,14,0.003614728571847,True
0,LARGE_MAZE,2089,2089,1,9,5,7,beam_2,30,0.0673778000054881,14,0.004812700000392,True
0,LARGE_MAZE,2089,2089,1,9,5,7,beam_3,30,0.059461899974849,14,0.004247278569632,True
0,LARGE_MAZE,2139,2139,1,10,6,7,greedy,30,0.0446865999838337,14,0.0031918999988452,True
0,LARGE_MAZE,2139,2139,1,10,6,7,beam_2,30,0.0479062999947927,14,0.0034218785710566,True
0,LARGE_MAZE,2139,2139,1,10,6,7,beam_3,30,0.0496861999854445,14,0.0035490142846746,True
0,LARGE_MAZE,2342,2342,2,10,3,1,greedy,30,0.0833158000023104,14,0.0059511285715936,True
0,LARGE_MAZE,2342,2342,2,10,3,1,beam_2,30,0.0467665999894961,14,0.0033404714278211,True
0,LARGE_MAZE,2342,2342,2,10,3,1,beam_3,30,0.0483609000220894,14,0.0034543500015778,True
0,LARGE_MAZE,2398,2398,3,1,4,10,greedy,30,0.0380367999896407,14,0.0027169142849743,True
0,LARGE_MAZE,2398,2398,3,1,4,10,beam_2,30,0.041160500026308,14,0.0029400357161648,True
0,LARGE_MAZE,2398,2398,3,1,4,10,beam_3,30,0.0517176000284962,14,0.0036941142877497,True
0,LARGE_MAZE,2787,2787,4,1,1,10,greedy,30,0.0591746999998576,19,0.0031144578947293,False
0,LARGE_MAZE,2787,2787,4,1,1,10,beam_2,30,0.0446577999973669,14,0.0031898428569547,True
0,LARGE_MAZE,2787,2787,4,1,1,10,beam_3,30,0.0466958999750204,14,0.0033354214267871,True
0,LARGE_MAZE,2945,2945,5,1,5,9,greedy,30,0.0398133000126108,14,0.0028438071437579,True
0,LARGE_MAZE,2945,2945,5,1,5,9,beam_2,30,0.0434746000100858,14,0.0031053285721489,True
0,LARGE_MAZE,2945,2945,5,1,5,9,beam_3,30,0.0481840000138618,14,0.0034417142867044,True
0,LARGE_MAZE,3146,3146,5,7,1,9,greedy,30,0.0381457000039517,14,0.0027246928574251,True
0,LARGE_MAZE,3146,3146,5,7,1,9,beam_2,30,0.0428342000232078,14,0.0030595857159434,True
0,LARGE_MAZE,3146,3146,5,7,1,9,beam_3,30,0.0442447999957948,14,0.0031603428568424,True
0,LARGE_MAZE,3200,3200,5,9,3,3,greedy,30,0.057150799955707,19,0.003007936839774,False
0,LARGE_MAZE,3200,3200,5,9,3,3,beam_2,30,0.048023999959696,14,0.0034302857114068,True
0,LARGE_MAZE,3200,3200,5,9,3,3,beam_3,30,0.0500922999926842,14,0.0035780214280488,True
0,LARGE_MAZE,3244,3244,5,10,3,2,greedy,30,0.0424512999597936,14,0.0030322357114138,True
0,LARGE_MAZE,3244,3244,5,10,3,2,beam_2,30,0.0516379000036977,14,0.0036884214288355,True
0,LARGE_MAZE,3244,3244,5,10,3,2,beam_3,30,0.0561338000115938,14,0.0040095571436852,True
0,LARGE_MAZE,3363,3363,6,5,7,10,greedy,30,0.0426066000363789,14,0.003043328574027,True
0,LARGE_MAZE,3363,3363,6,5,7,10,beam_2,30,0.0497217000229284,14,0.0035515500016377,True
0,LARGE_MAZE,3363,3363,6,5,7,10,beam_3,30,0.0510136999655514,14,0.0036438357118251,True
0,LARGE_MAZE,3436,3436,6,9,5,2,greedy,30,0.040265699964948,14,0.0028761214260677,True
0,LARGE_MAZE,3436,3436,6,9,5,2,beam_2,30,0.0431507000466808,14,0.0030821928604772,True
0,LARGE_MAZE,3436,3436,6,9,5,2,beam_3,30,0.044543900003191,14,0.003181707143085,True
0,LARGE_MAZE,3479,3479,7,1,4,10,greedy,30,0.0396048999973572,14,0.0028289214283826,True
0,LARGE_MAZE,3479,3479,7,1,4,10,beam_2,30,0.0436869999975897,14,0.0031204999998278,True
0,LARGE_MAZE,3479,3479,7,1,4,10,beam_3,30,0.045734999992419,14,0.0032667857137442,True
0,LARGE_MAZE,3671,3671,7,6,6,9,greedy,30,0.037811700021848,14,0.0027008357158462,True
0,LARGE_MAZE,3671,3671,7,6,6,9,beam_2,30,0.0419238000176847,14,0.0029945571441203,True
0,LARGE_MAZE,3671,3671,7,6,6,9,beam_3,30,0.0484500000020489,14,0.0034607142858606,True
0,LARGE_MAZE,3772,3772,7,10,1,4,greedy,30,0.0404738999786786,14,0.0028909928556199,True
0,LARGE_MAZE,3772,3772,7,10,1,4,beam_2,30,0.0432595000020228,14,0.0030899642858587,True
0,LARGE_MAZE,3772,3772,7,10,1,4,beam_3,30,0.0448099999921396,14,0.0032007142851528,True
0,LARGE_MAZE,1878,1878,1,3,7,10,greedy,32,0.0409318999736569,15,0.0027287933315771,True
0,LARGE_MAZE,1878,1878,1,3,7,10,beam_2,32,0.0495043999981135,15,0.0033002933332075,True
0,LARGE_MAZE,1878,1878,1,3,7,10,beam_3,32,0.0580757000134326,15,0.0038717133342288,True
0,LARGE_MAZE,2237,2237,2,3,7,9,greedy,32,0.0523782999953255,17,0.0030810764703132,True
0,LARGE_MAZE,2237,2237,2,3,7,9,beam_2,32,0.0510073999757878,15,0.0034004933317191,True
0,LARGE_MAZE,2237,2237,2,3,7,9,beam_3,32,0.0492016999633051,15,0.003280113330887,True
0,LARGE_MAZE,2810,2810,4,1,5,9,greedy,32,0.0522339000017382,17,0.0030725823530434,True
0,LARGE_MAZE,2810,2810,4,1,5,9,beam_2,32,0.0474702000501565,15,0.0031646800033437,True
0,LARGE_MAZE,2810,2810,4,1,5,9,beam_3,32,0.0505961999879218,15,0.0033730799991947,True
0,LARGE_MAZE,3171,3171,5,7,5,10,greedy,32,0.0548134999698959,15,0.0036542333313263,True
0,LARGE_MAZE,3171,3171,5,7,5,10,beam_2,32,0.0552675999933853,15,0.0036845066662256,True
0,LARGE_MAZE,3171,3171,5,7,5,10,beam_3,32,0.0560657000169158,15,0.003737713334461,True
0,LARGE_MAZE,3222,3222,5,9,7,2,greedy,32,0.0464864000095985,15,0.0030990933339732,True
0,LARGE_MAZE,3222,3222,5,9,7,2,beam_2,32,0.048618400003761,15,0.0032412266669174,True
0,LARGE_MAZE,3222,3222,5,9,7,2,beam_3,32,0.0505643999786116,15,0.0033709599985741,True
0,LARGE_MAZE,3396,3396,6,7,5,9,greedy,32,0.0436457000323571,15,0.0029097133354904,True
0,LARGE_MAZE,3396,3396,6,7,5,9,beam_2,32,0.0483236999716609,15,0.0032215799981107,True
0,LARGE_MAZE,3396,3396,6,7,5,9,beam_3,32,0.0531229000189341,15,0.0035415266679289,True
0,LARGE_MAZE,3451,3451,6,9,7,7,greedy,32,0.0403113000211305,15,0.0026874200014087,True
0,LARGE_MAZE,3451,3451,6,9,7,7,beam_2,32,0.0482518999488092,15,0.0032167933299206,True
0,LARGE_MAZE,3451,3451,6,9,7,7,beam_3,32,0.0532959999982267,15,0.0035530666665484,True
0,LARGE_MAZE,3633,3633,7,5,7,10,greedy,32,0.0473706999910064,15,0.003158046666067,True
0,LARGE_MAZE,3633,3633,7,5,7,10,beam_2,32,0.0533993999706581,15,0.0035599599980438,True
0,LARGE_MAZE,3633,3633,7,5,7,10,beam_3,32,0.0537311999942176,15,0.0035820799996145,True
0,LARGE_MAZE,3751,3751,7,9,5,2,greedy,32,0.0462626999942585,15,0.0030841799996172,True
0,LARGE_MAZE,3751,3751,7,9,5,2,beam_2,32,0.0482836000155657,15,0.0032189066677043,True
0,LARGE_MAZE,3751,3751,7,9,5,2,beam_3,32,0.0514688999974168,15,0.0034312599998277,True
0,LARGE_MAZE,3810,3810,7,10,7,5,greedy,32,0.0453709000139497,15,0.0030247266675966,True
0,LARGE_MAZE,3810,3810,7,10,7,5,beam_2,32,0.049219400039874,15,0.0032812933359916,True
0,LARGE_MAZE,3810,3810,7,10,7,5,beam_3,32,0.0574280000291764,15,0.0038285333352784,True
0,LARGE_MAZE,2405,2405,3,1,5,9,greedy,34,0.0457559999777004,16,0.0028597499986062,True
0,LARGE_MAZE,2405,2405,3,1,5,9,beam_2,34,0.0508566999924369,16,0.0031785437495273,True
0,LARGE_MAZE,2405,2405,3,1,5,9,beam_3,34,0.0547238000435754,16,0.0034202375027234,True
0,LARGE_MAZE,3003,3003,5,2,7,10,greedy,34,0.0550284000346437,16,0.0034392750021652,True
0,LARGE_MAZE,3003,3003,5,2,7,10,beam_2,34,0.0610285999719053,16,0.003814287498244,True
0,LARGE_MAZE,3003,3003,5,2,7,10,beam_3,34,0.0619537999737076,16,0.0038721124983567,True
0,LARGE_MAZE,3318,3318,6,3,7,10,greedy,34,0.0505498999846167,16,0.0031593687490385,True
0,LARGE_MAZE,3318,3318,6,3,7,10,beam_2,34,0.0571005999809131,16,0.003568787498807,True
0,LARGE_MAZE,3318,3318,6,3,7,10,beam_3,34,0.0544852999737486,16,0.0034053312483592,True
0,LARGE_MAZE,3445,3445,6,9,6,7,greedy,34,0.0447328999871388,16,0.0027958062491961,True
0,LARGE_MAZE,3445,3445,6,9,6,7,beam_2,34,0.0572404999984428,16,0.0035775312499026,True
0,LARGE_MAZE,3445,3445,6,9,6,7,beam_3,34,0.0575063000433146,16,0.0035941437527071,True
0,LARGE_MAZE,3678,3678,7,6,7,10,greedy,34,0.0497304000309668,16,0.0031081500019354,True
0,LARGE_MAZE,3678,3678,7,6,7,10,beam_2,34,0.0533371999626979,16,0.0033335749976686,True
0,LARGE_MAZE,3678,3678,7,6,7,10,beam_3,34,0.0543140000081621,16,0.0033946250005101,True
0,LARGE_MAZE,3764,3764,7,9,7,3,greedy,34,0.0457539000199176,16,0.0028596187512448,True
0,LARGE_MAZE,3764,3764,7,9,7,3,beam_2,34,0.0566845000139437,16,0.0035427812508714,True
0,LARGE_MAZE,3764,3764,7,9,7,3,beam_3,34,0.0545906000188551,16,0.0034119125011784,True
0,LARGE_MAZE,3803,3803,7,10,6,3,greedy,34,0.0534139999654144,16,0.0033383749978384,True
0,LARGE_MAZE,3803,3803,7,10,6,3,beam_2,34,0.0521184000535868,16,0.0032574000033491,True
0,LARGE_MAZE,3803,3803,7,10,6,3,beam_3,34,0.0595948999980464,16,0.0037246812498779,True
0,LARGE_MAZE,2462,2462,3,2,7,9,greedy,36,0.0513390999985858,17,0.0030199470587403,True
0,LARGE_MAZE,2462,2462,3,2,7,9,beam_2,36,0.0568131000036373,17,0.0033419470590374,True
0,LARGE_MAZE,2462,2462,3,2,7,9,beam_3,36,0.0603918999549932,17,0.0035524647032348,True
0,LARGE_MAZE,3407,3407,6,7,7,9,greedy,36,0.0478262999677099,17,0.0028133117628064,True
0,LARGE_MAZE,3407,3407,6,7,7,9,beam_2,36,0.0554114000406116,17,0.0032594941200359,True
0,LARGE_MAZE,3407,3407,6,7,7,9,beam_3,36,0.0764471999718807,17,0.0044968941159929,True
0,LARGE_MAZE,3542,3542,7,2,7,9,greedy,36,0.0588288999861106,17,0.0034605235285947,True
0,LARGE_MAZE,3542,3542,7,2,7,9,beam_2,36,0.0691847000271081,17,0.0040696882368887,True
0,LARGE_MAZE,3542,3542,7,2,7,9,beam_3,36,0.0721323000034317,17,0.0042430764707901,True
0,LARGE_MAZE,3747,3747,7,9,4,1,greedy,36,0.0545419999980367,17,0.0032083529410609,True
0,LARGE_MAZE,3747,3747,7,9,4,1,beam_2,36,0.056985400035046,17,0.0033520823550027,True
0,LARGE_MAZE,3747,3747,7,9,4,1,beam_3,36,0.0607890000101178,17,0.0035758235300069,True
0,LARGE_MAZE,3795,3795,7,10,5,1,greedy,36,0.0503147999988868,17,0.0029596941175815,True
0,LARGE_MAZE,3795,3795,7,10,5,1,beam_2,36,0.0605416999896988,17,0.0035612764699822,True
0,LARGE_MAZE,3795,3795,7,10,5,1,beam_3,36,0.062734899984207,17,0.0036902882343651,True
0,LARGE_MAZE,2463,2463,3,2,7,10,greedy,38,0.0517687000101432,18,0.0028760388894524,True
0,LARGE_MAZE,2463,2463,3,2,7,10,beam_2,38,0.0575819000368937,18,0.003198994446494,True
0,LARGE_MAZE,2463,2463,3,2,7,10,beam_3,38,0.0649197999737225,18,0.0036066555540956,True
0,LARGE_MAZE,3543,3543,7,2,7,10,greedy,38,0.0517986000049859,18,0.0028777000002769,True
0,LARGE_MAZE,3543,3543,7,2,7,10,beam_2,38,0.0573161999927833,18,0.0031842333329324,True
0,LARGE_MAZE,3543,3543,7,2,7,10,beam_3,38,0.0605957999941892,18,0.0033664333330105,True
0,LARGE_MAZE,3784,3784,7,10,3,2,greedy,38,0.0538094000075943,18,0.002989411111533,True
0,LARGE_MAZE,3784,3784,7,10,3,2,beam_2,38,0.0646020999993197,18,0.0035890055555177,True
0,LARGE_MAZE,3784,3784,7,10,3,2,beam_3,38,0.0641769000212661,18,0.0035653833345147,True
0,LARGE_MAZE,3183,3183,5,7,7,10,greedy,40,0.0603376000071875,19,0.003175663158273,True
0,LARGE_MAZE,3183,3183,5,7,7,10,beam_2,40,0.0727774000260979,19,0.0038303894750577,True
0,LARGE_MAZE,3183,3183,5,7,7,10,beam_3,40,0.0851795999915339,19,0.0044831368416596,True
1,OPEN,3,3,2,2,3,2,greedy,16,0.063842499977909,16,0.0039901562486193,False
1,OPEN,3,3,2,2,3,2,beam_2,16,0.0031135999597609,1,0.0031135999597609,True
1,OPEN,3,3,2,2,3,2,beam_3,16,0.0027461999561637,1,0.0027461999561637,True
1,OPEN,32,32,2,4,2,5,greedy,16,0.003225399996154,1,0.003225399996154,True
1,OPEN,32,32,2,4,2,5,beam_2,16,0.0031617999775335,1,0.0031617999775335,True
1,OPEN,32,32,2,4,2,5,beam_3,16,0.0029638999840244,1,0.0029638999840244,True
1,OPEN,64,64,3,2,3,3,greedy,16,0.0030851999763399,1,0.0030851999763399,True
1,OPEN,64,64,3,2,3,3,beam_2,16,0.0029030999867245,1,0.0029030999867245,True
1,OPEN,64,64,3,2,3,3,beam_3,16,0.0028023000340908,1,0.0028023000340908,True
1,OPEN,83,83,3,3,4,3,greedy,16,0.055602699983865,16,0.0034751687489915,False
1,OPEN,83,83,3,3,4,3,beam_2,16,0.0029728999943472,1,0.0029728999943472,True
1,OPEN,83,83,3,3,4,3,beam_3,16,0.002887999988161,1,0.002887999988161,True
1,OPEN,108,108,3,5,2,5,greedy,16,0.0088468000176362,3,0.002948933339212,True
1,OPEN,108,108,3,5,2,5,beam_2,16,0.0026285999920219,1,0.0026285999920219,True
1,OPEN,108,108,3,5,2,5,beam_3,16,0.0031350000062957,1,0.0031350000062957,True
1,OPEN,131,131,4,2,5,2,greedy,16,0.0426495000137947,13,0.0032807307702919,True
1,OPEN,131,131,4,2,5,2,beam_2,16,0.0028540000203065,1,0.0028540000203065,True
1,OPEN,131,131,4,2,5,2,beam_3,16,0.0023573999642394,1,0.0023573999642394,True
1,OPEN,156,156,4,4,3,4,greedy,16,0.0022384999901987,1,0.0022384999901987,True
1,OPEN,156,156,4,4,3,4,beam_2,16,0.0020693999831564,1,0.0020693999831564,True
1,OPEN,156,156,4,4,3,4,beam_3,16,0.0021644999505952,1,0.0021644999505952,True
1,OPEN,175,175,4,5,4,4,greedy,16,0.050402800028678,16,0.0031501750017923,False
1,OPEN,175,175,4,5,4,4,beam_2,16,0.0031769000343047,1,0.0031769000343047,True
1,OPEN,175,175,4,5,4,4,beam_3,16,0.0028148000128567,1,0.0028148000128567,True
1,OPEN,207,207,5,3,5,2,greedy,16,0.00309280003421,1,0.00309280003421,True
1,OPEN,207,207,5,3,5,2,beam_2,16,0.0035796999582089,1,0.0035796999582089,True
1,OPEN,207,207,5,3,5,2,beam_3,16,0.0030396999791264,1,0.0030396999791264,True
1,OPEN,236,236,5,5,4,5,greedy,16,0.0525635000085458,16,0.0032852187505341,False
1,OPEN,236,236,5,5,4,5,beam_2,16,0.0026310000102967,1,0.0026310000102967,True
1,OPEN,236,236,5,5,4,5,beam_3,16,0.0024995999992825,1,0.0024995999992825,True
1,OPEN,17,17,2,3,2,5,greedy,16,0.0107125000213272,4,0.0026781250053318,True
1,OPEN,17,17,2,3,2,5,beam_2,16,0.0121818999759852,4,0.0030454749939963,True
1,OPEN,17,17,2,3,2,5,beam_3,16,0.0061030999640934,2,0.0030515499820467,True
1,OPEN,34,34,2,4,3,3,greedy,16,0.0476889000274241,16,0.002980556251714,False
1,OPEN,34,34,2,4,3,3,beam_2,16,0.0050639000255614,2,0.0025319500127807,True
1,OPEN,34,34,2,4,3,3,beam_3,16,0.0057465999852865,2,0.0028732999926432,True
1,OPEN,55,55,2,5,4,5,greedy,16,0.0051292999996803,2,0.0025646499998401,True
1,OPEN,55,55,2,5,4,5,beam_2,16,0.0051478999666869,2,0.0025739499833434,True
1,OPEN,55,55,2,5,4,5,beam_3,16,0.0057653000112622,2,0.0028826500056311,True
1,OPEN,75,75,3,3,2,2,greedy,16,0.0274078999646008,10,0.00274078999646,True
1,OPEN,75,75,3,3,2,2,beam_2,16,0.0323930999729782,10,0.0032393099972978,True
1,OPEN,75,75,3,3,2,2,beam_3,16,0.037771499948576,10,0.0037771499948576,True
1,OPEN,87,87,3,3,5,3,greedy,16,0.0156204999657347,6,0.0026034166609557,True
1,OPEN,87,87,3,3,5,3,beam_2,16,0.0050041999784298,2,0.0025020999892149,True
1,OPEN,87,87,3,3,5,3,beam_3,16,0.005611200002022,2,0.002805600001011,True
1,OPEN,100,100,3,4,4,5,greedy,16,0.0052883999887853,2,0.0026441999943926,True
1,OPEN,100,100,3,4,4,5,beam_2,16,0.0054955999949015,2,0.0027477999974507,True
1,OPEN,100,100,3,4,4,5,beam_3,16,0.0055725999991409,2,0.0027862999995704,True
1,OPEN,119,119,3,5,5,5,greedy,16,0.0159210999845527,6,0.0026535166640921,True
1,OPEN,119,119,3,5,5,5,beam_2,16,0.0115573999937623,4,0.0028893499984405,True
1,OPEN,119,119,3,5,5,5,beam_3,16,0.0057690999819897,2,0.0028845499909948,True
1,OPEN,136,136,4,3,2,3,greedy,16,0.0050650000339373,2,0.0025325000169686,True
1,OPEN,136,136,4,3,2,3,beam_2,16,0.0049248000141233,2,0.0024624000070616,True
1,OPEN,136,136,4,3,2,3,beam_3,16,0.0056197000085376,2,0.0028098500042688,True
1,OPEN,148,148,4,3,5,4,greedy,16,0.0049815999809652,2,0.0024907999904826,True
1,OPEN,148,148,4,3,5,4,beam_2,16,0.0046369000338017,2,0.0023184500169008,True
1,OPEN,148,148,4,3,5,4,beam_3,16,0.0058713999460451,2,0.0029356999730225,True
1,OPEN,162,162,4,4,5,3,greedy,16,0.004545500036329,2,0.0022727500181645,True
1,OPEN,162,162,4,4,5,3,beam_2,16,0.0050516999908722,2,0.0025258499954361,True
1,OPEN,162,162,4,4,5,3,beam_3,16,0.0056472999858669,2,0.0028236499929334,True
1,OPEN,178,178,4,5,5,4,greedy,16,0.0204939999966882,8,0.002561749999586,True
1,OPEN,178,178,4,5,5,4,beam_2,16,0.0053590000024996,2,0.0026795000012498,True
1,OPEN,178,178,4,5,5,4,beam_3,16,0.0053195999935269,2,0.0026597999967634,True
1,OPEN,203,203,5,3,4,2,greedy,16,0.0044808999518863,2,0.0022404499759431,True
1,OPEN,203,203,5,3,4,2,beam_2,16,0.0050108000286854,2,0.0025054000143427,True
1,OPEN,203,203,5,3,4,2,beam_3,16,0.0051027000299654,2,0.0025513500149827,True
1,OPEN,221,221,5,4,4,5,greedy,16,0.0046764000435359,2,0.0023382000217679,True
1,OPEN,221,221,5,4,4,5,beam_2,16,0.0047294000396505,2,0.0023647000198252,True
1,OPEN,221,221,5,4,4,5,beam_3,16,0.0053297000122256,2,0.0026648500061128,True
1,OPEN,2,2,2,2,2,5,greedy,16,0.007104399963282,3,0.002368133321094,True
1,OPEN,2,2,2,2,2,5,beam_2,16,0.0078474999754689,3,0.0026158333251563,True
1,OPEN,2,2,2,2,2,5,beam_3,16,0.0082799000083468,3,0.0027599666694489,True
1,OPEN,22,22,2,3,4,2,greedy,16,0.0072454999899491,3,0.0024151666633163,True
1,OPEN,22,22,2,3,4,2,beam_2,16,0.007817400037311,3,0.002605800012437,True
1,OPEN,22,22,2,3,4,2,beam_3,16,0.0087481000227853,3,0.0029160333409284,True
1,OPEN,40,40,2,4,4,5,greedy,16,0.0071222999831661,3,0.0023740999943887,True
1,OPEN,40,40,2,4,4,5,beam_2,16,0.0083150000427849,3,0.0027716666809283,True
1,OPEN,40,40,2,4,4,5,beam_3,16,0.0088152000098489,3,0.0029384000032829,True
1,OPEN,59,59,2,5,5,5,greedy,16,0.0120145000400953,5,0.002402900008019,True
1,OPEN,59,59,2,5,5,5,beam_2,16,0.0082856999943032,3,0.002761899998101,True
1,OPEN,59,59,2,5,5,5,beam_3,16,0.009244300017599,3,0.0030814333391996,True
1,OPEN,78,78,3,3,2,5,greedy,16,0.0084504000260494,3,0.0028168000086831,True
1,OPEN,78,78,3,3,2,5,beam_2,16,0.008079599996563,3,0.0026931999988543,True
1,OPEN,78,78,3,3,2,5,beam_3,16,0.0086747999885119,3,0.0028915999961706,True
1,OPEN,97,97,3,4,4,2,greedy,16,0.0175336999818682,7,0.002504814283124,True
1,OPEN,97,97,3,4,4,2,beam_2,16,0.0080636000493541,3,0.002687866683118,True
1,OPEN,97,97,3,4,4,2,beam_3,16,0.0085051000351086,3,0.0028350333450362,True
1,OPEN,113,113,3,5,4,3,greedy,16,0.0072402000078,3,0.0024134000026,True
1,OPEN,113,113,3,5,4,3,beam_2,16,0.0077265999861992,3,0.002575533328733,True
1,OPEN,113,113,3,5,4,3,beam_3,16,0.0088505999883636,3,0.0029501999961212,True
1,OPEN,133,133,4,2,5,4,greedy,16,0.0073901999858208,3,0.0024633999952736,True
1,OPEN,133,133,4,2,5,4,beam_2,16,0.0079673000145703,3,0.0026557666715234,True
1,OPEN,133,133,4,2,5,4,beam_3,16,0.0082212000270374,3,0.0027404000090124,True
1,OPEN,151,151,4,4,2,3,greedy,16,0.036222499969881,13,0.0027863461515293,True
1,OPEN,151,151,4,4,2,3,beam_2,16,0.0163762000156566,5,0.0032752400031313,True
1,OPEN,151,151,4,4,2,3,beam_3,16,0.0172078000032342,5,0.0034415600006468,True
1,OPEN,170,170,4,5,3,3,greedy,16,0.0538172000087797,16,0.0033635750005487,False
1,OPEN,170,170,4,5,3,3,beam_2,16,0.0103862999822013,3,0.0034620999940671,True
1,OPEN,170,170,4,5,3,3,beam_3,16,0.0107822999707423,3,0.0035940999902474,True
1,OPEN,190,190,5,2,4,4,greedy,16,0.0107739999657496,3,0.0035913333219165,True
1,OPEN,190,190,5,2,4,4,beam_2,16,0.0111900999909266,3,0.0037300333303088,True
1,OPEN,190,190,5,2,4,4,beam_3,16,0.0098187999683432,3,0.003272933322781,True
1,OPEN,206,206,5,3,4,5,greedy,16,0.0077474999707192,3,0.0025824999902397,True
1,OPEN,206,206,5,3,4,5,beam_2,16,0.0089140000054612,3,0.0029713333351537,True
1,OPEN,206,206,5,3,4,5,beam_3,16,0.0092219000216573,3,0.0030739666738857,True
1,OPEN,228,228,5,5,2,5,greedy,16,0.0082437999662943,3,0.0027479333220981,True
1,OPEN,228,228,5,5,2,5,beam_2,16,0.0097999999998137,3,0.0032666666666045,True
1,OPEN,228,228,5,5,2,5,beam_3,16,0.0106263000052422,3,0.0035421000017474,True
1,OPEN,9,9,2,2,4,4,greedy,16,0.0455236000125296,16,0.0028452250007831,False
1,OPEN,9,9,2,2,4,4,beam_2,16,0.011028199980501,4,0.0027570499951252,True
1,OPEN,9,9,2,2,4,4,beam_3,16,0.0115650999941863,4,0.0028912749985465,True
1,OPEN,37,37,2,4,4,2,greedy,16,0.0093793999985791,4,0.0023448499996447,True
1,OPEN,37,37,2,4,4,2,beam_2,16,0.0112646999768912,4,0.0028161749942228,True
1,OPEN,37,37,2,4,4,2,beam_3,16,0.0131441999692469,4,0.0032860499923117,True
1,OPEN,58,58,2,5,5,4,greedy,16,0.0155230999807827,6,0.0025871833301304,True
1,OPEN,58,58,2,5,5,4,beam_2,16,0.0106345000094734,4,0.0026586250023683,True
1,OPEN,58,58,2,5,5,4,beam_3,16,0.012380399974063,4,0.0030950999935157,True
1,OPEN,101,101,3,4,5,2,greedy,16,0.0097177000134252,4,0.0024294250033563,True
1,OPEN,101,101,3,4,5,2,beam_2,16,0.0112975999945774,4,0.0028243999986443,True
1,OPEN,101,101,3,4,5,2,beam_3,16,0.0125973999965935,4,0.0031493499991483,True
1,OPEN,127,127,4,2,3,5,greedy,16,0.0096499000210314,4,0.0024124750052578,True
1,OPEN,127,127,4,2,3,5,beam_2,16,0.0109693999984301,4,0.0027423499996075,True
1,OPEN,127,127,4,2,3,5,beam_3,16,0.0119128999649547,4,0.0029782249912386,True
1,OPEN,169,169,4,5,3,2,greedy,16,0.0426318999961949,16,0.0026644937497621,False
1,OPEN,169,169,4,5,3,2,beam_2,16,0.0180187000078149,6,0.0030031166679691,True
1,OPEN,169,169,4,5,3,2,beam_3,16,0.0179100999957881,6,0.0029850166659646,True
1,OPEN,195,195,5,3,2,2,greedy,16,0.0430096999625675,16,0.0026881062476604,False
1,OPEN,195,195,5,3,2,2,beam_2,16,0.0507027000421658,16,0.0031689187526353,False
1,OPEN,195,195,5,3,2,2,beam_3,16,0.0125720999785698,4,0.0031430249946424,True
1,OPEN,214,214,5,4,3,2,greedy,16,0.0095580999623052,4,0.0023895249905763,True
1,OPEN,214,214,5,4,3,2,beam_2,16,0.0111199999810196,4,0.0027799999952549,True
1,OPEN,214,214,5,4,3,2,beam_3,16,0.0120928000542335,4,0.0030232000135583,True
1,OPEN,13,13,2,2,5,4,greedy,16,0.0143869000021368,5,0.0028773800004273,True
1,OPEN,13,13,2,2,5,4,beam_2,16,0.0140734000015072,5,0.0028146800003014,True
1,OPEN,13,13,2,2,5,4,beam_3,16,0.0148195999790914,5,0.0029639199958182,True
1,OPEN,74,74,3,2,5,5,greedy,16,0.0125347000430338,5,0.0025069400086067,True
1,OPEN,74,74,3,2,5,5,beam_2,16,0.0139858999755233,5,0.0027971799951046,True
1,OPEN,74,74,3,2,5,5,beam_3,16,0.0145304999896325,5,0.0029060999979265,True
1,OPEN,187,187,5,2,3,5,greedy,16,0.0123040000326,5,0.00246080000652,True
1,OPEN,187,187,5,2,3,5,beam_2,16,0.0133401000057347,5,0.0026680200011469,True
1,OPEN,187,187,5,2,3,5,beam_3,16,0.0150207999977283,5,0.0030041599995456,True
1,OPEN,14,14,2,2,5,5,greedy,16,0.0146328000118955,6,0.0024388000019825,True
1,OPEN,14,14,2,2,5,5,beam_2,16,0.0166698999819345,6,0.0027783166636557,True
1,OPEN,14,14,2,2,5,5,beam_3,16,0.0182061999803408,6,0.0030343666633901,True
1,U_MAZE,243,243,2,2,3,2,greedy,16,0.0178460000315681,7,0.0025494285759383,True
1,U_MAZE,243,243,2,2,3,2,beam_2,16,0.0020275000133551,1,0.0020275000133551,True
1,U_MAZE,243,243,2,2,3,2,beam_3,16,0.0021061999723315,1,0.0021061999723315,True
1,U_MAZE,269,269,2,5,2,4,greedy,16,0.0024181000189855,1,0.0024181000189855,True
1,U_MAZE,269,269,2,5,2,4,beam_2,16,0.0026165000163018,1,0.0026165000163018,True
1,U_MAZE,269,269,2,5,2,4,beam_3,16,0.0023151999921537,1,0.0023151999921537,True
1,U_MAZE,299,299,5,2,4,2,greedy,16,0.0025319999549537,1,0.0025319999549537,True
1,U_MAZE,299,299,5,2,4,2,beam_2,16,0.0023645999608561,1,0.0023645999608561,True
1,U_MAZE,299,299,5,2,4,2,beam_3,16,0.0022170000011101,1,0.0022170000011101,True
1,U_MAZE,320,320,5,4,5,5,greedy,16,0.0023035999620333,1,0.0023035999620333,True
1,U_MAZE,320,320,5,4,5,5,beam_2,16,0.0025372999953106,1,0.0025372999953106,True
1,U_MAZE,320,320,5,4,5,5,beam_3,16,0.0021421000128611,1,0.0021421000128611,True
1,U_MAZE,252,252,2,3,3,2,greedy,16,0.0048679999890737,2,0.0024339999945368,True
1,U_MAZE,252,252,2,3,3,2,beam_2,16,0.0048075999948196,2,0.0024037999974098,True
1,U_MAZE,252,252,2,3,3,2,beam_3,16,0.0054392999736592,2,0.0027196499868296,True
1,U_MAZE,285,285,4,2,2,2,greedy,16,0.0263059000135399,10,0.0026305900013539,True
1,U_MAZE,285,285,4,2,2,2,beam_2,16,0.0051393999601714,2,0.0025696999800857,True
1,U_MAZE,285,285,4,2,2,2,beam_3,16,0.0047807000228203,2,0.0023903500114101,True
1,U_MAZE,311,311,5,3,5,5,greedy,16,0.0045663000200875,2,0.0022831500100437,True
1,U_MAZE,311,311,5,3,5,5,beam_2,16,0.004893000004813,2,0.0024465000024065,True
1,U_MAZE,311,311,5,3,5,5,beam_3,16,0.0048849000013433,2,0.0024424500006716,True
1,U_MAZE,253,253,2,3,4,2,greedy,16,0.006987200002186,3,0.0023290666673953,True
1,U_MAZE,253,253,2,3,4,2,beam_2,16,0.007813999953214,3,0.0026046666510713,True
1,U_MAZE,253,253,2,3,4,2,beam_3,16,0.0077690000180155,3,0.0025896666726718,True
1,U_MAZE,286,286,4,2,2,3,greedy,16,0.0270659000379964,11,0.0024605363670905,True
1,U_MAZE,286,286,4,2,2,3,beam_2,16,0.007626499980688,3,0.0025421666602293,True
1,U_MAZE,286,286,4,2,2,3,beam_3,16,0.008063499990385,3,0.0026878333301283,True
1,U_MAZE,317,317,5,4,4,2,greedy,16,0.0070614999858662,3,0.002353833328622,True
1,U_MAZE,317,317,5,4,4,2,beam_2,16,0.007437199994456,3,0.0024790666648186,True
1,U_MAZE,317,317,5,4,4,2,beam_3,16,0.0082908000331372,3,0.0027636000110457,True
1,U_MAZE,270,270,2,5,3,2,greedy,16,0.0106628999928943,4,0.0026657249982235,True
1,U_MAZE,270,270,2,5,3,2,beam_2,16,0.0121528000454418,4,0.0030382000113604,True
1,U_MAZE,270,270,2,5,3,2,beam_3,16,0.0114296999527141,4,0.0028574249881785,True
1,U_MAZE,295,295,5,2,2,3,greedy,16,0.0250446000136435,10,0.0025044600013643,True
1,U_MAZE,295,295,5,2,2,3,beam_2,16,0.0108683999860659,4,0.0027170999965164,True
1,U_MAZE,295,295,5,2,2,3,beam_3,16,0.012305499985814,4,0.0030763749964535,True
1,U_MAZE,255,255,2,3,5,3,greedy,16,0.0140704999794252,5,0.002814099995885,True
1,U_MAZE,255,255,2,3,5,3,beam_2,16,0.0168647000100463,5,0.0033729400020092,True
1,U_MAZE,255,255,2,3,5,3,beam_3,16,0.0171814999775961,5,0.0034362999955192,True
1,U_MAZE,296,296,5,2,2,4,greedy,16,0.0296932999626733,11,0.0026993909056975,True
1,U_MAZE,296,296,5,2,2,4,beam_2,16,0.0153927000355906,5,0.0030785400071181,True
1,U_MAZE,296,296,5,2,2,4,beam_3,16,0.0153310999739915,5,0.0030662199947983,True
1,U_MAZE,256,256,2,3,5,4,greedy,16,0.0154661000124178,6,0.0025776833354029,True
1,U_MAZE,256,256,2,3,5,4,beam_2,16,0.0191847999813035,6,0.0031974666635505,True
1,U_MAZE,256,256,2,3,5,4,beam_3,16,0.0206986999837681,6,0.003449783330628,True
1,U_MAZE,313,313,5,4,2,3,greedy,16,0.0176378000178374,6,0.0029396333363062,True
1,U_MAZE,313,313,5,4,2,3,beam_2,16,0.0208129999809898,6,0.0034688333301649,True
1,U_MAZE,313,313,5,4,2,3,beam_3,16,0.02259900001809,6,0.003766500003015,True
1,U_MAZE,306,306,5,3,2,5,greedy,16,0.0515574000310152,16,0.0032223375019384,False
1,U_MAZE,306,306,5,3,2,5,beam_2,16,0.0224486000370234,7,0.0032069428624319,True
1,U_MAZE,306,306,5,3,2,5,beam_3,16,0.0259697000146843,7,0.0037099571449549,True
1,U_MAZE,315,315,5,4,2,5,greedy,18,0.0253306999802589,8,0.0031663374975323,True
1,U_MAZE,315,315,5,4,2,5,beam_2,18,0.0240831000264734,8,0.0030103875033091,True
1,U_MAZE,315,315,5,4,2,5,beam_3,18,0.0248326000291854,8,0.0031040750036481,True
1,SMALL_MAZE,423,423,2,3,2,2,greedy,16,0.0025728999753482,1,0.0025728999753482,True
1,SMALL_MAZE,423,423,2,3,2,2,beam_2,16,0.0022086999961175,1,0.0022086999961175,True
1,SMALL_MAZE,423,423,2,3,2,2,beam_3,16,0.0029183000442571,1,0.0029183000442571,True
1,SMALL_MAZE,432,432,5,2,5,3,greedy,16,0.0026997000095434,1,0.0026997000095434,True
1,SMALL_MAZE,432,432,5,2,5,3,beam_2,16,0.0025050000404007,1,0.0025050000404007,True
1,SMALL_MAZE,432,432,5,2,5,3,beam_3,16,0.0024011000059545,1,0.0024011000059545,True
1,SMALL_MAZE,443,443,5,5,5,4,greedy,16,0.0029527000151574,1,0.0029527000151574,True
1,SMALL_MAZE,443,443,5,5,5,4,beam_2,16,0.0022487000096589,1,0.0022487000096589,True
1,SMALL_MAZE,443,443,5,5,5,4,beam_3,16,0.0024155999999493,1,0.0024155999999493,True
1,SMALL_MAZE,433,433,5,2,5,4,greedy,16,0.0051018999656662,2,0.0025509499828331,True
1,SMALL_MAZE,433,433,5,2,5,4,beam_2,16,0.0052226000116206,2,0.0026113000058103,True
1,SMALL_MAZE,433,433,5,2,5,4,beam_3,16,0.0047299999860115,2,0.0023649999930057,True
1,SMALL_MAZE,429,429,2,5,2,2,greedy,16,0.0083376000402495,3,0.0027792000134165,True
1,SMALL_MAZE,429,429,2,5,2,2,beam_2,16,0.0085540000000037,3,0.0028513333333345,True
1,SMALL_MAZE,429,429,2,5,2,2,beam_3,16,0.0080301000270992,3,0.002676700009033,True
1,MEDIUM_MAZE,447,447,1,1,2,1,greedy,16,0.0026112999767065,1,0.0026112999767065,True
1,MEDIUM_MAZE,447,447,1,1,2,1,beam_2,16,0.0021171999978832,1,0.0021171999978832,True
1,MEDIUM_MAZE,447,447,1,1,2,1,beam_3,16,0.0027291000005789,1,0.0027291000005789,True
1,MEDIUM_MAZE,521,521,1,6,1,5,greedy,16,0.0021231000428088,1,0.0021231000428088,True
1,MEDIUM_MAZE,521,521,1,6,1,5,beam_2,16,0.0021660000202246,1,0.0021660000202246,True
1,MEDIUM_MAZE,521,521,1,6,1,5,beam_3,16,0.0024957999703474,1,0.0024957999703474,True
1,MEDIUM_MAZE,573,573,2,2,2,1,greedy,16,0.0435818000114522,16,0.0027238625007157,False
1,MEDIUM_MAZE,573,573,2,2,2,1,beam_2,16,0.0022411000099964,1,0.0022411000099964,True
1,MEDIUM_MAZE,573,573,2,2,2,1,beam_3,16,0.0021496000117622,1,0.0021496000117622,True
1,MEDIUM_MAZE,626,626,2,5,2,6,greedy,16,0.0353500999626703,13,0.0027192384586669,True
1,MEDIUM_MAZE,626,626,2,5,2,6,beam_2,16,0.0031749000190757,1,0.0031749000190757,True
1,MEDIUM_MAZE,626,626,2,5,2,6,beam_3,16,0.0023110000183805,1,0.0023110000183805,True
1,MEDIUM_MAZE,678,678,3,3,3,4,greedy,16,0.0028946999809704,1,0.0028946999809704,True
1,MEDIUM_MAZE,678,678,3,3,3,4,beam_2,16,0.0021315999911166,1,0.0021315999911166,True
1,MEDIUM_MAZE,678,678,3,3,3,4,beam_3,16,0.0020583999576047,1,0.0020583999576047,True
1,MEDIUM_MAZE,729,729,3,5,3,4,greedy,16,0.0027925999602302,1,0.0027925999602302,True
1,MEDIUM_MAZE,729,729,3,5,3,4,beam_2,16,0.0024488000199198,1,0.0024488000199198,True
1,MEDIUM_MAZE,729,729,3,5,3,4,beam_3,16,0.0022841999889351,1,0.0022841999889351,True
1,MEDIUM_MAZE,782,782,4,2,4,3,greedy,16,0.0026360999909229,1,0.0026360999909229,True
1,MEDIUM_MAZE,782,782,4,2,4,3,beam_2,16,0.0021995999850332,1,0.0021995999850332,True
1,MEDIUM_MAZE,782,782,4,2,4,3,beam_3,16,0.0021900999709032,1,0.0021900999709032,True
1,MEDIUM_MAZE,834,834,4,5,4,6,greedy,16,0.0243322000023908,9,0.0027035777780434,True
1,MEDIUM_MAZE,834,834,4,5,4,6,beam_2,16,0.0021152999834157,1,0.0021152999834157,True
1,MEDIUM_MAZE,834,834,4,5,4,6,beam_3,16,0.0025118999765254,1,0.0025118999765254,True
1,MEDIUM_MAZE,908,908,5,3,4,3,greedy,16,0.0415345000219531,16,0.002595906251372,False
1,MEDIUM_MAZE,908,908,5,3,4,3,beam_2,16,0.0021250999998301,1,0.0021250999998301,True
1,MEDIUM_MAZE,908,908,5,3,4,3,beam_3,16,0.0020906999707221,1,0.0020906999707221,True
1,MEDIUM_MAZE,968,968,5,6,6,6,greedy,16,0.0023282999754883,1,0.0023282999754883,True
1,MEDIUM_MAZE,968,968,5,6,6,6,beam_2,16,0.002378300006967,1,0.002378300006967,True
1,MEDIUM_MAZE,968,968,5,6,6,6,beam_3,16,0.002380899968557,1,0.002380899968557,True
1,MEDIUM_MAZE,1042,1042,6,4,6,5,greedy,16,0.0020843999809585,1,0.0020843999809585,True
1,MEDIUM_MAZE,1042,1042,6,4,6,5,beam_2,16,0.0024315000046044,1,0.0024315000046044,True
1,MEDIUM_MAZE,1042,1042,6,4,6,5,beam_3,16,0.0022664000280201,1,0.0022664000280201,True
1,MEDIUM_MAZE,448,448,1,1,2,2,greedy,16,0.0044197000097483,2,0.0022098500048741,True
1,MEDIUM_MAZE,448,448,1,1,2,2,beam_2,16,0.0050643000286072,2,0.0025321500143036,True
1,MEDIUM_MAZE,448,448,1,1,2,2,beam_3,16,0.0052521000034175,2,0.0026260500017087,True
1,MEDIUM_MAZE,525,525,1,6,2,5,greedy,16,0.0043280000099912,2,0.0021640000049956,True
1,MEDIUM_MAZE,525,525,1,6,2,5,beam_2,16,0.0051327000255696,2,0.0025663500127848,True
1,MEDIUM_MAZE,525,525,1,6,2,5,beam_3,16,0.0051043000421486,2,0.0025521500210743,True
1,MEDIUM_MAZE,595,595,2,3,1,2,greedy,16,0.0431557999690994,16,0.0026972374980687,False
1,MEDIUM_MAZE,595,595,2,3,1,2,beam_2,16,0.0480129999923519,16,0.0030008124995219,False
1,MEDIUM_MAZE,595,595,2,3,1,2,beam_3,16,0.0055044000037014,2,0.0027522000018507,True
1,MEDIUM_MAZE,628,628,2,5,3,4,greedy,16,0.0049809999763965,2,0.0024904999881982,True
1,MEDIUM_MAZE,628,628,2,5,3,4,beam_2,16,0.0052714999765157,2,0.0026357499882578,True
1,MEDIUM_MAZE,628,628,2,5,3,4,beam_3,16,0.0053203999996185,2,0.0026601999998092,True
1,MEDIUM_MAZE,679,679,3,3,3,5,greedy,16,0.0053797999862581,2,0.002689899993129,True
1,MEDIUM_MAZE,679,679,3,3,3,5,beam_2,16,0.0047312999959103,2,0.0023656499979551,True
1,MEDIUM_MAZE,679,679,3,3,3,5,beam_3,16,0.0050988000002689,2,0.0025494000001344,True
1,MEDIUM_MAZE,707,707,3,4,4,3,greedy,16,0.0045028000022284,2,0.0022514000011142,True
1,MEDIUM_MAZE,707,707,3,4,4,3,beam_2,16,0.0051255999715067,2,0.0025627999857533,True
1,MEDIUM_MAZE,707,707,3,4,4,3,beam_3,16,0.0051109999767504,2,0.0025554999883752,True
1,MEDIUM_MAZE,734,734,3,5,4,6,greedy,16,0.004439300042577,2,0.0022196500212885,True
1,MEDIUM_MAZE,734,734,3,5,4,6,beam_2,16,0.0046688999864272,2,0.0023344499932136,True
1,MEDIUM_MAZE,734,734,3,5,4,6,beam_3,16,0.005095699976664,2,0.002547849988332,True
1,MEDIUM_MAZE,786,786,4,2,5,3,greedy,16,0.0042233999702148,2,0.0021116999851074,True
1,MEDIUM_MAZE,786,786,4,2,5,3,beam_2,16,0.0050184000283479,2,0.0025092000141739,True
1,MEDIUM_MAZE,786,786,4,2,5,3,beam_3,16,0.0046720000100322,2,0.0023360000050161,True
1,MEDIUM_MAZE,826,826,4,5,2,5,greedy,16,0.0046834000386297,2,0.0023417000193148,True
1,MEDIUM_MAZE,826,826,4,5,2,5,beam_2,16,0.0050896999891847,2,0.0025448499945923,True
1,MEDIUM_MAZE,826,826,4,5,2,5,beam_3,16,0.004869399999734,2,0.002434699999867,True
1,MEDIUM_MAZE,882,882,5,1,4,2,greedy,16,0.0046991999843157,2,0.0023495999921578,True
1,MEDIUM_MAZE,882,882,5,1,4,2,beam_2,16,0.0046888000215403,2,0.0023444000107701,True
1,MEDIUM_MAZE,882,882,5,1,4,2,beam_3,16,0.0056841999758034,2,0.0028420999879017,True
1,MEDIUM_MAZE,933,933,5,4,4,3,greedy,16,0.0051075999508611,2,0.0025537999754305,True
1,MEDIUM_MAZE,933,933,5,4,4,3,beam_2,16,0.004749100015033,2,0.0023745500075165,True
1,MEDIUM_MAZE,933,933,5,4,4,3,beam_3,16,0.00666530005401,2,0.003332650027005,True
1,MEDIUM_MAZE,1011,1011,6,2,5,1,greedy,16,0.0073111000237986,2,0.0036555500118993,True
1,MEDIUM_MAZE,1011,1011,6,2,5,1,beam_2,16,0.006651299947407,2,0.0033256499737035,True
1,MEDIUM_MAZE,1011,1011,6,2,5,1,beam_3,16,0.0056684999726712,2,0.0028342499863356,True
1,MEDIUM_MAZE,1085,1085,6,6,4,6,greedy,16,0.0422079000272788,16,0.0026379937517049,False
1,MEDIUM_MAZE,1085,1085,6,6,4,6,beam_2,16,0.0049467000062577,2,0.0024733500031288,True
1,MEDIUM_MAZE,1085,1085,6,6,4,6,beam_3,16,0.0059075999888591,2,0.0029537999944295,True
1,MEDIUM_MAZE,508,508,1,5,4,5,greedy,16,0.0100900999968871,3,0.003363366665629,True
1,MEDIUM_MAZE,508,508,1,5,4,5,beam_2,16,0.0123164999531582,3,0.004105499984386,True
1,MEDIUM_MAZE,508,508,1,5,4,5,beam_3,16,0.0088949000346474,3,0.0029649666782158,True
1,MEDIUM_MAZE,594,594,2,3,1,1,greedy,16,0.0453576000290922,16,0.0028348500018182,False
1,MEDIUM_MAZE,594,594,2,3,1,1,beam_2,16,0.0083646000130102,3,0.0027882000043367,True
1,MEDIUM_MAZE,594,594,2,3,1,1,beam_3,16,0.0100167000200599,3,0.0033389000066866,True
1,MEDIUM_MAZE,634,634,2,5,4,6,greedy,16,0.0081181999994441,3,0.0027060666664813,True
1,MEDIUM_MAZE,634,634,2,5,4,6,beam_2,16,0.008989299996756,3,0.002996433332252,True
1,MEDIUM_MAZE,634,634,2,5,4,6,beam_3,16,0.0108828000375069,3,0.0036276000125023,True
1,MEDIUM_MAZE,676,676,3,3,2,5,greedy,16,0.0084774999995715,3,0.0028258333331905,True
1,MEDIUM_MAZE,676,676,3,3,2,5,beam_2,16,0.0084643000154756,3,0.0028214333384918,True
1,MEDIUM_MAZE,676,676,3,3,2,5,beam_3,16,0.008607399999164,3,0.0028691333330546,True
1,MEDIUM_MAZE,699,699,3,4,2,2,greedy,16,0.053852499986533,16,0.0033657812491583,False
1,MEDIUM_MAZE,699,699,3,4,2,2,beam_2,16,0.009699799993541,3,0.0032332666645136,True
1,MEDIUM_MAZE,699,699,3,4,2,2,beam_3,16,0.0102639000397175,3,0.0034213000132391,True
1,MEDIUM_MAZE,722,722,3,5,1,6,greedy,16,0.0087581999832764,3,0.0029193999944254,True
1,MEDIUM_MAZE,722,722,3,5,1,6,beam_2,16,0.0094656000146642,3,0.003155200004888,True
1,MEDIUM_MAZE,722,722,3,5,1,6,beam_3,16,0.0113394000218249,3,0.0037798000072749,True
1,MEDIUM_MAZE,761,761,4,1,5,3,greedy,16,0.0545662000076845,16,0.0034103875004802,False
1,MEDIUM_MAZE,761,761,4,1,5,3,beam_2,16,0.0101254999754019,3,0.0033751666584673,True
1,MEDIUM_MAZE,761,761,4,1,5,3,beam_3,16,0.0106253999983891,3,0.003541799999463,True
1,MEDIUM_MAZE,789,789,4,2,6,1,greedy,16,0.0568806999945081,16,0.0035550437496567,False
1,MEDIUM_MAZE,789,789,4,2,6,1,beam_2,16,0.0105197000084444,3,0.0035065666694814,True
1,MEDIUM_MAZE,789,789,4,2,6,1,beam_3,16,0.0105978999636136,3,0.0035326333212045,True
1,MEDIUM_MAZE,821,821,4,5,1,5,greedy,16,0.0089282999979332,3,0.002976099999311,True
1,MEDIUM_MAZE,821,821,4,5,1,5,beam_2,16,0.0094875000067986,3,0.0031625000022662,True
1,MEDIUM_MAZE,821,821,4,5,1,5,beam_3,16,0.0106816999614238,3,0.0035605666538079,True
1,MEDIUM_MAZE,854,854,4,6,3,4,greedy,16,0.0233215999905951,7,0.0033316571415135,True
1,MEDIUM_MAZE,854,854,4,6,3,4,beam_2,16,0.0100336999748833,3,0.0033445666582944,True
1,MEDIUM_MAZE,854,854,4,6,3,4,beam_3,16,0.0089677000069059,3,0.0029892333356353,True
1,MEDIUM_MAZE,906,906,5,3,4,1,greedy,16,0.0540990000008605,16,0.0033811875000537,False
1,MEDIUM_MAZE,906,906,5,3,4,1,beam_2,16,0.0112289999960921,3,0.0037429999986973,True
1,MEDIUM_MAZE,906,906,5,3,4,1,beam_3,16,0.0095392999937757,3,0.0031797666645919,True
1,MEDIUM_MAZE,955,955,5,6,3,5,greedy,16,0.0087418999755755,3,0.0029139666585251,True
1,MEDIUM_MAZE,955,955,5,6,3,5,beam_2,16,0.0082606999785639,3,0.0027535666595213,True
1,MEDIUM_MAZE,955,955,5,6,3,5,beam_3,16,0.0091350000002421,3,0.0030450000000807,True
1,MEDIUM_MAZE,1039,1039,6,4,5,6,greedy,16,0.0079294999595731,3,0.002643166653191,True
1,MEDIUM_MAZE,1039,1039,6,4,5,6,beam_2,16,0.0088071000063791,3,0.0029357000021263,True
1,MEDIUM_MAZE,1039,1039,6,4,5,6,beam_3,16,0.0089999000192619,3,0.0029999666730873,True
1,MEDIUM_MAZE,452,452,1,1,3,3,greedy,16,0.0104790999903343,4,0.0026197749975835,True
1,MEDIUM_MAZE,452,452,1,1,3,3,beam_2,16,0.0125048999907448,4,0.0031262249976862,True
1,MEDIUM_MAZE,452,452,1,1,3,3,beam_3,16,0.0114987000124529,4,0.0028746750031132,True
1,MEDIUM_MAZE,528,528,1,6,3,4,greedy,16,0.0116291000158526,4,0.0029072750039631,True
1,MEDIUM_MAZE,528,528,1,6,3,4,beam_2,16,0.0117444000206887,4,0.0029361000051721,True
1,MEDIUM_MAZE,528,528,1,6,3,4,beam_3,16,0.0120161999948322,4,0.003004049998708,True
1,MEDIUM_MAZE,581,581,2,2,4,2,greedy,16,0.0100856999633833,4,0.0025214249908458,True
1,MEDIUM_MAZE,581,581,2,2,4,2,beam_2,16,0.0108936000033281,4,0.002723400000832,True
1,MEDIUM_MAZE,581,581,2,2,4,2,beam_3,16,0.011417599976994,4,0.0028543999942485,True
1,MEDIUM_MAZE,612,612,2,3,5,4,greedy,16,0.0099649000330828,4,0.0024912250082707,True
1,MEDIUM_MAZE,612,612,2,3,5,4,beam_2,16,0.0104015000397339,4,0.0026003750099334,True
1,MEDIUM_MAZE,612,612,2,3,5,4,beam_3,16,0.0113979000016115,4,0.0028494750004028,True
1,MEDIUM_MAZE,659,659,2,6,4,6,greedy,16,0.0104519000160507,4,0.0026129750040126,True
1,MEDIUM_MAZE,659,659,2,6,4,6,beam_2,16,0.0113644999801181,4,0.0028411249950295,True
1,MEDIUM_MAZE,659,659,2,6,4,6,beam_3,16,0.011771299992688,4,0.002942824998172,True
1,MEDIUM_MAZE,685,685,3,3,5,1,greedy,16,0.0100065000005997,4,0.0025016250001499,True
1,MEDIUM_MAZE,685,685,3,3,5,1,beam_2,16,0.0123918000026606,4,0.0030979500006651,True
1,MEDIUM_MAZE,685,685,3,3,5,1,beam_3,16,0.0132812999654561,4,0.003320324991364,True
1,MEDIUM_MAZE,705,705,3,4,4,1,greedy,16,0.0095672000315971,4,0.0023918000078992,True
1,MEDIUM_MAZE,705,705,3,4,4,1,beam_2,16,0.0107952000107616,4,0.0026988000026904,True
1,MEDIUM_MAZE,705,705,3,4,4,1,beam_3,16,0.0113783000269904,4,0.0028445750067476,True
1,MEDIUM_MAZE,736,736,3,5,5,3,greedy,16,0.0103687000228092,4,0.0025921750057023,True
1,MEDIUM_MAZE,736,736,3,5,5,3,beam_2,16,0.0116276000044308,4,0.0029069000011077,True
1,MEDIUM_MAZE,736,736,3,5,5,3,beam_3,16,0.0126542999641969,4,0.0031635749910492,True
1,MEDIUM_MAZE,774,774,4,2,2,2,greedy,16,0.0497207000153139,16,0.0031075437509571,False
1,MEDIUM_MAZE,774,774,4,2,2,2,beam_2,16,0.0570139999617822,16,0.0035633749976113,False
1,MEDIUM_MAZE,774,774,4,2,2,2,beam_3,16,0.0118222999735735,4,0.0029555749933933,True
1,MEDIUM_MAZE,798,798,4,3,2,1,greedy,16,0.0132726000156253,4,0.0033181500039063,True
1,MEDIUM_MAZE,798,798,4,3,2,1,beam_2,16,0.0136376000009477,4,0.0034094000002369,True
1,MEDIUM_MAZE,798,798,4,3,2,1,beam_3,16,0.0120773999951779,4,0.0030193499987944,True
1,MEDIUM_MAZE,822,822,4,5,1,6,greedy,16,0.0100832000025548,4,0.0025208000006387,True
1,MEDIUM_MAZE,822,822,4,5,1,6,beam_2,16,0.0114380000159144,4,0.0028595000039786,True
1,MEDIUM_MAZE,822,822,4,5,1,6,beam_3,16,0.0118174999952316,4,0.0029543749988079,True
1,MEDIUM_MAZE,852,852,4,6,2,6,greedy,16,0.0144885999616235,4,0.0036221499904058,True
1,MEDIUM_MAZE,852,852,4,6,2,6,beam_2,16,0.0133465999970212,4,0.0033366499992553,True
1,MEDIUM_MAZE,852,852,4,6,2,6,beam_3,16,0.0124578999821096,4,0.0031144749955274,True
1,MEDIUM_MAZE,899,899,5,3,2,2,greedy,16,0.0442336000269278,16,0.0027646000016829,False
1,MEDIUM_MAZE,899,899,5,3,2,2,beam_2,16,0.0116178999887779,4,0.0029044749971944,True
1,MEDIUM_MAZE,899,899,5,3,2,2,beam_3,16,0.0116370999603532,4,0.0029092749900883,True
1,MEDIUM_MAZE,929,929,5,4,3,4,greedy,16,0.0502903999877162,16,0.0031431499992322,False
1,MEDIUM_MAZE,929,929,5,4,3,4,beam_2,16,0.0235465000150725,8,0.002943312501884,True
1,MEDIUM_MAZE,929,929,5,4,3,4,beam_3,16,0.0119429999613203,4,0.00298574999033,True
1,MEDIUM_MAZE,963,963,5,6,5,4,greedy,16,0.0205964000197127,8,0.002574550002464,True
1,MEDIUM_MAZE,963,963,5,6,5,4,beam_2,16,0.0102138000074774,4,0.0025534500018693,True
1,MEDIUM_MAZE,963,963,5,6,5,4,beam_3,16,0.0114753000088967,4,0.0028688250022241,True
1,MEDIUM_MAZE,1035,1035,6,4,4,6,greedy,16,0.0097360000363551,4,0.0024340000090887,True
1,MEDIUM_MAZE,1035,1035,6,4,4,6,beam_2,16,0.0103195999981835,4,0.0025798999995458,True
1,MEDIUM_MAZE,1035,1035,6,4,4,6,beam_3,16,0.0113962999894283,4,0.002849074997357,True
1,MEDIUM_MAZE,453,453,1,1,3,4,greedy,16,0.0129619999788701,5,0.002592399995774,True
1,MEDIUM_MAZE,453,453,1,1,3,4,beam_2,16,0.0146565000177361,5,0.0029313000035472,True
1,MEDIUM_MAZE,453,453,1,1,3,4,beam_3,16,0.0185512999887578,5,0.0037102599977515,True
1,MEDIUM_MAZE,499,499,1,5,2,3,greedy,16,0.0511014999938197,16,0.0031938437496137,False
1,MEDIUM_MAZE,499,499,1,5,2,3,beam_2,16,0.0158265000209212,5,0.0031653000041842,True
1,MEDIUM_MAZE,499,499,1,5,2,3,beam_3,16,0.0160554000176489,5,0.0032110800035297,True
1,MEDIUM_MAZE,554,554,2,1,3,5,greedy,16,0.0186056999955326,7,0.0026579571422189,True
1,MEDIUM_MAZE,554,554,2,1,3,5,beam_2,16,0.0147348999744281,5,0.0029469799948856,True
1,MEDIUM_MAZE,554,554,2,1,3,5,beam_3,16,0.0163702999707311,5,0.0032740599941462,True
1,MEDIUM_MAZE,583,583,2,2,4,5,greedy,16,0.0160639000241644,5,0.0032127800048328,True
1,MEDIUM_MAZE,583,583,2,2,4,5,beam_2,16,0.0144983000354841,5,0.0028996600070968,True
1,MEDIUM_MAZE,583,583,2,2,4,5,beam_3,16,0.0152500999975018,5,0.0030500199995003,True
1,MEDIUM_MAZE,610,610,2,3,5,1,greedy,16,0.0166354000102728,5,0.0033270800020545,True
1,MEDIUM_MAZE,610,610,2,3,5,1,beam_2,16,0.0210895999916829,5,0.0042179199983365,True
1,MEDIUM_MAZE,610,610,2,3,5,1,beam_3,16,0.0184506999794393,5,0.0036901399958878,True
1,MEDIUM_MAZE,643,643,2,5,6,6,greedy,16,0.0139649000484496,5,0.0027929800096899,True
1,MEDIUM_MAZE,643,643,2,5,6,6,beam_2,16,0.0161695000133477,5,0.0032339000026695,True
1,MEDIUM_MAZE,643,643,2,5,6,6,beam_3,16,0.0179701999877579,5,0.0035940399975515,True
1,MEDIUM_MAZE,688,688,3,3,5,6,greedy,16,0.0161020999657921,5,0.0032204199931584,True
1,MEDIUM_MAZE,688,688,3,3,5,6,beam_2,16,0.0181996000465005,5,0.0036399200093001,True
1,MEDIUM_MAZE,688,688,3,3,5,6,beam_3,16,0.0165923999738879,5,0.0033184799947775,True
1,MEDIUM_MAZE,716,716,3,4,6,4,greedy,16,0.0134781000087969,5,0.0026956200017593,True
1,MEDIUM_MAZE,716,716,3,4,6,4,beam_2,16,0.0167717000003904,5,0.003354340000078,True
1,MEDIUM_MAZE,716,716,3,4,6,4,beam_3,16,0.017686599981971,5,0.0035373199963942,True
1,MEDIUM_MAZE,737,737,3,5,5,4,greedy,16,0.0200848000240512,7,0.002869257146293,True
1,MEDIUM_MAZE,737,737,3,5,5,4,beam_2,16,0.0145203999709337,5,0.0029040799941867,True
1,MEDIUM_MAZE,737,737,3,5,5,4,beam_3,16,0.014701000007335,5,0.002940200001467,True
1,MEDIUM_MAZE,770,770,4,2,1,2,greedy,16,0.0129243999836035,5,0.0025848799967207,True
1,MEDIUM_MAZE,770,770,4,2,1,2,beam_2,16,0.0144009999930858,5,0.0028801999986171,True
1,MEDIUM_MAZE,770,770,4,2,1,2,beam_3,16,0.0146995999966748,5,0.0029399199993349,True
1,MEDIUM_MAZE,794,794,4,3,1,1,greedy,16,0.0122512000380083,5,0.0024502400076016,True
1,MEDIUM_MAZE,794,794,4,3,1,1,beam_2,16,0.0149762000073678,5,0.0029952400014735,True
1,MEDIUM_MAZE,794,794,4,3,1,1,beam_3,16,0.0140487999888136,5,0.0028097599977627,True
1,MEDIUM_MAZE,818,818,4,3,6,6,greedy,16,0.0120909999823197,5,0.0024181999964639,True
1,MEDIUM_MAZE,818,818,4,3,6,6,beam_2,16,0.0138863999745808,5,0.0027772799949161,True
1,MEDIUM_MAZE,818,818,4,3,6,6,beam_3,16,0.0144825999741442,5,0.0028965199948288,True
1,MEDIUM_MAZE,847,847,4,6,1,6,greedy,16,0.0135690000024624,5,0.0027138000004924,True
1,MEDIUM_MAZE,847,847,4,6,1,6,beam_2,16,0.0145412000128999,5,0.0029082400025799,True
1,MEDIUM_MAZE,847,847,4,6,1,6,beam_3,16,0.0141271000029519,5,0.0028254200005903,True
1,MEDIUM_MAZE,879,879,5,1,3,4,greedy,16,0.0131442000274546,5,0.0026288400054909,True
1,MEDIUM_MAZE,879,879,5,1,3,4,beam_2,16,0.0166724000009708,5,0.0033344800001941,True
1,MEDIUM_MAZE,879,879,5,1,3,4,beam_3,16,0.0184090000111609,5,0.0036818000022321,True
1,MEDIUM_MAZE,909,909,5,3,4,5,greedy,16,0.0188973999465815,7,0.0026996285637973,True
1,MEDIUM_MAZE,909,909,5,3,4,5,beam_2,16,0.0132963999640196,5,0.0026592799928039,True
1,MEDIUM_MAZE,909,909,5,3,4,5,beam_3,16,0.0161358999903313,5,0.0032271799980662,True
1,MEDIUM_MAZE,935,935,5,4,4,6,greedy,16,0.0132383999880403,5,0.002647679997608,True
1,MEDIUM_MAZE,935,935,5,4,4,6,beam_2,16,0.0144617999903857,5,0.0028923599980771,True
1,MEDIUM_MAZE,935,935,5,4,4,6,beam_3,16,0.0142958000069484,5,0.0028591600013896,True
1,MEDIUM_MAZE,962,962,5,6,5,3,greedy,16,0.0419610000099055,16,0.002622562500619,False
1,MEDIUM_MAZE,962,962,5,6,5,3,beam_2,16,0.0211144000058993,7,0.0030163428579856,True
1,MEDIUM_MAZE,962,962,5,6,5,3,beam_3,16,0.0161478999652899,5,0.0032295799930579,True
1,MEDIUM_MAZE,1029,1029,6,4,3,4,greedy,16,0.0393955999752506,15,0.0026263733316833,True
1,MEDIUM_MAZE,1029,1029,6,4,3,4,beam_2,16,0.0135175000177696,5,0.0027035000035539,True
1,MEDIUM_MAZE,1029,1029,6,4,3,4,beam_3,16,0.0142275000107474,5,0.0028455000021494,True
1,MEDIUM_MAZE,1057,1057,6,5,4,2,greedy,16,0.0426509999670088,16,0.002665687497938,False
1,MEDIUM_MAZE,1057,1057,6,5,4,2,beam_2,16,0.0478706999565474,16,0.0029919187472842,False
1,MEDIUM_MAZE,1057,1057,6,5,4,2,beam_3,16,0.0143994999816641,5,0.0028798999963328,True
1,MEDIUM_MAZE,456,456,1,1,4,2,greedy,16,0.0177950999932363,6,0.0029658499988727,True
1,MEDIUM_MAZE,456,456,1,1,4,2,beam_2,16,0.019465500023216,6,0.0032442500038693,True
1,MEDIUM_MAZE,456,456,1,1,4,2,beam_3,16,0.0182902000378817,6,0.0030483666729802,True
1,MEDIUM_MAZE,487,487,1,2,5,4,greedy,16,0.0158705000067129,6,0.0026450833344521,True
1,MEDIUM_MAZE,487,487,1,2,5,4,beam_2,16,0.0197915000026114,6,0.0032985833337685,True
1,MEDIUM_MAZE,487,487,1,2,5,4,beam_3,16,0.0185643999720923,6,0.0030940666620153,True
1,MEDIUM_MAZE,524,524,1,6,2,3,greedy,16,0.0427338000154122,16,0.0026708625009632,False
1,MEDIUM_MAZE,524,524,1,6,2,3,beam_2,16,0.0175366000039502,6,0.002922766667325,True
1,MEDIUM_MAZE,524,524,1,6,2,3,beam_3,16,0.0176211000070907,6,0.0029368500011817,True
1,MEDIUM_MAZE,558,558,2,1,4,5,greedy,16,0.0450357999652624,16,0.0028147374978289,False
1,MEDIUM_MAZE,558,558,2,1,4,5,beam_2,16,0.0174733999883756,6,0.0029122333313959,True
1,MEDIUM_MAZE,558,558,2,1,4,5,beam_3,16,0.0178224999690428,6,0.0029704166615071,True
1,MEDIUM_MAZE,585,585,2,2,5,1,greedy,16,0.0156393999932333,6,0.0026065666655388,True
1,MEDIUM_MAZE,585,585,2,2,5,1,beam_2,16,0.0193028000066988,6,0.0032171333344498,True
1,MEDIUM_MAZE,585,585,2,2,5,1,beam_3,16,0.0193076999858021,6,0.0032179499976336,True
1,MEDIUM_MAZE,617,617,2,3,6,5,greedy,16,0.0153725999989546,6,0.0025620999998257,True
1,MEDIUM_MAZE,617,617,2,3,6,5,beam_2,16,0.0168075000401586,6,0.0028012500066931,True
1,MEDIUM_MAZE,617,617,2,3,6,5,beam_3,16,0.01914879999822,6,0.00319146666637,True
1,MEDIUM_MAZE,642,642,2,5,6,5,greedy,16,0.0156736000208184,6,0.0026122666701364,True
1,MEDIUM_MAZE,642,642,2,5,6,5,beam_2,16,0.0174123999895527,6,0.0029020666649254,True
1,MEDIUM_MAZE,642,642,2,5,6,5,beam_3,16,0.0199889999930746,6,0.0033314999988457,True
1,MEDIUM_MAZE,690,690,3,3,6,2,greedy,16,0.0543631999753415,16,0.0033976999984588,False
1,MEDIUM_MAZE,690,690,3,3,6,2,beam_2,16,0.0201379999634809,6,0.0033563333272468,True
1,MEDIUM_MAZE,690,690,3,3,6,2,beam_3,16,0.022084399999585,6,0.0036807333332641,True
1,MEDIUM_MAZE,735,735,3,5,5,1,greedy,16,0.0200923000229522,6,0.003348716670492,True
1,MEDIUM_MAZE,735,735,3,5,5,1,beam_2,16,0.020753999997396,6,0.003458999999566,True
1,MEDIUM_MAZE,735,735,3,5,5,1,beam_3,16,0.0193433999666012,6,0.0032238999944335,True
1,MEDIUM_MAZE,758,758,4,1,4,5,greedy,16,0.0183408999582752,6,0.0030568166597125,True
1,MEDIUM_MAZE,758,758,4,1,4,5,beam_2,16,0.0180796000058762,6,0.003013266667646,True
1,MEDIUM_MAZE,758,758,4,1,4,5,beam_3,16,0.021503500000108,6,0.0035839166666846,True
1,MEDIUM_MAZE,784,784,4,2,4,6,greedy,16,0.0165986999636515,6,0.0027664499939419,True
1,MEDIUM_MAZE,784,784,4,2,4,6,beam_2,16,0.0167874000035226,6,0.0027979000005871,True
1,MEDIUM_MAZE,784,784,4,2,4,6,beam_3,16,0.0191918000346049,6,0.0031986333391008,True
1,MEDIUM_MAZE,823,823,4,5,2,1,greedy,16,0.0164957999950274,6,0.0027492999991712,True
1,MEDIUM_MAZE,823,823,4,5,2,1,beam_2,16,0.0174499000422656,6,0.0029083166737109,True
1,MEDIUM_MAZE,823,823,4,5,2,1,beam_3,16,0.0182549000019207,6,0.0030424833336534,True
1,MEDIUM_MAZE,861,861,4,6,5,3,greedy,16,0.0153280000085942,6,0.002554666668099,True
1,MEDIUM_MAZE,861,861,4,6,5,3,beam_2,16,0.0198747999966144,6,0.0033124666661024,True
1,MEDIUM_MAZE,861,861,4,6,5,3,beam_3,16,0.0176832000142894,6,0.0029472000023815,True
1,MEDIUM_MAZE,896,896,5,3,1,5,greedy,16,0.0262836999609135,10,0.0026283699960913,True
1,MEDIUM_MAZE,896,896,5,3,1,5,beam_2,16,0.0171258000191301,6,0.0028543000031883,True
1,MEDIUM_MAZE,896,896,5,3,1,5,beam_3,16,0.0174031999777071,6,0.0029005333296178,True
1,MEDIUM_MAZE,923,923,5,4,2,1,greedy,16,0.014468899986241,6,0.0024114833310401,True
1,MEDIUM_MAZE,923,923,5,4,2,1,beam_2,16,0.0164539999677799,6,0.0027423333279633,True
1,MEDIUM_MAZE,923,923,5,4,2,1,beam_3,16,0.0184479999588802,6,0.0030746666598133,True
1,MEDIUM_MAZE,950,950,5,6,2,3,greedy,16,0.0143827999709174,6,0.0023971333284862,True
1,MEDIUM_MAZE,950,950,5,6,2,3,beam_2,16,0.0174488000338897,6,0.0029081333389816,True
1,MEDIUM_MAZE,950,950,5,6,2,3,beam_3,16,0.0178616000339388,6,0.0029769333389898,True
1,MEDIUM_MAZE,1003,1003,6,2,3,3,greedy,16,0.014931300014723,6,0.0024885500024538,True
1,MEDIUM_MAZE,1003,1003,6,2,3,3,beam_2,16,0.0164081999682821,6,0.0027346999947136,True
1,MEDIUM_MAZE,1003,1003,6,2,3,3,beam_3,16,0.0202167999814264,6,0.003369466663571,True
1,MEDIUM_MAZE,1050,1050,6,5,2,3,greedy,16,0.0188838000176474,6,0.0031473000029412,True
1,MEDIUM_MAZE,1050,1050,6,5,2,3,beam_2,16,0.0172479000175371,6,0.0028746500029228,True
1,MEDIUM_MAZE,1050,1050,6,5,2,3,beam_3,16,0.022028700041119,6,0.0036714500068531,True
1,MEDIUM_MAZE,1077,1077,6,6,2,6,greedy,16,0.0214068000204861,8,0.0026758500025607,True
1,MEDIUM_MAZE,1077,1077,6,6,2,6,beam_2,16,0.0175041999900713,6,0.0029173666650118,True
1,MEDIUM_MAZE,1077,1077,6,6,2,6,beam_3,16,0.0183318000053986,6,0.0030553000008997,True
1,MEDIUM_MAZE,458,458,1,1,4,5,greedy,16,0.0179274000111036,7,0.0025610571444433,True
1,MEDIUM_MAZE,458,458,1,1,4,5,beam_2,16,0.0258199000381864,7,0.0036885571483123,True
1,MEDIUM_MAZE,458,458,1,1,4,5,beam_3,16,0.0247437999933026,7,0.0035348285704718,True
1,MEDIUM_MAZE,485,485,1,2,5,1,greedy,16,0.0171193999703973,7,0.0024456285671996,True
1,MEDIUM_MAZE,485,485,1,2,5,1,beam_2,16,0.0200483999797143,7,0.0028640571399591,True
1,MEDIUM_MAZE,485,485,1,2,5,1,beam_3,16,0.0209591999882832,7,0.0029941714268976,True
1,MEDIUM_MAZE,512,512,1,5,5,4,greedy,16,0.0229565000045113,9,0.0025507222227234,True
1,MEDIUM_MAZE,512,512,1,5,5,4,beam_2,16,0.0194556000060401,7,0.0027793714294343,True
1,MEDIUM_MAZE,512,512,1,5,5,4,beam_3,16,0.0213496999931521,7,0.0030499571418788,True
1,MEDIUM_MAZE,543,543,1,6,6,6,greedy,16,0.0180741000222042,7,0.0025820142888863,True
1,MEDIUM_MAZE,543,543,1,6,6,6,beam_2,16,0.019869000010658,7,0.0028384285729511,True
1,MEDIUM_MAZE,543,543,1,6,6,6,beam_3,16,0.0208920000004582,7,0.0029845714286368,True
1,MEDIUM_MAZE,566,566,2,1,6,4,greedy,16,0.0237308000214397,9,0.0026367555579377,True
1,MEDIUM_MAZE,566,566,2,1,6,4,beam_2,16,0.0194282000302337,7,0.0027754571471762,True
1,MEDIUM_MAZE,566,566,2,1,6,4,beam_3,16,0.0232029000180773,7,0.0033147000025824,True
1,MEDIUM_MAZE,615,615,2,3,6,2,greedy,16,0.0432081999606452,16,0.0027005124975403,False
1,MEDIUM_MAZE,615,615,2,3,6,2,beam_2,16,0.0202094999840483,7,0.0028870714262926,True
1,MEDIUM_MAZE,615,615,2,3,6,2,beam_3,16,0.021181600051932,7,0.0030259428645617,True
1,MEDIUM_MAZE,645,645,2,6,1,2,greedy,16,0.0177317000343464,7,0.0025331000049066,True
1,MEDIUM_MAZE,645,645,2,6,1,2,beam_2,16,0.0197724000317975,7,0.002824628575971,True
1,MEDIUM_MAZE,645,645,2,6,1,2,beam_3,16,0.0226607000222429,7,0.0032372428603204,True
1,MEDIUM_MAZE,715,715,3,4,6,2,greedy,16,0.045223299995996,16,0.0028264562497497,False
1,MEDIUM_MAZE,715,715,3,4,6,2,beam_2,16,0.0273321999702602,7,0.0039045999957514,True
1,MEDIUM_MAZE,715,715,3,4,6,2,beam_3,16,0.0277989999740384,7,0.0039712857105769,True
1,MEDIUM_MAZE,759,759,4,1,4,6,greedy,16,0.0590284999925643,16,0.0036892812495352,False
1,MEDIUM_MAZE,759,759,4,1,4,6,beam_2,16,0.0247893999912776,7,0.0035413428558968,True
1,MEDIUM_MAZE,759,759,4,1,4,6,beam_3,16,0.0264738000114448,7,0.0037819714302064,True
1,MEDIUM_MAZE,835,835,4,5,5,1,greedy,16,0.0225233000237494,7,0.003217614289107,True
1,MEDIUM_MAZE,835,835,4,5,5,1,beam_2,16,0.021580200002063,7,0.0030828857145804,True
1,MEDIUM_MAZE,835,835,4,5,5,1,beam_3,16,0.0234694000100716,7,0.0033527714300102,True
1,MEDIUM_MAZE,873,873,5,1,2,1,greedy,16,0.0189913000212982,7,0.0027130428601854,True
1,MEDIUM_MAZE,873,873,5,1,2,1,beam_2,16,0.0205856999964453,7,0.0029408142852064,True
1,MEDIUM_MAZE,873,873,5,1,2,1,beam_3,16,0.021498900023289,7,0.0030712714318984,True
1,MEDIUM_MAZE,919,919,5,4,1,1,greedy,16,0.0187390000210143,7,0.002677000003002,True
1,MEDIUM_MAZE,919,919,5,4,1,1,beam_2,16,0.0199771999614313,7,0.0028538857087759,True
1,MEDIUM_MAZE,919,919,5,4,1,1,beam_3,16,0.022236899996642,7,0.0031766999995202,True
1,MEDIUM_MAZE,957,957,5,6,4,2,greedy,16,0.0442020999616943,16,0.0027626312476058,False
1,MEDIUM_MAZE,957,957,5,6,4,2,beam_2,16,0.0199924999615177,7,0.0028560714230739,True
1,MEDIUM_MAZE,957,957,5,6,4,2,beam_3,16,0.0261222000117413,7,0.0037317428588201,True
1,MEDIUM_MAZE,1004,1004,6,2,3,4,greedy,16,0.017501899972558,7,0.0025002714246511,True
1,MEDIUM_MAZE,1004,1004,6,2,3,4,beam_2,16,0.0194844999932684,7,0.0027834999990383,True
1,MEDIUM_MAZE,1004,1004,6,2,3,4,beam_3,16,0.0206332000088877,7,0.0029476000012696,True
1,MEDIUM_MAZE,1040,1040,6,4,6,1,greedy,16,0.0203288000193424,7,0.0029041142884774,True
1,MEDIUM_MAZE,1040,1040,6,4,6,1,beam_2,16,0.0223604000057093,7,0.0031943428579584,True
1,MEDIUM_MAZE,1040,1040,6,4,6,1,beam_3,16,0.022625700046774,7,0.0032322428638248,True
1,MEDIUM_MAZE,1072,1072,6,6,1,6,greedy,16,0.0330543000018224,11,0.003004936363802,True
1,MEDIUM_MAZE,1072,1072,6,6,1,6,beam_2,16,0.0204627000493928,7,0.0029232428641989,True
1,MEDIUM_MAZE,1072,1072,6,6,1,6,beam_3,16,0.0218097000033594,7,0.0031156714290513,True
1,MEDIUM_MAZE,459,459,1,1,4,6,greedy,18,0.0206481999484822,8,0.0025810249935602,True
1,MEDIUM_MAZE,459,459,1,1,4,6,beam_2,18,0.024476799997501,8,0.0030595999996876,True
1,MEDIUM_MAZE,459,459,1,1,4,6,beam_3,18,0.027182099991478,8,0.0033977624989347,True
1,MEDIUM_MAZE,489,489,1,2,6,1,greedy,18,0.0245963999768719,8,0.0030745499971089,True
1,MEDIUM_MAZE,489,489,1,2,6,1,beam_2,18,0.0238894000067375,8,0.0029861750008421,True
1,MEDIUM_MAZE,489,489,1,2,6,1,beam_3,18,0.0243812999688088,8,0.0030476624961011,True
1,MEDIUM_MAZE,520,520,1,6,1,2,greedy,18,0.0548720999504439,18,0.0030484499972468,False
1,MEDIUM_MAZE,520,520,1,6,1,2,beam_2,18,0.0248482000315561,8,0.0031060250039445,True
1,MEDIUM_MAZE,520,520,1,6,1,2,beam_3,18,0.0270864000194706,8,0.0033858000024338,True
1,MEDIUM_MAZE,547,547,2,1,1,6,greedy,18,0.0511079999851062,18,0.0028393333325059,False
1,MEDIUM_MAZE,547,547,2,1,1,6,beam_2,18,0.0239052000106312,8,0.0029881500013289,True
1,MEDIUM_MAZE,547,547,2,1,1,6,beam_3,18,0.0316492000129073,8,0.0039561500016134,True
1,MEDIUM_MAZE,593,593,2,2,6,6,greedy,18,0.0236583999940194,8,0.0029572999992524,True
1,MEDIUM_MAZE,593,593,2,2,6,6,beam_2,18,0.026498100021854,8,0.0033122625027317,True
1,MEDIUM_MAZE,593,593,2,2,6,6,beam_3,18,0.0291502999607473,8,0.0036437874950934,True
1,MEDIUM_MAZE,740,740,3,5,6,2,greedy,18,0.0380504999775439,14,0.0027178928555388,True
1,MEDIUM_MAZE,740,740,3,5,6,2,beam_2,18,0.0233347999746911,8,0.0029168499968363,True
1,MEDIUM_MAZE,740,740,3,5,6,2,beam_3,18,0.0254453000379726,8,0.0031806625047465,True
1,MEDIUM_MAZE,860,860,4,6,5,1,greedy,18,0.0226477999822236,8,0.0028309749977779,True
1,MEDIUM_MAZE,860,860,4,6,5,1,beam_2,18,0.0223941999720409,8,0.0027992749965051,True
1,MEDIUM_MAZE,860,860,4,6,5,1,beam_3,18,0.0257917999988421,8,0.0032239749998552,True
1,MEDIUM_MAZE,893,893,5,1,6,6,greedy,18,0.0610535999876447,18,0.0033918666659802,False
1,MEDIUM_MAZE,893,893,5,1,6,6,beam_2,18,0.0304970999713987,8,0.0038121374964248,True
1,MEDIUM_MAZE,893,893,5,1,6,6,beam_3,18,0.0283005000092089,8,0.0035375625011511,True
1,MEDIUM_MAZE,970,970,6,1,1,2,greedy,18,0.0241032000049017,8,0.0030129000006127,True
1,MEDIUM_MAZE,970,970,6,1,1,2,beam_2,18,0.0244489000178873,8,0.0030561125022359,True
1,MEDIUM_MAZE,970,970,6,1,1,2,beam_3,18,0.030184699979145,8,0.0037730874973931,True
1,MEDIUM_MAZE,999,999,6,2,2,2,greedy,18,0.0582485999912023,18,0.0032360333328445,False
1,MEDIUM_MAZE,999,999,6,2,2,2,beam_2,18,0.0617746000061742,18,0.0034319222225652,True
1,MEDIUM_MAZE,999,999,6,2,2,2,beam_3,18,0.0267455999855883,8,0.0033431999981985,True
1,MEDIUM_MAZE,1027,1027,6,4,2,6,greedy,18,0.0218609999865293,8,0.0027326249983161,True
1,MEDIUM_MAZE,1027,1027,6,4,2,6,beam_2,18,0.0236786000314168,8,0.0029598250039271,True
1,MEDIUM_MAZE,1027,1027,6,4,2,6,beam_3,18,0.024442000023555,8,0.0030552500029443,True
1,MEDIUM_MAZE,1065,1065,6,5,6,1,greedy,18,0.0314399000490084,12,0.0026199916707507,True
1,MEDIUM_MAZE,1065,1065,6,5,6,1,beam_2,18,0.0352134999702684,12,0.0029344583308557,True
1,MEDIUM_MAZE,1065,1065,6,5,6,1,beam_3,18,0.023840099980589,8,0.0029800124975736,True
1,MEDIUM_MAZE,464,464,1,1,6,1,greedy,20,0.0503194000339135,19,0.0026483894754691,False
1,MEDIUM_MAZE,464,464,1,1,6,1,beam_2,20,0.0258519000490196,9,0.0028724333387799,True
1,MEDIUM_MAZE,464,464,1,1,6,1,beam_3,20,0.0280139000387862,9,0.0031126555598651,True
1,MEDIUM_MAZE,519,519,1,6,1,1,greedy,20,0.0227536999736912,9,0.0025281888859656,True
1,MEDIUM_MAZE,519,519,1,6,1,1,beam_2,20,0.0275916999671608,9,0.0030657444407956,True
1,MEDIUM_MAZE,519,519,1,6,1,1,beam_3,20,0.0295134999905712,9,0.0032792777767301,True
1,MEDIUM_MAZE,640,640,2,5,6,2,greedy,20,0.0512115000165067,19,0.0026953421061319,False
1,MEDIUM_MAZE,640,640,2,5,6,2,beam_2,20,0.0346998000168241,9,0.0038555333352026,True
1,MEDIUM_MAZE,640,640,2,5,6,2,beam_3,20,0.029544299992267,9,0.0032826999991407,True
1,MEDIUM_MAZE,888,888,5,1,5,6,greedy,20,0.0244650999666191,9,0.0027183444407354,True
1,MEDIUM_MAZE,888,888,5,1,5,6,beam_2,20,0.0283152000047266,9,0.0031461333338585,True
1,MEDIUM_MAZE,888,888,5,1,5,6,beam_3,20,0.0269988999934867,9,0.002999877777054,True
1,MEDIUM_MAZE,977,977,6,1,2,6,greedy,20,0.0347351999953389,13,0.0026719384611799,True
1,MEDIUM_MAZE,977,977,6,1,2,6,beam_2,20,0.0273999000201001,9,0.0030444333355666,True
1,MEDIUM_MAZE,977,977,6,1,2,6,beam_3,20,0.0275345999980345,9,0.0030593999997816,True
1,MEDIUM_MAZE,1001,1001,6,2,2,5,greedy,20,0.0250035999924875,9,0.002778177776943,True
1,MEDIUM_MAZE,1001,1001,6,2,2,5,beam_2,20,0.0253538999822922,9,0.0028170999980324,True
1,MEDIUM_MAZE,1001,1001,6,2,2,5,beam_3,20,0.0291438999702222,9,0.0032382111078024,True
1,MEDIUM_MAZE,1066,1066,6,5,6,2,greedy,20,0.0519469000282697,19,0.0027340473699089,False
1,MEDIUM_MAZE,1066,1066,6,5,6,2,beam_2,20,0.0580658999970182,19,0.003056099999843,False
1,MEDIUM_MAZE,1066,1066,6,5,6,2,beam_3,20,0.0455493999761529,13,0.0035037999981656,True
1,MEDIUM_MAZE,468,468,1,1,6,6,greedy,22,0.0297753000049851,10,0.0029775300004985,True
1,MEDIUM_MAZE,468,468,1,1,6,6,beam_2,22,0.0356764000025577,10,0.0035676400002557,True
1,MEDIUM_MAZE,468,468,1,1,6,6,beam_3,22,0.0413407000014558,10,0.0041340700001455,True
1,MEDIUM_MAZE,964,964,5,6,6,1,greedy,22,0.0304582000244408,10,0.003045820002444,True
1,MEDIUM_MAZE,964,964,5,6,6,1,beam_2,22,0.0322755000088363,10,0.0032275500008836,True
1,MEDIUM_MAZE,964,964,5,6,6,1,beam_3,22,0.033137299993541,10,0.0033137299993541,True
1,MEDIUM_MAZE,1002,1002,6,2,2,6,greedy,22,0.027777400042396,10,0.0027777400042396,True
1,MEDIUM_MAZE,1002,1002,6,2,2,6,beam_2,22,0.029948100040201,10,0.0029948100040201,True
1,MEDIUM_MAZE,1002,1002,6,2,2,6,beam_3,22,0.0307806000346317,10,0.0030780600034631,True
1,MEDIUM_MAZE,540,540,1,6,6,2,greedy,24,0.0556729999952949,19,0.0029301578944892,False
1,MEDIUM_MAZE,540,540,1,6,6,2,beam_2,24,0.0323047999991104,11,0.0029367999999191,True
1,MEDIUM_MAZE,540,540,1,6,6,2,beam_3,24,0.0364600000320933,11,0.003314545457463,True
1,LARGE_MAZE,1752,1752,1,1,2,1,greedy,16,0.0024787999573163,1,0.0024787999573163,True
1,LARGE_MAZE,1752,1752,1,1,2,1,beam_2,16,0.0025924000074155,1,0.0025924000074155,True
1,LARGE_MAZE,1752,1752,1,1,2,1,beam_3,16,0.0022274999646469,1,0.0022274999646469,True
1,LARGE_MAZE,1843,1843,1,3,2,3,greedy,16,0.0429475999553687,16,0.0026842249972105,False
1,LARGE_MAZE,1843,1843,1,3,2,3,beam_2,16,0.0485252999933436,16,0.0030328312495839,False
1,LARGE_MAZE,1843,1843,1,3,2,3,beam_3,16,0.0021241000504232,1,0.0021241000504232,True
1,LARGE_MAZE,1974,1974,1,7,1,8,greedy,16,0.0025433999835513,1,0.0025433999835513,True
1,LARGE_MAZE,1974,1974,1,7,1,8,beam_2,16,0.0023333000135608,1,0.0023333000135608,True
1,LARGE_MAZE,1974,1974,1,7,1,8,beam_3,16,0.0021362999686971,1,0.0021362999686971,True
1,LARGE_MAZE,2066,2066,1,9,1,10,greedy,16,0.0024627999518997,1,0.0024627999518997,True
1,LARGE_MAZE,2066,2066,1,9,1,10,beam_2,16,0.0024605999933555,1,0.0024605999933555,True
1,LARGE_MAZE,2066,2066,1,9,1,10,beam_3,16,0.0020982000278308,1,0.0020982000278308,True
1,LARGE_MAZE,2196,2196,2,3,1,3,greedy,16,0.0030037999968044,1,0.0030037999968044,True
1,LARGE_MAZE,2196,2196,2,3,1,3,beam_2,16,0.0027405999717302,1,0.0027405999717302,True
1,LARGE_MAZE,2196,2196,2,3,1,3,beam_3,16,0.0028388000209815,1,0.0028388000209815,True
1,LARGE_MAZE,2302,2302,2,7,3,7,greedy,16,0.0039563000318594,1,0.0039563000318594,True
1,LARGE_MAZE,2302,2302,2,7,3,7,beam_2,16,0.0038977999938651,1,0.0038977999938651,True
1,LARGE_MAZE,2302,2302,2,7,3,7,beam_3,16,0.0040697999647818,1,0.0040697999647818,True
1,LARGE_MAZE,2396,2396,3,1,4,1,greedy,16,0.0540255999658256,16,0.0033765999978641,False
1,LARGE_MAZE,2396,2396,3,1,4,1,beam_2,16,0.055316700018011,16,0.0034572937511256,False
1,LARGE_MAZE,2396,2396,3,1,4,1,beam_3,16,0.0024213999859057,1,0.0024213999859057,True
1,LARGE_MAZE,2520,2520,3,5,2,5,greedy,16,0.0456571000395342,16,0.0028535687524708,False
1,LARGE_MAZE,2520,2520,3,5,2,5,beam_2,16,0.0509991000290028,16,0.0031874437518126,False
1,LARGE_MAZE,2520,2520,3,5,2,5,beam_3,16,0.0021932999952696,1,0.0021932999952696,True
1,LARGE_MAZE,2611,2611,3,7,2,7,greedy,16,0.0426619999925605,16,0.002666374999535,False
1,LARGE_MAZE,2611,2611,3,7,2,7,beam_2,16,0.0025295999948866,1,0.0025295999948866,True
1,LARGE_MAZE,2611,2611,3,7,2,7,beam_3,16,0.0021754999761469,1,0.0021754999761469,True
1,LARGE_MAZE,2709,2709,3,9,3,8,greedy,16,0.0427977999788709,16,0.0026748624986794,False
1,LARGE_MAZE,2709,2709,3,9,3,8,beam_2,16,0.0021425000159069,1,0.0021425000159069,True
1,LARGE_MAZE,2709,2709,3,9,3,8,beam_3,16,0.0027659999905154,1,0.0027659999905154,True
1,LARGE_MAZE,2793,2793,4,1,3,1,greedy,16,0.0423024999909102,16,0.0026439062494318,False
1,LARGE_MAZE,2793,2793,4,1,3,1,beam_2,16,0.0022080999915488,1,0.0022080999915488,True
1,LARGE_MAZE,2793,2793,4,1,3,1,beam_3,16,0.0022208000300452,1,0.0022208000300452,True
1,LARGE_MAZE,2901,2901,4,10,5,10,greedy,16,0.0292407000088132,11,0.0026582454553466,True
1,LARGE_MAZE,2901,2901,4,10,5,10,beam_2,16,0.0020573999499902,1,0.0020573999499902,True
1,LARGE_MAZE,2901,2901,4,10,5,10,beam_3,16,0.0020535999792627,1,0.0020535999792627,True
1,LARGE_MAZE,3031,3031,5,3,5,2,greedy,16,0.0026025000261142,1,0.0026025000261142,True
1,LARGE_MAZE,3031,3031,5,3,5,2,beam_2,16,0.0021163999917916,1,0.0021163999917916,True
1,LARGE_MAZE,3031,3031,5,3,5,2,beam_3,16,0.0020993999787606,1,0.0020993999787606,True
1,LARGE_MAZE,3118,3118,5,5,4,5,greedy,16,0.0024246000102721,1,0.0024246000102721,True
1,LARGE_MAZE,3118,3118,5,5,4,5,beam_2,16,0.0022211999748833,1,0.0022211999748833,True
1,LARGE_MAZE,3118,3118,5,5,4,5,beam_3,16,0.0020677000284194,1,0.0020677000284194,True
1,LARGE_MAZE,3220,3220,5,9,6,9,greedy,16,0.046407799993176,16,0.0029004874995735,False
1,LARGE_MAZE,3220,3220,5,9,6,9,beam_2,16,0.0022479000035673,1,0.0022479000035673,True
1,LARGE_MAZE,3220,3220,5,9,6,9,beam_3,16,0.0027900999994017,1,0.0027900999994017,True
1,LARGE_MAZE,3349,3349,6,5,5,5,greedy,16,0.0391534999944269,15,0.0026102333329617,True
1,LARGE_MAZE,3349,3349,6,5,5,5,beam_2,16,0.0021552999969571,1,0.0021552999969571,True
1,LARGE_MAZE,3349,3349,6,5,5,5,beam_3,16,0.002506999997422,1,0.002506999997422,True
1,LARGE_MAZE,3452,3452,6,9,7,9,greedy,16,0.0428562000161036,16,0.0026785125010064,False
1,LARGE_MAZE,3452,3452,6,9,7,9,beam_2,16,0.0024643000215291,1,0.0024643000215291,True
1,LARGE_MAZE,3452,3452,6,9,7,9,beam_3,16,0.0038719000294804,1,0.0038719000294804,True
1,LARGE_MAZE,3583,3583,7,3,7,2,greedy,16,0.0365059000323526,13,0.0028081461563348,True
1,LARGE_MAZE,3583,3583,7,3,7,2,beam_2,16,0.0021272000158205,1,0.0021272000158205,True
1,LARGE_MAZE,3583,3583,7,3,7,2,beam_3,16,0.0024191000266,1,0.0024191000266,True
1,LARGE_MAZE,3715,3715,7,7,6,7,greedy,16,0.0434360000072047,16,0.0027147500004502,False
1,LARGE_MAZE,3715,3715,7,7,6,7,beam_2,16,0.0022723999572917,1,0.0022723999572917,True
1,LARGE_MAZE,3715,3715,7,7,6,7,beam_3,16,0.002110100002028,1,0.002110100002028,True
1,LARGE_MAZE,1745,1745,1,1,1,3,greedy,16,0.0050613000057637,2,0.0025306500028818,True
1,LARGE_MAZE,1745,1745,1,1,1,3,beam_2,16,0.0050044999807141,2,0.002502249990357,True
1,LARGE_MAZE,1745,1745,1,1,1,3,beam_3,16,0.0050216999952681,2,0.002510849997634,True
1,LARGE_MAZE,1834,1834,1,3,1,1,greedy,16,0.0050930999568663,2,0.0025465499784331,True
1,LARGE_MAZE,1834,1834,1,3,1,1,beam_2,16,0.0048636000137776,2,0.0024318000068888,True
1,LARGE_MAZE,1834,1834,1,3,1,1,beam_3,16,0.0053910000133328,2,0.0026955000066664,True
1,LARGE_MAZE,1889,1889,1,4,2,5,greedy,16,0.005354700027965,2,0.0026773500139825,True
1,LARGE_MAZE,1889,1889,1,4,2,5,beam_2,16,0.0056317000417038,2,0.0028158500208519,True
1,LARGE_MAZE,1889,1889,1,4,2,5,beam_3,16,0.0063176999683491,2,0.0031588499841745,True
1,LARGE_MAZE,2021,2021,1,8,1,10,greedy,16,0.0064160000183619,2,0.0032080000091809,True
1,LARGE_MAZE,2021,2021,1,8,1,10,beam_2,16,0.0085283999796956,2,0.0042641999898478,True
1,LARGE_MAZE,2021,2021,1,8,1,10,beam_3,16,0.0075811999849975,2,0.0037905999924987,True
1,LARGE_MAZE,2125,2125,1,10,3,10,greedy,16,0.0513527000439353,16,0.0032095437527459,False
1,LARGE_MAZE,2125,2125,1,10,3,10,beam_2,16,0.0062523999949917,2,0.0031261999974958,True
1,LARGE_MAZE,2125,2125,1,10,3,10,beam_3,16,0.0065076000173576,2,0.0032538000086788,True
1,LARGE_MAZE,2197,2197,2,3,1,4,greedy,16,0.0075502999825403,2,0.0037751499912701,True
1,LARGE_MAZE,2197,2197,2,3,1,4,beam_2,16,0.0168144999770447,2,0.0084072499885223,True
1,LARGE_MAZE,2197,2197,2,3,1,4,beam_3,16,0.0214141000178642,2,0.0107070500089321,True
1,LARGE_MAZE,2290,2290,2,7,1,8,greedy,16,0.0815018000430427,16,0.0050938625026901,False
1,LARGE_MAZE,2290,2290,2,7,1,8,beam_2,16,0.0062646999722346,2,0.0031323499861173,True
1,LARGE_MAZE,2290,2290,2,7,1,8,beam_3,16,0.006786199985072,2,0.003393099992536,True
1,LARGE_MAZE,2353,2353,2,10,4,10,greedy,16,0.005818800011184,2,0.002909400005592,True
1,LARGE_MAZE,2353,2353,2,10,4,10,beam_2,16,0.0054950999910943,2,0.0027475499955471,True
1,LARGE_MAZE,2353,2353,2,10,4,10,beam_3,16,0.0062800000305287,2,0.0031400000152643,True
1,LARGE_MAZE,2429,2429,3,2,2,3,greedy,16,0.0533721999963745,16,0.0033357624997734,False
1,LARGE_MAZE,2429,2429,3,2,2,3,beam_2,16,0.0058942000032402,2,0.0029471000016201,True
1,LARGE_MAZE,2429,2429,3,2,2,3,beam_3,16,0.0063270000391639,2,0.0031635000195819,True
1,LARGE_MAZE,2527,2527,3,5,3,7,greedy,16,0.0056209999602288,2,0.0028104999801144,True
1,LARGE_MAZE,2527,2527,3,5,3,7,beam_2,16,0.0053347999928519,2,0.0026673999964259,True
1,LARGE_MAZE,2527,2527,3,5,3,7,beam_3,16,0.006303200032562,2,0.003151600016281,True
1,LARGE_MAZE,2577,2577,3,6,4,5,greedy,16,0.005621800024528,2,0.002810900012264,True
1,LARGE_MAZE,2577,2577,3,6,4,5,beam_2,16,0.0054980000131763,2,0.0027490000065881,True
1,LARGE_MAZE,2577,2577,3,6,4,5,beam_3,16,0.0064294000039808,2,0.0032147000019904,True
1,LARGE_MAZE,2662,2662,3,8,3,6,greedy,16,0.0062476000166498,2,0.0031238000083249,True
1,LARGE_MAZE,2662,2662,3,8,3,6,beam_2,16,0.0068312999792397,2,0.0034156499896198,True
1,LARGE_MAZE,2662,2662,3,8,3,6,beam_3,16,0.005835699965246,2,0.002917849982623,True
1,LARGE_MAZE,2742,2742,3,10,1,10,greedy,16,0.0502387000015005,16,0.0031399187500937,False
1,LARGE_MAZE,2742,2742,3,10,1,10,beam_2,16,0.0541730999830178,16,0.0033858187489386,False
1,LARGE_MAZE,2742,2742,3,10,1,10,beam_3,16,0.0055288000148721,2,0.002764400007436,True
1,LARGE_MAZE,2805,2805,4,1,5,2,greedy,16,0.0046991999843157,2,0.0023495999921578,True
1,LARGE_MAZE,2805,2805,4,1,5,2,beam_2,16,0.005970400001388,2,0.002985200000694,True
1,LARGE_MAZE,2805,2805,4,1,5,2,beam_3,16,0.0057721000048331,2,0.0028860500024165,True
1,LARGE_MAZE,2882,2882,4,10,2,10,greedy,16,0.0458550999755971,16,0.0028659437484748,False
1,LARGE_MAZE,2882,2882,4,10,2,10,beam_2,16,0.005831400048919,2,0.0029157000244595,True
1,LARGE_MAZE,2882,2882,4,10,2,10,beam_3,16,0.00606520002475,2,0.003032600012375,True
1,LARGE_MAZE,2982,2982,5,2,4,1,greedy,16,0.0051301000057719,2,0.0025650500028859,True
1,LARGE_MAZE,2982,2982,5,2,4,1,beam_2,16,0.0049434000393375,2,0.0024717000196687,True
1,LARGE_MAZE,2982,2982,5,2,4,1,beam_3,16,0.0057284000213257,2,0.0028642000106628,True
1,LARGE_MAZE,3043,3043,5,3,7,3,greedy,16,0.006343699991703,2,0.0031718499958515,True
1,LARGE_MAZE,3043,3043,5,3,7,3,beam_2,16,0.0062542000086978,2,0.0031271000043489,True
1,LARGE_MAZE,3043,3043,5,3,7,3,beam_3,16,0.0057698999880813,2,0.0028849499940406,True
1,LARGE_MAZE,3111,3111,5,5,3,5,greedy,16,0.005192500015255,2,0.0025962500076275,True
1,LARGE_MAZE,3111,3111,5,5,3,5,beam_2,16,0.0052969999960623,2,0.0026484999980311,True
1,LARGE_MAZE,3111,3111,5,5,3,5,beam_3,16,0.00539150001714,2,0.00269575000857,True
1,LARGE_MAZE,3227,3227,5,9,7,9,greedy,16,0.0445311000221408,16,0.0027831937513838,False
1,LARGE_MAZE,3227,3227,5,9,7,9,beam_2,16,0.0048837999929673,2,0.0024418999964836,True
1,LARGE_MAZE,3227,3227,5,9,7,9,beam_3,16,0.005637000023853,2,0.0028185000119265,True
1,LARGE_MAZE,3312,3312,6,3,7,2,greedy,16,0.0443911000038497,16,0.0027744437502406,False
1,LARGE_MAZE,3312,3312,6,3,7,2,beam_2,16,0.0286476999754086,10,0.0028647699975408,True
1,LARGE_MAZE,3312,3312,6,3,7,2,beam_3,16,0.0068058999604545,2,0.0034029499802272,True
1,LARGE_MAZE,3442,3442,6,9,5,10,greedy,16,0.0062152000027708,2,0.0031076000013854,True
1,LARGE_MAZE,3442,3442,6,9,5,10,beam_2,16,0.0062152000027708,2,0.0031076000013854,True
1,LARGE_MAZE,3442,3442,6,9,5,10,beam_3,16,0.0057643000036478,2,0.0028821500018239,True
1,LARGE_MAZE,3582,3582,7,3,7,1,greedy,16,0.0425296000321395,16,0.0026581000020087,False
1,LARGE_MAZE,3582,3582,7,3,7,1,beam_2,16,0.0046599999768659,2,0.0023299999884329,True
1,LARGE_MAZE,3582,3582,7,3,7,1,beam_3,16,0.0052872999804094,2,0.0026436499902047,True
1,LARGE_MAZE,3710,3710,7,7,5,7,greedy,16,0.0456047999905422,16,0.0028502999994088,False
1,LARGE_MAZE,3710,3710,7,7,5,7,beam_2,16,0.0057204000186175,2,0.0028602000093087,True
1,LARGE_MAZE,3710,3710,7,7,5,7,beam_3,16,0.0057885000132955,2,0.0028942500066477,True
1,LARGE_MAZE,1753,1753,1,1,2,3,greedy,16,0.0483784999814815,16,0.0030236562488425,False
1,LARGE_MAZE,1753,1753,1,1,2,3,beam_2,16,0.0131170999957248,5,0.0026234199991449,True
1,LARGE_MAZE,1753,1753,1,1,2,3,beam_3,16,0.0082834000349976,3,0.0027611333449992,True
1,LARGE_MAZE,1804,1804,1,2,3,3,greedy,16,0.0440237000002525,16,0.0027514812500157,False
1,LARGE_MAZE,1804,1804,1,2,3,3,beam_2,16,0.0540039999759756,16,0.0033752499984984,False
1,LARGE_MAZE,1804,1804,1,2,3,3,beam_3,16,0.0088565000332891,3,0.002952166677763,True
1,LARGE_MAZE,1894,1894,1,4,3,3,greedy,16,0.0444411000353284,16,0.002777568752208,False
1,LARGE_MAZE,1894,1894,1,4,3,3,beam_2,16,0.0512613999890163,16,0.0032038374993135,False
1,LARGE_MAZE,1894,1894,1,4,3,3,beam_3,16,0.0085589999798685,3,0.0028529999932895,True
1,LARGE_MAZE,1947,1947,1,5,4,5,greedy,16,0.0076269999844953,3,0.0025423333281651,True
1,LARGE_MAZE,1947,1947,1,5,4,5,beam_2,16,0.0079795000492595,3,0.0026598333497531,True
1,LARGE_MAZE,1947,1947,1,5,4,5,beam_3,16,0.0082011999911628,3,0.0027337333303876,True
1,LARGE_MAZE,2032,2032,1,8,3,7,greedy,16,0.0437115000095218,16,0.0027319687505951,False
1,LARGE_MAZE,2032,2032,1,8,3,7,beam_2,16,0.0078865000396035,3,0.0026288333465345,True
1,LARGE_MAZE,2032,2032,1,8,3,7,beam_3,16,0.0080923000350594,3,0.0026974333450198,True
1,LARGE_MAZE,2128,2128,1,10,4,10,greedy,16,0.0512298999819904,16,0.0032018687488744,False
1,LARGE_MAZE,2128,2128,1,10,4,10,beam_2,16,0.0670882000122219,16,0.0041930125007638,False
1,LARGE_MAZE,2128,2128,1,10,4,10,beam_3,16,0.013051500020083,3,0.0043505000066943,True
1,LARGE_MAZE,2198,2198,2,3,1,5,greedy,16,0.0100535000092349,3,0.0033511666697449,True
1,LARGE_MAZE,2198,2198,2,3,1,5,beam_2,16,0.0106467999867163,3,0.0035489333289054,True
1,LARGE_MAZE,2198,2198,2,3,1,5,beam_3,16,0.0111639000242576,3,0.0037213000080858,True
1,LARGE_MAZE,2291,2291,2,7,1,9,greedy,16,0.0078270999947562,3,0.0026090333315854,True
1,LARGE_MAZE,2291,2291,2,7,1,9,beam_2,16,0.0094023999990895,3,0.0031341333330298,True
1,LARGE_MAZE,2291,2291,2,7,1,9,beam_3,16,0.0098714999621734,3,0.0032904999873911,True
1,LARGE_MAZE,2361,2361,2,10,5,10,greedy,16,0.0080998999765142,3,0.002699966658838,True
1,LARGE_MAZE,2361,2361,2,10,5,10,beam_2,16,0.0094693000428378,3,0.0031564333476126,True
1,LARGE_MAZE,2361,2361,2,10,5,10,beam_3,16,0.0102622000267729,3,0.0034207333422576,True
1,LARGE_MAZE,2421,2421,3,2,1,3,greedy,16,0.009923500008881,3,0.0033078333362936,True
1,LARGE_MAZE,2421,2421,3,2,1,3,beam_2,16,0.0104102000477723,3,0.0034700666825907,True
1,LARGE_MAZE,2421,2421,3,2,1,3,beam_3,16,0.0091328000416979,3,0.0030442666805659,True
1,LARGE_MAZE,2486,2486,3,3,4,1,greedy,16,0.0183859000098891,7,0.0026265571442698,True
1,LARGE_MAZE,2486,2486,3,3,4,1,beam_2,16,0.0078711000387556,3,0.0026237000129185,True
1,LARGE_MAZE,2486,2486,3,3,4,1,beam_3,16,0.0084360999753698,3,0.0028120333251232,True
1,LARGE_MAZE,2543,2543,3,5,6,5,greedy,16,0.0076547000207938,3,0.0025515666735979,True
1,LARGE_MAZE,2543,2543,3,5,6,5,beam_2,16,0.0082919999840669,3,0.0027639999946889,True
1,LARGE_MAZE,2543,2543,3,5,6,5,beam_3,16,0.0086244000121951,3,0.002874800004065,True
1,LARGE_MAZE,2605,2605,3,7,1,8,greedy,16,0.0486966000171378,16,0.0030435375010711,False
1,LARGE_MAZE,2605,2605,3,7,1,8,beam_2,16,0.0079058000119403,3,0.0026352666706467,True
1,LARGE_MAZE,2605,2605,3,7,1,8,beam_3,16,0.0082754000322893,3,0.0027584666774297,True
1,LARGE_MAZE,2657,2657,3,8,2,10,greedy,16,0.0446735000004991,16,0.0027920937500311,False
1,LARGE_MAZE,2657,2657,3,8,2,10,beam_2,16,0.0087820999906398,3,0.0029273666635466,True
1,LARGE_MAZE,2657,2657,3,8,2,10,beam_3,16,0.0088233000133186,3,0.0029411000044395,True
1,LARGE_MAZE,2707,2707,3,9,3,6,greedy,16,0.0440190000226721,16,0.002751187501417,False
1,LARGE_MAZE,2707,2707,3,9,3,6,beam_2,16,0.0082388999871909,3,0.0027462999957303,True
1,LARGE_MAZE,2707,2707,3,9,3,6,beam_3,16,0.0084121999680064,3,0.0028040666560021,True
1,LARGE_MAZE,2779,2779,4,1,1,1,greedy,16,0.0442678999970667,16,0.0027667437498166,False
1,LARGE_MAZE,2779,2779,4,1,1,1,beam_2,16,0.0076237000175751,3,0.0025412333391917,True
1,LARGE_MAZE,2779,2779,4,1,1,1,beam_3,16,0.0080332999932579,3,0.0026777666644193,True
1,LARGE_MAZE,2851,2851,4,5,5,3,greedy,16,0.0335343000479042,13,0.0025795615421464,True
1,LARGE_MAZE,2851,2851,4,5,5,3,beam_2,16,0.0087336999713443,3,0.0029112333237814,True
1,LARGE_MAZE,2851,2851,4,5,5,3,beam_3,16,0.0086602999945171,3,0.002886766664839,True
1,LARGE_MAZE,2923,2923,5,1,2,1,greedy,16,0.0447316999780014,16,0.002795731248625,False
1,LARGE_MAZE,2923,2923,5,1,2,1,beam_2,16,0.0079220999614335,3,0.0026406999871445,True
1,LARGE_MAZE,2923,2923,5,1,2,1,beam_3,16,0.0083071999833919,3,0.0027690666611306,True
1,LARGE_MAZE,2988,2988,5,2,5,5,greedy,16,0.0073712000157684,3,0.0024570666719228,True
1,LARGE_MAZE,2988,2988,5,2,5,5,beam_2,16,0.0077336999820545,3,0.0025778999940181,True
1,LARGE_MAZE,2988,2988,5,2,5,5,beam_3,16,0.0085476000094786,3,0.0028492000031595,True
1,LARGE_MAZE,3042,3042,5,3,7,2,greedy,16,0.0438801000127568,16,0.0027425062507973,False
1,LARGE_MAZE,3042,3042,5,3,7,2,beam_2,16,0.0080382000305689,3,0.0026794000101896,True
1,LARGE_MAZE,3042,3042,5,3,7,2,beam_3,16,0.0082064000307582,3,0.0027354666769194,True
1,LARGE_MAZE,3105,3105,5,5,2,5,greedy,16,0.0476656000246293,16,0.0029791000015393,False
1,LARGE_MAZE,3105,3105,5,5,2,5,beam_2,16,0.0077468000235967,3,0.0025822666745322,True
1,LARGE_MAZE,3105,3105,5,5,2,5,beam_3,16,0.0082727000117301,3,0.0027575666705767,True
1,LARGE_MAZE,3180,3180,5,7,7,6,greedy,16,0.0074995000031776,3,0.0024998333343925,True
1,LARGE_MAZE,3180,3180,5,7,7,6,beam_2,16,0.0077285000006668,3,0.0025761666668889,True
1,LARGE_MAZE,3180,3180,5,7,7,6,beam_3,16,0.0076700000208802,3,0.0025566666736267,True
1,LARGE_MAZE,3272,3272,5,10,7,9,greedy,16,0.0422572999959811,16,0.0026410812497488,False
1,LARGE_MAZE,3272,3272,5,10,7,9,beam_2,16,0.0475181000074371,16,0.0029698812504648,False
1,LARGE_MAZE,3272,3272,5,10,7,9,beam_3,16,0.0082787999999709,3,0.0027595999999903,True
1,LARGE_MAZE,3347,3347,6,5,5,3,greedy,16,0.0096499000210314,3,0.0032166333403438,True
1,LARGE_MAZE,3347,3347,6,5,5,3,beam_2,16,0.0114103999803774,3,0.0038034666601258,True
1,LARGE_MAZE,3347,3347,6,5,5,3,beam_3,16,0.0094323999946936,3,0.0031441333315645,True
1,LARGE_MAZE,3527,3527,7,2,5,3,greedy,16,0.0082904999726451,3,0.0027634999908817,True
1,LARGE_MAZE,3527,3527,7,2,5,3,beam_2,16,0.0091618999722413,3,0.0030539666574137,True
1,LARGE_MAZE,3527,3527,7,2,5,3,beam_3,16,0.008770500018727,3,0.0029235000062423,True
1,LARGE_MAZE,3625,3625,7,5,6,7,greedy,16,0.0459147000219672,16,0.0028696687513729,False
1,LARGE_MAZE,3625,3625,7,5,6,7,beam_2,16,0.0618787999846972,16,0.0038674249990435,False
1,LARGE_MAZE,3625,3625,7,5,6,7,beam_3,16,0.0278768999851308,7,0.0039824142835901,True
1,LARGE_MAZE,3801,3801,7,10,5,9,greedy,16,0.0091359000070951,3,0.003045300002365,True
1,LARGE_MAZE,3801,3801,7,10,5,9,beam_2,16,0.0109649999649263,3,0.0036549999883087,True
1,LARGE_MAZE,3801,3801,7,10,5,9,beam_3,16,0.0105899999616667,3,0.0035299999872222,True
1,LARGE_MAZE,1803,1803,1,2,3,2,greedy,16,0.0551130999810993,16,0.0034445687488187,False
1,LARGE_MAZE,1803,1803,1,2,3,2,beam_2,16,0.0709934000042267,16,0.0044370875002641,False
1,LARGE_MAZE,1803,1803,1,2,3,2,beam_3,16,0.0151002000202424,4,0.0037750500050606,True
1,LARGE_MAZE,1893,1893,1,4,3,2,greedy,16,0.0656754999654367,16,0.0041047187478397,False
1,LARGE_MAZE,1893,1893,1,4,3,2,beam_2,16,0.0257296999916434,6,0.0042882833319405,True
1,LARGE_MAZE,1893,1893,1,4,3,2,beam_3,16,0.0234029000275768,6,0.0039004833379294,True
1,LARGE_MAZE,1942,1942,1,5,3,7,greedy,16,0.0131220999755896,4,0.0032805249938974,True
1,LARGE_MAZE,1942,1942,1,5,3,7,beam_2,16,0.0153118000016547,4,0.0038279500004136,True
1,LARGE_MAZE,1942,1942,1,5,3,7,beam_3,16,0.0160787000204436,4,0.0040196750051109,True
1,LARGE_MAZE,2031,2031,1,8,3,6,greedy,16,0.0141820000135339,4,0.0035455000033834,True
1,LARGE_MAZE,2031,2031,1,8,3,6,beam_2,16,0.0136376000009477,4,0.0034094000002369,True
1,LARGE_MAZE,2031,2031,1,8,3,6,beam_3,16,0.0140971000073477,4,0.0035242750018369,True
1,LARGE_MAZE,2083,2083,1,9,4,10,greedy,16,0.0553852000157348,16,0.0034615750009834,False
1,LARGE_MAZE,2083,2083,1,9,4,10,beam_2,16,0.0134901999845169,4,0.0033725499961292,True
1,LARGE_MAZE,2083,2083,1,9,4,10,beam_3,16,0.0144909999798983,4,0.0036227499949745,True
1,LARGE_MAZE,2158,2158,2,1,2,3,greedy,16,0.0556014000321738,16,0.0034750875020108,False
1,LARGE_MAZE,2158,2158,2,1,2,3,beam_2,16,0.0148969999863766,4,0.0037242499965941,True
1,LARGE_MAZE,2158,2158,2,1,2,3,beam_3,16,0.0158069999888539,4,0.0039517499972134,True
1,LARGE_MAZE,2240,2240,2,5,1,2,greedy,16,0.0468806000426411,14,0.00334861428876,True
1,LARGE_MAZE,2240,2240,2,5,1,2,beam_2,16,0.0502725000260397,12,0.0041893750021699,True
1,LARGE_MAZE,2240,2240,2,5,1,2,beam_3,16,0.0447084999759681,12,0.0037257083313306,True
1,LARGE_MAZE,2273,2273,2,5,6,5,greedy,16,0.0120074999867938,4,0.0030018749966984,True
1,LARGE_MAZE,2273,2273,2,5,6,5,beam_2,16,0.0177738000056706,4,0.0044434500014176,True
1,LARGE_MAZE,2273,2273,2,5,6,5,beam_3,16,0.0129200000083073,4,0.0032300000020768,True
1,LARGE_MAZE,2334,2334,2,10,1,7,greedy,16,0.0523979000281542,16,0.0032748687517596,False
1,LARGE_MAZE,2334,2334,2,10,1,7,beam_2,16,0.0204160999855957,6,0.0034026833309326,True
1,LARGE_MAZE,2334,2334,2,10,1,7,beam_3,16,0.0220163000049069,6,0.0036693833341511,True
1,LARGE_MAZE,2420,2420,3,2,1,2,greedy,16,0.0560394000494852,16,0.0035024625030928,False
1,LARGE_MAZE,2420,2420,3,2,1,2,beam_2,16,0.0642181999864988,16,0.0040136374991561,False
1,LARGE_MAZE,2420,2420,3,2,1,2,beam_3,16,0.0151562999817542,4,0.0037890749954385,True
1,LARGE_MAZE,2489,2489,3,3,5,1,greedy,16,0.013322299986612,4,0.003330574996653,True
1,LARGE_MAZE,2489,2489,3,3,5,1,beam_2,16,0.0145384999923408,4,0.0036346249980852,True
1,LARGE_MAZE,2489,2489,3,3,5,1,beam_3,16,0.0148658999823965,4,0.0037164749955991,True
1,LARGE_MAZE,2549,2549,3,5,7,5,greedy,16,0.054489400004968,16,0.0034055875003105,False
1,LARGE_MAZE,2549,2549,3,5,7,5,beam_2,16,0.0132999999914318,4,0.0033249999978579,True
1,LARGE_MAZE,2549,2549,3,5,7,5,beam_3,16,0.014244400023017,4,0.0035611000057542,True
1,LARGE_MAZE,2588,2588,3,6,6,5,greedy,16,0.0121403000084683,4,0.003035075002117,True
1,LARGE_MAZE,2588,2588,3,6,6,5,beam_2,16,0.0131428999593481,4,0.003285724989837,True
1,LARGE_MAZE,2588,2588,3,6,6,5,beam_3,16,0.0134527999907732,4,0.0033631999976933,True
1,LARGE_MAZE,2628,2628,3,7,5,5,greedy,16,0.0140388999716378,4,0.0035097249929094,True
1,LARGE_MAZE,2628,2628,3,7,5,5,beam_2,16,0.0120228999876417,4,0.0030057249969104,True
1,LARGE_MAZE,2628,2628,3,7,5,5,beam_3,16,0.0137699000188149,4,0.0034424750047037,True
1,LARGE_MAZE,2676,2676,3,8,5,10,greedy,16,0.0108144999830983,4,0.0027036249957745,True
1,LARGE_MAZE,2676,2676,3,8,5,10,beam_2,16,0.0127619000268168,4,0.0031904750067042,True
1,LARGE_MAZE,2676,2676,3,8,5,10,beam_3,16,0.0132019000011496,4,0.0033004750002874,True
1,LARGE_MAZE,2740,2740,3,10,1,8,greedy,16,0.0503271000343374,16,0.003145443752146,False
1,LARGE_MAZE,2740,2740,3,10,1,8,beam_2,16,0.0554134999983944,16,0.0034633437498996,False
1,LARGE_MAZE,2740,2740,3,10,1,8,beam_3,16,0.018724400026258,6,0.0031207333377096,True
1,LARGE_MAZE,2789,2789,4,1,2,3,greedy,16,0.010715699987486,4,0.0026789249968715,True
1,LARGE_MAZE,2789,2789,4,1,2,3,beam_2,16,0.012225100013893,4,0.0030562750034732,True
1,LARGE_MAZE,2789,2789,4,1,2,3,beam_3,16,0.0151851999689824,4,0.0037962999922456,True
1,LARGE_MAZE,2844,2844,4,5,3,8,greedy,16,0.0121607000473886,4,0.0030401750118471,True
1,LARGE_MAZE,2844,2844,4,5,3,8,beam_2,16,0.0148213999927975,4,0.0037053499981993,True
1,LARGE_MAZE,2844,2844,4,5,3,8,beam_3,16,0.0142863999935798,4,0.0035715999983949,True
1,LARGE_MAZE,2888,2888,4,10,3,7,greedy,16,0.0117689000326208,4,0.0029422250081552,True
1,LARGE_MAZE,2888,2888,4,10,3,7,beam_2,16,0.0138049999950453,4,0.0034512499987613,True
1,LARGE_MAZE,2888,2888,4,10,3,7,beam_3,16,0.0142856999882496,4,0.0035714249970624,True
1,LARGE_MAZE,2953,2953,5,1,7,3,greedy,16,0.0554483000305481,16,0.0034655187519092,False
1,LARGE_MAZE,2953,2953,5,1,7,3,beam_2,16,0.0622521999757736,16,0.0038907624984858,True
1,LARGE_MAZE,2953,2953,5,1,7,3,beam_3,16,0.0159602999920025,4,0.0039900749980006,True
1,LARGE_MAZE,2997,2997,5,2,7,2,greedy,16,0.0119347999570891,4,0.0029836999892722,True
1,LARGE_MAZE,2997,2997,5,2,7,2,beam_2,16,0.0151593000045977,4,0.0037898250011494,True
1,LARGE_MAZE,2997,2997,5,2,7,2,beam_3,16,0.0141413999954238,4,0.0035353499988559,True
1,LARGE_MAZE,3060,3060,5,4,2,5,greedy,16,0.0564507999806664,16,0.0035281749987916,False
1,LARGE_MAZE,3060,3060,5,4,2,5,beam_2,16,0.0132075999863445,4,0.0033018999965861,True
1,LARGE_MAZE,3060,3060,5,4,2,5,beam_3,16,0.0148691000067628,4,0.0037172750016907,True
1,LARGE_MAZE,3098,3098,5,5,1,5,greedy,16,0.012365199974738,4,0.0030912999936845,True
1,LARGE_MAZE,3098,3098,5,5,1,5,beam_2,16,0.0135036999708972,4,0.0033759249927243,True
1,LARGE_MAZE,3098,3098,5,5,1,5,beam_3,16,0.0150183999794535,4,0.0037545999948633,True
1,LARGE_MAZE,3179,3179,5,7,7,5,greedy,16,0.0122333000181242,4,0.003058325004531,True
1,LARGE_MAZE,3179,3179,5,7,7,5,beam_2,16,0.0131208999664522,4,0.003280224991613,True
1,LARGE_MAZE,3179,3179,5,7,7,5,beam_3,16,0.0139055000036023,4,0.0034763750009005,True
1,LARGE_MAZE,3273,3273,5,10,7,10,greedy,16,0.0504378000041469,16,0.0031523625002591,False
1,LARGE_MAZE,3273,3273,5,10,7,10,beam_2,16,0.0581050000037066,16,0.0036315625002316,False
1,LARGE_MAZE,3273,3273,5,10,7,10,beam_3,16,0.0159606999950483,4,0.003990174998762,True
1,LARGE_MAZE,3337,3337,6,5,3,6,greedy,16,0.0488606999861076,16,0.0030537937491317,False
1,LARGE_MAZE,3337,3337,6,5,3,6,beam_2,16,0.0796239000046625,14,0.0056874214289044,True
1,LARGE_MAZE,3337,3337,6,5,3,6,beam_3,16,0.0305598999839276,4,0.0076399749959819,True
1,LARGE_MAZE,3431,3431,6,9,3,10,greedy,16,0.0171183999627828,4,0.0042795999906957,True
1,LARGE_MAZE,3431,3431,6,9,3,10,beam_2,16,0.0189400000381283,4,0.004735000009532,True
1,LARGE_MAZE,3431,3431,6,9,3,10,beam_3,16,0.0224253999767825,4,0.0056063499941956,True
1,LARGE_MAZE,3574,3574,7,3,5,5,greedy,16,0.0209084000089205,4,0.0052271000022301,True
1,LARGE_MAZE,3574,3574,7,3,5,5,beam_2,16,0.014331399986986,4,0.0035828499967465,True
1,LARGE_MAZE,3574,3574,7,3,5,5,beam_3,16,0.0227795999962836,4,0.0056948999990709,True
1,LARGE_MAZE,3663,3663,7,6,5,4,greedy,16,0.0178375999676063,4,0.0044593999919015,True
1,LARGE_MAZE,3663,3663,7,6,5,4,beam_2,16,0.0164980000117793,4,0.0041245000029448,True
1,LARGE_MAZE,3663,3663,7,6,5,4,beam_3,16,0.0128991999663412,4,0.0032247999915853,True
1,LARGE_MAZE,1770,1770,1,1,5,2,greedy,16,0.0138177000335417,5,0.0027635400067083,True
1,LARGE_MAZE,1770,1770,1,1,5,2,beam_2,16,0.0164248999790288,5,0.0032849799958057,True
1,LARGE_MAZE,1770,1770,1,1,5,2,beam_3,16,0.0198643999756313,5,0.0039728799951262,True
1,LARGE_MAZE,1857,1857,1,3,4,5,greedy,16,0.0149436999927274,5,0.0029887399985454,True
1,LARGE_MAZE,1857,1857,1,3,4,5,beam_2,16,0.0175731999916024,5,0.0035146399983204,True
1,LARGE_MAZE,1857,1857,1,3,4,5,beam_3,16,0.0179742999607697,5,0.0035948599921539,True
1,LARGE_MAZE,1935,1935,1,5,2,7,greedy,16,0.0164128000033088,5,0.0032825600006617,True
1,LARGE_MAZE,1935,1935,1,5,2,7,beam_2,16,0.018515900010243,5,0.0037031800020486,True
1,LARGE_MAZE,1935,1935,1,5,2,7,beam_3,16,0.0195321000064723,5,0.0039064200012944,True
1,LARGE_MAZE,1979,1979,1,7,2,5,greedy,16,0.014875299995765,5,0.002975059999153,True
1,LARGE_MAZE,1979,1979,1,7,2,5,beam_2,16,0.0159626000095158,5,0.0031925200019031,True
1,LARGE_MAZE,1979,1979,1,7,2,5,beam_3,16,0.0171483000158332,5,0.0034296600031666,True
1,LARGE_MAZE,2038,2038,1,8,4,10,greedy,16,0.0200862999772653,7,0.0028694714253236,True
1,LARGE_MAZE,2038,2038,1,8,4,10,beam_2,16,0.0244649000233039,7,0.0034949857176148,True
1,LARGE_MAZE,2038,2038,1,8,4,10,beam_3,16,0.0169817000278271,5,0.0033963400055654,True
1,LARGE_MAZE,2135,2135,1,10,5,9,greedy,16,0.0509874999988824,16,0.0031867187499301,False
1,LARGE_MAZE,2135,2135,1,10,5,9,beam_2,16,0.0576013000099919,16,0.0036000812506244,False
1,LARGE_MAZE,2135,2135,1,10,5,9,beam_3,16,0.0313693999778479,7,0.0044813428539782,True
1,LARGE_MAZE,2239,2239,2,5,1,1,greedy,16,0.0407837000093422,11,0.0037076090917583,True
1,LARGE_MAZE,2239,2239,2,5,1,1,beam_2,16,0.0215917999739758,5,0.0043183599947951,True
1,LARGE_MAZE,2239,2239,2,5,1,1,beam_3,16,0.022143300040625,5,0.004428660008125,True
1,LARGE_MAZE,2279,2279,2,5,7,5,greedy,16,0.0172784000169485,5,0.0034556800033897,True
1,LARGE_MAZE,2279,2279,2,5,7,5,beam_2,16,0.0188980000093579,5,0.0037796000018715,True
1,LARGE_MAZE,2279,2279,2,5,7,5,beam_3,16,0.0208691000007092,5,0.0041738200001418,True
1,LARGE_MAZE,2341,2341,2,10,2,7,greedy,16,0.0166256999946199,5,0.0033251399989239,True
1,LARGE_MAZE,2341,2341,2,10,2,7,beam_2,16,0.0183894000365398,5,0.0036778800073079,True
1,LARGE_MAZE,2341,2341,2,10,2,7,beam_3,16,0.0194824000354856,5,0.0038964800070971,True
1,LARGE_MAZE,2407,2407,3,1,6,3,greedy,16,0.0538475000066682,16,0.0033654687504167,False
1,LARGE_MAZE,2407,2407,3,1,6,3,beam_2,16,0.0663894999888725,16,0.0041493437493045,False
1,LARGE_MAZE,2407,2407,3,1,6,3,beam_3,16,0.0613331000204198,16,0.0038333187512762,False
1,LARGE_MAZE,2510,2510,3,5,1,2,greedy,16,0.0481065000058151,16,0.0030066562503634,False
1,LARGE_MAZE,2510,2510,3,5,1,2,beam_2,16,0.0374245999846607,11,0.0034022363622418,True
1,LARGE_MAZE,2510,2510,3,5,1,2,beam_3,16,0.0378407999523915,11,0.0034400727229446,True
1,LARGE_MAZE,2542,2542,3,5,6,3,greedy,16,0.0139338000444695,5,0.0027867600088939,True
1,LARGE_MAZE,2542,2542,3,5,6,3,beam_2,16,0.0144594999728724,5,0.0028918999945744,True
1,LARGE_MAZE,2542,2542,3,5,6,3,beam_3,16,0.0161081999540328,5,0.0032216399908065,True
1,LARGE_MAZE,2578,2578,3,6,4,10,greedy,16,0.0127304999623447,5,0.0025460999924689,True
1,LARGE_MAZE,2578,2578,3,6,4,10,beam_2,16,0.0146106999600306,5,0.0029221399920061,True
1,LARGE_MAZE,2578,2578,3,6,4,10,beam_3,16,0.0156648000120185,5,0.0031329600024037,True
1,LARGE_MAZE,2627,2627,3,7,5,4,greedy,16,0.0129624999826774,5,0.0025924999965354,True
1,LARGE_MAZE,2627,2627,3,7,5,4,beam_2,16,0.0141217000200413,5,0.0028243400040082,True
1,LARGE_MAZE,2627,2627,3,7,5,4,beam_3,16,0.0147706000134348,5,0.0029541200026869,True
1,LARGE_MAZE,2673,2673,3,8,5,5,greedy,16,0.0124259000294841,5,0.0024851800058968,True
1,LARGE_MAZE,2673,2673,3,8,5,5,beam_2,16,0.0136684000026434,5,0.0027336800005286,True
1,LARGE_MAZE,2673,2673,3,8,5,5,beam_3,16,0.0145465000532567,5,0.0029093000106513,True
1,LARGE_MAZE,2725,2725,3,9,6,9,greedy,16,0.0122558999573811,5,0.0024511799914762,True
1,LARGE_MAZE,2725,2725,3,9,6,9,beam_2,16,0.0136304999468848,5,0.0027260999893769,True
1,LARGE_MAZE,2725,2725,3,9,6,9,beam_3,16,0.0144296000362373,5,0.0028859200072474,True
1,LARGE_MAZE,2808,2808,4,1,5,5,greedy,16,0.0125059999991208,5,0.0025011999998241,True
1,LARGE_MAZE,2808,2808,4,1,5,5,beam_2,16,0.0142057000193744,5,0.0028411400038748,True
1,LARGE_MAZE,2808,2808,4,1,5,5,beam_3,16,0.0163438000017777,5,0.0032687600003555,True
1,LARGE_MAZE,2849,2849,4,5,5,1,greedy,16,0.0278243000502698,11,0.0025294818227518,True
1,LARGE_MAZE,2849,2849,4,5,5,1,beam_2,16,0.0338614999782294,11,0.003078318179839,True
1,LARGE_MAZE,2849,2849,4,5,5,1,beam_3,16,0.0145593000343069,5,0.0029118600068613,True
1,LARGE_MAZE,2887,2887,4,10,3,6,greedy,16,0.0141893000109121,5,0.0028378600021824,True
1,LARGE_MAZE,2887,2887,4,10,3,6,beam_2,16,0.0141069999663159,5,0.0028213999932631,True
1,LARGE_MAZE,2887,2887,4,10,3,6,beam_3,16,0.0143579000141471,5,0.0028715800028294,True
1,LARGE_MAZE,2948,2948,5,1,6,5,greedy,16,0.0131726000108756,5,0.0026345200021751,True
1,LARGE_MAZE,2948,2948,5,1,6,5,beam_2,16,0.0147882999735884,5,0.0029576599947176,True
1,LARGE_MAZE,2948,2948,5,1,6,5,beam_3,16,0.0151108999853022,5,0.0030221799970604,True
1,LARGE_MAZE,2996,2996,5,2,7,1,greedy,16,0.0128337000496685,5,0.0025667400099337,True
1,LARGE_MAZE,2996,2996,5,2,7,1,beam_2,16,0.0147793999640271,5,0.0029558799928054,True
1,LARGE_MAZE,2996,2996,5,2,7,1,beam_3,16,0.0158323000068776,5,0.0031664600013755,True
1,LARGE_MAZE,3022,3022,5,3,3,6,greedy,16,0.014024700038135,5,0.002804940007627,True
1,LARGE_MAZE,3022,3022,5,3,3,6,beam_2,16,0.0150531000108458,5,0.0030106200021691,True
1,LARGE_MAZE,3022,3022,5,3,3,6,beam_3,16,0.0160730999778024,5,0.0032146199955604,True
1,LARGE_MAZE,3086,3086,5,4,7,1,greedy,16,0.0134475999511778,5,0.0026895199902355,True
1,LARGE_MAZE,3086,3086,5,4,7,1,beam_2,16,0.0143232999835163,5,0.0028646599967032,True
1,LARGE_MAZE,3086,3086,5,4,7,1,beam_3,16,0.0160131999873556,5,0.0032026399974711,True
1,LARGE_MAZE,3117,3117,5,5,4,1,greedy,16,0.0318261999636888,11,0.0028932909057898,True
1,LARGE_MAZE,3117,3117,5,5,4,1,beam_2,16,0.0166925999801605,5,0.0033385199960321,True
1,LARGE_MAZE,3117,3117,5,5,4,1,beam_3,16,0.018453299999237,5,0.0036906599998474,True
1,LARGE_MAZE,3204,3204,5,9,3,8,greedy,16,0.0187503999914042,5,0.0037500799982808,True
1,LARGE_MAZE,3204,3204,5,9,3,8,beam_2,16,0.0181329000042751,5,0.003626580000855,True
1,LARGE_MAZE,3204,3204,5,9,3,8,beam_3,16,0.0173170000198297,5,0.0034634000039659,True
1,LARGE_MAZE,3314,3314,6,3,7,5,greedy,16,0.0669951000018045,16,0.0041871937501127,False
1,LARGE_MAZE,3314,3314,6,3,7,5,beam_2,16,0.026585999992676,5,0.0053171999985352,True
1,LARGE_MAZE,3314,3314,6,3,7,5,beam_3,16,0.0262071999604813,5,0.0052414399920962,True
1,LARGE_MAZE,3358,3358,6,5,7,3,greedy,16,0.0823380000074394,16,0.0051461250004649,False
1,LARGE_MAZE,3358,3358,6,5,7,3,beam_2,16,0.0223650999832898,5,0.0044730199966579,True
1,LARGE_MAZE,3358,3358,6,5,7,3,beam_3,16,0.0284035000368021,5,0.0056807000073604,True
1,LARGE_MAZE,3483,3483,7,1,5,4,greedy,16,0.0170490000164136,5,0.0034098000032827,True
1,LARGE_MAZE,3483,3483,7,1,5,4,beam_2,16,0.0201028999872505,5,0.0040205799974501,True
1,LARGE_MAZE,3483,3483,7,1,5,4,beam_3,16,0.0294378999969922,5,0.0058875799993984,True
1,LARGE_MAZE,3579,3579,7,3,6,5,greedy,16,0.0217176000005565,5,0.0043435200001113,True
1,LARGE_MAZE,3579,3579,7,3,6,5,beam_2,16,0.0238613000256009,5,0.0047722600051201,True
1,LARGE_MAZE,3579,3579,7,3,6,5,beam_3,16,0.0238813000032678,5,0.0047762600006535,True
1,LARGE_MAZE,3651,3651,7,6,3,5,greedy,16,0.0204379000351764,5,0.0040875800070352,True
1,LARGE_MAZE,3651,3651,7,6,3,5,beam_2,16,0.0232699000043794,5,0.0046539800008758,True
1,LARGE_MAZE,3651,3651,7,6,3,5,beam_3,16,0.0202481999876908,5,0.0040496399975381,True
1,LARGE_MAZE,3794,3794,7,10,4,10,greedy,16,0.0203394999844022,5,0.0040678999968804,True
1,LARGE_MAZE,3794,3794,7,10,4,10,beam_2,16,0.0232168999500572,5,0.0046433799900114,True
1,LARGE_MAZE,3794,3794,7,10,4,10,beam_3,16,0.1318618000368587,5,0.0263723600073717,True
1,LARGE_MAZE,1815,1815,1,2,5,2,greedy,16,0.0481372000067494,6,0.0080228666677915,True
1,LARGE_MAZE,1815,1815,1,2,5,2,beam_2,16,0.0383332999772392,6,0.0063888833295398,True
1,LARGE_MAZE,1815,1815,1,2,5,2,beam_3,16,0.0480117999832145,6,0.008001966663869,True
1,LARGE_MAZE,1898,1898,1,4,3,8,greedy,16,0.0278500000131316,6,0.0046416666688552,True
1,LARGE_MAZE,1898,1898,1,4,3,8,beam_2,16,0.0269625000073574,6,0.0044937500012262,True
1,LARGE_MAZE,1898,1898,1,4,3,8,beam_3,16,0.0260783999692648,6,0.0043463999948774,True
1,LARGE_MAZE,1937,1937,1,5,3,1,greedy,16,0.0367484000162221,10,0.0036748400016222,True
1,LARGE_MAZE,1937,1937,1,5,3,1,beam_2,16,0.0475072000408545,10,0.0047507200040854,True
1,LARGE_MAZE,1937,1937,1,5,3,1,beam_3,16,0.0316858000005595,6,0.0052809666667599,True
1,LARGE_MAZE,1993,1993,1,7,4,10,greedy,16,0.0227897999575361,6,0.0037982999929226,True
1,LARGE_MAZE,1993,1993,1,7,4,10,beam_2,16,0.026639999996405,6,0.0044399999994008,True
1,LARGE_MAZE,1993,1993,1,7,4,10,beam_3,16,0.0267025000066496,6,0.0044504166677749,True
1,LARGE_MAZE,2075,2075,1,9,3,5,greedy,16,0.0226841999683529,6,0.0037806999947254,True
1,LARGE_MAZE,2075,2075,1,9,3,5,beam_2,16,0.0250042999978177,6,0.0041673833329696,True
1,LARGE_MAZE,2075,2075,1,9,3,5,beam_3,16,0.0301308999769389,6,0.0050218166628231,True
1,LARGE_MAZE,2177,2177,2,1,5,4,greedy,16,0.0669287000200711,16,0.0041830437512544,False
1,LARGE_MAZE,2177,2177,2,1,5,4,beam_2,16,0.0270961000351235,6,0.0045160166725205,True
1,LARGE_MAZE,2177,2177,2,1,5,4,beam_3,16,0.0311127000022679,6,0.0051854500003779,True
1,LARGE_MAZE,2245,2245,2,5,1,8,greedy,16,0.0235787999699823,6,0.003929799994997,True
1,LARGE_MAZE,2245,2245,2,5,1,8,beam_2,16,0.026126499986276,6,0.0043544166643793,True
1,LARGE_MAZE,2245,2245,2,5,1,8,beam_3,16,0.0278725000098347,6,0.0046454166683057,True
1,LARGE_MAZE,2272,2272,2,5,6,3,greedy,16,0.0295879999757744,6,0.0049313333292957,True
1,LARGE_MAZE,2272,2272,2,5,6,3,beam_2,16,0.0264971000142395,6,0.0044161833357065,True
1,LARGE_MAZE,2272,2272,2,5,6,3,beam_3,16,0.0323770999675616,6,0.0053961833279269,True
1,LARGE_MAZE,2318,2318,2,7,6,5,greedy,16,0.0258242000127211,6,0.0043040333354535,True
1,LARGE_MAZE,2318,2318,2,7,6,5,beam_2,16,0.0284600000013597,6,0.0047433333335599,True
1,LARGE_MAZE,2318,2318,2,7,6,5,beam_3,16,0.0324481999850831,6,0.0054080333308471,True
1,LARGE_MAZE,2413,2413,3,1,7,3,greedy,16,0.0220713000162504,6,0.0036785500027084,True
1,LARGE_MAZE,2413,2413,3,1,7,3,beam_2,16,0.0248604000080376,6,0.0041434000013396,True
1,LARGE_MAZE,2413,2413,3,1,7,3,beam_3,16,0.0272834000061266,6,0.0045472333343544,True
1,LARGE_MAZE,2491,2491,3,3,5,3,greedy,16,0.0582205000100657,16,0.0036387812506291,False
1,LARGE_MAZE,2491,2491,3,3,5,3,beam_2,16,0.0242832000367343,6,0.0040472000061223,True
1,LARGE_MAZE,2491,2491,3,3,5,3,beam_3,16,0.0241081999847665,6,0.0040180333307944,True
1,LARGE_MAZE,2533,2533,3,5,4,10,greedy,16,0.022589300002437,6,0.0037648833337395,True
1,LARGE_MAZE,2533,2533,3,5,4,10,beam_2,16,0.0234691000077873,6,0.0039115166679645,True
1,LARGE_MAZE,2533,2533,3,5,4,10,beam_3,16,0.0225383999641053,6,0.0037563999940175,True
1,LARGE_MAZE,2562,2562,3,6,1,10,greedy,16,0.019525000010617,6,0.0032541666684361,True
1,LARGE_MAZE,2562,2562,3,6,1,10,beam_2,16,0.0280270000221207,6,0.0046711666703534,True
1,LARGE_MAZE,2562,2562,3,6,1,10,beam_3,16,0.0258353999815881,6,0.0043058999969313,True
1,LARGE_MAZE,2595,2595,3,6,7,6,greedy,16,0.0208112000254914,6,0.0034685333375819,True
1,LARGE_MAZE,2595,2595,3,6,7,6,beam_2,16,0.0240769999800249,6,0.0040128333300041,True
1,LARGE_MAZE,2595,2595,3,6,7,6,beam_3,16,0.0239134000148624,6,0.0039855666691437,True
1,LARGE_MAZE,2647,2647,3,8,1,4,greedy,16,0.0212067000102251,6,0.0035344500017041,True
1,LARGE_MAZE,2647,2647,3,8,1,4,beam_2,16,0.0243103000102564,6,0.004051716668376,True
1,LARGE_MAZE,2647,2647,3,8,1,4,beam_3,16,0.0230275000212714,6,0.0038379166702119,True
1,LARGE_MAZE,2718,2718,3,9,5,5,greedy,16,0.0624218999873846,16,0.0039013687492115,False
1,LARGE_MAZE,2718,2718,3,9,5,5,beam_2,16,0.020395599945914,6,0.0033992666576523,True
1,LARGE_MAZE,2718,2718,3,9,5,5,beam_3,16,0.0204512000200338,6,0.0034085333366723,True
1,LARGE_MAZE,2782,2782,4,1,1,4,greedy,16,0.0164750999538227,6,0.0027458499923037,True
1,LARGE_MAZE,2782,2782,4,1,1,4,beam_2,16,0.0186665999935939,6,0.0031110999989323,True
1,LARGE_MAZE,2782,2782,4,1,1,4,beam_3,16,0.0228329999954439,6,0.0038054999992406,True
1,LARGE_MAZE,2830,2830,4,5,1,8,greedy,16,0.0498918999801389,16,0.0031182437487586,False
1,LARGE_MAZE,2830,2830,4,5,1,8,beam_2,16,0.0237134000053629,6,0.0039522333342271,True
1,LARGE_MAZE,2830,2830,4,5,1,8,beam_3,16,0.0210728999809362,6,0.0035121499968227,True
1,LARGE_MAZE,2862,2862,4,5,7,2,greedy,16,0.0579154000151902,16,0.0036197125009493,False
1,LARGE_MAZE,2862,2862,4,5,7,2,beam_2,16,0.0641537000192329,16,0.004009606251202,False
1,LARGE_MAZE,2862,2862,4,5,7,2,beam_3,16,0.0238001000252552,6,0.0039666833375425,True
1,LARGE_MAZE,2951,2951,5,1,7,1,greedy,16,0.0576161000062711,16,0.0036010062503919,False
1,LARGE_MAZE,2951,2951,5,1,7,1,beam_2,16,0.0207126999739557,6,0.0034521166623259,True
1,LARGE_MAZE,2951,2951,5,1,7,1,beam_3,16,0.0297113999840803,6,0.0049518999973467,True
1,LARGE_MAZE,2977,2977,5,2,3,6,greedy,16,0.0328319999971427,6,0.0054719999995237,True
1,LARGE_MAZE,2977,2977,5,2,3,6,beam_2,16,0.0245277999783866,6,0.0040879666630644,True
1,LARGE_MAZE,2977,2977,5,2,3,6,beam_3,16,0.0242825000314041,6,0.0040470833385673,True
1,LARGE_MAZE,3023,3023,5,3,3,7,greedy,16,0.018608900019899,6,0.0031014833366498,True
1,LARGE_MAZE,3023,3023,5,3,3,7,beam_2,16,0.0229214999708347,6,0.0038202499951391,True
1,LARGE_MAZE,3023,3023,5,3,3,7,beam_3,16,0.0247721000341698,6,0.0041286833390283,True
1,LARGE_MAZE,3064,3064,5,4,3,2,greedy,16,0.0232966000330634,6,0.0038827666721772,True
1,LARGE_MAZE,3064,3064,5,4,3,2,beam_2,16,0.025773300032597,6,0.0042955500054328,True
1,LARGE_MAZE,3064,3064,5,4,3,2,beam_3,16,0.0284802999813109,6,0.0047467166635518,True
1,LARGE_MAZE,3108,3108,5,5,3,1,greedy,16,0.1348613000009209,16,0.0084288312500575,False
1,LARGE_MAZE,3108,3108,5,5,3,1,beam_2,16,0.0534205999574624,10,0.0053420599957462,True
1,LARGE_MAZE,3108,3108,5,5,3,1,beam_3,16,0.030766499985475,6,0.0051277499975791,True
1,LARGE_MAZE,3191,3191,5,9,1,9,greedy,16,0.0874066000105813,16,0.0054629125006613,False
1,LARGE_MAZE,3191,3191,5,9,1,9,beam_2,16,0.035562300006859,6,0.0059270500011431,True
1,LARGE_MAZE,3191,3191,5,9,1,9,beam_3,16,0.0352826000307686,6,0.0058804333384614,True
1,LARGE_MAZE,3283,3283,6,3,2,1,greedy,16,0.0304176000063307,6,0.0050696000010551,True
1,LARGE_MAZE,3283,3283,6,3,2,1,beam_2,16,0.0517695000162348,6,0.0086282500027058,True
1,LARGE_MAZE,3283,3283,6,3,2,1,beam_3,16,0.0443971999920904,6,0.007399533332015,True
1,LARGE_MAZE,3322,3322,6,5,1,4,greedy,16,0.0611640000133775,6,0.0101940000022295,True
1,LARGE_MAZE,3322,3322,6,5,1,4,beam_2,16,0.043100000009872,6,0.0071833333349786,True
1,LARGE_MAZE,3322,3322,6,5,1,4,beam_3,16,0.0403421000228263,6,0.0067236833371377,True
1,LARGE_MAZE,3388,3388,6,7,4,5,greedy,16,0.036433599947486,6,0.0060722666579143,True
1,LARGE_MAZE,3388,3388,6,7,4,5,beam_2,16,0.0278163999901153,6,0.0046360666650192,True
1,LARGE_MAZE,3388,3388,6,7,4,5,beam_3,16,0.0322852999670431,6,0.0053808833278405,True
1,LARGE_MAZE,3484,3484,7,1,5,5,greedy,16,0.0234143999987281,6,0.003902399999788,True
1,LARGE_MAZE,3484,3484,7,1,5,5,beam_2,16,0.0245356000377796,6,0.0040892666729632,True
1,LARGE_MAZE,3484,3484,7,1,5,5,beam_3,16,0.0252923999796621,6,0.0042153999966103,True
1,LARGE_MAZE,3561,3561,7,3,3,5,greedy,16,0.0232511999784037,6,0.0038751999964006,True
1,LARGE_MAZE,3561,3561,7,3,3,5,beam_2,16,0.0263684999663382,6,0.0043947499943897,True
1,LARGE_MAZE,3561,3561,7,3,3,5,beam_3,16,0.0255488999537192,6,0.0042581499922865,True
1,LARGE_MAZE,3629,3629,7,5,7,3,greedy,16,0.0242780999979004,6,0.00404634999965,True
1,LARGE_MAZE,3629,3629,7,5,7,3,beam_2,16,0.024520700040739,6,0.0040867833401231,True
1,LARGE_MAZE,3629,3629,7,5,7,3,beam_3,16,0.0221351999789476,6,0.0036891999964912,True
1,LARGE_MAZE,3696,3696,7,7,3,5,greedy,16,0.0185343000339344,6,0.0030890500056557,True
1,LARGE_MAZE,3696,3696,7,7,3,5,beam_2,16,0.0214980000164359,6,0.0035830000027393,True
1,LARGE_MAZE,3696,3696,7,7,3,5,beam_3,16,0.0262335000443272,6,0.0043722500073878,True
1,LARGE_MAZE,1761,1761,1,1,3,6,greedy,16,0.0251158999744802,7,0.00358798571064,True
1,LARGE_MAZE,1761,1761,1,1,3,6,beam_2,16,0.0261117999907583,7,0.0037302571415369,True
1,LARGE_MAZE,1761,1761,1,1,3,6,beam_3,16,0.0282032000250183,7,0.0040290285750026,True
1,LARGE_MAZE,1816,1816,1,2,5,3,greedy,16,0.0586056999745778,16,0.0036628562484111,False
1,LARGE_MAZE,1816,1816,1,2,5,3,beam_2,16,0.0347230999614112,7,0.0049604428516301,True
1,LARGE_MAZE,1816,1816,1,2,5,3,beam_3,16,0.0312635999871417,7,0.0044662285695916,True
1,LARGE_MAZE,1862,1862,1,3,5,4,greedy,16,0.0653938999748788,16,0.0040871187484299,False
1,LARGE_MAZE,1862,1862,1,3,5,4,beam_2,16,0.0378828999819234,7,0.0054118428545604,True
1,LARGE_MAZE,1862,1862,1,3,5,4,beam_3,16,0.0304669999750331,7,0.0043524285678618,True
1,LARGE_MAZE,1906,1906,1,4,5,3,greedy,16,0.0234371000551618,7,0.0033481571507374,True
1,LARGE_MAZE,1906,1906,1,4,5,3,beam_2,16,0.0344970999867655,7,0.0049281571409665,True
1,LARGE_MAZE,1906,1906,1,4,5,3,beam_3,16,0.0283368000527843,7,0.0040481142932549,True
1,LARGE_MAZE,1950,1950,1,5,5,2,greedy,16,0.0582846999750472,16,0.0036427937484404,False
1,LARGE_MAZE,1950,1950,1,5,5,2,beam_2,16,0.0284561999724246,7,0.004065171424632,True
1,LARGE_MAZE,1950,1950,1,5,5,2,beam_3,16,0.0262096000369638,7,0.0037442285767091,True
1,LARGE_MAZE,2001,2001,1,7,5,10,greedy,16,0.0199672000017017,7,0.0028524571431002,True
1,LARGE_MAZE,2001,2001,1,7,5,10,beam_2,16,0.0235198999871499,7,0.0033599857124499,True
1,LARGE_MAZE,2001,2001,1,7,5,10,beam_3,16,0.024673200037796,7,0.0035247428625422,True
1,LARGE_MAZE,2069,2069,1,9,2,5,greedy,16,0.0207518999814055,7,0.0029645571402007,True
1,LARGE_MAZE,2069,2069,1,9,2,5,beam_2,16,0.023099300044123,7,0.0032999000063032,True
1,LARGE_MAZE,2069,2069,1,9,2,5,beam_3,16,0.025266200012993,7,0.0036094571447132,True
1,LARGE_MAZE,2165,2165,2,1,3,5,greedy,16,0.0192550999927334,7,0.0027507285703904,True
1,LARGE_MAZE,2165,2165,2,1,3,5,beam_2,16,0.0227521999622695,7,0.0032503142803242,True
1,LARGE_MAZE,2165,2165,2,1,3,5,beam_3,16,0.0352132999687455,7,0.0050304714241065,True
1,LARGE_MAZE,2223,2223,2,3,5,5,greedy,16,0.0287333999876864,9,0.0031925999986318,True
1,LARGE_MAZE,2223,2223,2,3,5,5,beam_2,16,0.0205939000006765,7,0.0029419857143823,True
1,LARGE_MAZE,2223,2223,2,3,5,5,beam_3,16,0.0229018999962136,7,0.003271699999459,True
1,LARGE_MAZE,2264,2264,2,5,5,1,greedy,16,0.0213391000288538,7,0.0030484428612648,True
1,LARGE_MAZE,2264,2264,2,5,5,1,beam_2,16,0.0216536999796517,7,0.0030933857113788,True
1,LARGE_MAZE,2264,2264,2,5,5,1,beam_3,16,0.0283075999468565,7,0.0040439428495509,True
1,LARGE_MAZE,2315,2315,2,7,5,9,greedy,16,0.0282617000048048,7,0.0040373857149721,True
1,LARGE_MAZE,2315,2315,2,7,5,9,beam_2,16,0.0253283000201918,7,0.0036183285743131,True
1,LARGE_MAZE,2315,2315,2,7,5,9,beam_3,16,0.0275909000192768,7,0.0039415571456109,True
1,LARGE_MAZE,2385,2385,3,1,2,5,greedy,16,0.0230718000093475,7,0.0032959714299067,True
1,LARGE_MAZE,2385,2385,3,1,2,5,beam_2,16,0.028291700000409,7,0.0040416714286298,True
1,LARGE_MAZE,2385,2385,3,1,2,5,beam_3,16,0.0269418000243604,7,0.0038488285749086,True
1,LARGE_MAZE,2448,2448,3,2,5,5,greedy,16,0.0308787000249139,9,0.0034309666694348,True
1,LARGE_MAZE,2448,2448,3,2,5,5,beam_2,16,0.0245952999684959,7,0.0035136142812137,True
1,LARGE_MAZE,2448,2448,3,2,5,5,beam_3,16,0.0258027000236324,7,0.003686100003376,True
1,LARGE_MAZE,2497,2497,3,3,6,3,greedy,16,0.0240243999869562,7,0.0034320571409937,True
1,LARGE_MAZE,2497,2497,3,3,6,3,beam_2,16,0.0268048000289127,7,0.0038292571469875,True
1,LARGE_MAZE,2497,2497,3,3,6,3,beam_3,16,0.0270819999859668,7,0.0038688571408524,True
1,LARGE_MAZE,2541,2541,3,5,5,10,greedy,16,0.0242166999960318,7,0.0034595285708616,True
1,LARGE_MAZE,2541,2541,3,5,5,10,beam_2,16,0.0368893999839201,7,0.0052699142834171,True
1,LARGE_MAZE,2541,2541,3,5,5,10,beam_3,16,0.0463702999986708,7,0.0066243285712386,True
1,LARGE_MAZE,2579,2579,3,6,5,1,greedy,16,0.0923743000021204,16,0.0057733937501325,False
1,LARGE_MAZE,2579,2579,3,6,5,1,beam_2,16,0.0595586999552324,7,0.0085083857078903,True
1,LARGE_MAZE,2579,2579,3,6,5,1,beam_3,16,0.079750899982173,7,0.0113929857117389,True
1,LARGE_MAZE,2609,2609,3,7,2,3,greedy,16,0.0418674999964423,7,0.0059810714280631,True
1,LARGE_MAZE,2609,2609,3,7,2,3,beam_2,16,0.0347202999982982,7,0.0049600428568997,True
1,LARGE_MAZE,2609,2609,3,7,2,3,beam_3,16,0.039907399972435,7,0.0057010571389192,True
1,LARGE_MAZE,2646,2646,3,8,1,3,greedy,16,0.0245777000091038,7,0.0035111000013005,True
1,LARGE_MAZE,2646,2646,3,8,1,3,beam_2,16,0.0256610999931581,7,0.003665871427594,True
1,LARGE_MAZE,2646,2646,3,8,1,3,beam_3,16,0.0302655000123195,7,0.0043236428589027,True
1,LARGE_MAZE,2717,2717,3,9,5,4,greedy,16,0.0237487999838776,7,0.0033926857119825,True
1,LARGE_MAZE,2717,2717,3,9,5,4,beam_2,16,0.0255936000030487,7,0.0036562285718641,True
1,LARGE_MAZE,2717,2717,3,9,5,4,beam_3,16,0.0284838000079616,7,0.0040691142868516,True
1,LARGE_MAZE,2783,2783,4,1,1,5,greedy,16,0.0240275000105611,7,0.0034325000015087,True
1,LARGE_MAZE,2783,2783,4,1,1,5,beam_2,16,0.0275251999846659,7,0.0039321714263808,True
1,LARGE_MAZE,2783,2783,4,1,1,5,beam_3,16,0.0281560000148601,7,0.0040222857164085,True
1,LARGE_MAZE,2831,2831,4,5,1,9,greedy,16,0.0210612000082619,7,0.0030087428583231,True
1,LARGE_MAZE,2831,2831,4,5,1,9,beam_2,16,0.0269351999741047,7,0.0038478857105863,True
1,LARGE_MAZE,2831,2831,4,5,1,9,beam_3,16,0.0274930999730713,7,0.0039275857104387,True
1,LARGE_MAZE,2854,2854,4,5,5,7,greedy,16,0.0230722000123932,7,0.003296028573199,True
1,LARGE_MAZE,2854,2854,4,5,5,7,beam_2,16,0.0397306000231765,7,0.0056758000033109,True
1,LARGE_MAZE,2854,2854,4,5,5,7,beam_3,16,0.0279666999704204,7,0.0039952428529172,True
1,LARGE_MAZE,2925,2925,5,1,2,5,greedy,16,0.0550244000041857,16,0.0034390250002616,False
1,LARGE_MAZE,2925,2925,5,1,2,5,beam_2,16,0.0224844000185839,7,0.0032120571455119,True
1,LARGE_MAZE,2925,2925,5,1,2,5,beam_3,16,0.0233447999926283,7,0.0033349714275183,True
1,LARGE_MAZE,2978,2978,5,2,3,7,greedy,16,0.0209456000011414,7,0.0029922285715916,True
1,LARGE_MAZE,2978,2978,5,2,3,7,beam_2,16,0.0246538000064902,7,0.0035219714294986,True
1,LARGE_MAZE,2978,2978,5,2,3,7,beam_3,16,0.0248818999971263,7,0.0035545571424466,True
1,LARGE_MAZE,3016,3016,5,3,2,7,greedy,16,0.0204490999458357,7,0.0029212999922622,True
1,LARGE_MAZE,3016,3016,5,3,2,7,beam_2,16,0.0255109000136144,7,0.0036444142876592,True
1,LARGE_MAZE,3016,3016,5,3,2,7,beam_3,16,0.0248611000133678,7,0.0035515857161954,True
1,LARGE_MAZE,3054,3054,5,4,1,7,greedy,16,0.0196937000146135,7,0.0028133857163733,True
1,LARGE_MAZE,3054,3054,5,4,1,7,beam_2,16,0.0228324999916367,7,0.0032617857130909,True
1,LARGE_MAZE,3054,3054,5,4,1,7,beam_3,16,0.02916809997987,7,0.0041668714256957,True
1,LARGE_MAZE,3100,3100,5,5,1,8,greedy,16,0.0198627999634481,7,0.0028375428519211,True
1,LARGE_MAZE,3100,3100,5,5,1,8,beam_2,16,0.0224328999756835,7,0.0032046999965262,True
1,LARGE_MAZE,3100,3100,5,5,1,8,beam_3,16,0.0261987000121735,7,0.0037426714303105,True
1,LARGE_MAZE,3163,3163,5,7,4,5,greedy,16,0.0250897999503649,7,0.0035842571357664,True
1,LARGE_MAZE,3163,3163,5,7,4,5,beam_2,16,0.0251860999851487,7,0.0035980142835926,True
1,LARGE_MAZE,3163,3163,5,7,4,5,beam_3,16,0.0228086999850347,7,0.0032583857121478,True
1,LARGE_MAZE,3234,3234,5,10,1,7,greedy,16,0.0475010999944061,16,0.0029688187496503,False
1,LARGE_MAZE,3234,3234,5,10,1,7,beam_2,16,0.0233649999718181,7,0.0033378571388311,True
1,LARGE_MAZE,3234,3234,5,10,1,7,beam_3,16,0.0315206000232137,7,0.0045029428604591,True
1,LARGE_MAZE,3293,3293,6,3,3,7,greedy,16,0.0244602999882772,7,0.0034943285697538,True
1,LARGE_MAZE,3293,3293,6,3,3,7,beam_2,16,0.0300483000464737,7,0.0042926142923533,True
1,LARGE_MAZE,3293,3293,6,3,3,7,beam_3,16,0.0329141999827697,7,0.0047020285689671,True
1,LARGE_MAZE,3340,3340,6,5,3,9,greedy,16,0.0277071000309661,7,0.0039581571472808,True
1,LARGE_MAZE,3340,3340,6,5,3,9,beam_2,16,0.032357599993702,7,0.0046225142848145,True
1,LARGE_MAZE,3340,3340,6,5,3,9,beam_3,16,0.0299843000248074,7,0.0042834714321153,True
1,LARGE_MAZE,3428,3428,6,9,3,7,greedy,16,0.0259493999765254,7,0.0037070571395036,True
1,LARGE_MAZE,3428,3428,6,9,3,7,beam_2,16,0.0279594999738037,7,0.0039942142819719,True
1,LARGE_MAZE,3428,3428,6,9,3,7,beam_3,16,0.0392022000160068,7,0.0056003142880009,True
1,LARGE_MAZE,3516,3516,7,2,3,5,greedy,16,0.0222309999517165,7,0.0031758571359595,True
1,LARGE_MAZE,3516,3516,7,2,3,5,beam_2,16,0.0265099999960511,7,0.0037871428565787,True
1,LARGE_MAZE,3516,3516,7,2,3,5,beam_3,16,0.0283368999953381,7,0.0040481285707625,True
1,LARGE_MAZE,3562,3562,7,3,3,6,greedy,16,0.0218899000319652,7,0.003127128575995,True
1,LARGE_MAZE,3562,3562,7,3,3,6,beam_2,16,0.0226240999763831,7,0.0032320142823404,True
1,LARGE_MAZE,3562,3562,7,3,3,6,beam_3,16,0.0253428000141866,7,0.0036204000020266,True
1,LARGE_MAZE,3612,3612,7,5,4,1,greedy,16,0.0222997000091709,7,0.0031856714298815,True
1,LARGE_MAZE,3612,3612,7,5,4,1,beam_2,16,0.0257105999626219,7,0.0036729428518031,True
1,LARGE_MAZE,3612,3612,7,5,4,1,beam_3,16,0.0267670999746769,7,0.0038238714249538,True
1,LARGE_MAZE,3674,3674,7,6,7,3,greedy,16,0.0215363999595865,7,0.0030766285656552,True
1,LARGE_MAZE,3674,3674,7,6,7,3,beam_2,16,0.0242687999852933,7,0.0034669714264704,True
1,LARGE_MAZE,3674,3674,7,6,7,3,beam_3,16,0.0262546999729238,7,0.0037506714247034,True
1,LARGE_MAZE,3732,3732,7,9,1,10,greedy,16,0.0549268000177107,16,0.0034329250011069,False
1,LARGE_MAZE,3732,3732,7,9,1,10,beam_2,16,0.0252946999971754,7,0.003613528571025,True
1,LARGE_MAZE,3732,3732,7,9,1,10,beam_3,16,0.0241187999490648,7,0.0034455428498664,True
1,LARGE_MAZE,1773,1773,1,1,5,5,greedy,18,0.0220219000475481,8,0.0027527375059435,True
1,LARGE_MAZE,1773,1773,1,1,5,5,beam_2,18,0.0284680999466218,8,0.0035585124933277,True
1,LARGE_MAZE,1773,1773,1,1,5,5,beam_3,18,0.0353623999981209,8,0.0044202999997651,True
1,LARGE_MAZE,1822,1822,1,2,6,3,greedy,18,0.0275053000077605,8,0.00343816250097,True
1,LARGE_MAZE,1822,1822,1,2,6,3,beam_2,18,0.0309074000106193,8,0.0038634250013274,True
1,LARGE_MAZE,1822,1822,1,2,6,3,beam_3,18,0.035793199960608,8,0.004474149995076,True
1,LARGE_MAZE,1874,1874,1,3,7,5,greedy,18,0.0280653000227175,8,0.0035081625028396,True
1,LARGE_MAZE,1874,1874,1,3,7,5,beam_2,18,0.0377511999686248,8,0.0047188999960781,True
1,LARGE_MAZE,1874,1874,1,3,7,5,beam_3,18,0.0351579000125639,8,0.0043947375015704,True
1,LARGE_MAZE,1920,1920,1,4,7,6,greedy,18,0.0300820999545976,8,0.0037602624943247,True
1,LARGE_MAZE,1920,1920,1,4,7,6,beam_2,18,0.0329793999553658,8,0.0041224249944207,True
1,LARGE_MAZE,1920,1920,1,4,7,6,beam_3,18,0.0367220000480301,8,0.0045902500060037,True
1,LARGE_MAZE,1963,1963,1,5,7,3,greedy,18,0.0770363000337965,18,0.004279794446322,False
1,LARGE_MAZE,1963,1963,1,5,7,3,beam_2,18,0.0363696000422351,8,0.0045462000052793,True
1,LARGE_MAZE,1963,1963,1,5,7,3,beam_3,18,0.0322586000547744,8,0.0040323250068468,True
1,LARGE_MAZE,2009,2009,1,7,7,5,greedy,18,0.0277508000144734,8,0.0034688500018091,True
1,LARGE_MAZE,2009,2009,1,7,7,5,beam_2,18,0.0321148999501019,8,0.0040143624937627,True
1,LARGE_MAZE,2009,2009,1,7,7,5,beam_3,18,0.0293168999487534,8,0.0036646124935941,True
1,LARGE_MAZE,2063,2063,1,9,1,5,greedy,18,0.023747400031425,8,0.0029684250039281,True
1,LARGE_MAZE,2063,2063,1,9,1,5,beam_2,18,0.0338111000019125,8,0.004226387500239,True
1,LARGE_MAZE,2063,2063,1,9,1,5,beam_3,18,0.0377964999643154,8,0.0047245624955394,True
1,LARGE_MAZE,2148,2148,1,10,7,10,greedy,18,0.0730112000019289,18,0.0040561777778849,False
1,LARGE_MAZE,2148,2148,1,10,7,10,beam_2,18,0.0702494999859482,18,0.0039027499992193,False
1,LARGE_MAZE,2148,2148,1,10,7,10,beam_3,18,0.0568984000128693,14,0.0040641714294906,True
1,LARGE_MAZE,2205,2205,2,3,2,7,greedy,18,0.0302444000262767,10,0.0030244400026276,True
1,LARGE_MAZE,2205,2205,2,3,2,7,beam_2,18,0.026412800012622,8,0.0033016000015777,True
1,LARGE_MAZE,2205,2205,2,3,2,7,beam_3,18,0.030508900003042,8,0.0038136125003802,True
1,LARGE_MAZE,2247,2247,2,5,1,10,greedy,18,0.0541278999880887,18,0.0030071055548938,False
1,LARGE_MAZE,2247,2247,2,5,1,10,beam_2,18,0.0294894999824464,8,0.0036861874978058,True
1,LARGE_MAZE,2247,2247,2,5,1,10,beam_3,18,0.0273088999674655,8,0.0034136124959331,True
1,LARGE_MAZE,2285,2285,2,7,1,2,greedy,18,0.0224716999800875,8,0.0028089624975109,True
1,LARGE_MAZE,2285,2285,2,7,1,2,beam_2,18,0.0267716000089421,8,0.0033464500011177,True
1,LARGE_MAZE,2285,2285,2,7,1,2,beam_3,18,0.0316615999909117,8,0.0039576999988639,True
1,LARGE_MAZE,2325,2325,2,7,7,6,greedy,18,0.0213562999852001,8,0.00266953749815,True
1,LARGE_MAZE,2325,2325,2,7,7,6,beam_2,18,0.0298692000214941,8,0.0037336500026867,True
1,LARGE_MAZE,2325,2325,2,7,7,6,beam_3,18,0.0274714999832212,8,0.0034339374979026,True
1,LARGE_MAZE,2414,2414,3,1,7,5,greedy,18,0.0550811999710276,18,0.003060066665057,False
1,LARGE_MAZE,2414,2414,3,1,7,5,beam_2,18,0.0258099000202491,8,0.0032262375025311,True
1,LARGE_MAZE,2414,2414,3,1,7,5,beam_3,18,0.0254789000027813,8,0.0031848625003476,True
1,LARGE_MAZE,2482,2482,3,3,3,7,greedy,18,0.0233977999887429,8,0.0029247249985928,True
1,LARGE_MAZE,2482,2482,3,3,3,7,beam_2,18,0.0252676999662071,8,0.0031584624957758,True
1,LARGE_MAZE,2482,2482,3,3,3,7,beam_3,18,0.0255343999597243,8,0.0031917999949655,True
1,LARGE_MAZE,2540,2540,3,5,5,9,greedy,18,0.0205850999918766,8,0.0025731374989845,True
1,LARGE_MAZE,2540,2540,3,5,5,9,beam_2,18,0.0254684999817982,8,0.0031835624977247,True
1,LARGE_MAZE,2540,2540,3,5,5,9,beam_3,18,0.026409100042656,8,0.003301137505332,True
1,LARGE_MAZE,2589,2589,3,6,6,7,greedy,18,0.0209259000257588,8,0.0026157375032198,True
1,LARGE_MAZE,2589,2589,3,6,6,7,beam_2,18,0.0247795000323094,8,0.0030974375040386,True
1,LARGE_MAZE,2589,2589,3,6,6,7,beam_3,18,0.0297161000198684,8,0.0037145125024835,True
1,LARGE_MAZE,2624,2624,3,7,5,1,greedy,18,0.0541534999501891,18,0.0030085277750105,False
1,LARGE_MAZE,2624,2624,3,7,5,1,beam_2,18,0.0286901000072248,8,0.0035862625009031,True
1,LARGE_MAZE,2624,2624,3,7,5,1,beam_3,18,0.0279746000305749,8,0.0034968250038218,True
1,LARGE_MAZE,2654,2654,3,8,2,3,greedy,18,0.0227575000026263,8,0.0028446875003282,True
1,LARGE_MAZE,2654,2654,3,8,2,3,beam_2,18,0.0260669999988749,8,0.0032583749998593,True
1,LARGE_MAZE,2654,2654,3,8,2,3,beam_3,18,0.0273382000159472,8,0.0034172750019934,True
1,LARGE_MAZE,2691,2691,3,9,1,3,greedy,18,0.0512812999659217,18,0.0028489611092178,False
1,LARGE_MAZE,2691,2691,3,9,1,3,beam_2,18,0.0228741000173613,8,0.0028592625021701,True
1,LARGE_MAZE,2691,2691,3,9,1,3,beam_3,18,0.0256817000336013,8,0.0032102125042001,True
1,LARGE_MAZE,2768,2768,3,10,6,5,greedy,18,0.0580380000174045,18,0.0032243333343002,False
1,LARGE_MAZE,2768,2768,3,10,6,5,beam_2,18,0.0285634999745525,8,0.003570437496819,True
1,LARGE_MAZE,2768,2768,3,10,6,5,beam_3,18,0.0339553999947384,8,0.0042444249993423,True
1,LARGE_MAZE,2833,2833,4,5,2,1,greedy,18,0.0676918000099249,18,0.0037606555561069,False
1,LARGE_MAZE,2833,2833,4,5,2,1,beam_2,18,0.0297787000308744,8,0.0037223375038593,True
1,LARGE_MAZE,2833,2833,4,5,2,1,beam_3,18,0.0295448999968357,8,0.0036931124996044,True
1,LARGE_MAZE,2918,2918,5,1,1,5,greedy,18,0.0631701999809593,18,0.0035094555544977,False
1,LARGE_MAZE,2918,2918,5,1,1,5,beam_2,18,0.0253346000099554,8,0.0031668250012444,True
1,LARGE_MAZE,2918,2918,5,1,1,5,beam_3,18,0.0271157999522984,8,0.0033894749940373,True
1,LARGE_MAZE,2979,2979,5,2,3,8,greedy,18,0.0237635999801568,8,0.0029704499975196,True
1,LARGE_MAZE,2979,2979,5,2,3,8,beam_2,18,0.0303497000131756,8,0.0037937125016469,True
1,LARGE_MAZE,2979,2979,5,2,3,8,beam_3,18,0.075902100012172,8,0.0094877625015215,True
1,LARGE_MAZE,3034,3034,5,3,5,7,greedy,18,0.0679772999719716,18,0.0037765166651095,False
1,LARGE_MAZE,3034,3034,5,3,5,7,beam_2,18,0.0275296000181697,8,0.0034412000022712,True
1,LARGE_MAZE,3034,3034,5,3,5,7,beam_3,18,0.0293247999507002,8,0.0036655999938375,True
1,LARGE_MAZE,3094,3094,5,5,1,1,greedy,18,0.025573200022336,8,0.003196650002792,True
1,LARGE_MAZE,3094,3094,5,5,1,1,beam_2,18,0.0259584999876096,8,0.0032448124984512,True
1,LARGE_MAZE,3094,3094,5,5,1,1,beam_3,18,0.0284940999699756,8,0.0035617624962469,True
1,LARGE_MAZE,3156,3156,5,7,3,5,greedy,18,0.0248326000291854,8,0.0031040750036481,True
1,LARGE_MAZE,3156,3156,5,7,3,5,beam_2,18,0.0260445000021718,8,0.0032555625002714,True
1,LARGE_MAZE,3156,3156,5,7,3,5,beam_3,18,0.0261601000092923,8,0.0032700125011615,True
1,LARGE_MAZE,3253,3253,5,10,4,5,greedy,18,0.024517299956642,8,0.0030646624945802,True
1,LARGE_MAZE,3253,3253,5,10,4,5,beam_2,18,0.0280780000030063,8,0.0035097500003757,True
1,LARGE_MAZE,3253,3253,5,10,4,5,beam_3,18,0.0289195000077597,8,0.0036149375009699,True
1,LARGE_MAZE,3294,3294,6,3,3,8,greedy,18,0.0227913000271655,8,0.0028489125033956,True
1,LARGE_MAZE,3294,3294,6,3,3,8,beam_2,18,0.0252304999739862,8,0.0031538124967482,True
1,LARGE_MAZE,3294,3294,6,3,3,8,beam_3,18,0.0273571000434458,8,0.0034196375054307,True
1,LARGE_MAZE,3329,3329,6,5,2,3,greedy,18,0.0220508000347763,8,0.002756350004347,True
1,LARGE_MAZE,3329,3329,6,5,2,3,beam_2,18,0.0239296999643556,8,0.0029912124955444,True
1,LARGE_MAZE,3329,3329,6,5,2,3,beam_3,18,0.0299608000204898,8,0.0037451000025612,True
1,LARGE_MAZE,3391,3391,6,7,5,2,greedy,18,0.0579915000125765,18,0.0032217500006986,False
1,LARGE_MAZE,3391,3391,6,7,5,2,beam_2,18,0.0260199000476859,8,0.0032524875059607,True
1,LARGE_MAZE,3391,3391,6,7,5,2,beam_3,18,0.0273395999683998,8,0.0034174499960499,True
1,LARGE_MAZE,3468,3468,7,1,3,1,greedy,18,0.0573915999848395,18,0.0031884222213799,False
1,LARGE_MAZE,3468,3468,7,1,3,1,beam_2,18,0.027513800014276,8,0.0034392250017845,True
1,LARGE_MAZE,3468,3468,7,1,3,1,beam_3,18,0.0268982000416144,8,0.0033622750052018,True
1,LARGE_MAZE,3514,3514,7,2,3,2,greedy,18,0.0230795999523252,8,0.0028849499940406,True
1,LARGE_MAZE,3514,3514,7,2,3,2,beam_2,18,0.0319381000008434,8,0.0039922625001054,True
1,LARGE_MAZE,3514,3514,7,2,3,2,beam_3,18,0.0351612999802455,8,0.0043951624975306,True
1,LARGE_MAZE,3560,3560,7,3,3,3,greedy,18,0.026588000007905,8,0.0033235000009881,True
1,LARGE_MAZE,3560,3560,7,3,3,3,beam_2,18,0.0309412999777123,8,0.003867662497214,True
1,LARGE_MAZE,3560,3560,7,3,3,3,beam_3,18,0.0333549999631941,8,0.0041693749953992,True
1,LARGE_MAZE,3603,3603,7,5,3,1,greedy,18,0.0641496999887749,18,0.0035638722215986,False
1,LARGE_MAZE,3603,3603,7,5,3,1,beam_2,18,0.042958699981682,12,0.0035798916651401,True
1,LARGE_MAZE,3603,3603,7,5,3,1,beam_3,18,0.0283892999868839,8,0.0035486624983604,True
1,LARGE_MAZE,3654,3654,7,6,3,8,greedy,18,0.0227692000335082,8,0.0028461500041885,True
1,LARGE_MAZE,3654,3654,7,6,3,8,beam_2,18,0.0247068000026047,8,0.0030883500003255,True
1,LARGE_MAZE,3654,3654,7,6,3,8,beam_3,18,0.0261373000103048,8,0.0032671625012881,True
1,LARGE_MAZE,3705,3705,7,7,5,1,greedy,18,0.0230550999986007,8,0.002881887499825,True
1,LARGE_MAZE,3705,3705,7,7,5,1,beam_2,18,0.025450799963437,8,0.0031813499954296,True
1,LARGE_MAZE,3705,3705,7,7,5,1,beam_3,18,0.0276478999876417,8,0.0034559874984552,True
1,LARGE_MAZE,3789,3789,7,10,3,8,greedy,18,0.02334819996031,8,0.0029185249950387,True
1,LARGE_MAZE,3789,3789,7,10,3,8,beam_2,18,0.0263816000078804,8,0.003297700000985,True
1,LARGE_MAZE,3789,3789,7,10,3,8,beam_3,18,0.0249316000263206,8,0.00311645000329,True
1,LARGE_MAZE,1793,1793,1,2,1,7,greedy,20,0.0286688999622128,9,0.0031854333291347,True
1,LARGE_MAZE,1793,1793,1,2,1,7,beam_2,20,0.031383600027766,9,0.0034870666697517,True
1,LARGE_MAZE,1793,1793,1,2,1,7,beam_3,20,0.0300508000073023,9,0.0033389777785891,True
1,LARGE_MAZE,1855,1855,1,3,3,10,greedy,20,0.0268632999504916,9,0.0029848111056101,True
1,LARGE_MAZE,1855,1855,1,3,3,10,beam_2,20,0.0305394000024534,9,0.0033932666669392,True
1,LARGE_MAZE,1855,1855,1,3,3,10,beam_3,20,0.0298386000213213,9,0.003315400002369,True
1,LARGE_MAZE,1903,1903,1,4,4,10,greedy,20,0.0254292000317946,9,0.0028254666701994,True
1,LARGE_MAZE,1903,1903,1,4,4,10,beam_2,20,0.0290430000168271,9,0.0032270000018696,True
1,LARGE_MAZE,1903,1903,1,4,4,10,beam_3,20,0.0298624000279232,9,0.003318044447547,True
1,LARGE_MAZE,1959,1959,1,5,6,7,greedy,20,0.0259477999643422,9,0.0028830888849269,True
1,LARGE_MAZE,1959,1959,1,5,6,7,beam_2,20,0.0287495999946258,9,0.0031943999994028,True
1,LARGE_MAZE,1959,1959,1,5,6,7,beam_3,20,0.0303041000152006,9,0.0033671222239111,True
1,LARGE_MAZE,2002,2002,1,7,6,3,greedy,20,0.0274941000388935,9,0.0030549000043215,True
1,LARGE_MAZE,2002,2002,1,7,6,3,beam_2,20,0.0336158000282011,9,0.0037350888920223,True
1,LARGE_MAZE,2002,2002,1,7,6,3,beam_3,20,0.030506899987813,9,0.0033896555542014,True
1,LARGE_MAZE,2054,2054,1,8,7,5,greedy,20,0.0307470000116154,9,0.0034163333346239,True
1,LARGE_MAZE,2054,2054,1,8,7,5,beam_2,20,0.0376997000421397,9,0.0041888555602377,True
1,LARGE_MAZE,2054,2054,1,8,7,5,beam_3,20,0.0362669000169262,9,0.0040296555574362,True
1,LARGE_MAZE,2103,2103,1,9,7,10,greedy,20,0.0276073000277392,9,0.0030674777808599,True
1,LARGE_MAZE,2103,2103,1,9,7,10,beam_2,20,0.0344397000153549,9,0.0038266333350394,True
1,LARGE_MAZE,2103,2103,1,9,7,10,beam_3,20,0.0335781999747268,9,0.0037309111083029,True
1,LARGE_MAZE,2189,2189,2,1,7,5,greedy,20,0.0341523999813944,11,0.0031047636346722,True
1,LARGE_MAZE,2189,2189,2,1,7,5,beam_2,20,0.0421101000392809,11,0.0038281909126619,True
1,LARGE_MAZE,2189,2189,2,1,7,5,beam_3,20,0.0349848999758251,9,0.003887211108425,True
1,LARGE_MAZE,2269,2269,2,5,5,7,greedy,20,0.0345695000141859,9,0.0038410555571317,True
1,LARGE_MAZE,2269,2269,2,5,5,7,beam_2,20,0.0391524999868124,9,0.0043502777763124,True
1,LARGE_MAZE,2269,2269,2,5,5,7,beam_3,20,0.0386631999863311,9,0.0042959111095923,True
1,LARGE_MAZE,2309,2309,2,7,5,1,greedy,20,0.0832287000375799,19,0.0043804578967147,False
1,LARGE_MAZE,2309,2309,2,7,5,1,beam_2,20,0.0402450000401586,9,0.0044716666711287,True
1,LARGE_MAZE,2309,2309,2,7,5,1,beam_3,20,0.0300819000112824,9,0.0033424333345869,True
1,LARGE_MAZE,2357,2357,2,10,5,4,greedy,20,0.0283148000016808,9,0.0031460888890756,True
1,LARGE_MAZE,2357,2357,2,10,5,4,beam_2,20,0.0322017999715171,9,0.003577977774613,True
1,LARGE_MAZE,2357,2357,2,10,5,4,beam_3,20,0.0335266999900341,9,0.0037251888877815,True
1,LARGE_MAZE,2456,2456,3,2,7,1,greedy,20,0.0257783000124618,9,0.0028642555569402,True
1,LARGE_MAZE,2456,2456,3,2,7,1,beam_2,20,0.0290646000066772,9,0.0032294000007419,True
1,LARGE_MAZE,2456,2456,3,2,7,1,beam_3,20,0.0344986999989487,9,0.003833188888772,True
1,LARGE_MAZE,2502,2502,3,3,7,2,greedy,20,0.0265659000142477,9,0.0029517666682497,True
1,LARGE_MAZE,2502,2502,3,3,7,2,beam_2,20,0.0296033999766223,9,0.0032892666640691,True
1,LARGE_MAZE,2502,2502,3,3,7,2,beam_3,20,0.030853800009936,9,0.003428200001104,True
1,LARGE_MAZE,2597,2597,3,6,7,9,greedy,20,0.066603599989321,9,0.0074003999988134,True
1,LARGE_MAZE,2597,2597,3,6,7,9,beam_2,20,0.0286294000106863,9,0.0031810444456318,True
1,LARGE_MAZE,2597,2597,3,6,7,9,beam_3,20,0.0352233000448904,9,0.0039137000049878,True
1,LARGE_MAZE,2637,2637,3,7,7,2,greedy,20,0.0275193999987095,9,0.0030577111109677,True
1,LARGE_MAZE,2637,2637,3,7,7,2,beam_2,20,0.0299840000225231,9,0.0033315555580581,True
1,LARGE_MAZE,2637,2637,3,7,7,2,beam_3,20,0.0334665999980643,9,0.003718511110896,True
1,LARGE_MAZE,2683,2683,3,8,7,3,greedy,20,0.0289687999757006,9,0.0032187555528556,True
1,LARGE_MAZE,2683,2683,3,8,7,3,beam_2,20,0.0295105000259354,9,0.0032789444473261,True
1,LARGE_MAZE,2683,2683,3,8,7,3,beam_3,20,0.0303569000097922,9,0.0033729888899769,True
1,LARGE_MAZE,2722,2722,3,9,6,3,greedy,20,0.0255414000130258,9,0.0028379333347806,True
1,LARGE_MAZE,2722,2722,3,9,6,3,beam_2,20,0.0264622999820858,9,0.002940255553565,True
1,LARGE_MAZE,2722,2722,3,9,6,3,beam_3,20,0.029338699998334,9,0.0032598555553704,True
1,LARGE_MAZE,2798,2798,4,1,3,7,greedy,20,0.0257789000170305,9,0.0028643222241145,True
1,LARGE_MAZE,2798,2798,4,1,3,7,beam_2,20,0.0271760000032372,9,0.0030195555559152,True
1,LARGE_MAZE,2798,2798,4,1,3,7,beam_3,20,0.0289703999878838,9,0.003218933331987,True
1,LARGE_MAZE,2903,2903,4,10,6,5,greedy,20,0.0541790999704971,19,0.0028515315773945,False
1,LARGE_MAZE,2903,2903,4,10,6,5,beam_2,20,0.026396700006444,9,0.0029329666673826,True
1,LARGE_MAZE,2903,2903,4,10,6,5,beam_3,20,0.0274489999865181,9,0.0030498888873909,True
1,LARGE_MAZE,2980,2980,5,2,3,9,greedy,20,0.0230747000314295,9,0.0025638555590477,True
1,LARGE_MAZE,2980,2980,5,2,3,9,beam_2,20,0.0281009000027552,9,0.0031223222225283,True
1,LARGE_MAZE,2980,2980,5,2,3,9,beam_3,20,0.0309564999770373,9,0.0034396111085597,True
1,LARGE_MAZE,3062,3062,5,4,2,10,greedy,20,0.0614602999994531,19,0.0032347526315501,False
1,LARGE_MAZE,3062,3062,5,4,2,10,beam_2,20,0.0362156000337563,9,0.0040239555593062,True
1,LARGE_MAZE,3062,3062,5,4,2,10,beam_3,20,0.0445624999701976,9,0.0049513888855775,True
1,LARGE_MAZE,3157,3157,5,7,3,6,greedy,20,0.0671311999903991,19,0.0035332210521262,False
1,LARGE_MAZE,3157,3157,5,7,3,6,beam_2,20,0.0301991999731399,9,0.0033554666636822,True
1,LARGE_MAZE,3157,3157,5,7,3,6,beam_3,20,0.0313338999985717,9,0.0034815444442857,True
1,LARGE_MAZE,3233,3233,5,10,1,5,greedy,20,0.026145500014536,9,0.0029050555571706,True
1,LARGE_MAZE,3233,3233,5,10,1,5,beam_2,20,0.030310699949041,9,0.0033678555498934,True
1,LARGE_MAZE,3233,3233,5,10,1,5,beam_3,20,0.031798499985598,9,0.0035331666650664,True
1,LARGE_MAZE,3305,3305,6,3,5,7,greedy,20,0.0571211000205948,19,0.0030063736852944,False
1,LARGE_MAZE,3305,3305,6,3,5,7,beam_2,20,0.0360084000276401,9,0.0040009333364044,True
1,LARGE_MAZE,3305,3305,6,3,5,7,beam_3,20,0.0317341000190936,9,0.0035260111132326,True
1,LARGE_MAZE,3344,3344,6,5,4,10,greedy,20,0.0263684999663382,9,0.0029298333295931,True
1,LARGE_MAZE,3344,3344,6,5,4,10,beam_2,20,0.030754999956116,9,0.0034172222173462,True
1,LARGE_MAZE,3344,3344,6,5,4,10,beam_3,20,0.0296920000109821,9,0.0032991111123313,True
1,LARGE_MAZE,3414,3414,6,9,1,7,greedy,20,0.0564660999807529,19,0.0029718999989869,False
1,LARGE_MAZE,3414,3414,6,9,1,7,beam_2,20,0.0584724000073038,19,0.0030774947372265,False
1,LARGE_MAZE,3414,3414,6,9,1,7,beam_3,20,0.0274715999839827,9,0.0030523999982203,True
1,LARGE_MAZE,3472,3472,7,1,3,6,greedy,20,0.0270649999729357,9,0.003007222219215,True
1,LARGE_MAZE,3472,3472,7,1,3,6,beam_2,20,0.0273426999920047,9,0.0030380777768894,True
1,LARGE_MAZE,3472,3472,7,1,3,6,beam_3,20,0.0265264000045135,9,0.0029473777782792,True
1,LARGE_MAZE,3518,3518,7,2,3,7,greedy,20,0.0248633999726735,9,0.0027625999969637,True
1,LARGE_MAZE,3518,3518,7,2,3,7,beam_2,20,0.0282336000236682,9,0.0031370666692964,True
1,LARGE_MAZE,3518,3518,7,2,3,7,beam_3,20,0.0328338000108487,9,0.0036482000012054,True
1,LARGE_MAZE,3556,3556,7,3,2,7,greedy,20,0.0557595999562181,19,0.0029347157871693,False
1,LARGE_MAZE,3556,3556,7,3,2,7,beam_2,20,0.027870999998413,9,0.0030967777776014,True
1,LARGE_MAZE,3556,3556,7,3,2,7,beam_3,20,0.033449999988079,9,0.0037166666653421,True
1,LARGE_MAZE,3598,3598,7,5,2,1,greedy,20,0.0246787000214681,9,0.0027420777801631,True
1,LARGE_MAZE,3598,3598,7,5,2,1,beam_2,20,0.0266690999851562,9,0.002963233331684,True
1,LARGE_MAZE,3598,3598,7,5,2,1,beam_3,20,0.0302598999696783,9,0.003362211107742,True
1,LARGE_MAZE,3639,3639,7,6,1,7,greedy,20,0.0577085000113584,19,0.003037289474282,False
1,LARGE_MAZE,3639,3639,7,6,1,7,beam_2,20,0.0267237999942153,9,0.0029693111104683,True
1,LARGE_MAZE,3639,3639,7,6,1,7,beam_3,20,0.0282433999818749,9,0.0031381555535416,True
1,LARGE_MAZE,3691,3691,7,7,2,7,greedy,20,0.0233848000061698,9,0.0025983111117966,True
1,LARGE_MAZE,3691,3691,7,7,2,7,beam_2,20,0.0258274999796412,9,0.0028697222199601,True
1,LARGE_MAZE,3691,3691,7,7,2,7,beam_3,20,0.0293944999575614,9,0.0032660555508401,True
1,LARGE_MAZE,3736,3736,7,9,2,7,greedy,20,0.0646295000333339,19,0.0034015526333333,False
1,LARGE_MAZE,3736,3736,7,9,2,7,beam_2,20,0.0405339000280946,9,0.0045037666697882,True
1,LARGE_MAZE,3736,3736,7,9,2,7,beam_3,20,0.0431421999819576,9,0.004793577775773,True
1,LARGE_MAZE,1764,1764,1,1,3,9,greedy,22,0.0426330000045709,10,0.004263300000457,True
1,LARGE_MAZE,1764,1764,1,1,3,9,beam_2,22,0.0435654000029899,10,0.0043565400002989,True
1,LARGE_MAZE,1764,1764,1,1,3,9,beam_3,22,0.0409626999753527,10,0.0040962699975352,True
1,LARGE_MAZE,1827,1827,1,2,7,2,greedy,22,0.0292183000128716,10,0.0029218300012871,True
1,LARGE_MAZE,1827,1827,1,2,7,2,beam_2,22,0.0323126000002957,10,0.0032312600000295,True
1,LARGE_MAZE,1827,1827,1,2,7,2,beam_3,22,0.0362297999672591,10,0.0036229799967259,True
1,LARGE_MAZE,1873,1873,1,3,7,3,greedy,22,0.0281884999712929,10,0.0028188499971292,True
1,LARGE_MAZE,1873,1873,1,3,7,3,beam_2,22,0.0315148999798111,10,0.0031514899979811,True
1,LARGE_MAZE,1873,1873,1,3,7,3,beam_3,22,0.0333135999972,10,0.00333135999972,True
1,LARGE_MAZE,1917,1917,1,4,7,2,greedy,22,0.0681411999976262,19,0.0035863789472434,False
1,LARGE_MAZE,1917,1917,1,4,7,2,beam_2,22,0.0383570999838411,10,0.0038357099983841,True
1,LARGE_MAZE,1917,1917,1,4,7,2,beam_3,22,0.0435047000064514,10,0.0043504700006451,True
1,LARGE_MAZE,1984,1984,1,7,3,3,greedy,22,0.0702221000101417,19,0.0036959000005337,False
1,LARGE_MAZE,1984,1984,1,7,3,3,beam_2,22,0.0321667999960482,10,0.0032166799996048,True
1,LARGE_MAZE,1984,1984,1,7,3,3,beam_3,22,0.0361524000181816,10,0.0036152400018181,True
1,LARGE_MAZE,2015,2015,1,8,1,2,greedy,22,0.0280331000103615,10,0.0028033100010361,True
1,LARGE_MAZE,2015,2015,1,8,1,2,beam_2,22,0.0414491000119596,10,0.0041449100011959,True
1,LARGE_MAZE,2015,2015,1,8,1,2,beam_3,22,0.0443633000249974,10,0.0044363300024997,True
1,LARGE_MAZE,2058,2058,1,8,7,10,greedy,22,0.0364567000069655,10,0.0036456700006965,True
1,LARGE_MAZE,2058,2058,1,8,7,10,beam_2,22,0.0346913000103086,10,0.0034691300010308,True
1,LARGE_MAZE,2058,2058,1,8,7,10,beam_3,22,0.037328400008846,10,0.0037328400008846,True
1,LARGE_MAZE,2132,2132,1,10,5,4,greedy,22,0.0292821999755688,10,0.0029282199975568,True
1,LARGE_MAZE,2132,2132,1,10,5,4,beam_2,22,0.0340052000246942,10,0.0034005200024694,True
1,LARGE_MAZE,2132,2132,1,10,5,4,beam_3,22,0.0375098999938927,10,0.0037509899993892,True
1,LARGE_MAZE,2200,2200,2,3,1,8,greedy,22,0.0311334999860264,10,0.0031133499986026,True
1,LARGE_MAZE,2200,2200,2,3,1,8,beam_2,22,0.0366500999662093,10,0.0036650099966209,True
1,LARGE_MAZE,2200,2200,2,3,1,8,beam_3,22,0.0495088000316172,10,0.0049508800031617,True
1,LARGE_MAZE,2293,2293,2,7,2,1,greedy,22,0.0336036999942734,10,0.0033603699994273,True
1,LARGE_MAZE,2293,2293,2,7,2,1,beam_2,22,0.0415738999727182,10,0.0041573899972718,True
1,LARGE_MAZE,2293,2293,2,7,2,1,beam_3,22,0.0477335000177845,10,0.0047733500017784,True
1,LARGE_MAZE,2328,2328,2,7,7,10,greedy,22,0.0375238000415265,10,0.0037523800041526,True
1,LARGE_MAZE,2328,2328,2,7,7,10,beam_2,22,0.0430120999808423,10,0.0043012099980842,True
1,LARGE_MAZE,2328,2328,2,7,7,10,beam_3,22,0.042400499980431,10,0.0042400499980431,True
1,LARGE_MAZE,2416,2416,3,1,7,7,greedy,22,0.053433799999766,14,0.0038166999999832,True
1,LARGE_MAZE,2416,2416,3,1,7,7,beam_2,22,0.0366524000419303,10,0.003665240004193,True
1,LARGE_MAZE,2416,2416,3,1,7,7,beam_3,22,0.0378859000047668,10,0.0037885900004766,True
1,LARGE_MAZE,2484,2484,3,3,3,9,greedy,22,0.0328852999955415,10,0.0032885299995541,True
1,LARGE_MAZE,2484,2484,3,3,3,9,beam_2,22,0.037051799998153,10,0.0037051799998153,True
1,LARGE_MAZE,2484,2484,3,3,3,9,beam_3,22,0.0454170000157319,10,0.0045417000015731,True
1,LARGE_MAZE,2613,2613,3,7,3,1,greedy,22,0.0328838999848812,10,0.0032883899984881,True
1,LARGE_MAZE,2613,2613,3,7,3,1,beam_2,22,0.041559400036931,10,0.0041559400036931,True
1,LARGE_MAZE,2613,2613,3,7,3,1,beam_3,22,0.0385722999926656,10,0.0038572299992665,True
1,LARGE_MAZE,2666,2666,3,8,4,1,greedy,22,0.0316485000075772,10,0.0031648500007577,True
1,LARGE_MAZE,2666,2666,3,8,4,1,beam_2,22,0.0355552000110037,10,0.0035555200011003,True
1,LARGE_MAZE,2666,2666,3,8,4,1,beam_3,22,0.0371792000369168,10,0.0037179200036916,True
1,LARGE_MAZE,2714,2714,3,9,5,1,greedy,22,0.0300824000150896,10,0.0030082400015089,True
1,LARGE_MAZE,2714,2714,3,9,5,1,beam_2,22,0.0326018999912776,10,0.0032601899991277,True
1,LARGE_MAZE,2714,2714,3,9,5,1,beam_3,22,0.0343417000258341,10,0.0034341700025834,True
1,LARGE_MAZE,2760,2760,3,10,5,2,greedy,22,0.0272621000185608,10,0.002726210001856,True
1,LARGE_MAZE,2760,2760,3,10,5,2,beam_2,22,0.0313055000151507,10,0.003130550001515,True
1,LARGE_MAZE,2760,2760,3,10,5,2,beam_3,22,0.0326661000144667,10,0.0032666100014466,True
1,LARGE_MAZE,2814,2814,4,1,6,7,greedy,22,0.032859000028111,10,0.0032859000028111,True
1,LARGE_MAZE,2814,2814,4,1,6,7,beam_2,22,0.0368342000292614,10,0.0036834200029261,True
1,LARGE_MAZE,2814,2814,4,1,6,7,beam_3,22,0.0466197999776341,10,0.0046619799977634,True
1,LARGE_MAZE,2919,2919,5,1,1,7,greedy,22,0.0774753000005148,19,0.0040776473684481,False
1,LARGE_MAZE,2919,2919,5,1,1,7,beam_2,22,0.0396059999475255,10,0.0039605999947525,True
1,LARGE_MAZE,2919,2919,5,1,1,7,beam_3,22,0.0448417000006884,10,0.0044841700000688,True
1,LARGE_MAZE,3011,3011,5,3,1,9,greedy,22,0.0434568999917246,10,0.0043456899991724,True
1,LARGE_MAZE,3011,3011,5,3,1,9,beam_2,22,0.0392866000183858,10,0.0039286600018385,True
1,LARGE_MAZE,3011,3011,5,3,1,9,beam_3,22,0.039527699991595,10,0.0039527699991595,True
1,LARGE_MAZE,3125,3125,5,5,5,9,greedy,22,0.0337295000208541,10,0.0033729500020854,True
1,LARGE_MAZE,3125,3125,5,5,5,9,beam_2,22,0.0429267000290565,10,0.0042926700029056,True
1,LARGE_MAZE,3125,3125,5,5,5,9,beam_3,22,0.0452502999687567,10,0.0045250299968756,True
1,LARGE_MAZE,3188,3188,5,9,1,5,greedy,22,0.0378355999710038,10,0.0037835599971003,True
1,LARGE_MAZE,3188,3188,5,9,1,5,beam_2,22,0.0419790999731048,10,0.0041979099973104,True
1,LARGE_MAZE,3188,3188,5,9,1,5,beam_3,22,0.0394293999997898,10,0.0039429399999789,True
1,LARGE_MAZE,3280,3280,6,3,1,8,greedy,22,0.0365583000238984,10,0.0036558300023898,True
1,LARGE_MAZE,3280,3280,6,3,1,8,beam_2,22,0.0373157999711111,10,0.0037315799971111,True
1,LARGE_MAZE,3280,3280,6,3,1,8,beam_3,22,0.040797299996484,10,0.0040797299996484,True
1,LARGE_MAZE,3376,3376,6,7,2,7,greedy,22,0.0343361999839544,10,0.0034336199983954,True
1,LARGE_MAZE,3376,3376,6,7,2,7,beam_2,22,0.0365938000031746,10,0.0036593800003174,True
1,LARGE_MAZE,3376,3376,6,7,2,7,beam_3,22,0.0402752999798394,10,0.0040275299979839,True
1,LARGE_MAZE,3433,3433,6,9,4,5,greedy,22,0.0355131999822333,10,0.0035513199982233,True
1,LARGE_MAZE,3433,3433,6,9,4,5,beam_2,22,0.0850726999924518,10,0.0085072699992451,True
1,LARGE_MAZE,3433,3433,6,9,4,5,beam_3,22,0.0482621000264771,10,0.0048262100026477,True
1,LARGE_MAZE,3496,3496,7,1,7,7,greedy,22,0.0369395000161603,10,0.003693950001616,True
1,LARGE_MAZE,3496,3496,7,1,7,7,beam_2,22,0.0425741999642923,10,0.0042574199964292,True
1,LARGE_MAZE,3496,3496,7,1,7,7,beam_3,22,0.0432374000083655,10,0.0043237400008365,True
1,LARGE_MAZE,3519,3519,7,2,3,8,greedy,22,0.0353106000111438,10,0.0035310600011143,True
1,LARGE_MAZE,3519,3519,7,2,3,8,beam_2,22,0.0368526000529527,10,0.0036852600052952,True
1,LARGE_MAZE,3519,3519,7,2,3,8,beam_3,22,0.0524794000084511,10,0.0052479400008451,True
1,LARGE_MAZE,3575,3575,7,3,5,7,greedy,22,0.0698507000342942,19,0.0036763526333839,False
1,LARGE_MAZE,3575,3575,7,3,5,7,beam_2,22,0.0406714000273495,10,0.0040671400027349,True
1,LARGE_MAZE,3575,3575,7,3,5,7,beam_3,22,0.0404136999859474,10,0.0040413699985947,True
1,LARGE_MAZE,3614,3614,7,5,4,10,greedy,22,0.0342781000072136,10,0.0034278100007213,True
1,LARGE_MAZE,3614,3614,7,5,4,10,beam_2,22,0.0372488999855704,10,0.003724889998557,True
1,LARGE_MAZE,3614,3614,7,5,4,10,beam_3,22,0.0390375000424683,10,0.0039037500042468,True
1,LARGE_MAZE,3649,3649,7,6,3,2,greedy,22,0.0681543999817222,19,0.0035870736832485,False
1,LARGE_MAZE,3649,3649,7,6,3,2,beam_2,22,0.0753059000126086,19,0.0039634684217162,False
1,LARGE_MAZE,3649,3649,7,6,3,2,beam_3,22,0.0508541999734006,10,0.00508541999734,True
1,LARGE_MAZE,3700,3700,7,7,3,9,greedy,22,0.0384733999962918,10,0.0038473399996291,True
1,LARGE_MAZE,3700,3700,7,7,3,9,beam_2,22,0.0415299999876879,10,0.0041529999987687,True
1,LARGE_MAZE,3700,3700,7,7,3,9,beam_3,22,0.0443584999884478,10,0.0044358499988447,True
1,LARGE_MAZE,3781,3781,7,10,2,7,greedy,22,0.0692131000105291,19,0.0036427947373962,False
1,LARGE_MAZE,3781,3781,7,10,2,7,beam_2,22,0.0371163000236265,10,0.0037116300023626,True
1,LARGE_MAZE,3781,3781,7,10,2,7,beam_3,22,0.036799699999392,10,0.0036799699999392,True
1,LARGE_MAZE,1795,1795,1,2,1,9,greedy,24,0.0338886000099591,11,0.0030807818190871,True
1,LARGE_MAZE,1795,1795,1,2,1,9,beam_2,24,0.0451186000136658,11,0.0041016909103332,True
1,LARGE_MAZE,1795,1795,1,2,1,9,beam_3,24,0.044464299979154,11,0.004042209089014,True
1,LARGE_MAZE,1841,1841,1,3,1,10,greedy,24,0.0650695000076666,19,0.0034247105267192,False
1,LARGE_MAZE,1841,1841,1,3,1,10,beam_2,24,0.0371087999665178,11,0.0033735272696834,True
1,LARGE_MAZE,1841,1841,1,3,1,10,beam_3,24,0.0384036000468768,11,0.0034912363678978,True
1,LARGE_MAZE,1910,1910,1,4,5,9,greedy,24,0.0343143999925814,11,0.0031194909084164,True
1,LARGE_MAZE,1910,1910,1,4,5,9,beam_2,24,0.0371365000028163,11,0.0033760454548014,True
1,LARGE_MAZE,1910,1910,1,4,5,9,beam_3,24,0.0404782000114209,11,0.0036798363646746,True
1,LARGE_MAZE,1991,1991,1,7,4,1,greedy,24,0.0388076000381261,13,0.0029852000029327,True
1,LARGE_MAZE,1991,1991,1,7,4,1,beam_2,24,0.0371484000352211,11,0.0033771272759291,True
1,LARGE_MAZE,1991,1991,1,7,4,1,beam_3,24,0.0392518999869935,11,0.0035683545442721,True
1,LARGE_MAZE,2029,2029,1,8,3,3,greedy,24,0.0584366000257432,19,0.0030756105276706,False
1,LARGE_MAZE,2029,2029,1,8,3,3,beam_2,24,0.0361661000060848,11,0.0032878272732804,True
1,LARGE_MAZE,2029,2029,1,8,3,3,beam_3,24,0.0396819000015966,11,0.0036074454546906,True
1,LARGE_MAZE,2068,2068,1,9,2,3,greedy,24,0.0338160999817773,11,0.0030741909074343,True
1,LARGE_MAZE,2068,2068,1,9,2,3,beam_2,24,0.0360675999545492,11,0.0032788727231408,True
1,LARGE_MAZE,2068,2068,1,9,2,3,beam_3,24,0.0434388000285252,11,0.003948981820775,True
1,LARGE_MAZE,2131,2131,1,10,5,3,greedy,24,0.0330386999994516,11,0.0030035181817683,True
1,LARGE_MAZE,2131,2131,1,10,5,3,beam_2,24,0.0352041999576613,11,0.0032003818143328,True
1,LARGE_MAZE,2131,2131,1,10,5,3,beam_3,24,0.039385600015521,11,0.00358050909232,True
1,LARGE_MAZE,2201,2201,2,3,1,9,greedy,24,0.0320114999776706,11,0.0029101363616064,True
1,LARGE_MAZE,2201,2201,2,3,1,9,beam_2,24,0.0360562999849207,11,0.0032778454531746,True
1,LARGE_MAZE,2201,2201,2,3,1,9,beam_3,24,0.0434441000106744,11,0.003949463637334,True
1,LARGE_MAZE,2282,2282,2,5,7,9,greedy,24,0.0388364000245928,11,0.0035305818204175,True
1,LARGE_MAZE,2282,2282,2,5,7,9,beam_2,24,0.0413490000064484,11,0.0037590000005862,True
1,LARGE_MAZE,2282,2282,2,5,7,9,beam_3,24,0.052518299955409,11,0.0047743909050371,True
1,LARGE_MAZE,2339,2339,2,10,2,3,greedy,24,0.0385661000036634,11,0.0035060090912421,True
1,LARGE_MAZE,2339,2339,2,10,2,3,beam_2,24,0.0480238999589346,11,0.0043658090871758,True
1,LARGE_MAZE,2339,2339,2,10,2,3,beam_3,24,0.0412202000152319,11,0.0037472909104756,True
1,LARGE_MAZE,2393,2393,3,1,3,8,greedy,24,0.0334360999986529,11,0.0030396454544229,True
1,LARGE_MAZE,2393,2393,3,1,3,8,beam_2,24,0.0388559999992139,11,0.0035323636362921,True
1,LARGE_MAZE,2393,2393,3,1,3,8,beam_3,24,0.042734999966342,11,0.0038849999969401,True
1,LARGE_MAZE,2470,2470,3,3,1,8,greedy,24,0.0341925999964587,11,0.0031084181814962,True
1,LARGE_MAZE,2470,2470,3,3,1,8,beam_2,24,0.0379883999703452,11,0.003453490906395,True
1,LARGE_MAZE,2470,2470,3,3,1,8,beam_3,24,0.0413691000430844,11,0.003760827276644,True
1,LARGE_MAZE,2674,2674,3,8,5,7,greedy,24,0.0592816999997012,19,0.0031200894736684,False
1,LARGE_MAZE,2674,2674,3,8,5,7,beam_2,24,0.0382157000130973,11,0.0034741545466452,True
1,LARGE_MAZE,2674,2674,3,8,5,7,beam_3,24,0.0401209999690763,11,0.0036473636335523,True
1,LARGE_MAZE,2724,2724,3,9,6,7,greedy,24,0.0618703000363893,19,0.0032563315808625,False
1,LARGE_MAZE,2724,2724,3,9,6,7,beam_2,24,0.0428726999671198,11,0.003897518178829,True
1,LARGE_MAZE,2724,2724,3,9,6,7,beam_3,24,0.0809634000179357,11,0.0073603090925396,True
1,LARGE_MAZE,2773,2773,3,10,7,3,greedy,24,0.0432542000198736,11,0.0039322000018066,True
1,LARGE_MAZE,2773,2773,3,10,7,3,beam_2,24,0.0476334999548271,11,0.0043303181777115,True
1,LARGE_MAZE,2773,2773,3,10,7,3,beam_3,24,0.0437252999981865,11,0.0039750272725624,True
1,LARGE_MAZE,2867,2867,4,5,7,9,greedy,24,0.0696589999715797,19,0.0036662631563989,False
1,LARGE_MAZE,2867,2867,4,5,7,9,beam_2,24,0.0406906999996863,11,0.003699154545426,True
1,LARGE_MAZE,2867,2867,4,5,7,9,beam_3,24,0.0438895999686792,11,0.0039899636335162,True
1,LARGE_MAZE,2910,2910,4,10,7,6,greedy,24,0.0410143000190146,11,0.0037285727290013,True
1,LARGE_MAZE,2910,2910,4,10,7,6,beam_2,24,0.0439535999903455,11,0.0039957818173041,True
1,LARGE_MAZE,2910,2910,4,10,7,6,beam_3,24,0.0449497000081464,11,0.0040863363643769,True
1,LARGE_MAZE,2984,2984,5,2,4,10,greedy,24,0.0360449000145308,11,0.00327680909223,True
1,LARGE_MAZE,2984,2984,5,2,4,10,beam_2,24,0.0421372999553568,11,0.0038306636323051,True
1,LARGE_MAZE,2984,2984,5,2,4,10,beam_3,24,0.0446282000048086,11,0.0040571090913462,True
1,LARGE_MAZE,3142,3142,5,7,1,4,greedy,24,0.0398464000318199,11,0.0036224000028927,True
1,LARGE_MAZE,3142,3142,5,7,1,4,beam_2,24,0.0404503000318072,11,0.0036773000028915,True
1,LARGE_MAZE,3142,3142,5,7,1,4,beam_3,24,0.0451869000098668,11,0.0041079000008969,True
1,LARGE_MAZE,3187,3187,5,9,1,4,greedy,24,0.0378491000155918,11,0.0034408272741447,True
1,LARGE_MAZE,3187,3187,5,9,1,4,beam_2,24,0.0404821999836713,11,0.0036801999985155,True
1,LARGE_MAZE,3187,3187,5,9,1,4,beam_3,24,0.0467005000100471,11,0.0042455000009133,True
1,LARGE_MAZE,3269,3269,5,10,7,5,greedy,24,0.0349589000106789,11,0.0031780818191526,True
1,LARGE_MAZE,3269,3269,5,10,7,5,beam_2,24,0.039393100014422,11,0.003581190910402,True
1,LARGE_MAZE,3269,3269,5,10,7,5,beam_3,24,0.0403698000009171,11,0.0036699818182651,True
1,LARGE_MAZE,3366,3366,6,7,1,3,greedy,24,0.0403416999615728,13,0.0031032076893517,True
1,LARGE_MAZE,3366,3366,6,7,1,3,beam_2,24,0.0378656000248156,11,0.0034423272749832,True
1,LARGE_MAZE,3366,3366,6,7,1,3,beam_3,24,0.0419118999852798,11,0.0038101727259345,True
1,LARGE_MAZE,3413,3413,6,9,1,5,greedy,24,0.0325103999930433,11,0.0029554909084584,True
1,LARGE_MAZE,3413,3413,6,9,1,5,beam_2,24,0.0358204999938607,11,0.0032564090903509,True
1,LARGE_MAZE,3413,3413,6,9,1,5,beam_3,24,0.0419744999962858,11,0.0038158636360259,True
1,LARGE_MAZE,3466,3466,7,1,2,7,greedy,24,0.0359530999558046,11,0.0032684636323458,True
1,LARGE_MAZE,3466,3466,7,1,2,7,beam_2,24,0.0400211000232957,11,0.0036382818202996,True
1,LARGE_MAZE,3466,3466,7,1,2,7,beam_3,24,0.0390946000115945,11,0.0035540545465085,True
1,LARGE_MAZE,3520,3520,7,2,3,9,greedy,24,0.0327720000059343,11,0.0029792727278122,True
1,LARGE_MAZE,3520,3520,7,2,3,9,beam_2,24,0.042149499990046,11,0.0038317727263678,True
1,LARGE_MAZE,3520,3520,7,2,3,9,beam_3,24,0.0425325999967753,11,0.0038665999997068,True
1,LARGE_MAZE,3622,3622,7,5,5,10,greedy,24,0.037062200019136,11,0.0033692909108305,True
1,LARGE_MAZE,3622,3622,7,5,5,10,beam_2,24,0.0422066000173799,11,0.0038369636379436,True
1,LARGE_MAZE,3622,3622,7,5,5,10,beam_3,24,0.0480012000189162,11,0.0043637454562651,True
1,LARGE_MAZE,3659,3659,7,6,4,10,greedy,24,0.0344080000068061,11,0.0031280000006187,True
1,LARGE_MAZE,3659,3659,7,6,4,10,beam_2,24,0.0398157999734394,11,0.0036196181794035,True
1,LARGE_MAZE,3659,3659,7,6,4,10,beam_3,24,0.0407697999617084,11,0.0037063454510644,True
1,LARGE_MAZE,3694,3694,7,7,3,2,greedy,24,0.082059099979233,19,0.004318899998907,False
1,LARGE_MAZE,3694,3694,7,7,3,2,beam_2,24,0.1046891000005416,19,0.0055099526316074,False
1,LARGE_MAZE,3694,3694,7,7,3,2,beam_3,24,0.0556246999767608,11,0.0050567909069782,True
1,LARGE_MAZE,3786,3786,7,10,3,5,greedy,24,0.0420390000217594,11,0.0038217272747054,True
1,LARGE_MAZE,3786,3786,7,10,3,5,beam_2,24,0.0492373000015504,11,0.0044761181819591,True
1,LARGE_MAZE,3786,3786,7,10,3,5,beam_3,24,0.0568177999812178,11,0.005165254543747,True
1,LARGE_MAZE,1796,1796,1,2,1,10,greedy,26,0.0727965999976731,19,0.0038313999998775,False
1,LARGE_MAZE,1796,1796,1,2,1,10,beam_2,26,0.0468947000335902,12,0.0039078916694658,True
1,LARGE_MAZE,1796,1796,1,2,1,10,beam_3,26,0.0572896999656222,12,0.0047741416638018,True
1,LARGE_MAZE,1871,1871,1,3,7,1,greedy,26,0.0789569999906234,19,0.0041556315784538,False
1,LARGE_MAZE,1871,1871,1,3,7,1,beam_2,26,0.1419407000066712,12,0.0118283916672226,True
1,LARGE_MAZE,1871,1871,1,3,7,1,beam_3,26,0.0532377999625168,12,0.0044364833302097,True
1,LARGE_MAZE,2006,2006,1,7,7,1,greedy,26,0.0464119999669492,12,0.0038676666639124,True
1,LARGE_MAZE,2006,2006,1,7,7,1,beam_2,26,0.0495495999930426,12,0.0041291333327535,True
1,LARGE_MAZE,2006,2006,1,7,7,1,beam_3,26,0.0490900999866426,12,0.0040908416655535,True
1,LARGE_MAZE,2052,2052,1,8,7,2,greedy,26,0.0433726999908685,12,0.0036143916659057,True
1,LARGE_MAZE,2052,2052,1,8,7,2,beam_2,26,0.0478268000297248,12,0.0039855666691437,True
1,LARGE_MAZE,2052,2052,1,8,7,2,beam_3,26,0.0486884000129066,12,0.0040573666677422,True
1,LARGE_MAZE,2101,2101,1,9,7,7,greedy,26,0.039341699972283,12,0.0032784749976902,True
1,LARGE_MAZE,2101,2101,1,9,7,7,beam_2,26,0.0428161000018008,12,0.0035680083334834,True
1,LARGE_MAZE,2101,2101,1,9,7,7,beam_3,26,0.0441516999853774,12,0.0036793083321147,True
1,LARGE_MAZE,2145,2145,1,10,7,6,greedy,26,0.0391820999793708,12,0.0032651749982809,True
1,LARGE_MAZE,2145,2145,1,10,7,6,beam_2,26,0.043644499965012,12,0.003637041663751,True
1,LARGE_MAZE,2145,2145,1,10,7,6,beam_3,26,0.0445167999714612,12,0.0037097333309551,True
1,LARGE_MAZE,2226,2226,2,3,5,10,greedy,26,0.0525981999817304,14,0.0037570142844093,True
1,LARGE_MAZE,2226,2226,2,3,5,10,beam_2,26,0.0532911000191234,12,0.0044409250015936,True
1,LARGE_MAZE,2226,2226,2,3,5,10,beam_3,26,0.0496747000142931,12,0.0041395583345244,True
1,LARGE_MAZE,2354,2354,2,10,5,1,greedy,26,0.0691025999840349,19,0.0036369789465281,False
1,LARGE_MAZE,2354,2354,2,10,5,1,beam_2,26,0.0450956000131554,12,0.0037579666677629,True
1,LARGE_MAZE,2354,2354,2,10,5,1,beam_3,26,0.0485604000277817,12,0.0040467000023151,True
1,LARGE_MAZE,2404,2404,3,1,5,7,greedy,26,0.0654008000274188,19,0.0034421473698641,False
1,LARGE_MAZE,2404,2404,3,1,5,7,beam_2,26,0.0430628000176511,12,0.0035885666681375,True
1,LARGE_MAZE,2404,2404,3,1,5,7,beam_3,26,0.0441355000366456,12,0.0036779583363871,True
1,LARGE_MAZE,2477,2477,3,3,2,10,greedy,26,0.0605507000000216,19,0.0031868789473695,False
1,LARGE_MAZE,2477,2477,3,3,2,10,beam_2,26,0.041425600007642,12,0.0034521333339701,True
1,LARGE_MAZE,2477,2477,3,3,2,10,beam_3,26,0.0441266999696381,12,0.0036772249974698,True
1,LARGE_MAZE,2726,2726,3,9,7,1,greedy,26,0.0410478999838233,12,0.0034206583319852,True
1,LARGE_MAZE,2726,2726,3,9,7,1,beam_2,26,0.0453565999632701,12,0.0037797166636058,True
1,LARGE_MAZE,2726,2726,3,9,7,1,beam_3,26,0.0466714000212959,12,0.0038892833351079,True
1,LARGE_MAZE,2772,2772,3,10,7,2,greedy,26,0.0379262000205926,12,0.0031605166683827,True
1,LARGE_MAZE,2772,2772,3,10,7,2,beam_2,26,0.0411241000401787,12,0.0034270083366815,True
1,LARGE_MAZE,2772,2772,3,10,7,2,beam_3,26,0.0426575999590568,12,0.003554799996588,True
1,LARGE_MAZE,2885,2885,4,10,3,3,greedy,26,0.0660715000121854,19,0.0034774473690623,False
1,LARGE_MAZE,2885,2885,4,10,3,3,beam_2,26,0.0396304000169038,12,0.0033025333347419,True
1,LARGE_MAZE,2885,2885,4,10,3,3,beam_3,26,0.0422442000126466,12,0.0035203500010538,True
1,LARGE_MAZE,2927,2927,5,1,2,10,greedy,26,0.0648896000348031,19,0.0034152421070949,False
1,LARGE_MAZE,2927,2927,5,1,2,10,beam_2,26,0.0429638999630697,12,0.0035803249969224,True
1,LARGE_MAZE,2927,2927,5,1,2,10,beam_3,26,0.0468900999985635,12,0.0039075083332136,True
1,LARGE_MAZE,3085,3085,5,4,6,9,greedy,26,0.0425687999813817,12,0.0035473999984484,True
1,LARGE_MAZE,3085,3085,5,4,6,9,beam_2,26,0.0563197000301443,12,0.0046933083358453,True
1,LARGE_MAZE,3085,3085,5,4,6,9,beam_3,26,0.0717792999930679,12,0.0059816083327556,True
1,LARGE_MAZE,3160,3160,5,7,3,9,greedy,26,0.062649399973452,12,0.005220783331121,True
1,LARGE_MAZE,3160,3160,5,7,3,9,beam_2,26,0.0715613000211305,12,0.0059634416684275,True
1,LARGE_MAZE,3160,3160,5,7,3,9,beam_3,26,0.0575540999998338,12,0.0047961749999861,True
1,LARGE_MAZE,3230,3230,5,10,1,2,greedy,26,0.0472654000041075,12,0.0039387833336756,True
1,LARGE_MAZE,3230,3230,5,10,1,2,beam_2,26,0.051085100043565,12,0.004257091670297,True
1,LARGE_MAZE,3230,3230,5,10,1,2,beam_3,26,0.0504661999875679,12,0.0042055166656306,True
1,LARGE_MAZE,3282,3282,6,3,1,10,greedy,26,0.0675020000198856,19,0.0035527368431518,False
1,LARGE_MAZE,3282,3282,6,3,1,10,beam_2,26,0.0465321000083349,12,0.0038776750006945,True
1,LARGE_MAZE,3282,3282,6,3,1,10,beam_3,26,0.0471604000194929,12,0.0039300333349577,True
1,LARGE_MAZE,3373,3373,6,7,2,1,greedy,26,0.045147500000894,14,0.0032248214286352,True
1,LARGE_MAZE,3373,3373,6,7,2,1,beam_2,26,0.0511299000354483,14,0.0036521357168177,True
1,LARGE_MAZE,3373,3373,6,7,2,1,beam_3,26,0.0446054000058211,12,0.0037171166671517,True
1,LARGE_MAZE,3438,3438,6,9,5,4,greedy,26,0.0631944999913685,19,0.0033260263153351,False
1,LARGE_MAZE,3438,3438,6,9,5,4,beam_2,26,0.0461710999952629,12,0.0038475916662719,True
1,LARGE_MAZE,3438,3438,6,9,5,4,beam_3,26,0.0469851999660022,12,0.0039154333305001,True
1,LARGE_MAZE,3485,3485,7,1,5,7,greedy,26,0.040508999954909,12,0.0033757499962424,True
1,LARGE_MAZE,3485,3485,7,1,5,7,beam_2,26,0.0386423000018112,12,0.0032201916668176,True
1,LARGE_MAZE,3485,3485,7,1,5,7,beam_3,26,0.0427674999809823,12,0.0035639583317485,True
1,LARGE_MAZE,3569,3569,7,3,4,10,greedy,26,0.0389353000209666,12,0.0032446083350805,True
1,LARGE_MAZE,3569,3569,7,3,4,10,beam_2,26,0.0440295999869704,12,0.0036691333322475,True
1,LARGE_MAZE,3569,3569,7,3,4,10,beam_3,26,0.0458721999893896,12,0.0038226833324491,True
1,LARGE_MAZE,3686,3686,7,7,1,9,greedy,26,0.0604484999785199,19,0.0031814999988694,False
1,LARGE_MAZE,3686,3686,7,7,1,9,beam_2,26,0.0444112000404857,12,0.0037009333367071,True
1,LARGE_MAZE,3686,3686,7,7,1,9,beam_3,26,0.0404653000296093,12,0.0033721083358007,True
1,LARGE_MAZE,3754,3754,7,9,5,5,greedy,26,0.036824400012847,12,0.0030687000010705,True
1,LARGE_MAZE,3754,3754,7,9,5,5,beam_2,26,0.0475784000009298,12,0.0039648666667441,True
1,LARGE_MAZE,3754,3754,7,9,5,5,beam_3,26,0.0532496999949216,12,0.0044374749995768,True
1,LARGE_MAZE,1779,1779,1,1,6,7,greedy,28,0.0419246000237762,13,0.0032249692325981,True
1,LARGE_MAZE,1779,1779,1,1,6,7,beam_2,28,0.0434905000147409,13,0.0033454230780569,True
1,LARGE_MAZE,1779,1779,1,1,6,7,beam_3,28,0.0531917000189423,13,0.0040916692322263,True
1,LARGE_MAZE,1968,1968,1,5,7,10,greedy,28,0.035394600010477,13,0.0027226615392674,True
1,LARGE_MAZE,1968,1968,1,5,7,10,beam_2,28,0.0460015999851748,13,0.0035385846142442,True
1,LARGE_MAZE,1968,1968,1,5,7,10,beam_3,28,0.0504666000488214,13,0.0038820461576016,True
1,LARGE_MAZE,2073,2073,1,9,3,2,greedy,28,0.0404283999814651,13,0.0031098769216511,True
1,LARGE_MAZE,2073,2073,1,9,3,2,beam_2,28,0.0486848999862559,13,0.003744992306635,True
1,LARGE_MAZE,2073,2073,1,9,3,2,beam_3,28,0.0485628999886103,13,0.0037356076914315,True
1,LARGE_MAZE,2119,2119,1,10,3,3,greedy,28,0.0633652000105939,19,0.0033350105268733,False
1,LARGE_MAZE,2119,2119,1,10,3,3,beam_2,28,0.0676371000008657,13,0.0052028538462204,True
1,LARGE_MAZE,2119,2119,1,10,3,3,beam_3,28,0.0552663999842479,13,0.0042512615372498,True
1,LARGE_MAZE,2161,2161,2,1,2,10,greedy,28,0.072391299996525,19,0.0038100684208697,False
1,LARGE_MAZE,2161,2161,2,1,2,10,beam_2,28,0.052993300021626,13,0.0040764076939712,True
1,LARGE_MAZE,2161,2161,2,1,2,10,beam_3,28,0.052396300015971,13,0.0040304846166131,True
1,LARGE_MAZE,2338,2338,2,10,2,1,greedy,28,0.0397314000292681,13,0.0030562615407129,True
1,LARGE_MAZE,2338,2338,2,10,2,1,beam_2,28,0.0477970999781973,13,0.0036766999983228,True
1,LARGE_MAZE,2338,2338,2,10,2,1,beam_3,28,0.0599236999987624,13,0.0046095153845201,True
1,LARGE_MAZE,2380,2380,3,1,1,8,greedy,28,0.048851600033231,13,0.0037578153871716,True
1,LARGE_MAZE,2380,2380,3,1,1,8,beam_2,28,0.0540750000509433,13,0.0041596153885341,True
1,LARGE_MAZE,2380,2380,3,1,1,8,beam_3,28,0.0589866999653168,13,0.0045374384588705,True
1,LARGE_MAZE,2449,2449,3,2,5,7,greedy,28,0.0947703000274486,19,0.0049879105277604,False
1,LARGE_MAZE,2449,2449,3,2,5,7,beam_2,28,0.0996182999806478,19,0.005243068420034,False
1,LARGE_MAZE,2449,2449,3,2,5,7,beam_3,28,0.068452299979981,13,0.0052655615369216,True
1,LARGE_MAZE,2764,2764,3,10,5,7,greedy,28,0.0626413999707438,13,0.0048185692285187,True
1,LARGE_MAZE,2764,2764,3,10,5,7,beam_2,28,0.057112300011795,13,0.0043932538470611,True
1,LARGE_MAZE,2764,2764,3,10,5,7,beam_3,28,0.0627454000059515,13,0.004826569231227,True
1,LARGE_MAZE,2878,2878,4,10,2,1,greedy,28,0.0571428000112064,13,0.004395600000862,True
1,LARGE_MAZE,2878,2878,4,10,2,1,beam_2,28,0.0679039999959059,13,0.0052233846150696,True
1,LARGE_MAZE,2878,2878,4,10,2,1,beam_3,28,0.0720788000035099,13,0.005544523077193,True
1,LARGE_MAZE,2922,2922,5,1,1,10,greedy,28,0.0781457999837584,19,0.0041129368412504,False
1,LARGE_MAZE,2922,2922,5,1,1,10,beam_2,28,0.0779773999820463,13,0.0059982615370804,True
1,LARGE_MAZE,2922,2922,5,1,1,10,beam_3,28,0.0714895999990403,13,0.0054991999999261,True
1,LARGE_MAZE,3138,3138,5,5,7,10,greedy,28,0.0910212000017054,19,0.0047905894737739,False
1,LARGE_MAZE,3138,3138,5,5,7,10,beam_2,28,0.0746923999977298,13,0.0057455692305946,True
1,LARGE_MAZE,3138,3138,5,5,7,10,beam_3,28,0.060339399962686,13,0.004641492304822,True
1,LARGE_MAZE,3154,3154,5,7,3,2,greedy,28,0.071140700019896,19,0.0037442473694682,False
1,LARGE_MAZE,3154,3154,5,7,3,2,beam_2,28,0.0857864000136032,19,0.0045150736849264,False
1,LARGE_MAZE,3154,3154,5,7,3,2,beam_3,28,0.0569981999578885,13,0.0043844769198375,True
1,LARGE_MAZE,3217,3217,5,9,6,3,greedy,28,0.0554575000423938,13,0.0042659615417226,True
1,LARGE_MAZE,3217,3217,5,9,6,3,beam_2,28,0.0642918000230565,13,0.0049455230786966,True
1,LARGE_MAZE,3217,3217,5,9,6,3,beam_3,28,0.0769420000142417,13,0.0059186153857109,True
1,LARGE_MAZE,3268,3268,5,10,7,3,greedy,28,0.059347299975343,13,0.0045651769211802,True
1,LARGE_MAZE,3268,3268,5,10,7,3,beam_2,28,0.0733564000111073,13,0.0056428000008544,True
1,LARGE_MAZE,3268,3268,5,10,7,3,beam_3,28,0.075405600015074,13,0.0058004307703903,True
1,LARGE_MAZE,3371,3371,6,7,1,9,greedy,28,0.0896762999473139,19,0.0047198052603849,False
1,LARGE_MAZE,3371,3371,6,7,1,9,beam_2,28,0.0611176000093109,13,0.00470135384687,True
1,LARGE_MAZE,3371,3371,6,7,1,9,beam_3,28,0.0617920000222511,13,0.0047532307709423,True
1,LARGE_MAZE,3437,3437,6,9,5,3,greedy,28,0.0530817999970167,13,0.0040832153843859,True
1,LARGE_MAZE,3437,3437,6,9,5,3,beam_2,28,0.0553271999815478,13,0.004255938460119,True
1,LARGE_MAZE,3437,3437,6,9,5,3,beam_3,28,0.0570861999876797,13,0.0043912461528984,True
1,LARGE_MAZE,3512,3512,7,2,2,10,greedy,28,0.0691052000038325,19,0.0036371157896753,False
1,LARGE_MAZE,3512,3512,7,2,2,10,beam_2,28,0.0520086000324226,13,0.0040006615409555,True
1,LARGE_MAZE,3512,3512,7,2,2,10,beam_3,28,0.0526542000006884,13,0.004050323076976,True
1,LARGE_MAZE,3666,3666,7,6,5,9,greedy,28,0.0446338000474497,13,0.0034333692344192,True
1,LARGE_MAZE,3666,3666,7,6,5,9,beam_2,28,0.048072800040245,13,0.0036979076954034,True
1,LARGE_MAZE,3666,3666,7,6,5,9,beam_3,28,0.0595922999782487,13,0.0045840230752499,True
1,LARGE_MAZE,3759,3759,7,9,6,5,greedy,28,0.0471598000149242,13,0.0036276769242249,True
1,LARGE_MAZE,3759,3759,7,9,6,5,beam_2,28,0.0562159999972209,13,0.0043243076920939,True
1,LARGE_MAZE,3759,3759,7,9,6,5,beam_3,28,0.0652217000024393,13,0.0050170538463414,True
1,LARGE_MAZE,1825,1825,1,2,6,9,greedy,30,0.0894067999906838,19,0.0047056210521412,False
1,LARGE_MAZE,1825,1825,1,2,6,9,beam_2,30,0.0663470000145025,14,0.0047390714296073,True
1,LARGE_MAZE,1825,1825,1,2,6,9,beam_3,30,0.0639219000004231,14,0.0045658500000302,True
1,LARGE_MAZE,2096,2096,1,9,7,1,greedy,30,0.0710908999899402,19,0.00374162631526,False
1,LARGE_MAZE,2096,2096,1,9,7,1,beam_2,30,0.059098300000187,14,0.0042213071428705,True
1,LARGE_MAZE,2096,2096,1,9,7,1,beam_3,30,0.0576835999963805,14,0.0041202571425986,True
1,LARGE_MAZE,2142,2142,1,10,7,2,greedy,30,0.0460716999950818,14,0.0032908357139344,True
1,LARGE_MAZE,2142,2142,1,10,7,2,beam_2,30,0.0572867000009864,14,0.0040919071429276,True
1,LARGE_MAZE,2142,2142,1,10,7,2,beam_3,30,0.0581167999771423,14,0.0041511999983673,True
1,LARGE_MAZE,2359,2359,2,10,5,7,greedy,30,0.048310299986042,14,0.0034507357132887,True
1,LARGE_MAZE,2359,2359,2,10,5,7,beam_2,30,0.0528967999853193,14,0.0037783428560942,True
1,LARGE_MAZE,2359,2359,2,10,5,7,beam_3,30,0.0576655000331811,14,0.0041189642880843,True
1,LARGE_MAZE,2427,2427,3,2,1,10,greedy,30,0.0609181000036187,19,0.0032062157896641,False
1,LARGE_MAZE,2427,2427,3,2,1,10,beam_2,30,0.0489030000171624,14,0.0034930714297973,True
1,LARGE_MAZE,2427,2427,3,2,1,10,beam_3,30,0.053208099969197,14,0.0038005785692283,True
1,LARGE_MAZE,2811,2811,4,1,5,10,greedy,30,0.0550396000035107,14,0.0039314000002507,True
1,LARGE_MAZE,2811,2811,4,1,5,10,beam_2,30,0.0544921999680809,14,0.00389229999772,True
1,LARGE_MAZE,2811,2811,4,1,5,10,beam_3,30,0.0563840999966487,14,0.0040274357140463,True
1,LARGE_MAZE,2995,2995,5,2,6,9,greedy,30,0.0430928000132553,14,0.0030780571438039,True
1,LARGE_MAZE,2995,2995,5,2,6,9,beam_2,30,0.0484208000125363,14,0.003458628572324,True
1,LARGE_MAZE,2995,2995,5,2,6,9,beam_3,30,0.0582458000280894,14,0.0041604142877206,True
1,LARGE_MAZE,3152,3152,5,7,2,10,greedy,30,0.0715350999962538,19,0.0037650052629607,False
1,LARGE_MAZE,3152,3152,5,7,2,10,beam_2,30,0.0762138999998569,14,0.0054438499999897,True
1,LARGE_MAZE,3152,3152,5,7,2,10,beam_3,30,0.0664478000253439,14,0.0047462714303817,True
1,LARGE_MAZE,3210,3210,5,9,5,1,greedy,30,0.0565320000168867,14,0.0040380000012061,True
1,LARGE_MAZE,3210,3210,5,9,5,1,beam_2,30,0.058692000049632,14,0.0041922857178308,True
1,LARGE_MAZE,3210,3210,5,9,5,1,beam_3,30,0.0596201999578624,14,0.0042585857112758,True
1,LARGE_MAZE,3252,3252,5,10,4,1,greedy,30,0.0660482000093907,19,0.0034762210531258,False
1,LARGE_MAZE,3252,3252,5,10,4,1,beam_2,30,0.0639880000380799,14,0.0045705714312914,True
1,LARGE_MAZE,3252,3252,5,10,4,1,beam_3,30,0.0624394000042229,14,0.0044599571431587,True
1,LARGE_MAZE,3372,3372,6,7,1,10,greedy,30,0.0605350999976508,19,0.0031860578946132,False
1,LARGE_MAZE,3372,3372,6,7,1,10,beam_2,30,0.0486096000531688,14,0.003472114289512,True
1,LARGE_MAZE,3372,3372,6,7,1,10,beam_3,30,0.0626907999976538,14,0.0044779142855467,True
1,LARGE_MAZE,3443,3443,6,9,6,3,greedy,30,0.0527901999885216,14,0.0037707285706086,True
1,LARGE_MAZE,3443,3443,6,9,6,3,beam_2,30,0.0493047999916598,14,0.0035217714279757,True
1,LARGE_MAZE,3443,3443,6,9,6,3,beam_3,30,0.0519338999874889,14,0.0037095642848206,True
1,LARGE_MAZE,3507,3507,7,2,1,10,greedy,30,0.0612747999839484,19,0.0032249894728393,False
1,LARGE_MAZE,3507,3507,7,2,1,10,beam_2,30,0.0502355000353418,14,0.0035882500025244,True
1,LARGE_MAZE,3507,3507,7,2,1,10,beam_3,30,0.0522459000349044,14,0.0037318500024931,True
1,LARGE_MAZE,3711,3711,7,7,5,9,greedy,30,0.0421405999804846,14,0.0030100428557489,True
1,LARGE_MAZE,3711,3711,7,7,5,9,beam_2,30,0.0494508999981917,14,0.0035322071427279,True
1,LARGE_MAZE,3711,3711,7,7,5,9,beam_3,30,0.0530009999638423,14,0.003785785711703,True
1,LARGE_MAZE,3798,3798,7,10,5,4,greedy,30,0.0576849000062793,19,0.0030360473687515,False
1,LARGE_MAZE,3798,3798,7,10,5,4,beam_2,30,0.0535627999925054,14,0.0038259142851789,True
1,LARGE_MAZE,3798,3798,7,10,5,4,beam_3,30,0.0717290000175125,14,0.0051235000012508,True
1,LARGE_MAZE,2117,2117,1,10,3,1,greedy,32,0.0673533999943174,15,0.0044902266662878,True
1,LARGE_MAZE,2117,2117,1,10,3,1,beam_2,32,0.0738659999915398,15,0.0049243999994359,True
1,LARGE_MAZE,2117,2117,1,10,3,1,beam_3,32,0.0626930999569594,15,0.0041795399971306,True
1,LARGE_MAZE,2382,2382,3,1,1,10,greedy,32,0.0729735999484546,19,0.0038407157867607,False
1,LARGE_MAZE,2382,2382,3,1,1,10,beam_2,32,0.0923853000276722,19,0.0048623842119827,False
1,LARGE_MAZE,2382,2382,3,1,1,10,beam_3,32,0.0760770000051707,15,0.0050718000003447,True
1,LARGE_MAZE,2950,2950,5,1,6,9,greedy,32,0.0558849000371992,15,0.0037256600024799,True
1,LARGE_MAZE,2950,2950,5,1,6,9,beam_2,32,0.062242200016044,15,0.0041494800010696,True
1,LARGE_MAZE,2950,2950,5,1,6,9,beam_3,32,0.0650345999747514,15,0.0043356399983167,True
1,LARGE_MAZE,3193,3193,5,9,2,1,greedy,32,0.0544198999996297,15,0.0036279933333086,True
1,LARGE_MAZE,3193,3193,5,9,2,1,beam_2,32,0.0662102999631315,15,0.0044140199975421,True
1,LARGE_MAZE,3193,3193,5,9,2,1,beam_3,32,0.0626201999839395,15,0.0041746799989293,True
1,LARGE_MAZE,3243,3243,5,10,3,1,greedy,32,0.0513950000167824,15,0.0034263333344521,True
1,LARGE_MAZE,3243,3243,5,10,3,1,beam_2,32,0.0541744999936781,15,0.0036116333329118,True
1,LARGE_MAZE,3243,3243,5,10,3,1,beam_3,32,0.0713485999731347,15,0.0047565733315423,True
1,LARGE_MAZE,3409,3409,6,9,1,1,greedy,32,0.0497916999738663,15,0.0033194466649244,True
1,LARGE_MAZE,3409,3409,6,9,1,1,beam_2,32,0.0604732999927364,15,0.004031553332849,True
1,LARGE_MAZE,3409,3409,6,9,1,1,beam_3,32,0.0713774000178091,15,0.0047584933345206,True
1,LARGE_MAZE,3462,3462,7,1,1,10,greedy,32,0.0953739000251516,19,0.0050196789486921,False
1,LARGE_MAZE,3462,3462,7,1,1,10,beam_2,32,0.0841415000031702,15,0.0056094333335446,True
1,LARGE_MAZE,3462,3462,7,1,1,10,beam_3,32,0.1023300000233575,15,0.0068220000015571,True
1,LARGE_MAZE,3677,3677,7,6,7,9,greedy,32,0.0549680000403896,15,0.0036645333360259,True
1,LARGE_MAZE,3677,3677,7,6,7,9,beam_2,32,0.0664788999711163,15,0.004431926664741,True
1,LARGE_MAZE,3677,3677,7,6,7,9,beam_3,32,0.0786184000317007,15,0.00524122666878,True
1,LARGE_MAZE,3758,3758,7,9,6,3,greedy,32,0.1051482000038959,19,0.0055341157896787,False
1,LARGE_MAZE,3758,3758,7,9,6,3,beam_2,32,0.125836800027173,15,0.0083891200018115,True
1,LARGE_MAZE,3758,3758,7,9,6,3,beam_3,32,0.0657761000329628,15,0.0043850733355308,True
1,LARGE_MAZE,1787,1787,1,1,7,9,greedy,34,0.0594489999930374,16,0.0037155624995648,True
1,LARGE_MAZE,1787,1787,1,1,7,9,beam_2,34,0.0647095000022091,16,0.004044343750138,True
1,LARGE_MAZE,1787,1787,1,1,7,9,beam_3,34,0.0711288000456988,16,0.0044455500028561,True
1,LARGE_MAZE,2455,2455,3,2,6,9,greedy,34,0.0623296000412665,19,0.0032805052653298,False
1,LARGE_MAZE,2455,2455,3,2,6,9,beam_2,34,0.0566274999873712,16,0.0035392187492107,True
1,LARGE_MAZE,2455,2455,3,2,6,9,beam_3,34,0.0619585000094957,16,0.0038724062505934,True
1,LARGE_MAZE,3170,3170,5,7,5,9,greedy,34,0.0650210999883711,16,0.0040638187492731,True
1,LARGE_MAZE,3170,3170,5,7,5,9,beam_2,34,0.0681353999534621,16,0.0042584624970913,True
1,LARGE_MAZE,3170,3170,5,7,5,9,beam_3,34,0.0737251000246033,16,0.0046078187515377,True
1,LARGE_MAZE,3400,3400,6,7,6,9,greedy,34,0.0662233000039123,16,0.0041389562502445,True
1,LARGE_MAZE,3400,3400,6,7,6,9,beam_2,34,0.0718623999855481,16,0.0044913999990967,True
1,LARGE_MAZE,3400,3400,6,7,6,9,beam_3,34,0.0852228999719955,16,0.0053264312482497,True
1,LARGE_MAZE,3447,3447,6,9,7,2,greedy,34,0.0926165000419132,16,0.0057885312526195,True
1,LARGE_MAZE,3447,3447,6,9,7,2,beam_2,34,0.0831096000038087,16,0.005194350000238,True
1,LARGE_MAZE,3447,3447,6,9,7,2,beam_3,34,0.0985899000079371,16,0.006161868750496,True
1,LARGE_MAZE,3722,3722,7,7,7,9,greedy,34,0.0658394999918527,16,0.0041149687494907,True
1,LARGE_MAZE,3722,3722,7,7,7,9,beam_2,34,0.0816163999843411,16,0.0051010249990213,True
1,LARGE_MAZE,3722,3722,7,7,7,9,beam_3,34,0.0734749000403098,16,0.0045921812525193,True
1,LARGE_MAZE,3767,3767,7,9,7,7,greedy,34,0.0572663000202737,16,0.0035791437512671,True
1,LARGE_MAZE,3767,3767,7,9,7,7,beam_2,34,0.080711800022982,16,0.0050444875014363,True
1,LARGE_MAZE,3767,3767,7,9,7,7,beam_3,34,0.0745404999470338,16,0.0046587812466896,True
1,LARGE_MAZE,3811,3811,7,10,7,6,greedy,34,0.0560170999960973,16,0.003501068749756,True
1,LARGE_MAZE,3811,3811,7,10,7,6,beam_2,34,0.0595196000067517,16,0.0037199750004219,True
1,LARGE_MAZE,3811,3811,7,10,7,6,beam_3,34,0.0644615999772213,16,0.0040288499985763,True
1,LARGE_MAZE,2508,2508,3,3,7,10,greedy,36,0.0678303000167943,19,0.0035700157903575,False
1,LARGE_MAZE,2508,2508,3,3,7,10,beam_2,36,0.0906444999855011,17,0.0053320294109118,True
1,LARGE_MAZE,2508,2508,3,3,7,10,beam_3,36,0.0902940999949351,17,0.0053114176467608,True
1,LARGE_MAZE,3423,3423,6,9,3,1,greedy,36,0.0705142999649979,17,0.004147899997941,True
1,LARGE_MAZE,3423,3423,6,9,3,1,beam_2,36,0.0671084999921731,17,0.003947558823069,True
1,LARGE_MAZE,3423,3423,6,9,3,1,beam_3,36,0.0848608999513089,17,0.0049918176441946,True
1,LARGE_MAZE,3588,3588,7,3,7,10,greedy,36,0.0870466000051237,17,0.0051203882355955,True
1,LARGE_MAZE,3588,3588,7,3,7,10,beam_2,36,0.0753894000081345,17,0.0044346705887137,True
1,LARGE_MAZE,3588,3588,7,3,7,10,beam_3,36,0.0791382000315934,17,0.0046551882371525,True
1,LARGE_MAZE,3760,3760,7,9,6,7,greedy,36,0.0699424999766051,17,0.0041142647045061,True
1,LARGE_MAZE,3760,3760,7,9,6,7,beam_2,36,0.0740730999968946,17,0.0043572411762879,True
1,LARGE_MAZE,3760,3760,7,9,6,7,beam_3,36,0.0731115999515168,17,0.0043006823500892,True
1,LARGE_MAZE,3809,3809,7,10,7,3,greedy,36,0.0715737999998964,19,0.0037670421052577,False
1,LARGE_MAZE,3809,3809,7,10,7,3,beam_2,36,0.0671864000032655,17,0.0039521411766626,True
1,LARGE_MAZE,3809,3809,7,10,7,3,beam_3,36,0.0819027999532409,17,0.0048178117619553,True
1,LARGE_MAZE,2823,2823,4,1,7,10,greedy,38,0.071283700002823,19,0.0037517736843591,False
1,LARGE_MAZE,2823,2823,4,1,7,10,beam_2,38,0.0783544000005349,18,0.0043530222222519,True
1,LARGE_MAZE,2823,2823,4,1,7,10,beam_3,38,0.1377891000011004,18,0.0076549500000611,True
1,LARGE_MAZE,3738,3738,7,9,3,1,greedy,38,0.1606309000053443,18,0.0089239388891857,True
1,LARGE_MAZE,3738,3738,7,9,3,1,beam_2,38,0.0890224000322632,18,0.0049456888906812,True
1,LARGE_MAZE,3738,3738,7,9,3,1,beam_3,38,0.108469899976626,18,0.006026105554257,True
1,LARGE_MAZE,3792,3792,7,10,4,1,greedy,38,0.0824423000449314,19,0.0043390684234174,False
1,LARGE_MAZE,3792,3792,7,10,4,1,beam_2,38,0.0760411000228487,18,0.0042245055568249,True
1,LARGE_MAZE,3792,3792,7,10,4,1,beam_3,38,0.0903338000061921,18,0.0050185444447884,True
1,LARGE_MAZE,3498,3498,7,1,7,10,greedy,40,0.0747226999956183,19,0.0039327736839799,True
1,LARGE_MAZE,3498,3498,7,1,7,10,beam_2,40,0.0976862999959848,19,0.0051413842103149,True
1,LARGE_MAZE,3498,3498,7,1,7,10,beam_3,40,0.1097674000193364,19,0.005777231579965,True
2,OPEN,15,15,2,3,2,2,greedy,16,0.0049209999851882,1,0.0049209999851882,True
2,OPEN,15,15,2,3,2,2,beam_2,16,0.0018928999779745,1,0.0018928999779745,True
2,OPEN,15,15,2,3,2,2,beam_3,16,0.0017934000352397,1,0.0017934000352397,True
2,OPEN,35,35,2,4,3,4,greedy,16,0.0365724000148475,16,0.0022857750009279,False
2,OPEN,35,35,2,4,3,4,beam_2,16,0.0580644999863579,16,0.0036290312491473,False
2,OPEN,35,35,2,4,3,4,beam_3,16,0.0024164000060409,1,0.0024164000060409,True
2,OPEN,67,67,3,2,4,2,greedy,16,0.0193751999759115,7,0.0027678857108445,True
2,OPEN,67,67,3,2,4,2,beam_2,16,0.0025922000058926,1,0.0025922000058926,True
2,OPEN,67,67,3,2,4,2,beam_3,16,0.0027053999947384,1,0.0027053999947384,True
2,OPEN,92,92,3,4,2,4,greedy,16,0.0311366000096313,11,0.0028306000008755,True
2,OPEN,92,92,3,4,2,4,beam_2,16,0.0081346999504603,3,0.0027115666501534,True
2,OPEN,92,92,3,4,2,4,beam_3,16,0.00267839996377,1,0.00267839996377,True
2,OPEN,111,111,3,5,3,4,greedy,16,0.0022004000493325,1,0.0022004000493325,True
2,OPEN,111,111,3,5,3,4,beam_2,16,0.0018669000128284,1,0.0018669000128284,True
2,OPEN,111,111,3,5,3,4,beam_3,16,0.0014555000234395,1,0.0014555000234395,True
2,OPEN,140,140,4,3,3,3,greedy,16,0.007898399955593,5,0.0015796799911186,True
2,OPEN,140,140,4,3,3,3,beam_2,16,0.0078415999887511,5,0.0015683199977502,True
2,OPEN,140,140,4,3,3,3,beam_3,16,0.0011444999836385,1,0.0011444999836385,True
2,OPEN,159,159,4,4,4,3,greedy,16,0.0436097999918274,16,0.0027256124994892,False
2,OPEN,159,159,4,4,4,3,beam_2,16,0.0139284000033512,5,0.0027856800006702,True
2,OPEN,159,159,4,4,4,3,beam_3,16,0.0027244000229984,1,0.0027244000229984,True
2,OPEN,179,179,4,5,5,5,greedy,16,0.0252760999719612,9,0.0028084555524401,True
2,OPEN,179,179,4,5,5,5,beam_2,16,0.0165935000404715,7,0.0023705000057816,True
2,OPEN,179,179,4,5,5,5,beam_3,16,0.0033466999884694,1,0.0033466999884694,True
2,OPEN,208,208,5,3,5,4,greedy,16,0.03158029995393,9,0.0035089222171033,True
2,OPEN,208,208,5,3,5,4,beam_2,16,0.003017799986992,1,0.003017799986992,True
2,OPEN,208,208,5,3,5,4,beam_3,16,0.0030977999558672,1,0.0030977999558672,True
2,OPEN,239,239,5,5,5,4,greedy,16,0.0030714999884366,1,0.0030714999884366,True
2,OPEN,239,239,5,5,5,4,beam_2,16,0.0031935999868437,1,0.0031935999868437,True
2,OPEN,239,239,5,5,5,4,beam_3,16,0.003115199971944,1,0.003115199971944,True
2,OPEN,18,18,2,3,3,2,greedy,16,0.0068456000299192,2,0.0034228000149596,True
2,OPEN,18,18,2,3,3,2,beam_2,16,0.0072530000470578,2,0.0036265000235289,True
2,OPEN,18,18,2,3,3,2,beam_3,16,0.0074560000211931,2,0.0037280000105965,True
2,OPEN,36,36,2,4,3,5,greedy,16,0.0064186999807134,2,0.0032093499903567,True
2,OPEN,36,36,2,4,3,5,beam_2,16,0.0066504999995231,2,0.0033252499997615,True
2,OPEN,36,36,2,4,3,5,beam_3,16,0.0080055999569594,2,0.0040027999784797,True
2,OPEN,61,61,3,2,2,3,greedy,16,0.0071099000051617,2,0.0035549500025808,True
2,OPEN,61,61,3,2,2,3,beam_2,16,0.008107999979984,2,0.004053999989992,True
2,OPEN,61,61,3,2,2,3,beam_3,16,0.0072523999842815,2,0.0036261999921407,True
2,OPEN,77,77,3,3,2,4,greedy,16,0.038597300008405,12,0.003216441667367,True
2,OPEN,77,77,3,3,2,4,beam_2,16,0.0058706999989226,2,0.0029353499994613,True
2,OPEN,77,77,3,3,2,4,beam_3,16,0.0062783999601379,2,0.0031391999800689,True
2,OPEN,91,91,3,4,2,3,greedy,16,0.0066461999667808,2,0.0033230999833904,True
2,OPEN,91,91,3,4,2,3,beam_2,16,0.0066022999817505,2,0.0033011499908752,True
2,OPEN,91,91,3,4,2,3,beam_3,16,0.0067280000075697,2,0.0033640000037848,True
2,OPEN,103,103,3,4,5,4,greedy,16,0.0364420000114478,12,0.0030368333342873,True
2,OPEN,103,103,3,4,5,4,beam_2,16,0.0135265000280924,4,0.0033816250070231,True
2,OPEN,103,103,3,4,5,4,beam_3,16,0.0131310999859124,4,0.0032827749964781,True
2,OPEN,120,120,4,2,2,2,greedy,16,0.0465528000495396,16,0.0029095500030962,False
2,OPEN,120,120,4,2,2,2,beam_2,16,0.029926199989859,10,0.0029926199989859,True
2,OPEN,120,120,4,2,2,2,beam_3,16,0.0326667000190354,10,0.0032666700019035,True
2,OPEN,139,139,4,3,3,2,greedy,16,0.0433703999733552,16,0.0027106499983347,False
2,OPEN,139,139,4,3,3,2,beam_2,16,0.0495266999932937,16,0.0030954187495808,False
2,OPEN,139,139,4,3,3,2,beam_3,16,0.0113408000324852,4,0.0028352000081213,True
2,OPEN,152,152,4,4,2,4,greedy,16,0.0255147999851033,10,0.0025514799985103,True
2,OPEN,152,152,4,4,2,4,beam_2,16,0.0112172000226564,4,0.0028043000056641,True
2,OPEN,152,152,4,4,2,4,beam_3,16,0.0120690000476315,4,0.0030172500119078,True
2,OPEN,164,164,4,4,5,5,greedy,16,0.0064596000011079,2,0.0032298000005539,True
2,OPEN,164,164,4,4,5,5,beam_2,16,0.0048899000394158,2,0.0024449500197079,True
2,OPEN,164,164,4,4,5,5,beam_3,16,0.006024400005117,2,0.0030122000025585,True
2,OPEN,184,184,5,2,3,2,greedy,16,0.0433820000034756,16,0.0027113750002172,False
2,OPEN,184,184,5,2,3,2,beam_2,16,0.026663800003007,8,0.0033329750003758,True
2,OPEN,184,184,5,2,3,2,beam_3,16,0.0265332999988459,8,0.0033166624998557,True
2,OPEN,205,205,5,3,4,4,greedy,16,0.0492355999886058,16,0.0030772249992878,False
2,OPEN,205,205,5,3,4,4,beam_2,16,0.0525103999534621,16,0.0032818999970913,True
2,OPEN,205,205,5,3,4,4,beam_3,16,0.056575900001917,16,0.0035359937501198,True
2,OPEN,222,222,5,4,5,2,greedy,16,0.0044844000367447,2,0.0022422000183723,True
2,OPEN,222,222,5,4,5,2,beam_2,16,0.0054702999768778,2,0.0027351499884389,True
2,OPEN,222,222,5,4,5,2,beam_3,16,0.0056237000389955,2,0.0028118500194977,True
2,OPEN,5,5,2,2,3,4,greedy,16,0.0437375000328756,16,0.0027335937520547,False
2,OPEN,5,5,2,2,3,4,beam_2,16,0.0079570999951101,3,0.0026523666650367,True
2,OPEN,5,5,2,2,3,4,beam_3,16,0.0084055999759584,3,0.0028018666586528,True
2,OPEN,24,24,2,3,4,4,greedy,16,0.0436988999717868,16,0.0027311812482366,False
2,OPEN,24,24,2,3,4,4,beam_2,16,0.0490693000028841,16,0.0030668312501802,False
2,OPEN,24,24,2,3,4,4,beam_3,16,0.0083045000210404,3,0.0027681666736801,True
2,OPEN,43,43,2,4,5,4,greedy,16,0.0124124999856576,5,0.0024824999971315,True
2,OPEN,43,43,2,4,5,4,beam_2,16,0.0136924000107683,5,0.0027384800021536,True
2,OPEN,43,43,2,4,5,4,beam_3,16,0.0147793000214733,5,0.0029558600042946,True
2,OPEN,62,62,3,2,2,4,greedy,16,0.0355488000204786,13,0.0027345230784983,True
2,OPEN,62,62,3,2,2,4,beam_2,16,0.0089509999961592,3,0.0029836666653864,True
2,OPEN,62,62,3,2,2,4,beam_3,16,0.0086059000459499,3,0.0028686333486499,True
2,OPEN,85,85,3,3,4,5,greedy,16,0.0073716000188142,3,0.0024572000062714,True
2,OPEN,85,85,3,3,4,5,beam_2,16,0.0079831999610178,3,0.0026610666536726,True
2,OPEN,85,85,3,3,4,5,beam_3,16,0.008213999972213,3,0.0027379999907376,True
2,OPEN,102,102,3,4,5,3,greedy,16,0.0072713000117801,3,0.0024237666705933,True
2,OPEN,102,102,3,4,5,3,beam_2,16,0.0080867999931797,3,0.0026955999977265,True
2,OPEN,102,102,3,4,5,3,beam_3,16,0.0088996000122278,3,0.0029665333374092,True
2,OPEN,118,118,3,5,5,4,greedy,16,0.0355802000267431,13,0.0027369384635956,True
2,OPEN,118,118,3,5,5,4,beam_2,16,0.0075662999879568,3,0.0025220999959856,True
2,OPEN,118,118,3,5,5,4,beam_3,16,0.0083961000200361,3,0.0027987000066787,True
2,OPEN,135,135,4,3,2,2,greedy,16,0.043061000003945,16,0.0026913125002465,False
2,OPEN,135,135,4,3,2,2,beam_2,16,0.0291432000230997,9,0.0032381333358999,True
2,OPEN,135,135,4,3,2,2,beam_3,16,0.0423445999622345,11,0.0038495090874758,True
2,OPEN,153,153,4,4,2,5,greedy,16,0.0087548000155948,3,0.0029182666718649,True
2,OPEN,153,153,4,4,2,5,beam_2,16,0.0097610999946482,3,0.003253699998216,True
2,OPEN,153,153,4,4,2,5,beam_3,16,0.0108482000068761,3,0.0036160666689587,True
2,OPEN,173,173,4,5,4,2,greedy,16,0.0280224999878555,9,0.0031136111097617,True
2,OPEN,173,173,4,5,4,2,beam_2,16,0.0238856999785639,7,0.0034122428540805,True
2,OPEN,173,173,4,5,4,2,beam_3,16,0.0156840999843552,5,0.003136819996871,True
2,OPEN,194,194,5,2,5,5,greedy,16,0.0079918999690562,3,0.002663966656352,True
2,OPEN,194,194,5,2,5,5,beam_2,16,0.0081457000342197,3,0.0027152333447399,True
2,OPEN,194,194,5,2,5,5,beam_3,16,0.0090803999919444,3,0.0030267999973148,True
2,OPEN,212,212,5,4,2,4,greedy,16,0.0135650999727658,5,0.0027130199945531,True
2,OPEN,212,212,5,4,2,4,beam_2,16,0.0151994000189006,5,0.0030398800037801,True
2,OPEN,212,212,5,4,2,4,beam_3,16,0.0160350000369362,5,0.0032070000073872,True
2,OPEN,231,231,5,5,3,4,greedy,16,0.0420773000223562,16,0.0026298312513972,False
2,OPEN,231,231,5,5,3,4,beam_2,16,0.0137983000022359,5,0.0027596600004471,True
2,OPEN,231,231,5,5,3,4,beam_3,16,0.0082274999585933,3,0.0027424999861977,True
2,OPEN,12,12,2,2,5,3,greedy,16,0.0100916000083088,4,0.0025229000020772,True
2,OPEN,12,12,2,2,5,3,beam_2,16,0.0110295999911613,4,0.0027573999977903,True
2,OPEN,12,12,2,2,5,3,beam_3,16,0.0114102999796159,4,0.0028525749949039,True
2,OPEN,42,42,2,4,5,3,greedy,16,0.0156096999999135,6,0.0026016166666522,True
2,OPEN,42,42,2,4,5,3,beam_2,16,0.0168696999899111,6,0.0028116166649851,True
2,OPEN,42,42,2,4,5,3,beam_3,16,0.0206398000009357,6,0.0034399666668226,True
2,OPEN,63,63,3,2,2,5,greedy,16,0.0110157000017352,4,0.0027539250004338,True
2,OPEN,63,63,3,2,2,5,beam_2,16,0.0114901000051759,4,0.0028725250012939,True
2,OPEN,63,63,3,2,2,5,beam_3,16,0.0119306000415235,4,0.0029826500103808,True
2,OPEN,105,105,3,5,2,2,greedy,16,0.0636378000490367,16,0.0039773625030647,False
2,OPEN,105,105,3,5,2,2,beam_2,16,0.0525000999914482,16,0.0032812562494655,False
2,OPEN,105,105,3,5,2,2,beam_3,16,0.038964900013525,12,0.003247075001127,True
2,OPEN,134,134,4,2,5,5,greedy,16,0.010047499963548,4,0.002511874990887,True
2,OPEN,134,134,4,2,5,5,beam_2,16,0.0114826000062748,4,0.0028706500015687,True
2,OPEN,134,134,4,2,5,5,beam_3,16,0.0116501000011339,4,0.0029125250002834,True
2,OPEN,176,176,4,5,5,2,greedy,16,0.0101903000031597,4,0.0025475750007899,True
2,OPEN,176,176,4,5,5,2,beam_2,16,0.0123967999825254,4,0.0030991999956313,True
2,OPEN,176,176,4,5,5,2,beam_3,16,0.012258099974133,4,0.0030645249935332,True
2,OPEN,197,197,5,3,2,4,greedy,16,0.0168101000017486,6,0.0028016833336247,True
2,OPEN,197,197,5,3,2,4,beam_2,16,0.017571400036104,6,0.002928566672684,True
2,OPEN,197,197,5,3,2,4,beam_3,16,0.0192692000418901,6,0.003211533340315,True
2,OPEN,227,227,5,5,2,4,greedy,16,0.0436867999960668,16,0.0027304249997541,False
2,OPEN,227,227,5,5,2,4,beam_2,16,0.0111666000448167,4,0.0027916500112041,True
2,OPEN,227,227,5,5,2,4,beam_3,16,0.0116722999955527,4,0.0029180749988881,True
2,OPEN,29,29,2,3,5,5,greedy,16,0.018080799956806,7,0.0025829714224008,True
2,OPEN,29,29,2,3,5,5,beam_2,16,0.0136771999532356,5,0.0027354399906471,True
2,OPEN,29,29,2,3,5,5,beam_3,16,0.0150818999973125,5,0.0030163799994625,True
2,OPEN,116,116,3,5,5,2,greedy,16,0.0129033999983221,5,0.0025806799996644,True
2,OPEN,116,116,3,5,5,2,beam_2,16,0.0137330000288784,5,0.0027466000057756,True
2,OPEN,116,116,3,5,5,2,beam_3,16,0.0154974000179208,5,0.0030994800035841,True
2,OPEN,198,198,5,3,2,5,greedy,16,0.0123673999914899,5,0.0024734799982979,True
2,OPEN,198,198,5,3,2,5,beam_2,16,0.0139005000237375,5,0.0027801000047475,True
2,OPEN,198,198,5,3,2,5,beam_3,16,0.0161290999967604,5,0.003225819999352,True
2,OPEN,56,56,2,5,5,2,greedy,16,0.0166948999976739,6,0.0027824833329456,True
2,OPEN,56,56,2,5,5,2,beam_2,16,0.0173244999605231,6,0.0028874166600871,True
2,OPEN,56,56,2,5,5,2,beam_3,16,0.018353899999056,6,0.003058983333176,True
2,U_MAZE,249,249,2,3,2,2,greedy,16,0.0030721999937668,1,0.0030721999937668,True
2,U_MAZE,249,249,2,3,2,2,beam_2,16,0.0024249000125564,1,0.0024249000125564,True
2,U_MAZE,249,249,2,3,2,2,beam_3,16,0.0022997999913059,1,0.0022997999913059,True
2,U_MAZE,276,276,3,2,2,2,greedy,16,0.0301103999954648,11,0.0027373090904968,True
2,U_MAZE,276,276,3,2,2,2,beam_2,16,0.0022066000383347,1,0.0022066000383347,True
2,U_MAZE,276,276,3,2,2,2,beam_3,16,0.0021602999768219,1,0.0021602999768219,True
2,U_MAZE,300,300,5,2,5,3,greedy,16,0.0232851000037044,9,0.0025872333337449,True
2,U_MAZE,300,300,5,2,5,3,beam_2,16,0.0023168000043369,1,0.0023168000043369,True
2,U_MAZE,300,300,5,2,5,3,beam_3,16,0.0024439999833703,1,0.0024439999833703,True
2,U_MAZE,329,329,5,5,5,4,greedy,16,0.0025361999869346,1,0.0025361999869346,True
2,U_MAZE,329,329,5,5,5,4,beam_2,16,0.0024726999690756,1,0.0024726999690756,True
2,U_MAZE,329,329,5,5,5,4,beam_3,16,0.002775200002361,1,0.002775200002361,True
2,U_MAZE,258,258,2,4,2,2,greedy,16,0.0046608999837189,2,0.0023304499918594,True
2,U_MAZE,258,258,2,4,2,2,beam_2,16,0.0053873000433668,2,0.0026936500216834,True
2,U_MAZE,258,258,2,4,2,2,beam_3,16,0.0053455000161193,2,0.0026727500080596,True
2,U_MAZE,291,291,4,2,5,3,greedy,16,0.0043685000273399,2,0.0021842500136699,True
2,U_MAZE,291,291,4,2,5,3,beam_2,16,0.0052459000144153,2,0.0026229500072076,True
2,U_MAZE,291,291,4,2,5,3,beam_3,16,0.0049253999604843,2,0.0024626999802421,True
2,U_MAZE,318,318,5,4,5,2,greedy,16,0.0046803999575786,2,0.0023401999787893,True
2,U_MAZE,318,318,5,4,5,2,beam_2,16,0.0054116999963298,2,0.0027058499981649,True
2,U_MAZE,318,318,5,4,5,2,beam_3,16,0.0049912999966181,2,0.002495649998309,True
2,U_MAZE,261,261,2,4,3,2,greedy,16,0.0071819000295363,3,0.0023939666765121,True
2,U_MAZE,261,261,2,4,3,2,beam_2,16,0.0086245000129565,3,0.0028748333376521,True
2,U_MAZE,261,261,2,4,3,2,beam_3,16,0.0085333999595604,3,0.0028444666531868,True
2,U_MAZE,292,292,4,2,5,4,greedy,16,0.007523099950049,3,0.0025076999833496,True
2,U_MAZE,292,292,4,2,5,4,beam_2,16,0.007863399980124,3,0.002621133326708,True
2,U_MAZE,292,292,4,2,5,4,beam_3,16,0.008135299955029,3,0.0027117666516763,True
2,U_MAZE,327,327,5,5,5,2,greedy,16,0.0073826999869197,3,0.0024608999956399,True
2,U_MAZE,327,327,5,5,5,2,beam_2,16,0.0076507000485435,3,0.0025502333495145,True
2,U_MAZE,327,327,5,5,5,2,beam_3,16,0.008052899967879,3,0.002684299989293,True
2,U_MAZE,279,279,3,2,2,5,greedy,16,0.0093941999948583,4,0.0023485499987145,True
2,U_MAZE,279,279,3,2,2,5,beam_2,16,0.0110885999747551,4,0.0027721499936887,True
2,U_MAZE,279,279,3,2,2,5,beam_3,16,0.0115672999527305,4,0.0028918249881826,True
2,U_MAZE,303,303,5,3,2,2,greedy,16,0.0097486000158824,4,0.0024371500039706,True
2,U_MAZE,303,303,5,3,2,2,beam_2,16,0.0109219999867491,4,0.0027304999966872,True
2,U_MAZE,303,303,5,3,2,2,beam_3,16,0.011552500014659,4,0.0028881250036647,True
2,U_MAZE,263,263,2,4,5,2,greedy,16,0.0116836000233888,5,0.0023367200046777,True
2,U_MAZE,263,263,2,4,5,2,beam_2,16,0.0156842999858781,5,0.0031368599971756,True
2,U_MAZE,263,263,2,4,5,2,beam_3,16,0.01688050001394,5,0.003376100002788,True
2,U_MAZE,304,304,5,3,2,3,greedy,16,0.0149528000038117,5,0.0029905600007623,True
2,U_MAZE,304,304,5,3,2,3,beam_2,16,0.0163273000507615,5,0.0032654600101523,True
2,U_MAZE,304,304,5,3,2,3,beam_3,16,0.0182741999742575,5,0.0036548399948515,True
2,U_MAZE,264,264,2,4,5,3,greedy,16,0.018666399992071,6,0.0031110666653451,True
2,U_MAZE,264,264,2,4,5,3,beam_2,16,0.0211496999836526,6,0.0035249499972754,True
2,U_MAZE,264,264,2,4,5,3,beam_3,16,0.0220985999912954,6,0.0036830999985492,True
2,U_MAZE,321,321,5,5,2,2,greedy,16,0.0162278999923728,6,0.0027046499987288,True
2,U_MAZE,321,321,5,5,2,2,beam_2,16,0.0193259000079706,6,0.0032209833346617,True
2,U_MAZE,321,321,5,5,2,2,beam_3,16,0.0220790000166744,6,0.0036798333361124,True
2,U_MAZE,314,314,5,4,2,4,greedy,16,0.0258196999784559,7,0.0036885285683508,True
2,U_MAZE,314,314,5,4,2,4,beam_2,16,0.0240284000174142,7,0.0034326285739163,True
2,U_MAZE,314,314,5,4,2,4,beam_3,16,0.0218476000009104,7,0.0031210857144157,True
2,U_MAZE,323,323,5,5,2,4,greedy,18,0.0285267999861389,10,0.0028526799986138,True
2,U_MAZE,323,323,5,5,2,4,beam_2,18,0.0246210999903269,8,0.0030776374987908,True
2,U_MAZE,323,323,5,5,2,4,beam_3,18,0.0241901000263169,8,0.0030237625032896,True
2,SMALL_MAZE,424,424,2,3,2,4,greedy,16,0.0077181999804452,3,0.002572733326815,True
2,SMALL_MAZE,424,424,2,3,2,4,beam_2,16,0.0025213999906554,1,0.0025213999906554,True
2,SMALL_MAZE,424,424,2,3,2,4,beam_3,16,0.0027915999526157,1,0.0027915999526157,True
2,SMALL_MAZE,435,435,5,3,5,2,greedy,16,0.00240009999834,1,0.00240009999834,True
2,SMALL_MAZE,435,435,5,3,5,2,beam_2,16,0.0023160999990068,1,0.0023160999990068,True
2,SMALL_MAZE,435,435,5,3,5,2,beam_3,16,0.002589700045064,1,0.002589700045064,True
2,SMALL_MAZE,421,421,2,2,2,4,greedy,16,0.0048547000042162,2,0.0024273500021081,True
2,SMALL_MAZE,421,421,2,2,2,4,beam_2,16,0.0052833000081591,2,0.0026416500040795,True
2,SMALL_MAZE,421,421,2,2,2,4,beam_3,16,0.0046860000002197,2,0.0023430000001098,True
2,SMALL_MAZE,437,437,5,3,5,5,greedy,16,0.0049449999933131,2,0.0024724999966565,True
2,SMALL_MAZE,437,437,5,3,5,5,beam_2,16,0.005127300042659,2,0.0025636500213295,True
2,SMALL_MAZE,437,437,5,3,5,5,beam_3,16,0.0049615000025369,2,0.0024807500012684,True
2,SMALL_MAZE,434,434,5,2,5,5,greedy,16,0.0074495000299066,3,0.0024831666766355,True
2,SMALL_MAZE,434,434,5,2,5,5,beam_2,16,0.0074815999832935,3,0.0024938666610978,True
2,SMALL_MAZE,434,434,5,2,5,5,beam_3,16,0.0080707999877631,3,0.0026902666625877,True
2,MEDIUM_MAZE,469,469,1,2,1,1,greedy,16,0.0442266999743878,16,0.0027641687483992,False
2,MEDIUM_MAZE,469,469,1,2,1,1,beam_2,16,0.0024802000261843,1,0.0024802000261843,True
2,MEDIUM_MAZE,469,469,1,2,1,1,beam_3,16,0.0028566000401042,1,0.0028566000401042,True
2,MEDIUM_MAZE,526,526,1,6,2,6,greedy,16,0.0433078000205569,16,0.0027067375012848,False
2,MEDIUM_MAZE,526,526,1,6,2,6,beam_2,16,0.0021345000131987,1,0.0021345000131987,True
2,MEDIUM_MAZE,526,526,1,6,2,6,beam_3,16,0.0022430999670177,1,0.0022430999670177,True
2,MEDIUM_MAZE,574,574,2,2,2,3,greedy,16,0.0025730000343173,1,0.0025730000343173,True
2,MEDIUM_MAZE,574,574,2,2,2,3,beam_2,16,0.0022345000179484,1,0.0022345000179484,True
2,MEDIUM_MAZE,574,574,2,2,2,3,beam_3,16,0.0022257999517023,1,0.0022257999517023,True
2,MEDIUM_MAZE,629,629,2,5,3,5,greedy,16,0.0022569999564439,1,0.0022569999564439,True
2,MEDIUM_MAZE,629,629,2,5,3,5,beam_2,16,0.0024327000137418,1,0.0024327000137418,True
2,MEDIUM_MAZE,629,629,2,5,3,5,beam_3,16,0.0022723999572917,1,0.0022723999572917,True
2,MEDIUM_MAZE,682,682,3,3,4,3,greedy,16,0.0020102999988012,1,0.0020102999988012,True
2,MEDIUM_MAZE,682,682,3,3,4,3,beam_2,16,0.0026322999619878,1,0.0026322999619878,True
2,MEDIUM_MAZE,682,682,3,3,4,3,beam_3,16,0.0027745999977923,1,0.0027745999977923,True
2,MEDIUM_MAZE,733,733,3,5,4,5,greedy,16,0.0293522999854758,11,0.0026683909077705,True
2,MEDIUM_MAZE,733,733,3,5,4,5,beam_2,16,0.0323609000188298,11,0.0029419000017118,True
2,MEDIUM_MAZE,733,733,3,5,4,5,beam_3,16,0.002595400030259,1,0.002595400030259,True
2,MEDIUM_MAZE,803,803,4,3,3,3,greedy,16,0.0022354000248014,1,0.0022354000248014,True
2,MEDIUM_MAZE,803,803,4,3,3,3,beam_2,16,0.0023460999946109,1,0.0023460999946109,True
2,MEDIUM_MAZE,803,803,4,3,3,3,beam_3,16,0.0025881999754346,1,0.0025881999754346,True
2,MEDIUM_MAZE,859,859,4,6,4,5,greedy,16,0.0021310999873094,1,0.0021310999873094,True
2,MEDIUM_MAZE,859,859,4,6,4,5,beam_2,16,0.002158299961593,1,0.002158299961593,True
2,MEDIUM_MAZE,859,859,4,6,4,5,beam_3,16,0.002573600038886,1,0.002573600038886,True
2,MEDIUM_MAZE,912,912,5,3,5,4,greedy,16,0.0021869000047445,1,0.0021869000047445,True
2,MEDIUM_MAZE,912,912,5,3,5,4,beam_2,16,0.0020375999738462,1,0.0020375999738462,True
2,MEDIUM_MAZE,912,912,5,3,5,4,beam_3,16,0.0021072000381536,1,0.0021072000381536,True
2,MEDIUM_MAZE,986,986,6,1,5,1,greedy,16,0.0025273999781347,1,0.0025273999781347,True
2,MEDIUM_MAZE,986,986,6,1,5,1,beam_2,16,0.002077899989672,1,0.002077899989672,True
2,MEDIUM_MAZE,986,986,6,1,5,1,beam_3,16,0.0022102000075392,1,0.0022102000075392,True
2,MEDIUM_MAZE,1067,1067,6,5,6,4,greedy,16,0.0025323000154457,1,0.0025323000154457,True
2,MEDIUM_MAZE,1067,1067,6,5,6,4,beam_2,16,0.002163199998904,1,0.002163199998904,True
2,MEDIUM_MAZE,1067,1067,6,5,6,4,beam_3,16,0.002135700022336,1,0.002135700022336,True
2,MEDIUM_MAZE,472,472,1,2,2,1,greedy,16,0.0454503999790176,16,0.0028406499986886,False
2,MEDIUM_MAZE,472,472,1,2,2,1,beam_2,16,0.0050995000055991,2,0.0025497500027995,True
2,MEDIUM_MAZE,472,472,1,2,2,1,beam_3,16,0.0055598000180907,2,0.0027799000090453,True
2,MEDIUM_MAZE,545,545,2,1,1,2,greedy,16,0.0462822000263258,16,0.0028926375016453,False
2,MEDIUM_MAZE,545,545,2,1,1,2,beam_2,16,0.0054485999862663,2,0.0027242999931331,True
2,MEDIUM_MAZE,545,545,2,1,1,2,beam_3,16,0.006454299960751,2,0.0032271499803755,True
2,MEDIUM_MAZE,598,598,2,3,2,1,greedy,16,0.0460302999708801,16,0.00287689374818,False
2,MEDIUM_MAZE,598,598,2,3,2,1,beam_2,16,0.0114385999622754,4,0.0028596499905688,True
2,MEDIUM_MAZE,598,598,2,3,2,1,beam_3,16,0.00556580000557,2,0.002782900002785,True
2,MEDIUM_MAZE,633,633,2,5,4,5,greedy,16,0.0303855000529438,12,0.0025321250044119,True
2,MEDIUM_MAZE,633,633,2,5,4,5,beam_2,16,0.0054399999789893,2,0.0027199999894946,True
2,MEDIUM_MAZE,633,633,2,5,4,5,beam_3,16,0.005659700022079,2,0.0028298500110395,True
2,MEDIUM_MAZE,681,681,3,3,4,2,greedy,16,0.0044435000163502,2,0.0022217500081751,True
2,MEDIUM_MAZE,681,681,3,3,4,2,beam_2,16,0.0057523999712429,2,0.0028761999856214,True
2,MEDIUM_MAZE,681,681,3,3,4,2,beam_3,16,0.0051090000197291,2,0.0025545000098645,True
2,MEDIUM_MAZE,708,708,3,4,4,5,greedy,16,0.004580300010275,2,0.0022901500051375,True
2,MEDIUM_MAZE,708,708,3,4,4,5,beam_2,16,0.0051010999595746,2,0.0025505499797873,True
2,MEDIUM_MAZE,708,708,3,4,4,5,beam_3,16,0.0048131000366993,2,0.0024065500183496,True
2,MEDIUM_MAZE,757,757,4,1,4,3,greedy,16,0.004740500007756,2,0.002370250003878,True
2,MEDIUM_MAZE,757,757,4,1,4,3,beam_2,16,0.0047719000140205,2,0.0023859500070102,True
2,MEDIUM_MAZE,757,757,4,1,4,3,beam_3,16,0.0050131999887526,2,0.0025065999943763,True
2,MEDIUM_MAZE,800,800,4,3,2,3,greedy,16,0.0045316999894566,2,0.0022658499947283,True
2,MEDIUM_MAZE,800,800,4,3,2,3,beam_2,16,0.0046008999925106,2,0.0023004499962553,True
2,MEDIUM_MAZE,800,800,4,3,2,3,beam_3,16,0.0052284999983385,2,0.0026142499991692,True
2,MEDIUM_MAZE,829,829,4,5,3,4,greedy,16,0.0244163000024855,10,0.0024416300002485,True
2,MEDIUM_MAZE,829,829,4,5,3,4,beam_2,16,0.0047558000078424,2,0.0023779000039212,True
2,MEDIUM_MAZE,829,829,4,5,3,4,beam_3,16,0.0050927000120282,2,0.0025463500060141,True
2,MEDIUM_MAZE,890,890,5,1,6,2,greedy,16,0.0418420000351034,16,0.0026151250021939,False
2,MEDIUM_MAZE,890,890,5,1,6,2,beam_2,16,0.0048508000327274,2,0.0024254000163637,True
2,MEDIUM_MAZE,890,890,5,1,6,2,beam_3,16,0.004860000044573,2,0.0024300000222865,True
2,MEDIUM_MAZE,942,942,5,4,6,5,greedy,16,0.0093394999857991,4,0.0023348749964497,True
2,MEDIUM_MAZE,942,942,5,4,6,5,beam_2,16,0.0048112000222317,2,0.0024056000111158,True
2,MEDIUM_MAZE,942,942,5,4,6,5,beam_3,16,0.0055465000332333,2,0.0027732500166166,True
2,MEDIUM_MAZE,1037,1037,6,4,5,3,greedy,16,0.0421653999947011,16,0.0026353374996688,False
2,MEDIUM_MAZE,1037,1037,6,4,5,3,beam_2,16,0.0047719000140205,2,0.0023859500070102,True
2,MEDIUM_MAZE,1037,1037,6,4,5,3,beam_3,16,0.0051403999677859,2,0.0025701999838929,True
2,MEDIUM_MAZE,1092,1092,6,6,6,4,greedy,16,0.0046159999910742,2,0.0023079999955371,True
2,MEDIUM_MAZE,1092,1092,6,6,6,4,beam_2,16,0.0050863000215031,2,0.0025431500107515,True
2,MEDIUM_MAZE,1092,1092,6,6,6,4,beam_3,16,0.0052536000148393,2,0.0026268000074196,True
2,MEDIUM_MAZE,529,529,1,6,3,5,greedy,16,0.0068708999897353,3,0.0022902999965784,True
2,MEDIUM_MAZE,529,529,1,6,3,5,beam_2,16,0.0080194000038318,3,0.0026731333346106,True
2,MEDIUM_MAZE,529,529,1,6,3,5,beam_3,16,0.0080948999966494,3,0.0026982999988831,True
2,MEDIUM_MAZE,604,604,2,3,3,5,greedy,16,0.0070353000191971,3,0.002345100006399,True
2,MEDIUM_MAZE,604,604,2,3,3,5,beam_2,16,0.0074066999950446,3,0.0024688999983482,True
2,MEDIUM_MAZE,604,604,2,3,3,5,beam_3,16,0.0079531999654136,3,0.0026510666551378,True
2,MEDIUM_MAZE,653,653,2,6,3,4,greedy,16,0.0067187999957241,3,0.0022395999985747,True
2,MEDIUM_MAZE,653,653,2,6,3,4,beam_2,16,0.0077467000228352,3,0.002582233340945,True
2,MEDIUM_MAZE,653,653,2,6,3,4,beam_3,16,0.0079795999918133,3,0.0026598666639377,True
2,MEDIUM_MAZE,680,680,3,3,4,1,greedy,16,0.0074056000448763,3,0.0024685333482921,True
2,MEDIUM_MAZE,680,680,3,3,4,1,beam_2,16,0.0077062000054866,3,0.0025687333351622,True
2,MEDIUM_MAZE,680,680,3,3,4,1,beam_3,16,0.0123814999824389,3,0.0041271666608129,True
2,MEDIUM_MAZE,702,702,3,4,2,6,greedy,16,0.0096044999663718,3,0.0032014999887906,True
2,MEDIUM_MAZE,702,702,3,4,2,6,beam_2,16,0.008409300004132,3,0.0028031000013773,True
2,MEDIUM_MAZE,702,702,3,4,2,6,beam_3,16,0.0095987999811768,3,0.0031995999937256,True
2,MEDIUM_MAZE,725,725,3,5,2,3,greedy,16,0.0095124000217765,3,0.0031708000072588,True
2,MEDIUM_MAZE,725,725,3,5,2,3,beam_2,16,0.0111707000178284,3,0.0037235666726094,True
2,MEDIUM_MAZE,725,725,3,5,2,3,beam_3,16,0.0127163999713957,3,0.0042387999904652,True
2,MEDIUM_MAZE,765,765,4,1,6,2,greedy,16,0.066805700014811,16,0.0041753562509256,False
2,MEDIUM_MAZE,765,765,4,1,6,2,beam_2,16,0.0711254000198096,16,0.0044453375012381,False
2,MEDIUM_MAZE,765,765,4,1,6,2,beam_3,16,0.0131399999954737,3,0.0043799999984912,True
2,MEDIUM_MAZE,799,799,4,3,2,2,greedy,16,0.0673079000553116,16,0.0042067437534569,False
2,MEDIUM_MAZE,799,799,4,3,2,2,beam_2,16,0.0593712999834679,16,0.0037107062489667,False
2,MEDIUM_MAZE,799,799,4,3,2,2,beam_3,16,0.0097693999996408,3,0.0032564666665469,True
2,MEDIUM_MAZE,827,827,4,5,2,6,greedy,16,0.0459434000076726,15,0.0030628933338448,True
2,MEDIUM_MAZE,827,827,4,5,2,6,beam_2,16,0.008912399993278,3,0.0029707999977593,True
2,MEDIUM_MAZE,827,827,4,5,2,6,beam_3,16,0.0095864000031724,3,0.0031954666677241,True
2,MEDIUM_MAZE,867,867,4,6,6,5,greedy,16,0.0268461000523529,9,0.0029829000058169,True
2,MEDIUM_MAZE,867,867,4,6,6,5,beam_2,16,0.0104869999922811,3,0.0034956666640937,True
2,MEDIUM_MAZE,867,867,4,6,6,5,beam_3,16,0.0116167999804019,3,0.0038722666601339,True
2,MEDIUM_MAZE,917,917,5,3,6,5,greedy,16,0.0117605000268667,3,0.0039201666756222,True
2,MEDIUM_MAZE,917,917,5,3,6,5,beam_2,16,0.0108184000127948,3,0.0036061333375982,True
2,MEDIUM_MAZE,917,917,5,3,6,5,beam_3,16,0.0131656000157818,3,0.0043885333385939,True
2,MEDIUM_MAZE,966,966,5,6,6,4,greedy,16,0.0320093999616801,9,0.0035565999957422,True
2,MEDIUM_MAZE,966,966,5,6,6,4,beam_2,16,0.0118211999651975,3,0.0039403999883991,True
2,MEDIUM_MAZE,966,966,5,6,6,4,beam_3,16,0.0131302999798208,3,0.0043767666599402,True
2,MEDIUM_MAZE,1060,1060,6,5,4,6,greedy,16,0.0100026999716646,3,0.0033342333238882,True
2,MEDIUM_MAZE,1060,1060,6,5,4,6,beam_2,16,0.0110237000044435,3,0.0036745666681478,True
2,MEDIUM_MAZE,1060,1060,6,5,4,6,beam_3,16,0.0137734999880194,3,0.0045911666626731,True
2,MEDIUM_MAZE,478,478,1,2,3,4,greedy,16,0.0161091000190936,4,0.0040272750047734,True
2,MEDIUM_MAZE,478,478,1,2,3,4,beam_2,16,0.0154454000294208,4,0.0038613500073552,True
2,MEDIUM_MAZE,478,478,1,2,3,4,beam_3,16,0.0153376999660395,4,0.0038344249915098,True
2,MEDIUM_MAZE,533,533,1,6,4,5,greedy,16,0.0596552999923005,16,0.0037284562495187,False
2,MEDIUM_MAZE,533,533,1,6,4,5,beam_2,16,0.013107500039041,4,0.0032768750097602,True
2,MEDIUM_MAZE,533,533,1,6,4,5,beam_3,16,0.0140512000070884,4,0.0035128000017721,True
2,MEDIUM_MAZE,586,586,2,2,5,3,greedy,16,0.0510883000097237,16,0.0031930187506077,False
2,MEDIUM_MAZE,586,586,2,2,5,3,beam_2,16,0.013024799991399,4,0.0032561999978497,True
2,MEDIUM_MAZE,586,586,2,2,5,3,beam_3,16,0.012729300011415,4,0.0031823250028537,True
2,MEDIUM_MAZE,625,625,2,5,2,3,greedy,16,0.0108363000326789,4,0.0027090750081697,True
2,MEDIUM_MAZE,625,625,2,5,2,3,beam_2,16,0.0116234000306576,4,0.0029058500076644,True
2,MEDIUM_MAZE,625,625,2,5,2,3,beam_3,16,0.012635399994906,4,0.0031588499987265,True
2,MEDIUM_MAZE,669,669,3,3,1,1,greedy,16,0.010820000024978,4,0.0027050000062445,True
2,MEDIUM_MAZE,669,669,3,3,1,1,beam_2,16,0.0117215999634936,4,0.0029303999908734,True
2,MEDIUM_MAZE,669,669,3,3,1,1,beam_3,16,0.0131177000002935,4,0.0032794250000733,True
2,MEDIUM_MAZE,691,691,3,3,6,4,greedy,16,0.0220030000200495,8,0.0027503750025061,True
2,MEDIUM_MAZE,691,691,3,3,6,4,beam_2,16,0.0116434000083245,4,0.0029108500020811,True
2,MEDIUM_MAZE,691,691,3,3,6,4,beam_3,16,0.0123401000164449,4,0.0030850250041112,True
2,MEDIUM_MAZE,712,712,3,4,5,4,greedy,16,0.0109379999921657,4,0.0027344999980414,True
2,MEDIUM_MAZE,712,712,3,4,5,4,beam_2,16,0.012285900011193,4,0.0030714750027982,True
2,MEDIUM_MAZE,712,712,3,4,5,4,beam_3,16,0.0127954000490717,4,0.0031988500122679,True
2,MEDIUM_MAZE,743,743,3,5,6,6,greedy,16,0.0219093000050634,8,0.0027386625006329,True
2,MEDIUM_MAZE,743,743,3,5,6,6,beam_2,16,0.0114746000035665,4,0.0028686500008916,True
2,MEDIUM_MAZE,743,743,3,5,6,6,beam_3,16,0.0164874999900348,4,0.0041218749975087,True
2,MEDIUM_MAZE,780,780,4,2,3,5,greedy,16,0.0129318000399507,4,0.0032329500099876,True
2,MEDIUM_MAZE,780,780,4,2,3,5,beam_2,16,0.0125485999742522,4,0.003137149993563,True
2,MEDIUM_MAZE,780,780,4,2,3,5,beam_3,16,0.0132294999784789,4,0.0033073749946197,True
2,MEDIUM_MAZE,801,801,4,3,2,5,greedy,16,0.0105217000236734,4,0.0026304250059183,True
2,MEDIUM_MAZE,801,801,4,3,2,5,beam_2,16,0.0148106000269763,4,0.003702650006744,True
2,MEDIUM_MAZE,801,801,4,3,2,5,beam_3,16,0.013796099985484,4,0.003449024996371,True
2,MEDIUM_MAZE,825,825,4,5,2,3,greedy,16,0.0106577999540604,4,0.0026644499885151,True
2,MEDIUM_MAZE,825,825,4,5,2,3,beam_2,16,0.0126698999665677,4,0.0031674749916419,True
2,MEDIUM_MAZE,825,825,4,5,2,3,beam_3,16,0.013351599976886,4,0.0033378999942215,True
2,MEDIUM_MAZE,853,853,4,6,3,3,greedy,16,0.0394527000025846,14,0.0028180500001846,True
2,MEDIUM_MAZE,853,853,4,6,3,3,beam_2,16,0.0109583000303246,4,0.0027395750075811,True
2,MEDIUM_MAZE,853,853,4,6,3,3,beam_3,16,0.0122409000177867,4,0.0030602250044466,True
2,MEDIUM_MAZE,905,905,5,3,3,5,greedy,16,0.0209775000112131,8,0.0026221875014016,True
2,MEDIUM_MAZE,905,905,5,3,3,5,beam_2,16,0.0115647999919019,4,0.0028911999979754,True
2,MEDIUM_MAZE,905,905,5,3,3,5,beam_3,16,0.0134513999801129,4,0.0033628499950282,True
2,MEDIUM_MAZE,931,931,5,4,4,1,greedy,16,0.0105499000055715,4,0.0026374750013928,True
2,MEDIUM_MAZE,931,931,5,4,4,1,beam_2,16,0.0117275000084191,4,0.0029318750021047,True
2,MEDIUM_MAZE,931,931,5,4,4,1,beam_3,16,0.0127108999877236,4,0.0031777249969309,True
2,MEDIUM_MAZE,983,983,6,1,4,3,greedy,16,0.0121554000070318,4,0.0030388500017579,True
2,MEDIUM_MAZE,983,983,6,1,4,3,beam_2,16,0.0143371999729424,4,0.0035842999932356,True
2,MEDIUM_MAZE,983,983,6,1,4,3,beam_3,16,0.0148865000228397,4,0.0037216250057099,True
2,MEDIUM_MAZE,1058,1058,6,5,4,3,greedy,16,0.0414264999562874,12,0.0034522083296906,True
2,MEDIUM_MAZE,1058,1058,6,5,4,3,beam_2,16,0.0145871000131592,4,0.0036467750032898,True
2,MEDIUM_MAZE,1058,1058,6,5,4,3,beam_3,16,0.01449509995291,4,0.0036237749882275,True
2,MEDIUM_MAZE,457,457,1,1,4,3,greedy,16,0.0157523999805562,5,0.0031504799961112,True
2,MEDIUM_MAZE,457,457,1,1,4,3,beam_2,16,0.0170068999868817,5,0.0034013799973763,True
2,MEDIUM_MAZE,457,457,1,1,4,3,beam_3,16,0.0172644999693147,5,0.0034528999938629,True
2,MEDIUM_MAZE,507,507,1,5,4,3,greedy,16,0.0344173000194132,11,0.0031288454563102,True
2,MEDIUM_MAZE,507,507,1,5,4,3,beam_2,16,0.0155004999833181,5,0.0031000999966636,True
2,MEDIUM_MAZE,507,507,1,5,4,3,beam_3,16,0.0159727999707683,5,0.0031945599941536,True
2,MEDIUM_MAZE,556,556,2,1,4,2,greedy,16,0.0207335000159218,7,0.0029619285737031,True
2,MEDIUM_MAZE,556,556,2,1,4,2,beam_2,16,0.0148177999653853,5,0.002963559993077,True
2,MEDIUM_MAZE,556,556,2,1,4,2,beam_3,16,0.0159883999731391,5,0.0031976799946278,True
2,MEDIUM_MAZE,587,587,2,2,5,4,greedy,16,0.0445965999970212,16,0.0027872874998138,False
2,MEDIUM_MAZE,587,587,2,2,5,4,beam_2,16,0.0149454000056721,5,0.0029890800011344,True
2,MEDIUM_MAZE,587,587,2,2,5,4,beam_3,16,0.0148798000300303,5,0.002975960006006,True
2,MEDIUM_MAZE,616,616,2,3,6,4,greedy,16,0.0125014000223018,5,0.0025002800044603,True
2,MEDIUM_MAZE,616,616,2,3,6,4,beam_2,16,0.0158837999915704,5,0.003176759998314,True
2,MEDIUM_MAZE,616,616,2,3,6,4,beam_3,16,0.0151123999967239,5,0.0030224799993447,True
2,MEDIUM_MAZE,650,650,2,6,2,3,greedy,16,0.0134742999798618,5,0.0026948599959723,True
2,MEDIUM_MAZE,650,650,2,6,2,3,beam_2,16,0.0151952999876812,5,0.0030390599975362,True
2,MEDIUM_MAZE,650,650,2,6,2,3,beam_3,16,0.0146800999646075,5,0.0029360199929215,True
2,MEDIUM_MAZE,689,689,3,3,6,1,greedy,16,0.0120457000448368,5,0.0024091400089673,True
2,MEDIUM_MAZE,689,689,3,3,6,1,beam_2,16,0.0140211000107228,5,0.0028042200021445,True
2,MEDIUM_MAZE,689,689,3,3,6,1,beam_3,16,0.01439800002845,5,0.00287960000569,True
2,MEDIUM_MAZE,718,718,3,4,6,6,greedy,16,0.0121364000369794,5,0.0024272800073958,True
2,MEDIUM_MAZE,718,718,3,4,6,6,beam_2,16,0.0140972000081092,5,0.0028194400016218,True
2,MEDIUM_MAZE,718,718,3,4,6,6,beam_3,16,0.0141862000455148,5,0.0028372400091029,True
2,MEDIUM_MAZE,742,742,3,5,6,5,greedy,16,0.0174795999773778,7,0.0024970857110539,True
2,MEDIUM_MAZE,742,742,3,5,6,5,beam_2,16,0.0136331000248901,5,0.002726620004978,True
2,MEDIUM_MAZE,742,742,3,5,6,5,beam_3,16,0.0150216000038199,5,0.0030043200007639,True
2,MEDIUM_MAZE,773,773,4,2,2,1,greedy,16,0.0179183000000193,7,0.0025597571428599,True
2,MEDIUM_MAZE,773,773,4,2,2,1,beam_2,16,0.0138648999854922,5,0.0027729799970984,True
2,MEDIUM_MAZE,773,773,4,2,2,1,beam_3,16,0.0147232000017538,5,0.0029446400003507,True
2,MEDIUM_MAZE,796,796,4,3,1,5,greedy,16,0.0127099000383168,5,0.0025419800076633,True
2,MEDIUM_MAZE,796,796,4,3,1,5,beam_2,16,0.0143596999696455,5,0.0028719399939291,True
2,MEDIUM_MAZE,796,796,4,3,1,5,beam_3,16,0.0148503999807871,5,0.0029700799961574,True
2,MEDIUM_MAZE,824,824,4,5,2,2,greedy,16,0.0441974999848753,16,0.0027623437490547,False
2,MEDIUM_MAZE,824,824,4,5,2,2,beam_2,16,0.0533865999896079,16,0.0033366624993504,False
2,MEDIUM_MAZE,824,824,4,5,2,2,beam_3,16,0.0172531999996863,5,0.0034506399999372,True
2,MEDIUM_MAZE,850,850,4,6,2,3,greedy,16,0.0248470000224187,9,0.0027607777802687,True
2,MEDIUM_MAZE,850,850,4,6,2,3,beam_2,16,0.0142939999932423,5,0.0028587999986484,True
2,MEDIUM_MAZE,850,850,4,6,2,3,beam_3,16,0.014864899974782,5,0.0029729799949564,True
2,MEDIUM_MAZE,887,887,5,1,5,4,greedy,16,0.0121695999987423,5,0.0024339199997484,True
2,MEDIUM_MAZE,887,887,5,1,5,4,beam_2,16,0.0132697999943047,5,0.0026539599988609,True
2,MEDIUM_MAZE,887,887,5,1,5,4,beam_3,16,0.0148019000189378,5,0.0029603800037875,True
2,MEDIUM_MAZE,913,913,5,3,5,6,greedy,16,0.0126729999901726,5,0.0025345999980345,True
2,MEDIUM_MAZE,913,913,5,3,5,6,beam_2,16,0.0174611000111326,5,0.0034922200022265,True
2,MEDIUM_MAZE,913,913,5,3,5,6,beam_3,16,0.0151199999963864,5,0.0030239999992772,True
2,MEDIUM_MAZE,936,936,5,4,5,1,greedy,16,0.0130018999916501,5,0.00260037999833,True
2,MEDIUM_MAZE,936,936,5,4,5,1,beam_2,16,0.0141115000005811,5,0.0028223000001162,True
2,MEDIUM_MAZE,936,936,5,4,5,1,beam_3,16,0.0145660000271163,5,0.0029132000054232,True
2,MEDIUM_MAZE,978,978,6,1,3,3,greedy,16,0.012234800029546,5,0.0024469600059092,True
2,MEDIUM_MAZE,978,978,6,1,3,3,beam_2,16,0.0145810000249184,5,0.0029162000049836,True
2,MEDIUM_MAZE,978,978,6,1,3,3,beam_3,16,0.0149141000001691,5,0.0029828200000338,True
2,MEDIUM_MAZE,1031,1031,6,4,4,1,greedy,16,0.0123012000112794,5,0.0024602400022558,True
2,MEDIUM_MAZE,1031,1031,6,4,4,1,beam_2,16,0.0143600000301375,5,0.0028720000060275,True
2,MEDIUM_MAZE,1031,1031,6,4,4,1,beam_3,16,0.0144025000045076,5,0.0028805000009015,True
2,MEDIUM_MAZE,1076,1076,6,6,2,5,greedy,16,0.0430469999555498,16,0.0026904374972218,False
2,MEDIUM_MAZE,1076,1076,6,6,2,5,beam_2,16,0.01447090000147,5,0.0028941800002939,True
2,MEDIUM_MAZE,1076,1076,6,6,2,5,beam_3,16,0.0140933000366203,5,0.002818660007324,True
2,MEDIUM_MAZE,461,461,1,1,5,3,greedy,16,0.044234899978619,16,0.0027646812486636,False
2,MEDIUM_MAZE,461,461,1,1,5,3,beam_2,16,0.0174073000089265,6,0.0029012166681544,True
2,MEDIUM_MAZE,461,461,1,1,5,3,beam_3,16,0.0181897999718785,6,0.0030316333286464,True
2,MEDIUM_MAZE,498,498,1,5,2,2,greedy,16,0.0407930000219494,16,0.0025495625013718,False
2,MEDIUM_MAZE,498,498,1,5,2,2,beam_2,16,0.0531132000032812,16,0.003319575000205,False
2,MEDIUM_MAZE,498,498,1,5,2,2,beam_3,16,0.066594099975191,16,0.0041621312484494,False
2,MEDIUM_MAZE,532,532,1,6,4,3,greedy,16,0.0182103999541141,6,0.003035066659019,True
2,MEDIUM_MAZE,532,532,1,6,4,3,beam_2,16,0.0202142999623902,6,0.0033690499937317,True
2,MEDIUM_MAZE,532,532,1,6,4,3,beam_3,16,0.0198569999774917,6,0.0033094999962486,True
2,MEDIUM_MAZE,562,562,2,1,5,4,greedy,16,0.0517149000079371,16,0.003232181250496,False
2,MEDIUM_MAZE,562,562,2,1,5,4,beam_2,16,0.0177554999827407,6,0.0029592499971234,True
2,MEDIUM_MAZE,562,562,2,1,5,4,beam_3,16,0.0178626999841071,6,0.0029771166640178,True
2,MEDIUM_MAZE,591,591,2,2,6,4,greedy,16,0.0158506000298075,6,0.0026417666716345,True
2,MEDIUM_MAZE,591,591,2,2,6,4,beam_2,16,0.0168989000376313,6,0.0028164833396052,True
2,MEDIUM_MAZE,591,591,2,2,6,4,beam_3,16,0.0175894999993033,6,0.0029315833332172,True
2,MEDIUM_MAZE,620,620,2,5,1,2,greedy,16,0.0162834000075235,6,0.0027139000012539,True
2,MEDIUM_MAZE,620,620,2,5,1,2,beam_2,16,0.0180455000372603,6,0.0030075833395433,True
2,MEDIUM_MAZE,620,620,2,5,1,2,beam_3,16,0.0207976000383496,6,0.0034662666730582,True
2,MEDIUM_MAZE,649,649,2,6,2,2,greedy,16,0.0557198000024072,16,0.0034824875001504,False
2,MEDIUM_MAZE,649,649,2,6,2,2,beam_2,16,0.0650834999978542,16,0.0040677187498658,False
2,MEDIUM_MAZE,649,649,2,6,2,2,beam_3,16,0.0643762999679893,16,0.0040235187479993,False
2,MEDIUM_MAZE,693,693,3,3,6,6,greedy,16,0.0185951999737881,6,0.0030991999956313,True
2,MEDIUM_MAZE,693,693,3,3,6,6,beam_2,16,0.019616000005044,6,0.003269333334174,True
2,MEDIUM_MAZE,693,693,3,3,6,6,beam_3,16,0.0197829999960958,6,0.0032971666660159,True
2,MEDIUM_MAZE,741,741,3,5,6,4,greedy,16,0.0173894999898038,6,0.0028982499983006,True
2,MEDIUM_MAZE,741,741,3,5,6,4,beam_2,16,0.01838060002774,6,0.0030634333379566,True
2,MEDIUM_MAZE,741,741,3,5,6,4,beam_3,16,0.0201744000078178,6,0.0033624000013029,True
2,MEDIUM_MAZE,767,767,4,1,6,5,greedy,16,0.0165328999864868,6,0.0027554833310811,True
2,MEDIUM_MAZE,767,767,4,1,6,5,beam_2,16,0.0237794999848119,6,0.0039632499974686,True
2,MEDIUM_MAZE,767,767,4,1,6,5,beam_3,16,0.0202611000277102,6,0.0033768500046183,True
2,MEDIUM_MAZE,793,793,4,2,6,6,greedy,16,0.0157724000164307,6,0.0026287333360717,True
2,MEDIUM_MAZE,793,793,4,2,6,6,beam_2,16,0.0170576999662444,6,0.002842949994374,True
2,MEDIUM_MAZE,793,793,4,2,6,6,beam_3,16,0.0185147000011056,6,0.0030857833335176,True
2,MEDIUM_MAZE,831,831,4,5,4,1,greedy,16,0.0174831000040285,6,0.0029138500006714,True
2,MEDIUM_MAZE,831,831,4,5,4,1,beam_2,16,0.0195871000178158,6,0.0032645166696359,True
2,MEDIUM_MAZE,831,831,4,5,4,1,beam_3,16,0.0233591000433079,6,0.0038931833405513,True
2,MEDIUM_MAZE,874,874,5,1,2,2,greedy,16,0.0456225999514572,16,0.002851412496966,False
2,MEDIUM_MAZE,874,874,5,1,2,2,beam_2,16,0.0503618999500758,16,0.0031476187468797,True
2,MEDIUM_MAZE,874,874,5,1,2,2,beam_3,16,0.0202026999904774,6,0.0033671166650795,True
2,MEDIUM_MAZE,902,902,5,3,2,6,greedy,16,0.0332421999773941,12,0.0027701833314495,True
2,MEDIUM_MAZE,902,902,5,3,2,6,beam_2,16,0.0167196000111289,6,0.0027866000018548,True
2,MEDIUM_MAZE,902,902,5,3,2,6,beam_3,16,0.0181314999936148,6,0.0030219166656024,True
2,MEDIUM_MAZE,926,926,5,4,2,5,greedy,16,0.0445992999593727,16,0.0027874562474607,False
2,MEDIUM_MAZE,926,926,5,4,2,5,beam_2,16,0.0241941999993287,8,0.003024274999916,True
2,MEDIUM_MAZE,926,926,5,4,2,5,beam_3,16,0.0207393000018782,6,0.003456550000313,True
2,MEDIUM_MAZE,958,958,5,6,4,3,greedy,16,0.015994299959857,6,0.0026657166599761,True
2,MEDIUM_MAZE,958,958,5,6,4,3,beam_2,16,0.0168015999952331,6,0.0028002666658721,True
2,MEDIUM_MAZE,958,958,5,6,4,3,beam_3,16,0.0173757000011391,6,0.0028959500001898,True
2,MEDIUM_MAZE,1012,1012,6,2,5,3,greedy,16,0.0442732000374235,16,0.0027670750023389,False
2,MEDIUM_MAZE,1012,1012,6,2,5,3,beam_2,16,0.0170316000003367,6,0.0028386000000561,True
2,MEDIUM_MAZE,1012,1012,6,2,5,3,beam_3,16,0.0205597999738529,6,0.0034266333289754,True
2,MEDIUM_MAZE,1051,1051,6,5,2,5,greedy,16,0.0183051999774761,6,0.0030508666629126,True
2,MEDIUM_MAZE,1051,1051,6,5,2,5,beam_2,16,0.0201238999725319,6,0.0033539833287553,True
2,MEDIUM_MAZE,1051,1051,6,5,2,5,beam_3,16,0.0213626999757252,6,0.0035604499959542,True
2,MEDIUM_MAZE,1078,1078,6,6,3,3,greedy,16,0.0185778000159189,6,0.0030963000026531,True
2,MEDIUM_MAZE,1078,1078,6,6,3,3,beam_2,16,0.0233688000007532,6,0.0038948000001255,True
2,MEDIUM_MAZE,1078,1078,6,6,3,3,beam_3,16,0.0227191999438218,6,0.0037865333239703,True
2,MEDIUM_MAZE,462,462,1,1,5,4,greedy,16,0.0469433999969624,16,0.0029339624998101,False
2,MEDIUM_MAZE,462,462,1,1,5,4,beam_2,16,0.0238907999591901,7,0.0034129714227414,True
2,MEDIUM_MAZE,462,462,1,1,5,4,beam_3,16,0.0241387999849393,7,0.0034483999978484,True
2,MEDIUM_MAZE,491,491,1,2,6,4,greedy,16,0.0511876000091433,16,0.0031992250005714,False
2,MEDIUM_MAZE,491,491,1,2,6,4,beam_2,16,0.0243215999798849,7,0.0034745142828407,True
2,MEDIUM_MAZE,491,491,1,2,6,4,beam_3,16,0.0291493000113405,7,0.0041641857159057,True
2,MEDIUM_MAZE,517,517,1,5,6,5,greedy,16,0.0230680999811738,7,0.0032954428544534,True
2,MEDIUM_MAZE,517,517,1,5,6,5,beam_2,16,0.0237411999842152,7,0.003391599997745,True
2,MEDIUM_MAZE,517,517,1,5,6,5,beam_3,16,0.0244292999850586,7,0.0034898999978655,True
2,MEDIUM_MAZE,546,546,2,1,1,5,greedy,16,0.0202193000004626,7,0.0028884714286375,True
2,MEDIUM_MAZE,546,546,2,1,1,5,beam_2,16,0.0212259999825619,7,0.0030322857117945,True
2,MEDIUM_MAZE,546,546,2,1,1,5,beam_3,16,0.024025899998378,7,0.0034322714283397,True
2,MEDIUM_MAZE,572,572,2,2,1,6,greedy,16,0.0207103000138886,7,0.0029586142876983,True
2,MEDIUM_MAZE,572,572,2,2,1,6,beam_2,16,0.0235804000403732,7,0.0033686285771961,True
2,MEDIUM_MAZE,572,572,2,2,1,6,beam_3,16,0.022901999996975,7,0.0032717142852821,True
2,MEDIUM_MAZE,618,618,2,3,6,6,greedy,16,0.0198234000126831,7,0.0028319142875261,True
2,MEDIUM_MAZE,618,618,2,3,6,6,beam_2,16,0.0207915999926626,7,0.0029702285703803,True
2,MEDIUM_MAZE,618,618,2,3,6,6,beam_3,16,0.0223205999936908,7,0.0031886571419558,True
2,MEDIUM_MAZE,648,648,2,6,2,1,greedy,16,0.0181597999762743,7,0.0025942571394677,True
2,MEDIUM_MAZE,648,648,2,6,2,1,beam_2,16,0.0201512000057846,7,0.0028787428579692,True
2,MEDIUM_MAZE,648,648,2,6,2,1,beam_3,16,0.021046599955298,7,0.0030066571364711,True
2,MEDIUM_MAZE,739,739,3,5,6,1,greedy,16,0.01767650002148,7,0.0025252142887828,True
2,MEDIUM_MAZE,739,739,3,5,6,1,beam_2,16,0.0210869999718852,7,0.0030124285674121,True
2,MEDIUM_MAZE,739,739,3,5,6,1,beam_3,16,0.0223835000069811,7,0.0031976428581401,True
2,MEDIUM_MAZE,768,768,4,1,6,6,greedy,16,0.0181157999904826,7,0.0025879714272118,True
2,MEDIUM_MAZE,768,768,4,1,6,6,beam_2,16,0.0192774000461213,7,0.002753914292303,True
2,MEDIUM_MAZE,768,768,4,1,6,6,beam_3,16,0.0209704000153578,7,0.0029957714307654,True
2,MEDIUM_MAZE,845,845,4,6,1,2,greedy,16,0.0438900000299327,16,0.0027431250018707,False
2,MEDIUM_MAZE,845,845,4,6,1,2,beam_2,16,0.0211063000024296,7,0.0030151857146328,True
2,MEDIUM_MAZE,845,845,4,6,1,2,beam_3,16,0.0220797000220045,7,0.0031542428602863,True
2,MEDIUM_MAZE,876,876,5,1,2,5,greedy,16,0.0184710000175982,7,0.0026387142882283,True
2,MEDIUM_MAZE,876,876,5,1,2,5,beam_2,16,0.0200709999771788,7,0.0028672857110255,True
2,MEDIUM_MAZE,876,876,5,1,2,5,beam_3,16,0.0209424999775365,7,0.0029917857110766,True
2,MEDIUM_MAZE,921,921,5,4,1,5,greedy,16,0.044585499970708,16,0.0027865937481692,False
2,MEDIUM_MAZE,921,921,5,4,1,5,beam_2,16,0.0196636000182479,7,0.0028090857168925,True
2,MEDIUM_MAZE,921,921,5,4,1,5,beam_3,16,0.0218881000182591,7,0.0031268714311798,True
2,MEDIUM_MAZE,974,974,6,1,2,2,greedy,16,0.043058999988716,16,0.0026911874992947,False
2,MEDIUM_MAZE,974,974,6,1,2,2,beam_2,16,0.0469914999557659,16,0.0029369687472353,False
2,MEDIUM_MAZE,974,974,6,1,2,2,beam_3,16,0.020264099992346,7,0.002894871427478,True
2,MEDIUM_MAZE,1013,1013,6,2,5,4,greedy,16,0.0192088999901898,7,0.0027441285700271,True
2,MEDIUM_MAZE,1013,1013,6,2,5,4,beam_2,16,0.0222244999604299,7,0.0031749285657757,True
2,MEDIUM_MAZE,1013,1013,6,2,5,4,beam_3,16,0.024980999995023,7,0.0035687142850032,True
2,MEDIUM_MAZE,1046,1046,6,5,1,5,greedy,16,0.0202683000243268,7,0.0028954714320466,True
2,MEDIUM_MAZE,1046,1046,6,5,1,5,beam_2,16,0.0277501000091433,7,0.0039643000013061,True
2,MEDIUM_MAZE,1046,1046,6,5,1,5,beam_3,16,0.032164099975489,7,0.0045948714250698,True
2,MEDIUM_MAZE,1075,1075,6,6,2,3,greedy,16,0.0247220000019297,7,0.0035317142859899,True
2,MEDIUM_MAZE,1075,1075,6,6,2,3,beam_2,16,0.0272690000128932,7,0.0038955714304133,True
2,MEDIUM_MAZE,1075,1075,6,6,2,3,beam_3,16,0.0278376000351272,7,0.0039768000050181,True
2,MEDIUM_MAZE,460,460,1,1,5,1,greedy,18,0.0263698999769985,8,0.0032962374971248,True
2,MEDIUM_MAZE,460,460,1,1,5,1,beam_2,18,0.0261022000340744,8,0.0032627750042593,True
2,MEDIUM_MAZE,460,460,1,1,5,1,beam_3,18,0.0278145000338554,8,0.0034768125042319,True
2,MEDIUM_MAZE,492,492,1,2,6,5,greedy,18,0.0232171999523416,8,0.0029021499940427,True
2,MEDIUM_MAZE,492,492,1,2,6,5,beam_2,18,0.0267969000269658,8,0.0033496125033707,True
2,MEDIUM_MAZE,492,492,1,2,6,5,beam_3,18,0.0270611000014469,8,0.0033826375001808,True
2,MEDIUM_MAZE,522,522,1,6,2,1,greedy,18,0.0284511999925598,10,0.0028451199992559,True
2,MEDIUM_MAZE,522,522,1,6,2,1,beam_2,18,0.0241402999963611,8,0.0030175374995451,True
2,MEDIUM_MAZE,522,522,1,6,2,1,beam_3,18,0.025561699992977,8,0.0031952124991221,True
2,MEDIUM_MAZE,563,563,2,1,5,6,greedy,18,0.0223446000018157,8,0.0027930750002269,True
2,MEDIUM_MAZE,563,563,2,1,5,6,beam_2,18,0.0237311000237241,8,0.0029663875029655,True
2,MEDIUM_MAZE,563,563,2,1,5,6,beam_3,18,0.0239696999778971,8,0.0029962124972371,True
2,MEDIUM_MAZE,639,639,2,5,6,1,greedy,18,0.0209003000054508,8,0.0026125375006813,True
2,MEDIUM_MAZE,639,639,2,5,6,1,beam_2,18,0.0246380000025965,8,0.0030797500003245,True
2,MEDIUM_MAZE,639,639,2,5,6,1,beam_3,18,0.0249872999847866,8,0.0031234124980983,True
2,MEDIUM_MAZE,747,747,4,1,1,6,greedy,18,0.0196991999982856,8,0.0024623999997857,True
2,MEDIUM_MAZE,747,747,4,1,1,6,beam_2,18,0.0231933000031858,8,0.0028991625003982,True
2,MEDIUM_MAZE,747,747,4,1,1,6,beam_3,18,0.0243757999851368,8,0.0030469749981421,True
2,MEDIUM_MAZE,869,869,5,1,1,1,greedy,18,0.0207362999790348,8,0.0025920374973793,True
2,MEDIUM_MAZE,869,869,5,1,1,1,beam_2,18,0.0230953000136651,8,0.0028869125017081,True
2,MEDIUM_MAZE,869,869,5,1,1,1,beam_3,18,0.0238850000314414,8,0.0029856250039301,True
2,MEDIUM_MAZE,922,922,5,4,1,6,greedy,18,0.0199417000403627,8,0.0024927125050453,True
2,MEDIUM_MAZE,922,922,5,4,1,6,beam_2,18,0.0237212000065483,8,0.0029651500008185,True
2,MEDIUM_MAZE,922,922,5,4,1,6,beam_3,18,0.0235333000309765,8,0.002941662503872,True
2,MEDIUM_MAZE,973,973,6,1,2,1,greedy,18,0.0197234000079333,8,0.0024654250009916,True
2,MEDIUM_MAZE,973,973,6,1,2,1,beam_2,18,0.0224469000240787,8,0.0028058625030098,True
2,MEDIUM_MAZE,973,973,6,1,2,1,beam_3,18,0.023980300000403,8,0.0029975375000503,True
2,MEDIUM_MAZE,1005,1005,6,2,3,5,greedy,18,0.0207912999903783,8,0.0025989124987972,True
2,MEDIUM_MAZE,1005,1005,6,2,3,5,beam_2,18,0.0214935000403784,8,0.0026866875050473,True
2,MEDIUM_MAZE,1005,1005,6,2,3,5,beam_3,18,0.0245598999899812,8,0.0030699874987476,True
2,MEDIUM_MAZE,1041,1041,6,4,6,2,greedy,18,0.03699960000813,14,0.0026428285720092,True
2,MEDIUM_MAZE,1041,1041,6,4,6,2,beam_2,18,0.0432652999879792,14,0.0030903785705699,True
2,MEDIUM_MAZE,1041,1041,6,4,6,2,beam_3,18,0.0239516999572515,8,0.0029939624946564,True
2,MEDIUM_MAZE,1074,1074,6,6,2,2,greedy,18,0.0488187000155448,18,0.0027121500008636,False
2,MEDIUM_MAZE,1074,1074,6,6,2,2,beam_2,18,0.0621951000066474,18,0.0034552833337026,False
2,MEDIUM_MAZE,1074,1074,6,6,2,2,beam_3,18,0.0626424999791197,18,0.0034801388877288,False
2,MEDIUM_MAZE,467,467,1,1,6,5,greedy,20,0.0236105999792926,9,0.0026233999976991,True
2,MEDIUM_MAZE,467,467,1,1,6,5,beam_2,20,0.0271524999989196,9,0.0030169444443244,True
2,MEDIUM_MAZE,467,467,1,1,6,5,beam_3,20,0.028643199999351,9,0.0031825777777056,True
2,MEDIUM_MAZE,535,535,1,6,5,1,greedy,20,0.0233999000047333,9,0.0025999888894148,True
2,MEDIUM_MAZE,535,535,1,6,5,1,beam_2,20,0.0303320999955758,9,0.0033702333328417,True
2,MEDIUM_MAZE,535,535,1,6,5,1,beam_3,20,0.0342273999704048,9,0.003803044441156,True
2,MEDIUM_MAZE,664,664,2,6,6,1,greedy,20,0.0272136999992653,9,0.0030237444443628,True
2,MEDIUM_MAZE,664,664,2,6,6,1,beam_2,20,0.0323411999852396,9,0.0035934666650266,True
2,MEDIUM_MAZE,664,664,2,6,6,1,beam_3,20,0.0332208000472746,9,0.0036912000052527,True
2,MEDIUM_MAZE,944,944,5,6,1,1,greedy,20,0.0253154999809339,9,0.0028128333312148,True
2,MEDIUM_MAZE,944,944,5,6,1,1,beam_2,20,0.0301135999616235,9,0.0033459555512915,True
2,MEDIUM_MAZE,944,944,5,6,1,1,beam_3,20,0.0298058000043965,9,0.003311755556044,True
2,MEDIUM_MAZE,985,985,6,1,4,6,greedy,20,0.0295075999456457,11,0.0026825090859677,True
2,MEDIUM_MAZE,985,985,6,1,4,6,beam_2,20,0.0265256999991834,9,0.0029472999999092,True
2,MEDIUM_MAZE,985,985,6,1,4,6,beam_3,20,0.0284560000291094,9,0.0031617777810121,True
2,MEDIUM_MAZE,1009,1009,6,2,4,5,greedy,20,0.0229228999814949,9,0.0025469888868327,True
2,MEDIUM_MAZE,1009,1009,6,2,4,5,beam_2,20,0.0260331999743357,9,0.0028925777749261,True
2,MEDIUM_MAZE,1009,1009,6,2,4,5,beam_3,20,0.0281200999743305,9,0.0031244555527033,True
2,MEDIUM_MAZE,1070,1070,6,6,1,2,greedy,20,0.0590743999928236,19,0.0031091789469907,False
2,MEDIUM_MAZE,1070,1070,6,6,1,2,beam_2,20,0.0256325000082142,9,0.0028480555564682,True
2,MEDIUM_MAZE,1070,1070,6,6,1,2,beam_3,20,0.0277139999670907,9,0.0030793333296767,True
2,MEDIUM_MAZE,515,515,1,5,6,2,greedy,22,0.0528641000273637,19,0.0027823210540717,False
2,MEDIUM_MAZE,515,515,1,5,6,2,beam_2,22,0.0580265999888069,19,0.0030540315783582,False
2,MEDIUM_MAZE,515,515,1,5,6,2,beam_3,22,0.0337389000342227,10,0.0033738900034222,True
2,MEDIUM_MAZE,972,972,6,1,1,6,greedy,22,0.0265881999512203,10,0.002658819995122,True
2,MEDIUM_MAZE,972,972,6,1,1,6,beam_2,22,0.0298446999513544,10,0.0029844699951354,True
2,MEDIUM_MAZE,972,972,6,1,1,6,beam_3,22,0.0319184999680146,10,0.0031918499968014,True
2,MEDIUM_MAZE,1010,1010,6,2,4,6,greedy,22,0.0264672000193968,10,0.0026467200019396,True
2,MEDIUM_MAZE,1010,1010,6,2,4,6,beam_2,22,0.034125700010918,10,0.0034125700010918,True
2,MEDIUM_MAZE,1010,1010,6,2,4,6,beam_3,22,0.0331945000216364,10,0.0033194500021636,True
2,MEDIUM_MAZE,965,965,5,6,6,2,greedy,24,0.030826500034891,11,0.002802409094081,True
2,MEDIUM_MAZE,965,965,5,6,6,2,beam_2,24,0.0352772999904118,11,0.0032070272718556,True
2,MEDIUM_MAZE,965,965,5,6,6,2,beam_3,24,0.0352055000257678,11,0.0032005000023425,True
2,LARGE_MAZE,1789,1789,1,2,1,1,greedy,16,0.0028781000291928,1,0.0028781000291928,True
2,LARGE_MAZE,1789,1789,1,2,1,1,beam_2,16,0.0029708000365644,1,0.0029708000365644,True
2,LARGE_MAZE,1789,1789,1,2,1,1,beam_3,16,0.0028574999887496,1,0.0028574999887496,True
2,LARGE_MAZE,1881,1881,1,4,1,3,greedy,16,0.0427731000236235,16,0.0026733187514764,False
2,LARGE_MAZE,1881,1881,1,4,1,3,beam_2,16,0.0020755000296048,1,0.0020755000296048,True
2,LARGE_MAZE,1881,1881,1,4,1,3,beam_3,16,0.0024931000079959,1,0.0024931000079959,True
2,LARGE_MAZE,1980,1980,1,7,2,7,greedy,16,0.002411299967207,1,0.002411299967207,True
2,LARGE_MAZE,1980,1980,1,7,2,7,beam_2,16,0.0022601999808102,1,0.0022601999808102,True
2,LARGE_MAZE,1980,1980,1,7,2,7,beam_3,16,0.0021872000070288,1,0.0021872000070288,True
2,LARGE_MAZE,2111,2111,1,10,1,9,greedy,16,0.0023728000232949,1,0.0023728000232949,True
2,LARGE_MAZE,2111,2111,1,10,1,9,beam_2,16,0.0021458999835886,1,0.0021458999835886,True
2,LARGE_MAZE,2111,2111,1,10,1,9,beam_3,16,0.0021703999955207,1,0.0021703999955207,True
2,LARGE_MAZE,2209,2209,2,3,3,3,greedy,16,0.0450754000339657,16,0.0028172125021228,False
2,LARGE_MAZE,2209,2209,2,3,3,3,beam_2,16,0.0023086000001057,1,0.0023086000001057,True
2,LARGE_MAZE,2209,2209,2,3,3,3,beam_3,16,0.0022316999966278,1,0.0022316999966278,True
2,LARGE_MAZE,2337,2337,2,10,1,10,greedy,16,0.0430487000267021,16,0.0026905437516688,False
2,LARGE_MAZE,2337,2337,2,10,1,10,beam_2,16,0.0023426999687217,1,0.0023426999687217,True
2,LARGE_MAZE,2337,2337,2,10,1,10,beam_3,16,0.0021072999807074,1,0.0021072999807074,True
2,LARGE_MAZE,2433,2433,3,2,3,1,greedy,16,0.002347000001464,1,0.002347000001464,True
2,LARGE_MAZE,2433,2433,3,2,3,1,beam_2,16,0.0026277000433765,1,0.0026277000433765,True
2,LARGE_MAZE,2433,2433,3,2,3,1,beam_3,16,0.0022653000196442,1,0.0022653000196442,True
2,LARGE_MAZE,2526,2526,3,5,3,6,greedy,16,0.002129899978172,1,0.002129899978172,True
2,LARGE_MAZE,2526,2526,3,5,3,6,beam_2,16,0.0023154999944381,1,0.0023154999944381,True
2,LARGE_MAZE,2526,2526,3,5,3,6,beam_3,16,0.0022319999989122,1,0.0022319999989122,True
2,LARGE_MAZE,2617,2617,3,7,3,6,greedy,16,0.00213390000863,1,0.00213390000863,True
2,LARGE_MAZE,2617,2617,3,7,3,6,beam_2,16,0.0021182000054977,1,0.0021182000054977,True
2,LARGE_MAZE,2617,2617,3,7,3,6,beam_3,16,0.0023861000081524,1,0.0023861000081524,True
2,LARGE_MAZE,2710,2710,3,9,3,10,greedy,16,0.0020839999779127,1,0.0020839999779127,True
2,LARGE_MAZE,2710,2710,3,9,3,10,beam_2,16,0.0020699999877251,1,0.0020699999877251,True
2,LARGE_MAZE,2710,2710,3,9,3,10,beam_3,16,0.0023291000397875,1,0.0023291000397875,True
2,LARGE_MAZE,2804,2804,4,1,5,1,greedy,16,0.0021888999617658,1,0.0021888999617658,True
2,LARGE_MAZE,2804,2804,4,1,5,1,beam_2,16,0.0027347999857738,1,0.0027347999857738,True
2,LARGE_MAZE,2804,2804,4,1,5,1,beam_3,16,0.0025638999650254,1,0.0025638999650254,True
2,LARGE_MAZE,2937,2937,5,1,4,1,greedy,16,0.0026928000152111,1,0.0026928000152111,True
2,LARGE_MAZE,2937,2937,5,1,4,1,beam_2,16,0.002189900027588,1,0.002189900027588,True
2,LARGE_MAZE,2937,2937,5,1,4,1,beam_3,16,0.0022486000088974,1,0.0022486000088974,True
2,LARGE_MAZE,3032,3032,5,3,5,4,greedy,16,0.0025969000416807,1,0.0025969000416807,True
2,LARGE_MAZE,3032,3032,5,3,5,4,beam_2,16,0.0023726999643258,1,0.0023726999643258,True
2,LARGE_MAZE,3032,3032,5,3,5,4,beam_3,16,0.0020267000072635,1,0.0020267000072635,True
2,LARGE_MAZE,3123,3123,5,5,5,4,greedy,16,0.041383100033272,16,0.0025864437520795,False
2,LARGE_MAZE,3123,3123,5,5,5,4,beam_2,16,0.0026223000022582,1,0.0026223000022582,True
2,LARGE_MAZE,3123,3123,5,5,5,4,beam_3,16,0.0020943999988958,1,0.0020943999988958,True
2,LARGE_MAZE,3254,3254,5,10,4,10,greedy,16,0.0020088999881409,1,0.0020088999881409,True
2,LARGE_MAZE,3254,3254,5,10,4,10,beam_2,16,0.0021755999769084,1,0.0021755999769084,True
2,LARGE_MAZE,3254,3254,5,10,4,10,beam_3,16,0.002571299963165,1,0.002571299963165,True
2,LARGE_MAZE,3359,3359,6,5,7,5,greedy,16,0.0516293999971821,16,0.0032268374998238,False
2,LARGE_MAZE,3359,3359,6,5,7,5,beam_2,16,0.0027855000225827,1,0.0027855000225827,True
2,LARGE_MAZE,3359,3359,6,5,7,5,beam_3,16,0.0033276000176556,1,0.0033276000176556,True
2,LARGE_MAZE,3492,3492,7,1,7,2,greedy,16,0.0029381000204011,1,0.0029381000204011,True
2,LARGE_MAZE,3492,3492,7,1,7,2,beam_2,16,0.0029045999981462,1,0.0029045999981462,True
2,LARGE_MAZE,3492,3492,7,1,7,2,beam_3,16,0.0027062000008299,1,0.0027062000008299,True
2,LARGE_MAZE,3624,3624,7,5,6,5,greedy,16,0.0027037000400014,1,0.0027037000400014,True
2,LARGE_MAZE,3624,3624,7,5,6,5,beam_2,16,0.0028654999914579,1,0.0028654999914579,True
2,LARGE_MAZE,3624,3624,7,5,6,5,beam_3,16,0.0026874000323005,1,0.0026874000323005,True
2,LARGE_MAZE,3721,3721,7,7,7,6,greedy,16,0.0026448999997228,1,0.0026448999997228,True
2,LARGE_MAZE,3721,3721,7,7,7,6,beam_2,16,0.0031311999773606,1,0.0031311999773606,True
2,LARGE_MAZE,3721,3721,7,7,7,6,beam_3,16,0.0028136000037193,1,0.0028136000037193,True
2,LARGE_MAZE,1757,1757,1,1,3,1,greedy,16,0.0509070999687537,16,0.0031816937480471,False
2,LARGE_MAZE,1757,1757,1,1,3,1,beam_2,16,0.0061079000006429,2,0.0030539500003214,True
2,LARGE_MAZE,1757,1757,1,1,3,1,beam_3,16,0.0063923000125214,2,0.0031961500062607,True
2,LARGE_MAZE,1837,1837,1,3,1,5,greedy,16,0.0046995999873615,2,0.0023497999936807,True
2,LARGE_MAZE,1837,1837,1,3,1,5,beam_2,16,0.0055445999605581,2,0.002772299980279,True
2,LARGE_MAZE,1837,1837,1,3,1,5,beam_3,16,0.0066830000141635,2,0.0033415000070817,True
2,LARGE_MAZE,1926,1926,1,5,1,3,greedy,16,0.0487549999961629,16,0.0030471874997601,False
2,LARGE_MAZE,1926,1926,1,5,1,3,beam_2,16,0.0049348000320605,2,0.0024674000160302,True
2,LARGE_MAZE,1926,1926,1,5,1,3,beam_3,16,0.0070530000375583,2,0.0035265000187791,True
2,LARGE_MAZE,2025,2025,1,8,2,7,greedy,16,0.0056578000076115,2,0.0028289000038057,True
2,LARGE_MAZE,2025,2025,1,8,2,7,beam_2,16,0.004834999970626,2,0.002417499985313,True
2,LARGE_MAZE,2025,2025,1,8,2,7,beam_3,16,0.0056230000336654,2,0.0028115000168327,True
2,LARGE_MAZE,2150,2150,2,1,1,2,greedy,16,0.0049603999941609,2,0.0024801999970804,True
2,LARGE_MAZE,2150,2150,2,1,1,2,beam_2,16,0.0047517999773845,2,0.0023758999886922,True
2,LARGE_MAZE,2150,2150,2,1,1,2,beam_3,16,0.0060815999750047,2,0.0030407999875023,True
2,LARGE_MAZE,2208,2208,2,3,3,2,greedy,16,0.0422497999970801,16,0.0026406124998175,False
2,LARGE_MAZE,2208,2208,2,3,3,2,beam_2,16,0.0054644000483676,2,0.0027322000241838,True
2,LARGE_MAZE,2208,2208,2,3,3,2,beam_3,16,0.0056210000184364,2,0.0028105000092182,True
2,LARGE_MAZE,2301,2301,2,7,3,6,greedy,16,0.0047306999913416,2,0.0023653499956708,True
2,LARGE_MAZE,2301,2301,2,7,3,6,beam_2,16,0.0055030999938026,2,0.0027515499969013,True
2,LARGE_MAZE,2301,2301,2,7,3,6,beam_3,16,0.0048068999894894,2,0.0024034499947447,True
2,LARGE_MAZE,2374,2374,3,1,1,1,greedy,16,0.0163887999951839,6,0.0027314666658639,True
2,LARGE_MAZE,2374,2374,3,1,1,1,beam_2,16,0.0053792999824509,2,0.0026896499912254,True
2,LARGE_MAZE,2374,2374,3,1,1,1,beam_3,16,0.005783499975223,2,0.0028917499876115,True
2,LARGE_MAZE,2441,2441,3,2,4,1,greedy,16,0.0046433000243268,2,0.0023216500121634,True
2,LARGE_MAZE,2441,2441,3,2,4,1,beam_2,16,0.0052279999945312,2,0.0026139999972656,True
2,LARGE_MAZE,2441,2441,3,2,4,1,beam_3,16,0.005322300014086,2,0.002661150007043,True
2,LARGE_MAZE,2538,2538,3,5,5,5,greedy,16,0.0045964000164531,2,0.0022982000082265,True
2,LARGE_MAZE,2538,2538,3,5,5,5,beam_2,16,0.0052361999987624,2,0.0026180999993812,True
2,LARGE_MAZE,2538,2538,3,5,5,5,beam_3,16,0.0051049999892711,2,0.0025524999946355,True
2,LARGE_MAZE,2604,2604,3,7,1,7,greedy,16,0.0449331999989226,16,0.0028083249999326,False
2,LARGE_MAZE,2604,2604,3,7,1,7,beam_2,16,0.0495945999864488,16,0.003099662499153,False
2,LARGE_MAZE,2604,2604,3,7,1,7,beam_3,16,0.0050923000089824,2,0.0025461500044912,True
2,LARGE_MAZE,2665,2665,3,8,3,10,greedy,16,0.0047397000016644,2,0.0023698500008322,True
2,LARGE_MAZE,2665,2665,3,8,3,10,beam_2,16,0.0049664999824017,2,0.0024832499912008,True
2,LARGE_MAZE,2665,2665,3,8,3,10,beam_3,16,0.0049436999834142,2,0.0024718499917071,True
2,LARGE_MAZE,2754,2754,3,10,3,8,greedy,16,0.0049271999741904,2,0.0024635999870952,True
2,LARGE_MAZE,2754,2754,3,10,3,8,beam_2,16,0.0047008999972604,2,0.0023504499986302,True
2,LARGE_MAZE,2754,2754,3,10,3,8,beam_3,16,0.0053144000121392,2,0.0026572000060696,True
2,LARGE_MAZE,2835,2835,4,5,2,5,greedy,16,0.0048382999957539,2,0.0024191499978769,True
2,LARGE_MAZE,2835,2835,4,5,2,5,beam_2,16,0.0049009000067599,2,0.0024504500033799,True
2,LARGE_MAZE,2835,2835,4,5,2,5,beam_3,16,0.0054101999849081,2,0.002705099992454,True
2,LARGE_MAZE,2890,2890,4,10,3,9,greedy,16,0.0049343999708071,2,0.0024671999854035,True
2,LARGE_MAZE,2890,2890,4,10,3,9,beam_2,16,0.0050559999654069,2,0.0025279999827034,True
2,LARGE_MAZE,2890,2890,4,10,3,9,beam_3,16,0.0052114000427536,2,0.0026057000213768,True
2,LARGE_MAZE,2987,2987,5,2,5,4,greedy,16,0.0043938999879173,2,0.0021969499939586,True
2,LARGE_MAZE,2987,2987,5,2,5,4,beam_2,16,0.0062283999868668,2,0.0031141999934334,True
2,LARGE_MAZE,2987,2987,5,2,5,4,beam_3,16,0.0058962000184692,2,0.0029481000092346,True
2,LARGE_MAZE,3073,3073,5,4,4,5,greedy,16,0.0049024000181816,2,0.0024512000090908,True
2,LARGE_MAZE,3073,3073,5,4,4,5,beam_2,16,0.0068861999898217,2,0.0034430999949108,True
2,LARGE_MAZE,3073,3073,5,4,4,5,beam_3,16,0.0065342000452801,2,0.00326710002264,True
2,LARGE_MAZE,3122,3122,5,5,5,3,greedy,16,0.0061517999856732,2,0.0030758999928366,True
2,LARGE_MAZE,3122,3122,5,5,5,3,beam_2,16,0.0053648999892175,2,0.0026824499946087,True
2,LARGE_MAZE,3122,3122,5,5,5,3,beam_3,16,0.0051199000445194,2,0.0025599500222597,True
2,LARGE_MAZE,3251,3251,5,10,3,10,greedy,16,0.0051847000140696,2,0.0025923500070348,True
2,LARGE_MAZE,3251,3251,5,10,3,10,beam_2,16,0.0046144000370986,2,0.0023072000185493,True
2,LARGE_MAZE,3251,3251,5,10,3,10,beam_3,16,0.0051578999846242,2,0.0025789499923121,True
2,LARGE_MAZE,3343,3343,6,5,4,5,greedy,16,0.0050939999637193,2,0.0025469999818596,True
2,LARGE_MAZE,3343,3343,6,5,4,5,beam_2,16,0.0047636000090278,2,0.0023818000045139,True
2,LARGE_MAZE,3343,3343,6,5,4,5,beam_3,16,0.0050773999537341,2,0.002538699976867,True
2,LARGE_MAZE,3453,3453,6,9,7,10,greedy,16,0.0458802999928593,16,0.0028675187495537,False
2,LARGE_MAZE,3453,3453,6,9,7,10,beam_2,16,0.0057852000463753,2,0.0028926000231876,True
2,LARGE_MAZE,3453,3453,6,9,7,10,beam_3,16,0.0055194000015035,2,0.0027597000007517,True
2,LARGE_MAZE,3619,3619,7,5,5,5,greedy,16,0.0043837000266648,2,0.0021918500133324,True
2,LARGE_MAZE,3619,3619,7,5,5,5,beam_2,16,0.0050000000046566,2,0.0025000000023283,True
2,LARGE_MAZE,3619,3619,7,5,5,5,beam_3,16,0.0054544999729841,2,0.002727249986492,True
2,LARGE_MAZE,3720,3720,7,7,7,5,greedy,16,0.0046073999837972,2,0.0023036999918986,True
2,LARGE_MAZE,3720,3720,7,7,7,5,beam_2,16,0.0052874999819323,2,0.0026437499909661,True
2,LARGE_MAZE,3720,3720,7,7,7,5,beam_3,16,0.0053015999728813,2,0.0026507999864406,True
2,LARGE_MAZE,1758,1758,1,1,3,2,greedy,16,0.0444258000352419,16,0.0027766125022026,False
2,LARGE_MAZE,1758,1758,1,1,3,2,beam_2,16,0.0510507000144571,16,0.0031906687509035,False
2,LARGE_MAZE,1758,1758,1,1,3,2,beam_3,16,0.0151084000244736,5,0.0030216800048947,True
2,LARGE_MAZE,1842,1842,1,3,2,1,greedy,16,0.0072798999608494,3,0.0024266333202831,True
2,LARGE_MAZE,1842,1842,1,3,2,1,beam_2,16,0.0076602000044658,3,0.0025534000014886,True
2,LARGE_MAZE,1842,1842,1,3,2,1,beam_3,16,0.0081696000415831,3,0.002723200013861,True
2,LARGE_MAZE,1895,1895,1,4,3,5,greedy,16,0.007011900015641,3,0.0023373000052136,True
2,LARGE_MAZE,1895,1895,1,4,3,5,beam_2,16,0.0072886000270955,3,0.0024295333423651,True
2,LARGE_MAZE,1895,1895,1,4,3,5,beam_3,16,0.0084651000215671,3,0.002821700007189,True
2,LARGE_MAZE,1976,1976,1,7,1,10,greedy,16,0.0067800999968312,3,0.002260033332277,True
2,LARGE_MAZE,1976,1976,1,7,1,10,beam_2,16,0.0079198000021278,3,0.0026399333340426,True
2,LARGE_MAZE,1976,1976,1,7,1,10,beam_3,16,0.0081400000490248,3,0.0027133333496749,True
2,LARGE_MAZE,2070,2070,1,9,2,7,greedy,16,0.0081425999524071,3,0.0027141999841357,True
2,LARGE_MAZE,2070,2070,1,9,2,7,beam_2,16,0.0078482999815605,3,0.0026160999938535,True
2,LARGE_MAZE,2070,2070,1,9,2,7,beam_3,16,0.0080879000015556,3,0.0026959666671852,True
2,LARGE_MAZE,2151,2151,2,1,1,3,greedy,16,0.0069634999963454,3,0.0023211666654484,True
2,LARGE_MAZE,2151,2151,2,1,1,3,beam_2,16,0.0080564999952912,3,0.0026854999984304,True
2,LARGE_MAZE,2151,2151,2,1,1,3,beam_3,16,0.0079705999814905,3,0.0026568666604968,True
2,LARGE_MAZE,2207,2207,2,3,3,1,greedy,16,0.0347054000012576,13,0.0026696461539428,True
2,LARGE_MAZE,2207,2207,2,3,3,1,beam_2,16,0.0077019999735057,3,0.0025673333245019,True
2,LARGE_MAZE,2207,2207,2,3,3,1,beam_3,16,0.0084741999744437,3,0.0028247333248145,True
2,LARGE_MAZE,2300,2300,2,7,3,5,greedy,16,0.007572800037451,3,0.0025242666791503,True
2,LARGE_MAZE,2300,2300,2,7,3,5,beam_2,16,0.0084311999962665,3,0.0028103999987555,True
2,LARGE_MAZE,2300,2300,2,7,3,5,beam_3,16,0.0078519000089727,3,0.0026173000029909,True
2,LARGE_MAZE,2375,2375,3,1,1,2,greedy,16,0.0074753999942913,3,0.0024917999980971,True
2,LARGE_MAZE,2375,2375,3,1,1,2,beam_2,16,0.0076285999966785,3,0.0025428666655595,True
2,LARGE_MAZE,2375,2375,3,1,1,2,beam_3,16,0.0082253000000491,3,0.002741766666683,True
2,LARGE_MAZE,2444,2444,3,2,5,1,greedy,16,0.0070928999921306,3,0.0023642999973768,True
2,LARGE_MAZE,2444,2444,3,2,5,1,beam_2,16,0.0077414000406861,3,0.0025804666802287,True
2,LARGE_MAZE,2444,2444,3,2,5,1,beam_3,16,0.0083242999971844,3,0.0027747666657281,True
2,LARGE_MAZE,2512,2512,3,5,1,4,greedy,16,0.0080350000062026,3,0.0026783333354008,True
2,LARGE_MAZE,2512,2512,3,5,1,4,beam_2,16,0.0081945999991148,3,0.0027315333330382,True
2,LARGE_MAZE,2512,2512,3,5,1,4,beam_3,16,0.0083755000378005,3,0.0027918333459335,True
2,LARGE_MAZE,2558,2558,3,6,1,5,greedy,16,0.0072303999913856,3,0.0024101333304618,True
2,LARGE_MAZE,2558,2558,3,6,1,5,beam_2,16,0.0076637000311166,3,0.0025545666770388,True
2,LARGE_MAZE,2558,2558,3,6,1,5,beam_3,16,0.0078077999642118,3,0.0026025999880706,True
2,LARGE_MAZE,2610,2610,3,7,2,5,greedy,16,0.0066522999550215,3,0.0022174333183405,True
2,LARGE_MAZE,2610,2610,3,7,2,5,beam_2,16,0.0076999999582767,3,0.0025666666527589,True
2,LARGE_MAZE,2610,2610,3,7,2,5,beam_3,16,0.0080162999802269,3,0.0026720999934089,True
2,LARGE_MAZE,2661,2661,3,8,3,5,greedy,16,0.0069743999629281,3,0.0023247999876427,True
2,LARGE_MAZE,2661,2661,3,8,3,5,beam_2,16,0.0077590000000782,3,0.0025863333333594,True
2,LARGE_MAZE,2661,2661,3,8,3,5,beam_3,16,0.0078615000238642,3,0.0026205000079547,True
2,LARGE_MAZE,2721,2721,3,9,5,10,greedy,16,0.0075131999910809,3,0.0025043999970269,True
2,LARGE_MAZE,2721,2721,3,9,5,10,beam_2,16,0.0079753999598324,3,0.0026584666532774,True
2,LARGE_MAZE,2721,2721,3,9,5,10,beam_3,16,0.0087080000084824,3,0.0029026666694941,True
2,LARGE_MAZE,2795,2795,4,1,3,3,greedy,16,0.0469550999696366,16,0.0029346937481022,False
2,LARGE_MAZE,2795,2795,4,1,3,3,beam_2,16,0.0102552000316791,3,0.0034184000105597,True
2,LARGE_MAZE,2795,2795,4,1,3,3,beam_3,16,0.0099197000381536,3,0.0033065666793845,True
2,LARGE_MAZE,2864,2864,4,5,7,5,greedy,16,0.0511546000489033,16,0.0031971625030564,False
2,LARGE_MAZE,2864,2864,4,5,7,5,beam_2,16,0.0101567999809049,3,0.0033855999936349,True
2,LARGE_MAZE,2864,2864,4,5,7,5,beam_3,16,0.010827700025402,3,0.0036092333418006,True
2,LARGE_MAZE,2929,2929,5,1,3,2,greedy,16,0.0088510999921709,3,0.0029503666640569,True
2,LARGE_MAZE,2929,2929,5,1,3,2,beam_2,16,0.0091191999963484,3,0.0030397333321161,True
2,LARGE_MAZE,2929,2929,5,1,3,2,beam_3,16,0.0097177000134252,3,0.0032392333378084,True
2,LARGE_MAZE,2998,2998,5,2,7,3,greedy,16,0.0473388999816961,16,0.002958681248856,False
2,LARGE_MAZE,2998,2998,5,2,7,3,beam_2,16,0.0089095999719575,3,0.0029698666573191,True
2,LARGE_MAZE,2998,2998,5,2,7,3,beam_3,16,0.0087015999597497,3,0.0029005333199165,True
2,LARGE_MAZE,3066,3066,5,4,3,5,greedy,16,0.0077084000222384,3,0.0025694666740794,True
2,LARGE_MAZE,3066,3066,5,4,3,5,beam_2,16,0.0085734000313095,3,0.0028578000104365,True
2,LARGE_MAZE,3066,3066,5,4,3,5,beam_3,16,0.0092161000357009,3,0.0030720333452336,True
2,LARGE_MAZE,3112,3112,5,5,3,6,greedy,16,0.0088020000257529,3,0.0029340000085843,True
2,LARGE_MAZE,3112,3112,5,5,3,6,beam_2,16,0.0077955999877303,3,0.0025985333292434,True
2,LARGE_MAZE,3112,3112,5,5,3,6,beam_3,16,0.0084261000156402,3,0.0028087000052134,True
2,LARGE_MAZE,3206,3206,5,9,3,10,greedy,16,0.0072126999730244,3,0.0024042333243414,True
2,LARGE_MAZE,3206,3206,5,9,3,10,beam_2,16,0.0084767999942414,3,0.0028255999980804,True
2,LARGE_MAZE,3206,3206,5,9,3,10,beam_3,16,0.0087742999894544,3,0.0029247666631514,True
2,LARGE_MAZE,3300,3300,6,3,5,1,greedy,16,0.0078683000174351,3,0.0026227666724783,True
2,LARGE_MAZE,3300,3300,6,3,5,1,beam_2,16,0.0078867999836802,3,0.0026289333278934,True
2,LARGE_MAZE,3300,3300,6,3,5,1,beam_3,16,0.0083585999673232,3,0.0027861999891077,True
2,LARGE_MAZE,3361,3361,6,5,7,7,greedy,16,0.0072463999968022,3,0.0024154666656007,True
2,LARGE_MAZE,3361,3361,6,5,7,7,beam_2,16,0.0090940999798476,3,0.0030313666599492,True
2,LARGE_MAZE,3361,3361,6,5,7,7,beam_3,16,0.0084961999673396,3,0.0028320666557798,True
2,LARGE_MAZE,3571,3571,7,3,5,2,greedy,16,0.0072492000181227,3,0.0024164000060409,True
2,LARGE_MAZE,3571,3571,7,3,5,2,beam_2,16,0.0080327999894507,3,0.0026775999964835,True
2,LARGE_MAZE,3571,3571,7,3,5,2,beam_3,16,0.0089877999853342,3,0.0029959333284447,True
2,LARGE_MAZE,3664,3664,7,6,5,5,greedy,16,0.0085080999997444,3,0.0028360333332481,True
2,LARGE_MAZE,3664,3664,7,6,5,5,beam_2,16,0.0101925000199116,3,0.0033975000066372,True
2,LARGE_MAZE,3664,3664,7,6,5,5,beam_3,16,0.0096949000144377,3,0.0032316333381459,True
2,LARGE_MAZE,1747,1747,1,1,1,5,greedy,16,0.0109863999532535,4,0.0027465999883133,True
2,LARGE_MAZE,1747,1747,1,1,1,5,beam_2,16,0.0112316000158898,4,0.0028079000039724,True
2,LARGE_MAZE,1747,1747,1,1,1,5,beam_3,16,0.0121384999947622,4,0.0030346249986905,True
2,LARGE_MAZE,1811,1811,1,2,4,1,greedy,16,0.0098369999905116,4,0.0024592499976279,True
2,LARGE_MAZE,1811,1811,1,2,4,1,beam_2,16,0.0125461000134237,4,0.0031365250033559,True
2,LARGE_MAZE,1811,1811,1,2,4,1,beam_3,16,0.0120060000335797,4,0.0030015000083949,True
2,LARGE_MAZE,1896,1896,1,4,3,6,greedy,16,0.0100452999467961,4,0.002511324986699,True
2,LARGE_MAZE,1896,1896,1,4,3,6,beam_2,16,0.0114153000176884,4,0.0028538250044221,True
2,LARGE_MAZE,1896,1896,1,4,3,6,beam_3,16,0.0112887000432237,4,0.0028221750108059,True
2,LARGE_MAZE,1953,1953,1,5,5,5,greedy,16,0.0097666999790817,4,0.0024416749947704,True
2,LARGE_MAZE,1953,1953,1,5,5,5,beam_2,16,0.0112493999768048,4,0.0028123499942012,True
2,LARGE_MAZE,1953,1953,1,5,5,5,beam_3,16,0.0115630000364035,4,0.0028907500091008,True
2,LARGE_MAZE,2033,2033,1,8,3,8,greedy,16,0.0466292999917641,16,0.0029143312494852,False
2,LARGE_MAZE,2033,2033,1,8,3,8,beam_2,16,0.0496425000019371,16,0.003102656250121,False
2,LARGE_MAZE,2033,2033,1,8,3,8,beam_3,16,0.0122140999883413,4,0.0030535249970853,True
2,LARGE_MAZE,2115,2115,1,10,2,7,greedy,16,0.0095413999515585,4,0.0023853499878896,True
2,LARGE_MAZE,2115,2115,1,10,2,7,beam_2,16,0.0108380999881774,4,0.0027095249970443,True
2,LARGE_MAZE,2115,2115,1,10,2,7,beam_3,16,0.0110097000142559,4,0.0027524250035639,True
2,LARGE_MAZE,2175,2175,2,1,5,2,greedy,16,0.031946400005836,12,0.0026622000004863,True
2,LARGE_MAZE,2175,2175,2,1,5,2,beam_2,16,0.0107918999856337,4,0.0026979749964084,True
2,LARGE_MAZE,2175,2175,2,1,5,2,beam_3,16,0.0112001999514177,4,0.0028000499878544,True
2,LARGE_MAZE,2249,2249,2,5,2,3,greedy,16,0.0144030000083148,6,0.0024005000013858,True
2,LARGE_MAZE,2249,2249,2,5,2,3,beam_2,16,0.0101824000012129,4,0.0025456000003032,True
2,LARGE_MAZE,2249,2249,2,5,2,3,beam_3,16,0.010829500039108,4,0.002707375009777,True
2,LARGE_MAZE,2292,2292,2,7,1,10,greedy,16,0.0093804000061936,4,0.0023451000015484,True
2,LARGE_MAZE,2292,2292,2,7,1,10,beam_2,16,0.0105675000231713,4,0.0026418750057928,True
2,LARGE_MAZE,2292,2292,2,7,1,10,beam_3,16,0.011455499974545,4,0.0028638749936362,True
2,LARGE_MAZE,2347,2347,2,10,3,7,greedy,16,0.0110843000002205,4,0.0027710750000551,True
2,LARGE_MAZE,2347,2347,2,10,3,7,beam_2,16,0.0111733999801799,4,0.0027933499950449,True
2,LARGE_MAZE,2347,2347,2,10,3,7,beam_3,16,0.0114431999973021,4,0.0028607999993255,True
2,LARGE_MAZE,2422,2422,3,2,1,4,greedy,16,0.0092034999979659,4,0.0023008749994914,True
2,LARGE_MAZE,2422,2422,3,2,1,4,beam_2,16,0.0103629999794065,4,0.0025907499948516,True
2,LARGE_MAZE,2422,2422,3,2,1,4,beam_3,16,0.011073799978476,4,0.002768449994619,True
2,LARGE_MAZE,2511,2511,3,5,1,3,greedy,16,0.0095491000101901,4,0.0023872750025475,True
2,LARGE_MAZE,2511,2511,3,5,1,3,beam_2,16,0.01076400000602,4,0.002691000001505,True
2,LARGE_MAZE,2511,2511,3,5,1,3,beam_3,16,0.0114088999689556,4,0.0028522249922389,True
2,LARGE_MAZE,2557,2557,3,6,1,4,greedy,16,0.0097962999716401,4,0.00244907499291,True
2,LARGE_MAZE,2557,2557,3,6,1,4,beam_2,16,0.0109232999966479,4,0.0027308249991619,True
2,LARGE_MAZE,2557,2557,3,6,1,4,beam_3,16,0.0131588999647647,4,0.0032897249911911,True
2,LARGE_MAZE,2603,2603,3,7,1,5,greedy,16,0.0099899999913759,4,0.0024974999978439,True
2,LARGE_MAZE,2603,2603,3,7,1,5,beam_2,16,0.010289300000295,4,0.0025723250000737,True
2,LARGE_MAZE,2603,2603,3,7,1,5,beam_3,16,0.0107847999897785,4,0.0026961999974446,True
2,LARGE_MAZE,2650,2650,3,8,1,8,greedy,16,0.0455572999780997,16,0.0028473312486312,False
2,LARGE_MAZE,2650,2650,3,8,1,8,beam_2,16,0.0169162000529468,6,0.0028193666754911,True
2,LARGE_MAZE,2650,2650,3,8,1,8,beam_3,16,0.0192414000048302,6,0.003206900000805,True
2,LARGE_MAZE,2694,2694,3,9,1,7,greedy,16,0.0151134000043384,6,0.002518900000723,True
2,LARGE_MAZE,2694,2694,3,9,1,7,beam_2,16,0.0481465000193566,16,0.0030091562512097,False
2,LARGE_MAZE,2694,2694,3,9,1,7,beam_3,16,0.0181838000426068,6,0.0030306333404344,True
2,LARGE_MAZE,2746,2746,3,10,2,7,greedy,16,0.0106070000329054,4,0.0026517500082263,True
2,LARGE_MAZE,2746,2746,3,10,2,7,beam_2,16,0.0111850000103004,4,0.0027962500025751,True
2,LARGE_MAZE,2746,2746,3,10,2,7,beam_3,16,0.011049099965021,4,0.0027622749912552,True
2,LARGE_MAZE,2807,2807,4,1,5,4,greedy,16,0.00975120003568,4,0.00243780000892,True
2,LARGE_MAZE,2807,2807,4,1,5,4,beam_2,16,0.010767699975986,4,0.0026919249939965,True
2,LARGE_MAZE,2807,2807,4,1,5,4,beam_3,16,0.0109131999779492,4,0.0027282999944873,True
2,LARGE_MAZE,2850,2850,4,5,5,2,greedy,16,0.0417799000279046,16,0.002611243751744,False
2,LARGE_MAZE,2850,2850,4,5,5,2,beam_2,16,0.0350547000416554,12,0.0029212250034712,True
2,LARGE_MAZE,2850,2850,4,5,5,2,beam_3,16,0.0139372000121511,4,0.0034843000030377,True
2,LARGE_MAZE,2912,2912,4,10,7,9,greedy,16,0.0559490000014193,16,0.0034968125000887,False
2,LARGE_MAZE,2912,2912,4,10,7,9,beam_2,16,0.0685500999679789,16,0.0042843812479986,False
2,LARGE_MAZE,2912,2912,4,10,7,9,beam_3,16,0.0136888999841175,4,0.0034222249960293,True
2,LARGE_MAZE,2968,2968,5,2,2,1,greedy,16,0.0120501999626867,4,0.0030125499906716,True
2,LARGE_MAZE,2968,2968,5,2,2,1,beam_2,16,0.0121908000437542,4,0.0030477000109385,True
2,LARGE_MAZE,2968,2968,5,2,2,1,beam_3,16,0.0160781000158749,4,0.0040195250039687,True
2,LARGE_MAZE,3018,3018,5,3,3,1,greedy,16,0.039372999977786,12,0.0032810833314821,True
2,LARGE_MAZE,3018,3018,5,3,3,1,beam_2,16,0.037370300036855,12,0.0031141916697379,True
2,LARGE_MAZE,3018,3018,5,3,3,1,beam_3,16,0.0116404999862425,4,0.0029101249965606,True
2,LARGE_MAZE,3067,3067,5,4,3,6,greedy,16,0.0099875999731011,4,0.0024968999932752,True
2,LARGE_MAZE,3067,3067,5,4,3,6,beam_2,16,0.0106465999851934,4,0.0026616499962983,True
2,LARGE_MAZE,3067,3067,5,4,3,6,beam_3,16,0.0115433000028133,4,0.0028858250007033,True
2,LARGE_MAZE,3113,3113,5,5,3,7,greedy,16,0.0109244000050239,4,0.0027311000012559,True
2,LARGE_MAZE,3113,3113,5,5,3,7,beam_2,16,0.0125276999897323,4,0.003131924997433,True
2,LARGE_MAZE,3113,3113,5,5,3,7,beam_3,16,0.01141869998537,4,0.0028546749963425,True
2,LARGE_MAZE,3197,3197,5,9,2,10,greedy,16,0.0452561000129208,16,0.0028285062508075,False
2,LARGE_MAZE,3197,3197,5,9,2,10,beam_2,16,0.0107750999741256,4,0.0026937749935314,True
2,LARGE_MAZE,3197,3197,5,9,2,10,beam_3,16,0.011095399968326,4,0.0027738499920815,True
2,LARGE_MAZE,3297,3297,6,3,4,1,greedy,16,0.0095449000364169,4,0.0023862250091042,True
2,LARGE_MAZE,3297,3297,6,3,4,1,beam_2,16,0.0113264999818056,4,0.0028316249954514,True
2,LARGE_MAZE,3297,3297,6,3,4,1,beam_3,16,0.0116638999897986,4,0.0029159749974496,True
2,LARGE_MAZE,3346,3346,6,5,5,2,greedy,16,0.0099719999707303,4,0.0024929999926825,True
2,LARGE_MAZE,3346,3346,6,5,5,2,beam_2,16,0.0110058999853208,4,0.0027514749963302,True
2,LARGE_MAZE,3346,3346,6,5,5,2,beam_3,16,0.0113060000003315,4,0.0028265000000828,True
2,LARGE_MAZE,3482,3482,7,1,5,3,greedy,16,0.0097580000292509,4,0.0024395000073127,True
2,LARGE_MAZE,3482,3482,7,1,5,3,beam_2,16,0.011009500012733,4,0.0027523750031832,True
2,LARGE_MAZE,3482,3482,7,1,5,3,beam_3,16,0.0113295999472029,4,0.0028323999868007,True
2,LARGE_MAZE,3606,3606,7,5,3,5,greedy,16,0.0099076000042259,4,0.0024769000010564,True
2,LARGE_MAZE,3606,3606,7,5,3,5,beam_2,16,0.0112684000050649,4,0.0028171000012662,True
2,LARGE_MAZE,3606,3606,7,5,3,5,beam_3,16,0.0120008999947458,4,0.0030002249986864,True
2,LARGE_MAZE,3709,3709,7,7,5,5,greedy,16,0.00973220000742,4,0.002433050001855,True
2,LARGE_MAZE,3709,3709,7,7,5,5,beam_2,16,0.0116190999979153,4,0.0029047749994788,True
2,LARGE_MAZE,3709,3709,7,7,5,5,beam_3,16,0.012358000036329,4,0.0030895000090822,True
2,LARGE_MAZE,1805,1805,1,2,3,5,greedy,16,0.0123722000280395,5,0.0024744400056079,True
2,LARGE_MAZE,1805,1805,1,2,3,5,beam_2,16,0.013372299959883,5,0.0026744599919766,True
2,LARGE_MAZE,1805,1805,1,2,3,5,beam_3,16,0.0149825999978929,5,0.0029965199995785,True
2,LARGE_MAZE,1892,1892,1,4,3,1,greedy,16,0.0293369999853894,11,0.0026669999986717,True
2,LARGE_MAZE,1892,1892,1,4,3,1,beam_2,16,0.0317431000294163,11,0.0028857363663105,True
2,LARGE_MAZE,1892,1892,1,4,3,1,beam_3,16,0.014322200033348,5,0.0028644400066696,True
2,LARGE_MAZE,1938,1938,1,5,3,2,greedy,16,0.0465143999899737,16,0.0029071499993733,False
2,LARGE_MAZE,1938,1938,1,5,3,2,beam_2,16,0.0336944999871775,11,0.0030631363624706,True
2,LARGE_MAZE,1938,1938,1,5,3,2,beam_3,16,0.033920100016985,11,0.0030836454560895,True
2,LARGE_MAZE,1990,1990,1,7,3,10,greedy,16,0.0116032999940216,5,0.0023206599988043,True
2,LARGE_MAZE,1990,1990,1,7,3,10,beam_2,16,0.013977899972815,5,0.002795579994563,True
2,LARGE_MAZE,1990,1990,1,7,3,10,beam_3,16,0.0142834999714978,5,0.0028566999942995,True
2,LARGE_MAZE,2076,2076,1,9,3,6,greedy,16,0.0119477999978698,5,0.0023895599995739,True
2,LARGE_MAZE,2076,2076,1,9,3,6,beam_2,16,0.0147290999884717,5,0.0029458199976943,True
2,LARGE_MAZE,2076,2076,1,9,3,6,beam_3,16,0.0147632000152952,5,0.002952640003059,True
2,LARGE_MAZE,2153,2153,2,1,1,5,greedy,16,0.0122563999611884,5,0.0024512799922376,True
2,LARGE_MAZE,2153,2153,2,1,1,5,beam_2,16,0.0140420999960042,5,0.0028084199992008,True
2,LARGE_MAZE,2153,2153,2,1,1,5,beam_3,16,0.0142163999844342,5,0.0028432799968868,True
2,LARGE_MAZE,2244,2244,2,5,1,7,greedy,16,0.0453136999858543,16,0.0028321062491158,False
2,LARGE_MAZE,2244,2244,2,5,1,7,beam_2,16,0.013956600043457,5,0.0027913200086914,True
2,LARGE_MAZE,2244,2244,2,5,1,7,beam_3,16,0.0146242000046186,5,0.0029248400009237,True
2,LARGE_MAZE,2288,2288,2,7,1,5,greedy,16,0.0127609999617561,5,0.0025521999923512,True
2,LARGE_MAZE,2288,2288,2,7,1,5,beam_2,16,0.0137137999990955,5,0.0027427599998191,True
2,LARGE_MAZE,2288,2288,2,7,1,5,beam_3,16,0.0146471000043675,5,0.0029294200008735,True
2,LARGE_MAZE,2346,2346,2,10,3,6,greedy,16,0.0125823999987915,5,0.0025164799997583,True
2,LARGE_MAZE,2346,2346,2,10,3,6,beam_2,16,0.0154967000125907,5,0.0030993400025181,True
2,LARGE_MAZE,2346,2346,2,10,3,6,beam_3,16,0.0158116000238806,5,0.0031623200047761,True
2,LARGE_MAZE,2423,2423,3,2,1,5,greedy,16,0.0137627000221982,5,0.0027525400044396,True
2,LARGE_MAZE,2423,2423,3,2,1,5,beam_2,16,0.0165827000164426,5,0.0033165400032885,True
2,LARGE_MAZE,2423,2423,3,2,1,5,beam_3,16,0.0181372000370174,5,0.0036274400074034,True
2,LARGE_MAZE,2515,2515,3,5,1,8,greedy,16,0.0439205000293441,16,0.002745031251834,False
2,LARGE_MAZE,2515,2515,3,5,1,8,beam_2,16,0.015894699958153,5,0.0031789399916306,True
2,LARGE_MAZE,2515,2515,3,5,1,8,beam_3,16,0.0170029000146314,5,0.0034005800029262,True
2,LARGE_MAZE,2550,2550,3,5,7,6,greedy,16,0.0553313000127673,16,0.0034582062507979,False
2,LARGE_MAZE,2550,2550,3,5,7,6,beam_2,16,0.0168063000310212,5,0.0033612600062042,True
2,LARGE_MAZE,2550,2550,3,5,7,6,beam_3,16,0.0172070999979041,5,0.0034414199995808,True
2,LARGE_MAZE,2581,2581,3,6,5,3,greedy,16,0.0152589999488554,5,0.003051799989771,True
2,LARGE_MAZE,2581,2581,3,6,5,3,beam_2,16,0.0175585999968461,5,0.0035117199993692,True
2,LARGE_MAZE,2581,2581,3,6,5,3,beam_3,16,0.0174258000333793,5,0.0034851600066758,True
2,LARGE_MAZE,2631,2631,3,7,5,10,greedy,16,0.0139591000042855,5,0.0027918200008571,True
2,LARGE_MAZE,2631,2631,3,7,5,10,beam_2,16,0.0146250000107102,5,0.002925000002142,True
2,LARGE_MAZE,2631,2631,3,7,5,10,beam_3,16,0.0155277000158093,5,0.0031055400031618,True
2,LARGE_MAZE,2675,2675,3,8,5,9,greedy,16,0.0136954999761655,5,0.0027390999952331,True
2,LARGE_MAZE,2675,2675,3,8,5,9,beam_2,16,0.0152114999946206,5,0.0030422999989241,True
2,LARGE_MAZE,2675,2675,3,8,5,9,beam_3,16,0.0144188000122085,5,0.0028837600024417,True
2,LARGE_MAZE,2739,2739,3,10,1,7,greedy,16,0.0428254000144079,16,0.0026765875009004,False
2,LARGE_MAZE,2739,2739,3,10,1,7,beam_2,16,0.0133625000016763,5,0.0026725000003352,True
2,LARGE_MAZE,2739,2739,3,10,1,7,beam_3,16,0.0149041999829933,5,0.0029808399965986,True
2,LARGE_MAZE,2818,2818,4,1,7,3,greedy,16,0.0132627999992109,5,0.0026525599998421,True
2,LARGE_MAZE,2818,2818,4,1,7,3,beam_2,16,0.0135556999593973,5,0.0027111399918794,True
2,LARGE_MAZE,2818,2818,4,1,7,3,beam_3,16,0.014619399968069,5,0.0029238799936138,True
2,LARGE_MAZE,2863,2863,4,5,7,3,greedy,16,0.0398170999833382,15,0.0026544733322225,True
2,LARGE_MAZE,2863,2863,4,5,7,3,beam_2,16,0.0478495000279508,15,0.00318996666853,True
2,LARGE_MAZE,2863,2863,4,5,7,3,beam_3,16,0.0140437000081874,5,0.0028087400016374,True
2,LARGE_MAZE,2913,2913,4,10,7,10,greedy,16,0.043486800044775,16,0.0027179250027984,False
2,LARGE_MAZE,2913,2913,4,10,7,10,beam_2,16,0.0496751000173389,16,0.0031046937510836,False
2,LARGE_MAZE,2913,2913,4,10,7,10,beam_3,16,0.014558200025931,5,0.0029116400051862,True
2,LARGE_MAZE,2952,2952,5,1,7,2,greedy,16,0.0504909000010229,16,0.0031556812500639,False
2,LARGE_MAZE,2952,2952,5,1,7,2,beam_2,16,0.0144910000381059,5,0.0028982000076211,True
2,LARGE_MAZE,2952,2952,5,1,7,2,beam_3,16,0.0151701000286266,5,0.0030340200057253,True
2,LARGE_MAZE,2999,2999,5,2,7,5,greedy,16,0.0126119999913498,5,0.0025223999982699,True
2,LARGE_MAZE,2999,2999,5,2,7,5,beam_2,16,0.0143120000138878,5,0.0028624000027775,True
2,LARGE_MAZE,2999,2999,5,2,7,5,beam_3,16,0.0153312000329606,5,0.0030662400065921,True
2,LARGE_MAZE,3045,3045,5,3,7,6,greedy,16,0.0125726999831385,5,0.0025145399966277,True
2,LARGE_MAZE,3045,3045,5,3,7,6,beam_2,16,0.0136728000361472,5,0.0027345600072294,True
2,LARGE_MAZE,3045,3045,5,3,7,6,beam_3,16,0.0150346999871544,5,0.0030069399974308,True
2,LARGE_MAZE,3091,3091,5,4,7,7,greedy,16,0.012362600013148,5,0.0024725200026296,True
2,LARGE_MAZE,3091,3091,5,4,7,7,beam_2,16,0.0133750000386498,5,0.0026750000077299,True
2,LARGE_MAZE,3091,3091,5,4,7,7,beam_3,16,0.0143936999957077,5,0.0028787399991415,True
2,LARGE_MAZE,3129,3129,5,5,6,7,greedy,16,0.0120349000208079,5,0.0024069800041615,True
2,LARGE_MAZE,3129,3129,5,5,6,7,beam_2,16,0.0133838999900035,5,0.0026767799980007,True
2,LARGE_MAZE,3129,3129,5,5,6,7,beam_3,16,0.0150315999635495,5,0.0030063199927099,True
2,LARGE_MAZE,3236,3236,5,10,1,9,greedy,16,0.0125825999421067,5,0.0025165199884213,True
2,LARGE_MAZE,3236,3236,5,10,1,9,beam_2,16,0.0133432999718934,5,0.0026686599943786,True
2,LARGE_MAZE,3236,3236,5,10,1,9,beam_3,16,0.014425300003495,5,0.002885060000699,True
2,LARGE_MAZE,3323,3323,6,5,1,5,greedy,16,0.0436033000005409,16,0.0027252062500338,False
2,LARGE_MAZE,3323,3323,6,5,1,5,beam_2,16,0.0165953999967314,5,0.0033190799993462,True
2,LARGE_MAZE,3323,3323,6,5,1,5,beam_3,16,0.0199190999846905,5,0.0039838199969381,True
2,LARGE_MAZE,3394,3394,6,7,5,5,greedy,16,0.012548400030937,5,0.0025096800061874,True
2,LARGE_MAZE,3394,3394,6,7,5,5,beam_2,16,0.0145747999777086,5,0.0029149599955417,True
2,LARGE_MAZE,3394,3394,6,7,5,5,beam_3,16,0.0154349000076763,5,0.0030869800015352,True
2,LARGE_MAZE,3525,3525,7,2,5,1,greedy,16,0.0127040999941527,5,0.0025408199988305,True
2,LARGE_MAZE,3525,3525,7,2,5,1,beam_2,16,0.0147018999559804,5,0.002940379991196,True
2,LARGE_MAZE,3525,3525,7,2,5,1,beam_3,16,0.0153418999980203,5,0.003068379999604,True
2,LARGE_MAZE,3600,3600,7,5,2,5,greedy,16,0.0427676999825052,16,0.0026729812489065,False
2,LARGE_MAZE,3600,3600,7,5,2,5,beam_2,16,0.0141629999852739,5,0.0028325999970547,True
2,LARGE_MAZE,3600,3600,7,5,2,5,beam_3,16,0.0143614999833516,5,0.0028722999966703,True
2,LARGE_MAZE,3662,3662,7,6,5,3,greedy,16,0.0117716999957337,5,0.0023543399991467,True
2,LARGE_MAZE,3662,3662,7,6,5,3,beam_2,16,0.0154927999828942,5,0.0030985599965788,True
2,LARGE_MAZE,3662,3662,7,6,5,3,beam_3,16,0.0143036000081337,5,0.0028607200016267,True
2,LARGE_MAZE,1760,1760,1,1,3,5,greedy,16,0.0141596999601461,6,0.0023599499933576,True
2,LARGE_MAZE,1760,1760,1,1,3,5,beam_2,16,0.0181950000114738,6,0.0030325000019123,True
2,LARGE_MAZE,1760,1760,1,1,3,5,beam_3,16,0.0183144000475294,6,0.0030524000079215,True
2,LARGE_MAZE,1852,1852,1,3,3,7,greedy,16,0.0139772000256925,6,0.0023295333376154,True
2,LARGE_MAZE,1852,1852,1,3,3,7,beam_2,16,0.015795600018464,6,0.0026326000030773,True
2,LARGE_MAZE,1852,1852,1,3,3,7,beam_3,16,0.0179995999787934,6,0.0029999333297989,True
2,LARGE_MAZE,1901,1901,1,4,4,1,greedy,16,0.0309908000053837,10,0.0030990800005383,True
2,LARGE_MAZE,1901,1901,1,4,4,1,beam_2,16,0.0341031000134535,10,0.0034103100013453,True
2,LARGE_MAZE,1901,1901,1,4,4,1,beam_3,16,0.0218071999843232,6,0.0036345333307205,True
2,LARGE_MAZE,1944,1944,1,5,3,9,greedy,16,0.0184103000210598,6,0.0030683833368433,True
2,LARGE_MAZE,1944,1944,1,5,3,9,beam_2,16,0.0207836999907158,6,0.0034639499984526,True
2,LARGE_MAZE,1944,1944,1,5,3,9,beam_3,16,0.0193373000365681,6,0.003222883339428,True
2,LARGE_MAZE,1998,1998,1,7,5,5,greedy,16,0.0158077999949455,6,0.0026346333324909,True
2,LARGE_MAZE,1998,1998,1,7,5,5,beam_2,16,0.0178848999785259,6,0.0029808166630876,True
2,LARGE_MAZE,1998,1998,1,7,5,5,beam_3,16,0.0217310999869368,6,0.0036218499978228,True
2,LARGE_MAZE,2090,2090,1,9,5,9,greedy,16,0.0177323000389151,6,0.0029553833398191,True
2,LARGE_MAZE,2090,2090,1,9,5,9,beam_2,16,0.0168752999743446,6,0.0028125499957241,True
2,LARGE_MAZE,2090,2090,1,9,5,9,beam_3,16,0.0177965000038966,6,0.0029660833339827,True
2,LARGE_MAZE,2182,2182,2,1,6,3,greedy,16,0.04537230002461,16,0.0028357687515381,False
2,LARGE_MAZE,2182,2182,2,1,6,3,beam_2,16,0.0171435999800451,6,0.0028572666633408,True
2,LARGE_MAZE,2182,2182,2,1,6,3,beam_3,16,0.0174146000063046,6,0.0029024333343841,True
2,LARGE_MAZE,2248,2248,2,5,2,1,greedy,16,0.0270277999807149,10,0.0027027799980714,True
2,LARGE_MAZE,2248,2248,2,5,2,1,beam_2,16,0.0174144000047817,6,0.0029024000007969,True
2,LARGE_MAZE,2248,2248,2,5,2,1,beam_3,16,0.0178038000012747,6,0.0029673000002124,True
2,LARGE_MAZE,2280,2280,2,5,7,6,greedy,16,0.0159254999598488,6,0.0026542499933081,True
2,LARGE_MAZE,2280,2280,2,5,7,6,beam_2,16,0.0171493000234477,6,0.0028582166705746,True
2,LARGE_MAZE,2280,2280,2,5,7,6,beam_3,16,0.0184072999982163,6,0.003067883333036,True
2,LARGE_MAZE,2345,2345,2,10,3,5,greedy,16,0.0153241999796591,6,0.0025540333299431,True
2,LARGE_MAZE,2345,2345,2,10,3,5,beam_2,16,0.0172947999672032,6,0.0028824666612005,True
2,LARGE_MAZE,2345,2345,2,10,3,5,beam_3,16,0.0181742999702692,6,0.0030290499950448,True
2,LARGE_MAZE,2430,2430,3,2,2,5,greedy,16,0.0149027000297792,6,0.0024837833382965,True
2,LARGE_MAZE,2430,2430,3,2,2,5,beam_2,16,0.0171121000312268,6,0.0028520166718711,True
2,LARGE_MAZE,2430,2430,3,2,2,5,beam_3,16,0.0172244000132195,6,0.0028707333355365,True
2,LARGE_MAZE,2509,2509,3,5,1,1,greedy,16,0.024806700006593,10,0.0024806700006593,True
2,LARGE_MAZE,2509,2509,3,5,1,1,beam_2,16,0.0284207999939098,10,0.0028420799993909,True
2,LARGE_MAZE,2509,2509,3,5,1,1,beam_3,16,0.0174479999695904,6,0.0029079999949317,True
2,LARGE_MAZE,2534,2534,3,5,5,1,greedy,16,0.014861200004816,6,0.0024768666674693,True
2,LARGE_MAZE,2534,2534,3,5,5,1,beam_2,16,0.0182678999844938,6,0.0030446499974156,True
2,LARGE_MAZE,2534,2534,3,5,5,1,beam_3,16,0.0225236999685876,6,0.0037539499947646,True
2,LARGE_MAZE,2564,2564,3,6,2,3,greedy,16,0.0179887000122107,6,0.0029981166687017,True
2,LARGE_MAZE,2564,2564,3,6,2,3,beam_2,16,0.0187347000464797,6,0.0031224500077466,True
2,LARGE_MAZE,2564,2564,3,6,2,3,beam_3,16,0.0199339999817311,6,0.0033223333302885,True
2,LARGE_MAZE,2601,2601,3,7,1,3,greedy,16,0.016611400002148,6,0.0027685666670246,True
2,LARGE_MAZE,2601,2601,3,7,1,3,beam_2,16,0.0182017000042833,6,0.0030336166673805,True
2,LARGE_MAZE,2601,2601,3,7,1,3,beam_3,16,0.0197648000321351,6,0.0032941333386891,True
2,LARGE_MAZE,2672,2672,3,8,5,4,greedy,16,0.0158134000375866,6,0.0026355666729311,True
2,LARGE_MAZE,2672,2672,3,8,5,4,beam_2,16,0.0168482000008225,6,0.0028080333334704,True
2,LARGE_MAZE,2672,2672,3,8,5,4,beam_3,16,0.018956399988383,6,0.0031593999980638,True
2,LARGE_MAZE,2732,2732,3,9,7,9,greedy,16,0.0149356999900192,6,0.0024892833316698,True
2,LARGE_MAZE,2732,2732,3,9,7,9,beam_2,16,0.0163228000164963,6,0.002720466669416,True
2,LARGE_MAZE,2732,2732,3,9,7,9,beam_3,16,0.0183289999840781,6,0.0030548333306796,True
2,LARGE_MAZE,2802,2802,4,1,4,5,greedy,16,0.0472881000023335,16,0.0029555062501458,False
2,LARGE_MAZE,2802,2802,4,1,4,5,beam_2,16,0.0193372000358067,6,0.0032228666726344,True
2,LARGE_MAZE,2802,2802,4,1,4,5,beam_3,16,0.018436099984683,6,0.0030726833307805,True
2,LARGE_MAZE,2834,2834,4,5,2,3,greedy,16,0.0148207999882288,6,0.0024701333313714,True
2,LARGE_MAZE,2834,2834,4,5,2,3,beam_2,16,0.0166992000304162,6,0.0027832000050693,True
2,LARGE_MAZE,2834,2834,4,5,2,3,beam_3,16,0.0186776000191457,6,0.0031129333365242,True
2,LARGE_MAZE,2874,2874,4,10,1,7,greedy,16,0.0429893999826163,16,0.0026868374989135,False
2,LARGE_MAZE,2874,2874,4,10,1,7,beam_2,16,0.0174146999488584,6,0.0029024499914764,True
2,LARGE_MAZE,2874,2874,4,10,1,7,beam_3,16,0.0186338999774307,6,0.0031056499962384,True
2,LARGE_MAZE,2954,2954,5,1,7,5,greedy,16,0.0145256000105291,6,0.0024209333350881,True
2,LARGE_MAZE,2954,2954,5,1,7,5,beam_2,16,0.0172365000471472,6,0.0028727500078578,True
2,LARGE_MAZE,2954,2954,5,1,7,5,beam_3,16,0.0173201999859884,6,0.0028866999976647,True
2,LARGE_MAZE,3000,3000,5,2,7,6,greedy,16,0.0144196000183001,6,0.0024032666697166,True
2,LARGE_MAZE,3000,3000,5,2,7,6,beam_2,16,0.016872499953024,6,0.002812083325504,True
2,LARGE_MAZE,3000,3000,5,2,7,6,beam_3,16,0.0186394999618642,6,0.0031065833269773,True
2,LARGE_MAZE,3046,3046,5,3,7,7,greedy,16,0.0155508999596349,6,0.0025918166599391,True
2,LARGE_MAZE,3046,3046,5,3,7,7,beam_2,16,0.0193504000199027,6,0.0032250666699837,True
2,LARGE_MAZE,3046,3046,5,3,7,7,beam_3,16,0.0220391000038944,6,0.0036731833339824,True
2,LARGE_MAZE,3069,3069,5,4,3,8,greedy,16,0.0180059000267647,6,0.0030009833377941,True
2,LARGE_MAZE,3069,3069,5,4,3,8,beam_2,16,0.0217744000256061,6,0.0036290666709343,True
2,LARGE_MAZE,3069,3069,5,4,3,8,beam_3,16,0.0231783000053837,6,0.0038630500008972,True
2,LARGE_MAZE,3115,3115,5,5,3,9,greedy,16,0.0183390000020153,6,0.0030565000003358,True
2,LARGE_MAZE,3115,3115,5,5,3,9,beam_2,16,0.0225673000095412,6,0.0037612166682568,True
2,LARGE_MAZE,3115,3115,5,5,3,9,beam_3,16,0.0191402999917045,6,0.0031900499986174,True
2,LARGE_MAZE,3203,3203,5,9,3,7,greedy,16,0.0156714000040665,6,0.0026119000006777,True
2,LARGE_MAZE,3203,3203,5,9,3,7,beam_2,16,0.0182075999910011,6,0.0030345999985001,True
2,LARGE_MAZE,3203,3203,5,9,3,7,beam_3,16,0.018971599987708,6,0.0031619333312846,True
2,LARGE_MAZE,3285,3285,6,3,2,5,greedy,16,0.0451916999882087,16,0.002824481249263,False
2,LARGE_MAZE,3285,3285,6,3,2,5,beam_2,16,0.0166598000214435,6,0.0027766333369072,True
2,LARGE_MAZE,3285,3285,6,3,2,5,beam_3,16,0.018065900017973,6,0.0030109833363288,True
2,LARGE_MAZE,3331,3331,6,5,2,7,greedy,16,0.0147701999521814,6,0.0024616999920302,True
2,LARGE_MAZE,3331,3331,6,5,2,7,beam_2,16,0.0167252999963238,6,0.0027875499993873,True
2,LARGE_MAZE,3331,3331,6,5,2,7,beam_3,16,0.0178210000158287,6,0.0029701666693047,True
2,LARGE_MAZE,3393,3393,6,7,5,4,greedy,16,0.0150408000336028,6,0.0025068000056004,True
2,LARGE_MAZE,3393,3393,6,7,5,4,beam_2,16,0.0168920999858528,6,0.0028153499976421,True
2,LARGE_MAZE,3393,3393,6,7,5,4,beam_3,16,0.0167201000149361,6,0.0027866833358226,True
2,LARGE_MAZE,3522,3522,7,2,4,1,greedy,16,0.0143192000105045,6,0.002386533335084,True
2,LARGE_MAZE,3522,3522,7,2,4,1,beam_2,16,0.0162554000271484,6,0.002709233337858,True
2,LARGE_MAZE,3522,3522,7,2,4,1,beam_3,16,0.017556200036779,6,0.0029260333394631,True
2,LARGE_MAZE,3584,3584,7,3,7,5,greedy,16,0.0159155000001192,6,0.0026525833333532,True
2,LARGE_MAZE,3584,3584,7,3,7,5,beam_2,16,0.0187909000087529,6,0.0031318166681254,True
2,LARGE_MAZE,3584,3584,7,3,7,5,beam_3,16,0.0189723999937996,6,0.0031620666656332,True
2,LARGE_MAZE,3645,3645,7,6,2,5,greedy,16,0.0476988999871537,16,0.0029811812491971,False
2,LARGE_MAZE,3645,3645,7,6,2,5,beam_2,16,0.0183037999668158,6,0.0030506333278026,True
2,LARGE_MAZE,3645,3645,7,6,2,5,beam_3,16,0.0185965999844484,6,0.0030994333307414,True
2,LARGE_MAZE,3707,3707,7,7,5,3,greedy,16,0.0151687000179663,6,0.002528116669661,True
2,LARGE_MAZE,3707,3707,7,7,5,3,beam_2,16,0.0166165000409819,6,0.0027694166734969,True
2,LARGE_MAZE,3707,3707,7,7,5,3,beam_3,16,0.017898799967952,6,0.002983133327992,True
2,LARGE_MAZE,1767,1767,1,1,4,5,greedy,16,0.0177718999912031,7,0.0025388428558861,True
2,LARGE_MAZE,1767,1767,1,1,4,5,beam_2,16,0.055919200007338,7,0.0079884571439054,True
2,LARGE_MAZE,1767,1767,1,1,4,5,beam_3,16,0.0214891000068746,7,0.0030698714295535,True
2,LARGE_MAZE,1818,1818,1,2,5,5,greedy,16,0.0207493999623693,7,0.0029641999946241,True
2,LARGE_MAZE,1818,1818,1,2,5,5,beam_2,16,0.0223541000159457,7,0.0031934428594208,True
2,LARGE_MAZE,1818,1818,1,2,5,5,beam_3,16,0.0213207000051625,7,0.0030458142864517,True
2,LARGE_MAZE,1868,1868,1,3,6,5,greedy,16,0.018456200021319,7,0.0026366000030455,True
2,LARGE_MAZE,1868,1868,1,3,6,5,beam_2,16,0.0197614000062458,7,0.0028230571437494,True
2,LARGE_MAZE,1868,1868,1,3,6,5,beam_3,16,0.0210352999856695,7,0.0030050428550956,True
2,LARGE_MAZE,1919,1919,1,4,7,5,greedy,16,0.0183630000101402,7,0.0026232857157343,True
2,LARGE_MAZE,1919,1919,1,4,7,5,beam_2,16,0.0200178999803029,7,0.0028596999971861,True
2,LARGE_MAZE,1919,1919,1,4,7,5,beam_3,16,0.0210454000043682,7,0.0030064857149097,True
2,LARGE_MAZE,1957,1957,1,5,6,3,greedy,16,0.0178130999556742,7,0.0025447285650963,True
2,LARGE_MAZE,1957,1957,1,5,6,3,beam_2,16,0.0191360999597236,7,0.0027337285656748,True
2,LARGE_MAZE,1957,1957,1,5,6,3,beam_3,16,0.0201908000162802,7,0.0028844000023257,True
2,LARGE_MAZE,2003,2003,1,7,6,5,greedy,16,0.0428793000173755,16,0.0026799562510859,False
2,LARGE_MAZE,2003,2003,1,7,6,5,beam_2,16,0.0192464999854564,7,0.0027494999979223,True
2,LARGE_MAZE,2003,2003,1,7,6,5,beam_3,16,0.0201935999793931,7,0.0028847999970561,True
2,LARGE_MAZE,2082,2082,1,9,4,5,greedy,16,0.0193306999863125,7,0.0027615285694732,True
2,LARGE_MAZE,2082,2082,1,9,4,5,beam_2,16,0.02007919998141,7,0.0028684571402014,True
2,LARGE_MAZE,2082,2082,1,9,4,5,beam_3,16,0.0201409999863244,7,0.002877285712332,True
2,LARGE_MAZE,2178,2178,2,1,5,5,greedy,16,0.023853600025177,9,0.0026504000027974,True
2,LARGE_MAZE,2178,2178,2,1,5,5,beam_2,16,0.0191636999952606,7,0.0027376714278943,True
2,LARGE_MAZE,2178,2178,2,1,5,5,beam_3,16,0.0200166999711655,7,0.0028595285673093,True
2,LARGE_MAZE,2246,2246,2,5,1,9,greedy,16,0.0334316000225953,13,0.0025716615401996,True
2,LARGE_MAZE,2246,2246,2,5,1,9,beam_2,16,0.0201305000227876,7,0.002875785717541,True
2,LARGE_MAZE,2246,2246,2,5,1,9,beam_3,16,0.0259421000373549,7,0.0037060142910507,True
2,LARGE_MAZE,2278,2278,2,5,7,3,greedy,16,0.0534895000164397,16,0.0033430937510274,False
2,LARGE_MAZE,2278,2278,2,5,7,3,beam_2,16,0.0232369999866932,7,0.0033195714266704,True
2,LARGE_MAZE,2278,2278,2,5,7,3,beam_3,16,0.0248029999784193,7,0.0035432857112027,True
2,LARGE_MAZE,2324,2324,2,7,7,5,greedy,16,0.01875079999445,7,0.0026786857134928,True
2,LARGE_MAZE,2324,2324,2,7,7,5,beam_2,16,0.0218296999810263,7,0.003118528568718,True
2,LARGE_MAZE,2324,2324,2,7,7,5,beam_3,16,0.024057799950242,7,0.0034368285643202,True
2,LARGE_MAZE,2397,2397,3,1,4,5,greedy,16,0.0496099999872967,16,0.003100624999206,False
2,LARGE_MAZE,2397,2397,3,1,4,5,beam_2,16,0.0543598000076599,16,0.0033974875004787,False
2,LARGE_MAZE,2397,2397,3,1,4,5,beam_3,16,0.0326555000501684,9,0.0036283888944631,True
2,LARGE_MAZE,2458,2458,3,2,7,3,greedy,16,0.020222199964337,7,0.002888885709191,True
2,LARGE_MAZE,2458,2458,3,2,7,3,beam_2,16,0.0210646000341512,7,0.0030092285763073,True
2,LARGE_MAZE,2458,2458,3,2,7,3,beam_3,16,0.0219261000165715,7,0.0031323000023673,True
2,LARGE_MAZE,2517,2517,3,5,1,10,greedy,16,0.0175179000361822,7,0.002502557148026,True
2,LARGE_MAZE,2517,2517,3,5,1,10,beam_2,16,0.0205685999826528,7,0.0029383714260932,True
2,LARGE_MAZE,2517,2517,3,5,1,10,beam_3,16,0.0209431999828666,7,0.002991885711838,True
2,LARGE_MAZE,2544,2544,3,5,6,7,greedy,16,0.0173945000278763,7,0.0024849285754109,True
2,LARGE_MAZE,2544,2544,3,5,6,7,beam_2,16,0.0191645000013522,7,0.0027377857144788,True
2,LARGE_MAZE,2544,2544,3,5,6,7,beam_3,16,0.0211432999931275,7,0.0030204714275896,True
2,LARGE_MAZE,2585,2585,3,6,5,9,greedy,16,0.0463192000170238,16,0.0028949500010639,False
2,LARGE_MAZE,2585,2585,3,6,5,9,beam_2,16,0.0202152999700047,7,0.0028878999957149,True
2,LARGE_MAZE,2585,2585,3,6,5,9,beam_3,16,0.0229903000290505,7,0.0032843285755786,True
2,LARGE_MAZE,2625,2625,3,7,5,2,greedy,16,0.0448617999791167,16,0.0028038624986947,False
2,LARGE_MAZE,2625,2625,3,7,5,2,beam_2,16,0.0471991999656893,16,0.0029499499978555,False
2,LARGE_MAZE,2625,2625,3,7,5,2,beam_3,16,0.0198915000073611,7,0.0028416428581944,True
2,LARGE_MAZE,2671,2671,3,8,5,3,greedy,16,0.0167605000315234,7,0.0023943571473604,True
2,LARGE_MAZE,2671,2671,3,8,5,3,beam_2,16,0.0191795999999158,7,0.0027399428571308,True
2,LARGE_MAZE,2671,2671,3,8,5,3,beam_3,16,0.0199851999641396,7,0.0028550285663056,True
2,LARGE_MAZE,2723,2723,3,9,6,5,greedy,16,0.0177419999963603,7,0.0025345714280514,True
2,LARGE_MAZE,2723,2723,3,9,6,5,beam_2,16,0.0189236000296659,7,0.0027033714328094,True
2,LARGE_MAZE,2723,2723,3,9,6,5,beam_3,16,0.0204896000213921,7,0.0029270857173417,True
2,LARGE_MAZE,2796,2796,4,1,3,5,greedy,16,0.0168512999662198,7,0.0024073285666028,True
2,LARGE_MAZE,2796,2796,4,1,3,5,beam_2,16,0.0219345999648794,7,0.003133514280697,True
2,LARGE_MAZE,2796,2796,4,1,3,5,beam_3,16,0.0222969999886117,7,0.0031852857126588,True
2,LARGE_MAZE,2837,2837,4,5,2,10,greedy,16,0.01826780004194,7,0.0026096857202771,True
2,LARGE_MAZE,2837,2837,4,5,2,10,beam_2,16,0.021170100022573,7,0.0030243000032247,True
2,LARGE_MAZE,2837,2837,4,5,2,10,beam_3,16,0.0212625000276602,7,0.0030375000039514,True
2,LARGE_MAZE,2861,2861,4,5,7,1,greedy,16,0.0433302000164985,16,0.0027081375010311,False
2,LARGE_MAZE,2861,2861,4,5,7,1,beam_2,16,0.0200565999839454,7,0.002865228569135,True
2,LARGE_MAZE,2861,2861,4,5,7,1,beam_3,16,0.0222891999874264,7,0.0031841714267752,True
2,LARGE_MAZE,2932,2932,5,1,3,6,greedy,16,0.0177632000413723,7,0.0025376000059103,True
2,LARGE_MAZE,2932,2932,5,1,3,6,beam_2,16,0.0201382000232115,7,0.0028768857176016,True
2,LARGE_MAZE,2932,2932,5,1,3,6,beam_3,16,0.0210155000095255,7,0.003002214287075,True
2,LARGE_MAZE,3001,3001,5,2,7,7,greedy,16,0.01756370003568,7,0.0025091000050971,True
2,LARGE_MAZE,3001,3001,5,2,7,7,beam_2,16,0.021764000004623,7,0.0031091428578032,True
2,LARGE_MAZE,3001,3001,5,2,7,7,beam_3,16,0.0210602000006474,7,0.0030086000000924,True
2,LARGE_MAZE,3024,3024,5,3,3,8,greedy,16,0.0177248999825678,7,0.0025321285689382,True
2,LARGE_MAZE,3024,3024,5,3,3,8,beam_2,16,0.0197184999706223,7,0.0028169285672317,True
2,LARGE_MAZE,3024,3024,5,3,3,8,beam_3,16,0.0212871999829076,7,0.0030410285689868,True
2,LARGE_MAZE,3065,3065,5,4,3,3,greedy,16,0.0178840999724343,7,0.0025548714246334,True
2,LARGE_MAZE,3065,3065,5,4,3,3,beam_2,16,0.0263676000176928,7,0.0037668000025275,True
2,LARGE_MAZE,3065,3065,5,4,3,3,beam_3,16,0.0277354000136256,7,0.0039622000019465,True
2,LARGE_MAZE,3103,3103,5,5,2,1,greedy,16,0.0321646999800577,9,0.0035738555533397,True
2,LARGE_MAZE,3103,3103,5,5,2,1,beam_2,16,0.0267409000080078,7,0.0038201285725725,True
2,LARGE_MAZE,3103,3103,5,5,2,1,beam_3,16,0.0260079999570734,7,0.0037154285652962,True
2,LARGE_MAZE,3168,3168,5,7,5,4,greedy,16,0.0199618000187911,7,0.0028516857169701,True
2,LARGE_MAZE,3168,3168,5,7,5,4,beam_2,16,0.0230184000101871,7,0.0032883428585981,True
2,LARGE_MAZE,3168,3168,5,7,5,4,beam_3,16,0.0225008999696001,7,0.0032144142813714,True
2,LARGE_MAZE,3246,3246,5,10,3,5,greedy,16,0.0186851000180467,7,0.0026693000025781,True
2,LARGE_MAZE,3246,3246,5,10,3,5,beam_2,16,0.0202515000128187,7,0.0028930714304026,True
2,LARGE_MAZE,3246,3246,5,10,3,5,beam_3,16,0.0216002999804914,7,0.0030857571400702,True
2,LARGE_MAZE,3316,3316,6,3,7,7,greedy,16,0.0287630000384524,11,0.0026148181853138,True
2,LARGE_MAZE,3316,3316,6,3,7,7,beam_2,16,0.0205723000108264,7,0.0029389000015466,True
2,LARGE_MAZE,3316,3316,6,3,7,7,beam_3,16,0.022138999949675,7,0.003162714278525,True
2,LARGE_MAZE,3356,3356,6,5,7,1,greedy,16,0.0358242000220343,13,0.0027557076940026,True
2,LARGE_MAZE,3356,3356,6,5,7,1,beam_2,16,0.0202279000077396,7,0.0028897000011056,True
2,LARGE_MAZE,3356,3356,6,5,7,1,beam_3,16,0.0216691000387072,7,0.0030955857198153,True
2,LARGE_MAZE,3477,3477,7,1,4,1,greedy,16,0.0190777999814599,7,0.0027253999973514,True
2,LARGE_MAZE,3477,3477,7,1,4,1,beam_2,16,0.0203940999926999,7,0.0029134428560999,True
2,LARGE_MAZE,3477,3477,7,1,4,1,beam_3,16,0.0207219999865628,7,0.0029602857123661,True
2,LARGE_MAZE,3539,3539,7,2,7,5,greedy,16,0.0178431999520398,7,0.0025490285645771,True
2,LARGE_MAZE,3539,3539,7,2,7,5,beam_2,16,0.0201180999865755,7,0.0028740142837965,True
2,LARGE_MAZE,3539,3539,7,2,7,5,beam_3,16,0.0204772999859415,7,0.0029253285694202,True
2,LARGE_MAZE,3585,3585,7,3,7,6,greedy,16,0.0446972000063397,16,0.0027935750003962,False
2,LARGE_MAZE,3585,3585,7,3,7,6,beam_2,16,0.0495424999971874,16,0.0030964062498242,False
2,LARGE_MAZE,3585,3585,7,3,7,6,beam_3,16,0.0223761000088416,7,0.0031965857155488,True
2,LARGE_MAZE,3628,3628,7,5,7,2,greedy,16,0.0180824000271968,7,0.0025832000038852,True
2,LARGE_MAZE,3628,3628,7,5,7,2,beam_2,16,0.0230352000216953,7,0.0032907428602421,True
2,LARGE_MAZE,3628,3628,7,5,7,2,beam_3,16,0.0215728000039234,7,0.003081828571989,True
2,LARGE_MAZE,3690,3690,7,7,2,5,greedy,16,0.0426405000034719,16,0.0026650312502169,False
2,LARGE_MAZE,3690,3690,7,7,2,5,beam_2,16,0.0192090000491589,7,0.0027441428641655,True
2,LARGE_MAZE,3690,3690,7,7,2,5,beam_3,16,0.0214986000210046,7,0.0030712285744292,True
2,LARGE_MAZE,3744,3744,7,9,3,8,greedy,16,0.0180887999595142,7,0.0025841142799306,True
2,LARGE_MAZE,3744,3744,7,9,3,8,beam_2,16,0.0192702999920584,7,0.0027528999988654,True
2,LARGE_MAZE,3744,3744,7,9,3,8,beam_3,16,0.020167600014247,7,0.002881085716321,True
2,LARGE_MAZE,1783,1783,1,1,7,3,greedy,18,0.0211232000146992,8,0.0026404000018374,True
2,LARGE_MAZE,1783,1783,1,1,7,3,beam_2,18,0.0226416000514291,8,0.0028302000064286,True
2,LARGE_MAZE,1783,1783,1,1,7,3,beam_3,18,0.0235542000154964,8,0.002944275001937,True
2,LARGE_MAZE,1823,1823,1,2,6,5,greedy,18,0.0314894000184722,12,0.002624116668206,True
2,LARGE_MAZE,1823,1823,1,2,6,5,beam_2,18,0.0293630000087432,10,0.0029363000008743,True
2,LARGE_MAZE,1823,1823,1,2,6,5,beam_3,18,0.0239746999577619,8,0.0029968374947202,True
2,LARGE_MAZE,1884,1884,1,4,1,8,greedy,18,0.0237834000145085,8,0.0029729250018135,True
2,LARGE_MAZE,1884,1884,1,4,1,8,beam_2,18,0.0260158999590203,8,0.0032519874948775,True
2,LARGE_MAZE,1884,1884,1,4,1,8,beam_3,18,0.0254174000001512,8,0.0031771750000189,True
2,LARGE_MAZE,1930,1930,1,5,1,9,greedy,18,0.0285065000061877,10,0.0028506500006187,True
2,LARGE_MAZE,1930,1930,1,5,1,9,beam_2,18,0.0231481000082567,8,0.002893512501032,True
2,LARGE_MAZE,1930,1930,1,5,1,9,beam_3,18,0.025694600015413,8,0.0032118250019266,True
2,LARGE_MAZE,1966,1966,1,5,7,7,greedy,18,0.0207513999775983,8,0.0025939249971997,True
2,LARGE_MAZE,1966,1966,1,5,7,7,beam_2,18,0.0245998999453149,8,0.0030749874931643,True
2,LARGE_MAZE,1966,1966,1,5,7,7,beam_3,18,0.0258191999746486,8,0.003227399996831,True
2,LARGE_MAZE,2017,2017,1,8,1,4,greedy,18,0.0238884999998845,8,0.0029860624999855,True
2,LARGE_MAZE,2017,2017,1,8,1,4,beam_2,18,0.0270610000006854,8,0.0033826250000856,True
2,LARGE_MAZE,2017,2017,1,8,1,4,beam_3,18,0.0298401999752968,8,0.0037300249969121,True
2,LARGE_MAZE,2088,2088,1,9,5,5,greedy,18,0.0254977000295184,8,0.0031872125036898,True
2,LARGE_MAZE,2088,2088,1,9,5,5,beam_2,18,0.0292793000116944,8,0.0036599125014618,True
2,LARGE_MAZE,2088,2088,1,9,5,5,beam_3,18,0.0281623000046238,8,0.0035202875005779,True
2,LARGE_MAZE,2166,2166,2,1,3,6,greedy,18,0.0290724000078625,10,0.0029072400007862,True
2,LARGE_MAZE,2166,2166,2,1,3,6,beam_2,18,0.0240684000309556,8,0.0030085500038694,True
2,LARGE_MAZE,2166,2166,2,1,3,6,beam_3,18,0.0255933000007644,8,0.0031991625000955,True
2,LARGE_MAZE,2213,2213,2,3,3,8,greedy,18,0.0492086000158451,18,0.0027338111119913,False
2,LARGE_MAZE,2213,2213,2,3,3,8,beam_2,18,0.0243615000508725,8,0.003045187506359,True
2,LARGE_MAZE,2213,2213,2,3,3,8,beam_3,18,0.0255973000312224,8,0.0031996625039028,True
2,LARGE_MAZE,2261,2261,2,5,4,1,greedy,18,0.0205071999807842,8,0.002563399997598,True
2,LARGE_MAZE,2261,2261,2,5,4,1,beam_2,18,0.0229949000058695,8,0.0028743625007336,True
2,LARGE_MAZE,2261,2261,2,5,4,1,beam_3,18,0.0255593999754637,8,0.0031949249969329,True
2,LARGE_MAZE,2294,2294,2,7,2,3,greedy,18,0.0206225999863818,8,0.0025778249982977,True
2,LARGE_MAZE,2294,2294,2,7,2,3,beam_2,18,0.0245719000231474,8,0.0030714875028934,True
2,LARGE_MAZE,2294,2294,2,7,2,3,beam_3,18,0.0283736999845132,8,0.0035467124980641,True
2,LARGE_MAZE,2333,2333,2,10,1,5,greedy,18,0.0205641000065952,8,0.0025705125008244,True
2,LARGE_MAZE,2333,2333,2,10,1,5,beam_2,18,0.0231790000107139,8,0.0028973750013392,True
2,LARGE_MAZE,2333,2333,2,10,1,5,beam_3,18,0.0240215999656356,8,0.0030026999957044,True
2,LARGE_MAZE,2436,2436,3,2,3,6,greedy,18,0.0491680999984964,18,0.0027315611110275,False
2,LARGE_MAZE,2436,2436,3,2,3,6,beam_2,18,0.0216260000015608,8,0.0027032500001951,True
2,LARGE_MAZE,2436,2436,3,2,3,6,beam_3,18,0.0236429999931715,8,0.0029553749991464,True
2,LARGE_MAZE,2493,2493,3,3,5,5,greedy,18,0.019911499985028,8,0.0024889374981285,True
2,LARGE_MAZE,2493,2493,3,3,5,5,beam_2,18,0.0216654000105336,8,0.0027081750013167,True
2,LARGE_MAZE,2493,2493,3,3,5,5,beam_3,18,0.0236190999858081,8,0.002952387498226,True
2,LARGE_MAZE,2546,2546,3,5,7,1,greedy,18,0.0199950000387616,8,0.0024993750048452,True
2,LARGE_MAZE,2546,2546,3,5,7,1,beam_2,18,0.0225170000339858,8,0.0028146250042482,True
2,LARGE_MAZE,2546,2546,3,5,7,1,beam_3,18,0.0244138999842107,8,0.0030517374980263,True
2,LARGE_MAZE,2590,2590,3,6,6,9,greedy,18,0.0551491000223904,18,0.0030638388901328,False
2,LARGE_MAZE,2590,2590,3,6,6,9,beam_2,18,0.0250874999910593,8,0.0031359374988824,True
2,LARGE_MAZE,2590,2590,3,6,6,9,beam_3,18,0.026681900024414,8,0.0033352375030517,True
2,LARGE_MAZE,2638,2638,3,7,7,3,greedy,18,0.0499991999822668,18,0.0027777333323481,False
2,LARGE_MAZE,2638,2638,3,7,7,3,beam_2,18,0.0238705000374466,8,0.0029838125046808,True
2,LARGE_MAZE,2638,2638,3,7,7,3,beam_3,18,0.0243738000281155,8,0.0030467250035144,True
2,LARGE_MAZE,2670,2670,3,8,5,2,greedy,18,0.0516690000076778,18,0.0028705000004265,False
2,LARGE_MAZE,2670,2670,3,8,5,2,beam_2,18,0.0225028999848291,8,0.0028128624981036,True
2,LARGE_MAZE,2670,2670,3,8,5,2,beam_3,18,0.024050600011833,8,0.0030063250014791,True
2,LARGE_MAZE,2716,2716,3,9,5,3,greedy,18,0.0206843999912962,8,0.002585549998912,True
2,LARGE_MAZE,2716,2716,3,9,5,3,beam_2,18,0.023383299994748,8,0.0029229124993435,True
2,LARGE_MAZE,2716,2716,3,9,5,3,beam_3,18,0.0279419000144116,8,0.0034927375018014,True
2,LARGE_MAZE,2790,2790,4,1,2,5,greedy,18,0.0509755000239238,18,0.0028319722235513,False
2,LARGE_MAZE,2790,2790,4,1,2,5,beam_2,18,0.0269625000073574,8,0.0033703125009196,True
2,LARGE_MAZE,2790,2790,4,1,2,5,beam_3,18,0.0283022999647073,8,0.0035377874955884,True
2,LARGE_MAZE,2839,2839,4,5,3,2,greedy,18,0.0245021999580785,8,0.0030627749947598,True
2,LARGE_MAZE,2839,2839,4,5,3,2,beam_2,18,0.029224099998828,8,0.0036530124998535,True
2,LARGE_MAZE,2839,2839,4,5,3,2,beam_3,18,0.029815400019288,8,0.003726925002411,True
2,LARGE_MAZE,2933,2933,5,1,3,7,greedy,18,0.022094800020568,8,0.002761850002571,True
2,LARGE_MAZE,2933,2933,5,1,3,7,beam_2,18,0.0243314999970607,8,0.0030414374996325,True
2,LARGE_MAZE,2933,2933,5,1,3,7,beam_3,18,0.0279495000140741,8,0.0034936875017592,True
2,LARGE_MAZE,2994,2994,5,2,6,7,greedy,18,0.0209104999667033,8,0.0026138124958379,True
2,LARGE_MAZE,2994,2994,5,2,6,7,beam_2,18,0.0242738999659195,8,0.0030342374957399,True
2,LARGE_MAZE,2994,2994,5,2,6,7,beam_3,18,0.0256376999896019,8,0.0032047124987002,True
2,LARGE_MAZE,3050,3050,5,4,1,2,greedy,18,0.0503004000056535,18,0.0027944666669807,False
2,LARGE_MAZE,3050,3050,5,4,1,2,beam_2,18,0.0231674999813549,8,0.0028959374976693,True
2,LARGE_MAZE,3050,3050,5,4,1,2,beam_3,18,0.0253028000006452,8,0.0031628500000806,True
2,LARGE_MAZE,3101,3101,5,5,1,9,greedy,18,0.0263142999610863,10,0.0026314299961086,True
2,LARGE_MAZE,3101,3101,5,5,1,9,beam_2,18,0.0230232999892905,8,0.0028779124986613,True
2,LARGE_MAZE,3101,3101,5,5,1,9,beam_3,18,0.0240709999925456,8,0.0030088749990682,True
2,LARGE_MAZE,3167,3167,5,7,5,3,greedy,18,0.0202535999706015,8,0.0025316999963251,True
2,LARGE_MAZE,3167,3167,5,7,5,3,beam_2,18,0.0227289999602362,8,0.0028411249950295,True
2,LARGE_MAZE,3167,3167,5,7,5,3,beam_3,18,0.0241614999831654,8,0.0030201874978956,True
2,LARGE_MAZE,3275,3275,6,3,1,2,greedy,18,0.0499845999875105,18,0.0027769222215283,False
2,LARGE_MAZE,3275,3275,6,3,1,2,beam_2,18,0.0255844999919645,8,0.0031980624989955,True
2,LARGE_MAZE,3275,3275,6,3,1,2,beam_3,18,0.0257191999698989,8,0.0032148999962373,True
2,LARGE_MAZE,3309,3309,6,3,6,7,greedy,18,0.0234137999941594,8,0.0029267249992699,True
2,LARGE_MAZE,3309,3309,6,3,6,7,beam_2,18,0.0255145999835804,8,0.0031893249979475,True
2,LARGE_MAZE,3309,3309,6,3,6,7,beam_3,18,0.024513799988199,8,0.0030642249985248,True
2,LARGE_MAZE,3334,3334,6,5,3,2,greedy,18,0.0199285999988205,8,0.0024910749998525,True
2,LARGE_MAZE,3334,3334,6,5,3,2,beam_2,18,0.0233070999966003,8,0.002913387499575,True
2,LARGE_MAZE,3334,3334,6,5,3,2,beam_3,18,0.0238286000094376,8,0.0029785750011797,True
2,LARGE_MAZE,3398,3398,6,7,6,3,greedy,18,0.0482171999756246,18,0.0026787333319791,False
2,LARGE_MAZE,3398,3398,6,7,6,3,beam_2,18,0.0241693999851122,8,0.003021174998139,True
2,LARGE_MAZE,3398,3398,6,7,6,3,beam_3,18,0.0238566999905742,8,0.0029820874988217,True
2,LARGE_MAZE,3471,3471,7,1,3,5,greedy,18,0.0203785999910905,8,0.0025473249988863,True
2,LARGE_MAZE,3471,3471,7,1,3,5,beam_2,18,0.0231804000213742,8,0.0028975500026717,True
2,LARGE_MAZE,3471,3471,7,1,3,5,beam_3,18,0.0241245999932289,8,0.0030155749991536,True
2,LARGE_MAZE,3517,3517,7,2,3,6,greedy,18,0.0239030999946407,8,0.00298788749933,True
2,LARGE_MAZE,3517,3517,7,2,3,6,beam_2,18,0.0234709000214934,8,0.0029338625026866,True
2,LARGE_MAZE,3517,3517,7,2,3,6,beam_3,18,0.0257174000144004,8,0.0032146750018,True
2,LARGE_MAZE,3563,3563,7,3,3,7,greedy,18,0.0201761999633163,8,0.0025220249954145,True
2,LARGE_MAZE,3563,3563,7,3,3,7,beam_2,18,0.0221274999785237,8,0.0027659374973154,True
2,LARGE_MAZE,3563,3563,7,3,3,7,beam_3,18,0.023042999964673,8,0.0028803749955841,True
2,LARGE_MAZE,3610,3610,7,5,3,9,greedy,18,0.0197456000023521,8,0.002468200000294,True
2,LARGE_MAZE,3610,3610,7,5,3,9,beam_2,18,0.0218464999925345,8,0.0027308124990668,True
2,LARGE_MAZE,3610,3610,7,5,3,9,beam_3,18,0.0244683999917469,8,0.0030585499989683,True
2,LARGE_MAZE,3657,3657,7,6,4,1,greedy,18,0.0216762999771162,8,0.0027095374971395,True
2,LARGE_MAZE,3657,3657,7,6,4,1,beam_2,18,0.0222056999919004,8,0.0027757124989875,True
2,LARGE_MAZE,3657,3657,7,6,4,1,beam_3,18,0.0241324999951757,8,0.0030165624993969,True
2,LARGE_MAZE,3719,3719,7,7,7,3,greedy,18,0.019768500002101,8,0.0024710625002626,True
2,LARGE_MAZE,3719,3719,7,7,7,3,beam_2,18,0.0270102999638766,8,0.0033762874954845,True
2,LARGE_MAZE,3719,3719,7,7,7,3,beam_3,18,0.0319820999866351,8,0.0039977624983293,True
2,LARGE_MAZE,1755,1755,1,1,2,7,greedy,20,0.029677799961064,9,0.0032975333290071,True
2,LARGE_MAZE,1755,1755,1,1,2,7,beam_2,20,0.0329936000052839,9,0.0036659555561426,True
2,LARGE_MAZE,1755,1755,1,1,2,7,beam_3,20,0.0318225999944843,9,0.0035358444438315,True
2,LARGE_MAZE,1809,1809,1,2,3,9,greedy,20,0.0263779999804683,9,0.0029308888867187,True
2,LARGE_MAZE,1809,1809,1,2,3,9,beam_2,20,0.0283148000016808,9,0.0031460888890756,True
2,LARGE_MAZE,1809,1809,1,2,3,9,beam_3,20,0.0284458000096492,9,0.0031606444455165,True
2,LARGE_MAZE,1867,1867,1,3,6,3,greedy,20,0.0230321999988518,9,0.0025591333332057,True
2,LARGE_MAZE,1867,1867,1,3,6,3,beam_2,20,0.0264510000124573,9,0.0029390000013841,True
2,LARGE_MAZE,1867,1867,1,3,6,3,beam_3,20,0.0277533999760635,9,0.0030837111084515,True
2,LARGE_MAZE,1918,1918,1,4,7,3,greedy,20,0.0298152000177651,11,0.0027104727288877,True
2,LARGE_MAZE,1918,1918,1,4,7,3,beam_2,20,0.0336314999731257,9,0.0037368333303473,True
2,LARGE_MAZE,1918,1918,1,4,7,3,beam_3,20,0.0285673000034876,9,0.0031741444448319,True
2,LARGE_MAZE,1962,1962,1,5,7,2,greedy,20,0.0259458000073209,9,0.0028828666674801,True
2,LARGE_MAZE,1962,1962,1,5,7,2,beam_2,20,0.0287777999765239,9,0.0031975333307248,True
2,LARGE_MAZE,1962,1962,1,5,7,2,beam_3,20,0.0280359999742358,9,0.0031151111082484,True
2,LARGE_MAZE,2005,2005,1,7,6,9,greedy,20,0.0242695999913848,9,0.0026966222212649,True
2,LARGE_MAZE,2005,2005,1,7,6,9,beam_2,20,0.0263108999934047,9,0.0029234333326005,True
2,LARGE_MAZE,2005,2005,1,7,6,9,beam_3,20,0.0276637999922968,9,0.0030737555546996,True
2,LARGE_MAZE,2057,2057,1,8,7,9,greedy,20,0.0228013000451028,9,0.0025334777827892,True
2,LARGE_MAZE,2057,2057,1,8,7,9,beam_2,20,0.0254993999842554,9,0.0028332666649172,True
2,LARGE_MAZE,2057,2057,1,8,7,9,beam_3,20,0.0292787000071257,9,0.0032531888896806,True
2,LARGE_MAZE,2108,2108,1,10,1,5,greedy,20,0.0237830000114627,9,0.0026425555568291,True
2,LARGE_MAZE,2108,2108,1,10,1,5,beam_2,20,0.0260710000293329,9,0.0028967777810369,True
2,LARGE_MAZE,2108,2108,1,10,1,5,beam_3,20,0.0292017000028863,9,0.003244633333654,True
2,LARGE_MAZE,2199,2199,2,3,1,7,greedy,20,0.0544175999821163,19,0.002864084209585,False
2,LARGE_MAZE,2199,2199,2,3,1,7,beam_2,20,0.0259203999885357,9,0.0028800444431706,True
2,LARGE_MAZE,2199,2199,2,3,1,7,beam_3,20,0.0279168999986723,9,0.0031018777776302,True
2,LARGE_MAZE,2270,2270,2,5,5,9,greedy,20,0.0229233999853022,9,0.0025470444428113,True
2,LARGE_MAZE,2270,2270,2,5,5,9,beam_2,20,0.0260133000556379,9,0.0028903666728486,True
2,LARGE_MAZE,2270,2270,2,5,5,9,beam_3,20,0.0273008000222034,9,0.0030334222246892,True
2,LARGE_MAZE,2323,2323,2,7,7,3,greedy,20,0.0231860000058077,9,0.0025762222228675,True
2,LARGE_MAZE,2323,2323,2,7,7,3,beam_2,20,0.0253838999778963,9,0.0028204333308773,True
2,LARGE_MAZE,2323,2323,2,7,7,3,beam_3,20,0.0290566000039689,9,0.0032285111115521,True
2,LARGE_MAZE,2363,2363,2,10,6,5,greedy,20,0.0535907000303268,19,0.0028205631594908,False
2,LARGE_MAZE,2363,2363,2,10,6,5,beam_2,20,0.0271803000359796,9,0.003020033337331,True
2,LARGE_MAZE,2363,2363,2,10,6,5,beam_3,20,0.0269884000299498,9,0.0029987111144388,True
2,LARGE_MAZE,2459,2459,3,2,7,5,greedy,20,0.0292273999657481,11,0.0026570363605225,True
2,LARGE_MAZE,2459,2459,3,2,7,5,beam_2,20,0.0261337000411003,9,0.0029037444490111,True
2,LARGE_MAZE,2459,2459,3,2,7,5,beam_3,20,0.0280850999988615,9,0.0031205666665401,True
2,LARGE_MAZE,2545,2545,3,5,6,9,greedy,20,0.0529740999918431,19,0.0027881105258864,False
2,LARGE_MAZE,2545,2545,3,5,6,9,beam_2,20,0.0300433000084012,9,0.0033381444453779,True
2,LARGE_MAZE,2545,2545,3,5,6,9,beam_3,20,0.0332724999752827,9,0.003696944441698,True
2,LARGE_MAZE,2608,2608,3,7,2,1,greedy,20,0.0267393999965861,9,0.0029710444440651,True
2,LARGE_MAZE,2608,2608,3,7,2,1,beam_2,20,0.0365623999969102,9,0.0040624888885455,True
2,LARGE_MAZE,2608,2608,3,7,2,1,beam_3,20,0.0344544000108726,9,0.0038282666678747,True
2,LARGE_MAZE,2643,2643,3,7,7,10,greedy,20,0.0277719000005163,9,0.003085766666724,True
2,LARGE_MAZE,2643,2643,3,7,7,10,beam_2,20,0.0321169999660924,9,0.003568555551788,True
2,LARGE_MAZE,2643,2643,3,7,7,10,beam_3,20,0.0272081000148318,9,0.0030231222238702,True
2,LARGE_MAZE,2686,2686,3,8,7,7,greedy,20,0.0545596999581903,19,0.0028715631556942,False
2,LARGE_MAZE,2686,2686,3,8,7,7,beam_2,20,0.0260355999926105,9,0.0028928444436233,True
2,LARGE_MAZE,2686,2686,3,8,7,7,beam_3,20,0.0270909999962896,9,0.0030101111106988,True
2,LARGE_MAZE,2730,2730,3,9,7,6,greedy,20,0.0529337000334635,19,0.0027859842122875,False
2,LARGE_MAZE,2730,2730,3,9,7,6,beam_2,20,0.0254280000226572,9,0.0028253333358508,True
2,LARGE_MAZE,2730,2730,3,9,7,6,beam_3,20,0.0295247000176459,9,0.0032805222241828,True
2,LARGE_MAZE,2821,2821,4,1,7,7,greedy,20,0.024556600023061,9,0.0027285111136734,True
2,LARGE_MAZE,2821,2821,4,1,7,7,beam_2,20,0.026430599973537,9,0.002936733330393,True
2,LARGE_MAZE,2821,2821,4,1,7,7,beam_3,20,0.0291971999686211,9,0.0032441333298467,True
2,LARGE_MAZE,2926,2926,5,1,2,7,greedy,20,0.0309956000419333,9,0.0034439555602148,True
2,LARGE_MAZE,2926,2926,5,1,2,7,beam_2,20,0.0461433999589644,9,0.0051270444398849,True
2,LARGE_MAZE,2926,2926,5,1,2,7,beam_3,20,0.0400348000111989,9,0.0044483111123554,True
2,LARGE_MAZE,2989,2989,5,2,5,7,greedy,20,0.0276286000153049,9,0.0030698444461449,True
2,LARGE_MAZE,2989,2989,5,2,5,7,beam_2,20,0.0306621000054292,9,0.0034069000006032,True
2,LARGE_MAZE,2989,2989,5,2,5,7,beam_3,20,0.0323573999921791,9,0.0035952666657976,True
2,LARGE_MAZE,3074,3074,5,4,4,10,greedy,20,0.0294184999656863,9,0.0032687222184095,True
2,LARGE_MAZE,3074,3074,5,4,4,10,beam_2,20,0.0404720000224188,9,0.0044968888913798,True
2,LARGE_MAZE,3074,3074,5,4,4,10,beam_3,20,0.0349014999810606,9,0.00387794444234,True
2,LARGE_MAZE,3166,3166,5,7,5,2,greedy,20,0.0288160999771207,9,0.0032017888863467,True
2,LARGE_MAZE,3166,3166,5,7,5,2,beam_2,20,0.0372509000007994,9,0.0041389888889777,True
2,LARGE_MAZE,3166,3166,5,7,5,2,beam_3,20,0.0366677999845705,9,0.0040741999982856,True
2,LARGE_MAZE,3259,3259,5,10,5,5,greedy,20,0.0328551999991759,9,0.0036505777776862,True
2,LARGE_MAZE,3259,3259,5,10,5,5,beam_2,20,0.0340880000148899,9,0.0037875555572099,True
2,LARGE_MAZE,3259,3259,5,10,5,5,beam_3,20,0.0355352000333368,9,0.0039483555592596,True
2,LARGE_MAZE,3319,3319,6,5,1,1,greedy,20,0.0304278000257909,9,0.0033808666695323,True
2,LARGE_MAZE,3319,3319,6,5,1,1,beam_2,20,0.0418904999969527,9,0.0046544999996614,True
2,LARGE_MAZE,3319,3319,6,5,1,1,beam_3,20,0.038632400042843,9,0.0042924888936492,True
2,LARGE_MAZE,3368,3368,6,7,1,5,greedy,20,0.082299800007604,19,0.0043315684214528,False
2,LARGE_MAZE,3368,3368,6,7,1,5,beam_2,20,0.0488938000053167,9,0.0054326444450351,True
2,LARGE_MAZE,3368,3368,6,7,1,5,beam_3,20,0.057523499999661,9,0.0063914999999623,True
2,LARGE_MAZE,3426,3426,6,9,3,5,greedy,20,0.0373145000194199,9,0.0041460555577133,True
2,LARGE_MAZE,3426,3426,6,9,3,5,beam_2,20,0.0417846000054851,9,0.0046427333339427,True
2,LARGE_MAZE,3426,3426,6,9,3,5,beam_3,20,0.046910899982322,9,0.005212322220258,True
2,LARGE_MAZE,3495,3495,7,1,7,6,greedy,20,0.0298502999939955,9,0.0033166999993328,True
2,LARGE_MAZE,3495,3495,7,1,7,6,beam_2,20,0.0316188999568112,9,0.0035132111063123,True
2,LARGE_MAZE,3495,3495,7,1,7,6,beam_3,20,0.0403551000053994,9,0.0044839000005999,True
2,LARGE_MAZE,3541,3541,7,2,7,7,greedy,20,0.0381735999835655,9,0.004241511109285,True
2,LARGE_MAZE,3541,3541,7,2,7,7,beam_2,20,0.045845900021959,9,0.0050939888913287,True
2,LARGE_MAZE,3541,3541,7,2,7,7,beam_3,20,0.200856500014197,9,0.0223173888904663,True
2,LARGE_MAZE,3564,3564,7,3,3,8,greedy,20,0.0343704999540932,9,0.0038189444393436,True
2,LARGE_MAZE,3564,3564,7,3,3,8,beam_2,20,0.0340550999972038,9,0.0037838999996893,True
2,LARGE_MAZE,3564,3564,7,3,3,8,beam_3,20,0.0362062999629415,9,0.0040229222181046,True
2,LARGE_MAZE,3599,3599,7,5,2,3,greedy,20,0.0316511999699287,9,0.0035167999966587,True
2,LARGE_MAZE,3599,3599,7,5,2,3,beam_2,20,0.0289754000259563,9,0.0032194888917729,True
2,LARGE_MAZE,3599,3599,7,5,2,3,beam_3,20,0.0317245000042021,9,0.0035249444449113,True
2,LARGE_MAZE,3648,3648,7,6,3,1,greedy,20,0.0431268999818712,13,0.0033174538447593,True
2,LARGE_MAZE,3648,3648,7,6,3,1,beam_2,20,0.0328691999893635,9,0.0036521333321515,True
2,LARGE_MAZE,3648,3648,7,6,3,1,beam_3,20,0.0345605000038631,9,0.0038400555559847,True
2,LARGE_MAZE,3699,3699,7,7,3,8,greedy,20,0.0340722000109963,9,0.0037858000012218,True
2,LARGE_MAZE,3699,3699,7,7,3,8,beam_2,20,0.033644400013145,9,0.0037382666681272,True
2,LARGE_MAZE,3699,3699,7,7,3,8,beam_3,20,0.0311934999772347,9,0.0034659444419149,True
2,LARGE_MAZE,3742,3742,7,9,3,6,greedy,20,0.0248111999826505,9,0.0027567999980722,True
2,LARGE_MAZE,3742,3742,7,9,3,6,beam_2,20,0.0290095999953337,9,0.0032232888883704,True
2,LARGE_MAZE,3742,3742,7,9,3,6,beam_3,20,0.0306805999716743,9,0.0034089555524082,True
2,LARGE_MAZE,1781,1781,1,1,7,1,greedy,22,0.0289036000031046,10,0.0028903600003104,True
2,LARGE_MAZE,1781,1781,1,1,7,1,beam_2,22,0.0315498000127263,10,0.0031549800012726,True
2,LARGE_MAZE,1781,1781,1,1,7,1,beam_3,22,0.0319389999494887,10,0.0031938999949488,True
2,LARGE_MAZE,1830,1830,1,2,7,6,greedy,22,0.0405158000066876,14,0.0028939857147634,True
2,LARGE_MAZE,1830,1830,1,2,7,6,beam_2,22,0.0442822999903,12,0.0036901916658583,True
2,LARGE_MAZE,1830,1830,1,2,7,6,beam_3,22,0.0370883999858051,10,0.0037088399985805,True
2,LARGE_MAZE,1876,1876,1,3,7,7,greedy,22,0.0317477000062353,10,0.0031747700006235,True
2,LARGE_MAZE,1876,1876,1,3,7,7,beam_2,22,0.0349085999769158,10,0.0034908599976915,True
2,LARGE_MAZE,1876,1876,1,3,7,7,beam_3,22,0.0337292999611236,10,0.0033729299961123,True
2,LARGE_MAZE,1954,1954,1,5,5,7,greedy,22,0.028140100010205,10,0.0028140100010205,True
2,LARGE_MAZE,1954,1954,1,5,5,7,beam_2,22,0.0343946000211872,10,0.0034394600021187,True
2,LARGE_MAZE,1954,1954,1,5,5,7,beam_3,22,0.0333356999908573,10,0.0033335699990857,True
2,LARGE_MAZE,1994,1994,1,7,5,1,greedy,22,0.038683199963998,14,0.0027630857117141,True
2,LARGE_MAZE,1994,1994,1,7,5,1,beam_2,22,0.0341606000438332,10,0.0034160600043833,True
2,LARGE_MAZE,1994,1994,1,7,5,1,beam_3,22,0.0375342000043019,10,0.0037534200004301,True
2,LARGE_MAZE,2023,2023,1,8,2,3,greedy,22,0.0296058999956585,10,0.0029605899995658,True
2,LARGE_MAZE,2023,2023,1,8,2,3,beam_2,22,0.0316133000305853,10,0.0031613300030585,True
2,LARGE_MAZE,2023,2023,1,8,2,3,beam_3,22,0.0348931999760679,10,0.0034893199976067,True
2,LARGE_MAZE,2061,2061,1,9,1,3,greedy,22,0.0294649000279605,10,0.002946490002796,True
2,LARGE_MAZE,2061,2061,1,9,1,3,beam_2,22,0.0325064999633468,10,0.0032506499963346,True
2,LARGE_MAZE,2061,2061,1,9,1,3,beam_3,22,0.0326914999750442,10,0.0032691499975044,True
2,LARGE_MAZE,2138,2138,1,10,6,5,greedy,22,0.0266514000250026,10,0.0026651400025002,True
2,LARGE_MAZE,2138,2138,1,10,6,5,beam_2,22,0.0352797000086866,10,0.0035279700008686,True
2,LARGE_MAZE,2138,2138,1,10,6,5,beam_3,22,0.0328906999784521,10,0.0032890699978452,True
2,LARGE_MAZE,2215,2215,2,3,3,10,greedy,22,0.0290710999979637,10,0.0029071099997963,True
2,LARGE_MAZE,2215,2215,2,3,3,10,beam_2,22,0.0332315000123344,10,0.0033231500012334,True
2,LARGE_MAZE,2215,2215,2,3,3,10,beam_3,22,0.0331154000014066,10,0.0033115400001406,True
2,LARGE_MAZE,2298,2298,2,7,3,2,greedy,22,0.0272888999897986,10,0.0027288899989798,True
2,LARGE_MAZE,2298,2298,2,7,3,2,beam_2,22,0.0289131000172346,10,0.0028913100017234,True
2,LARGE_MAZE,2298,2298,2,7,3,2,beam_3,22,0.0306486000190489,10,0.0030648600019048,True
2,LARGE_MAZE,2331,2331,2,10,1,3,greedy,22,0.026382400013972,10,0.0026382400013972,True
2,LARGE_MAZE,2331,2331,2,10,1,3,beam_2,22,0.0305348000256344,10,0.0030534800025634,True
2,LARGE_MAZE,2331,2331,2,10,1,3,beam_3,22,0.0370574999833479,10,0.0037057499983347,True
2,LARGE_MAZE,2431,2431,3,2,2,7,greedy,22,0.0299899000092409,10,0.002998990000924,True
2,LARGE_MAZE,2431,2431,3,2,2,7,beam_2,22,0.0307233000057749,10,0.0030723300005774,True
2,LARGE_MAZE,2431,2431,3,2,2,7,beam_3,22,0.032877699995879,10,0.0032877699995879,True
2,LARGE_MAZE,2501,2501,3,3,7,1,greedy,22,0.0281359999789856,10,0.0028135999978985,True
2,LARGE_MAZE,2501,2501,3,3,7,1,beam_2,22,0.0301322000450454,10,0.0030132200045045,True
2,LARGE_MAZE,2501,2501,3,3,7,1,beam_3,22,0.0307856000144965,10,0.0030785600014496,True
2,LARGE_MAZE,2629,2629,3,7,5,7,greedy,22,0.0532667000079527,19,0.0028035105267343,False
2,LARGE_MAZE,2629,2629,3,7,5,7,beam_2,22,0.0285777000244706,10,0.002857770002447,True
2,LARGE_MAZE,2629,2629,3,7,5,7,beam_3,22,0.0328938000020571,10,0.0032893800002057,True
2,LARGE_MAZE,2679,2679,3,8,6,7,greedy,22,0.0699756999965757,19,0.0036829315787671,False
2,LARGE_MAZE,2679,2679,3,8,6,7,beam_2,22,0.0375691000372171,10,0.0037569100037217,True
2,LARGE_MAZE,2679,2679,3,8,6,7,beam_3,22,0.0358392000198364,10,0.0035839200019836,True
2,LARGE_MAZE,2728,2728,3,9,7,3,greedy,22,0.0299895000061951,10,0.0029989500006195,True
2,LARGE_MAZE,2728,2728,3,9,7,3,beam_2,22,0.031306000018958,10,0.0031306000018958,True
2,LARGE_MAZE,2728,2728,3,9,7,3,beam_3,22,0.0338190000038594,10,0.0033819000003859,True
2,LARGE_MAZE,2767,2767,3,10,6,3,greedy,22,0.0538750999839976,19,0.0028355315781051,False
2,LARGE_MAZE,2767,2767,3,10,6,3,beam_2,22,0.0303989999811165,10,0.0030398999981116,True
2,LARGE_MAZE,2767,2767,3,10,6,3,beam_3,22,0.0323284000041894,10,0.0032328400004189,True
2,LARGE_MAZE,2860,2860,4,5,6,9,greedy,22,0.0305183000164106,10,0.003051830001641,True
2,LARGE_MAZE,2860,2860,4,5,6,9,beam_2,22,0.0297643999801948,10,0.0029764399980194,True
2,LARGE_MAZE,2860,2860,4,5,6,9,beam_3,22,0.033014099986758,10,0.0033014099986758,True
2,LARGE_MAZE,2935,2935,5,1,3,9,greedy,22,0.0278120000148192,10,0.0027812000014819,True
2,LARGE_MAZE,2935,2935,5,1,3,9,beam_2,22,0.02916809997987,10,0.002916809997987,True
2,LARGE_MAZE,2935,2935,5,1,3,9,beam_3,22,0.0317467999993823,10,0.0031746799999382,True
2,LARGE_MAZE,3017,3017,5,3,2,10,greedy,22,0.0259916000068187,10,0.0025991600006818,True
2,LARGE_MAZE,3017,3017,5,3,2,10,beam_2,22,0.0289267000043764,10,0.0028926700004376,True
2,LARGE_MAZE,3017,3017,5,3,2,10,beam_3,22,0.0309164999634958,10,0.0030916499963495,True
2,LARGE_MAZE,3143,3143,5,7,1,5,greedy,22,0.0511209000251255,19,0.0026905736855329,False
2,LARGE_MAZE,3143,3143,5,7,1,5,beam_2,22,0.028798800020013,10,0.0028798800020013,True
2,LARGE_MAZE,3143,3143,5,7,1,5,beam_3,22,0.0314985999721102,10,0.003149859997211,True
2,LARGE_MAZE,3214,3214,5,9,5,5,greedy,22,0.0281366999843157,10,0.0028136699984315,True
2,LARGE_MAZE,3214,3214,5,9,5,5,beam_2,22,0.0306542000034824,10,0.0030654200003482,True
2,LARGE_MAZE,3214,3214,5,9,5,5,beam_3,22,0.0304364000330679,10,0.0030436400033067,True
2,LARGE_MAZE,3296,3296,6,3,3,10,greedy,22,0.0270625000121071,10,0.0027062500012107,True
2,LARGE_MAZE,3296,3296,6,3,3,10,beam_2,22,0.0281357999774627,10,0.0028135799977462,True
2,LARGE_MAZE,3296,3296,6,3,3,10,beam_3,22,0.0304574000183492,10,0.0030457400018349,True
2,LARGE_MAZE,3384,3384,6,7,3,8,greedy,22,0.0249585999990813,10,0.0024958599999081,True
2,LARGE_MAZE,3384,3384,6,7,3,8,beam_2,22,0.0283656999818049,10,0.0028365699981804,True
2,LARGE_MAZE,3384,3384,6,7,3,8,beam_3,22,0.0305747999809682,10,0.0030574799980968,True
2,LARGE_MAZE,3454,3454,7,1,1,1,greedy,22,0.0256269000237807,10,0.002562690002378,True
2,LARGE_MAZE,3454,3454,7,1,1,1,beam_2,22,0.033552500011865,10,0.0033552500011865,True
2,LARGE_MAZE,3454,3454,7,1,1,1,beam_3,22,0.0312458000262267,10,0.0031245800026226,True
2,LARGE_MAZE,3500,3500,7,2,1,2,greedy,22,0.0270791000220924,10,0.0027079100022092,True
2,LARGE_MAZE,3500,3500,7,2,1,2,beam_2,22,0.0285559999756515,10,0.0028555999975651,True
2,LARGE_MAZE,3500,3500,7,2,1,2,beam_3,22,0.0312787999864667,10,0.0031278799986466,True
2,LARGE_MAZE,3535,3535,7,2,6,7,greedy,22,0.0271175000234507,10,0.002711750002345,True
2,LARGE_MAZE,3535,3535,7,2,6,7,beam_2,22,0.035516700008884,10,0.0035516700008884,True
2,LARGE_MAZE,3535,3535,7,2,6,7,beam_3,22,0.0428941000136546,10,0.0042894100013654,True
2,LARGE_MAZE,3589,3589,7,5,1,1,greedy,22,0.0353985000401735,10,0.0035398500040173,True
2,LARGE_MAZE,3589,3589,7,5,1,1,beam_2,22,0.0368238000082783,10,0.0036823800008278,True
2,LARGE_MAZE,3589,3589,7,5,1,1,beam_3,22,0.0462866000016219,10,0.0046286600001621,True
2,LARGE_MAZE,3635,3635,7,6,1,2,greedy,22,0.0664751000003889,19,0.0034986894737046,False
2,LARGE_MAZE,3635,3635,7,6,1,2,beam_2,22,0.0309839000110514,10,0.0030983900011051,True
2,LARGE_MAZE,3635,3635,7,6,1,2,beam_3,22,0.0323645999887958,10,0.0032364599988795,True
2,LARGE_MAZE,3656,3656,7,6,3,10,greedy,22,0.0528798000304959,19,0.0027831473700261,False
2,LARGE_MAZE,3656,3656,7,6,3,10,beam_2,22,0.0301466999808326,10,0.0030146699980832,True
2,LARGE_MAZE,3656,3656,7,6,3,10,beam_3,22,0.0308661999879404,10,0.003086619998794,True
2,LARGE_MAZE,3717,3717,7,7,7,1,greedy,22,0.0258258000249043,10,0.0025825800024904,True
2,LARGE_MAZE,3717,3717,7,7,7,1,beam_2,22,0.0295874999719671,10,0.0029587499971967,True
2,LARGE_MAZE,3717,3717,7,7,7,1,beam_3,22,0.0341186999576166,10,0.0034118699957616,True
2,LARGE_MAZE,3787,3787,7,10,3,6,greedy,22,0.0257589999819174,10,0.0025758999981917,True
2,LARGE_MAZE,3787,3787,7,10,3,6,beam_2,22,0.0300162999774329,10,0.0030016299977432,True
2,LARGE_MAZE,3787,3787,7,10,3,6,beam_3,22,0.031845899997279,10,0.0031845899997279,True
2,LARGE_MAZE,1801,1801,1,2,2,10,greedy,24,0.0294143999926745,11,0.0026740363629704,True
2,LARGE_MAZE,1801,1801,1,2,2,10,beam_2,24,0.033010299957823,11,0.003000936359802,True
2,LARGE_MAZE,1801,1801,1,2,2,10,beam_3,24,0.0336903000134043,11,0.0030627545466731,True
2,LARGE_MAZE,1866,1866,1,3,5,10,greedy,24,0.0286053000018,11,0.0026004818183454,True
2,LARGE_MAZE,1866,1866,1,3,5,10,beam_2,24,0.0353894000290893,11,0.0032172181844626,True
2,LARGE_MAZE,1866,1866,1,3,5,10,beam_3,24,0.0382186999777331,11,0.003474427270703,True
2,LARGE_MAZE,1916,1916,1,4,7,1,greedy,24,0.0370238000177778,13,0.0028479846167521,True
2,LARGE_MAZE,1916,1916,1,4,7,1,beam_2,24,0.0349219000199809,11,0.0031747181836346,True
2,LARGE_MAZE,1916,1916,1,4,7,1,beam_3,24,0.0389926999923773,11,0.0035447909083979,True
2,LARGE_MAZE,2004,2004,1,7,6,7,greedy,24,0.0317912999889813,11,0.0028901181808164,True
2,LARGE_MAZE,2004,2004,1,7,6,7,beam_2,24,0.0420009000226855,11,0.0038182636384259,True
2,LARGE_MAZE,2004,2004,1,7,6,7,beam_3,24,0.0402606000425294,11,0.0036600545493208,True
2,LARGE_MAZE,2039,2039,1,8,5,1,greedy,24,0.0462967000203207,15,0.0030864466680213,True
2,LARGE_MAZE,2039,2039,1,8,5,1,beam_2,24,0.0353406000067479,11,0.0032127818187952,True
2,LARGE_MAZE,2039,2039,1,8,5,1,beam_3,24,0.0392240000073798,11,0.003565818182489,True
2,LARGE_MAZE,2085,2085,1,9,5,2,greedy,24,0.0375336000579409,11,0.0034121454598128,True
2,LARGE_MAZE,2085,2085,1,9,5,2,beam_2,24,0.0378704000031575,11,0.0034427636366506,True
2,LARGE_MAZE,2085,2085,1,9,5,2,beam_3,24,0.043638200033456,11,0.0039671090939505,True
2,LARGE_MAZE,2144,2144,1,10,7,5,greedy,24,0.0384715999825857,11,0.003497418180235,True
2,LARGE_MAZE,2144,2144,1,10,7,5,beam_2,24,0.0416437999811023,11,0.003785799998282,True
2,LARGE_MAZE,2144,2144,1,10,7,5,beam_3,24,0.0415279999724589,11,0.0037752727247689,True
2,LARGE_MAZE,2206,2206,2,3,2,10,greedy,24,0.0588350999751128,19,0.0030965842092164,False
2,LARGE_MAZE,2206,2206,2,3,2,10,beam_2,24,0.0359282999997958,11,0.0032662090908905,True
2,LARGE_MAZE,2206,2206,2,3,2,10,beam_3,24,0.0362530000275,11,0.0032957272752272,True
2,LARGE_MAZE,2297,2297,2,7,3,1,greedy,24,0.0322779999696649,11,0.0029343636336059,True
2,LARGE_MAZE,2297,2297,2,7,3,1,beam_2,24,0.0341856000013649,11,0.0031077818183059,True
2,LARGE_MAZE,2297,2297,2,7,3,1,beam_3,24,0.0355682999943383,11,0.0032334818176671,True
2,LARGE_MAZE,2355,2355,2,10,5,2,greedy,24,0.0539742999826557,19,0.002840752630666,False
2,LARGE_MAZE,2355,2355,2,10,5,2,beam_2,24,0.0342047000303864,11,0.0031095181845805,True
2,LARGE_MAZE,2355,2355,2,10,5,2,beam_3,24,0.0344056999892927,11,0.0031277909081175,True
2,LARGE_MAZE,2409,2409,3,1,6,7,greedy,24,0.0404109999653883,15,0.0026940666643592,True
2,LARGE_MAZE,2409,2409,3,1,6,7,beam_2,24,0.0357302000047639,11,0.003248200000433,True
2,LARGE_MAZE,2409,2409,3,1,6,7,beam_3,24,0.0335707000340335,11,0.0030518818212757,True
2,LARGE_MAZE,2485,2485,3,3,3,10,greedy,24,0.0291789000038988,11,0.0026526272730817,True
2,LARGE_MAZE,2485,2485,3,3,3,10,beam_2,24,0.0330858000088483,11,0.0030078000008043,True
2,LARGE_MAZE,2485,2485,3,3,3,10,beam_3,24,0.0331725999712944,11,0.0030156909064813,True
2,LARGE_MAZE,2681,2681,3,8,7,1,greedy,24,0.0566507999901659,19,0.0029816210521139,False
2,LARGE_MAZE,2681,2681,3,8,7,1,beam_2,24,0.0355118000297807,11,0.0032283454572527,True
2,LARGE_MAZE,2681,2681,3,8,7,1,beam_3,24,0.0372719999868422,11,0.0033883636351674,True
2,LARGE_MAZE,2727,2727,3,9,7,2,greedy,24,0.0289354000124149,11,0.0026304909102195,True
2,LARGE_MAZE,2727,2727,3,9,7,2,beam_2,24,0.0346519000013358,11,0.0031501727273941,True
2,LARGE_MAZE,2727,2727,3,9,7,2,beam_3,24,0.0402460000477731,11,0.0036587272770702,True
2,LARGE_MAZE,2776,2776,3,10,7,7,greedy,24,0.0337894999538548,11,0.0030717727230777,True
2,LARGE_MAZE,2776,2776,3,10,7,7,beam_2,24,0.0367368999868631,11,0.0033397181806239,True
2,LARGE_MAZE,2776,2776,3,10,7,7,beam_3,24,0.0373668000102043,11,0.0033969818191094,True
2,LARGE_MAZE,2870,2870,4,10,1,2,greedy,24,0.0311678000143729,11,0.0028334363649429,True
2,LARGE_MAZE,2870,2870,4,10,1,2,beam_2,24,0.0339575000107288,11,0.0030870454555208,True
2,LARGE_MAZE,2870,2870,4,10,1,2,beam_3,24,0.0363116000080481,11,0.0033010545461861,True
2,LARGE_MAZE,2920,2920,5,1,1,8,greedy,24,0.0327234000433236,11,0.002974854549393,True
2,LARGE_MAZE,2920,2920,5,1,1,8,beam_2,24,0.0329219999839551,11,0.0029929090894504,True
2,LARGE_MAZE,2920,2920,5,1,1,8,beam_3,24,0.038828500022646,11,0.0035298636384223,True
2,LARGE_MAZE,3012,3012,5,3,1,10,greedy,24,0.0347640999825671,11,0.0031603727256879,True
2,LARGE_MAZE,3012,3012,5,3,1,10,beam_2,24,0.0405066999956034,11,0.0036824272723275,True
2,LARGE_MAZE,3012,3012,5,3,1,10,beam_3,24,0.0410931999795138,11,0.003735745452683,True
2,LARGE_MAZE,3151,3151,5,7,2,7,greedy,24,0.0573878999566659,19,0.0030204157871929,False
2,LARGE_MAZE,3151,3151,5,7,2,7,beam_2,24,0.0354680999880656,11,0.0032243727261877,True
2,LARGE_MAZE,3151,3151,5,7,2,7,beam_3,24,0.0354608999914489,11,0.0032237181810408,True
2,LARGE_MAZE,3213,3213,5,9,5,4,greedy,24,0.0282051000394858,11,0.0025641000035896,True
2,LARGE_MAZE,3213,3213,5,9,5,4,beam_2,24,0.0327225999790243,11,0.0029747818162749,True
2,LARGE_MAZE,3213,3213,5,9,5,4,beam_3,24,0.0356468000099994,11,0.0032406181827272,True
2,LARGE_MAZE,3281,3281,6,3,1,9,greedy,24,0.0337668999563902,13,0.0025974538427992,True
2,LARGE_MAZE,3281,3281,6,3,1,9,beam_2,24,0.034616700024344,11,0.0031469727294858,True
2,LARGE_MAZE,3281,3281,6,3,1,9,beam_3,24,0.0343467000056989,11,0.0031224272732453,True
2,LARGE_MAZE,3369,3369,6,7,1,7,greedy,24,0.0513991999905556,19,0.0027052210521345,False
2,LARGE_MAZE,3369,3369,6,7,1,7,beam_2,24,0.0340265000122599,11,0.0030933181829327,True
2,LARGE_MAZE,3369,3369,6,7,1,7,beam_3,24,0.0350301999715156,11,0.0031845636337741,True
2,LARGE_MAZE,3439,3439,6,9,5,5,greedy,24,0.0303106000064872,11,0.0027555090914988,True
2,LARGE_MAZE,3439,3439,6,9,5,5,beam_2,24,0.0327562000020407,11,0.0029778363638218,True
2,LARGE_MAZE,3439,3439,6,9,5,5,beam_3,24,0.035616899956949,11,0.0032378999960862,True
2,LARGE_MAZE,3474,3474,7,1,3,8,greedy,24,0.0343881999724544,11,0.0031261999974958,True
2,LARGE_MAZE,3474,3474,7,1,3,8,beam_2,24,0.0354621999431401,11,0.0032238363584672,True
2,LARGE_MAZE,3474,3474,7,1,3,8,beam_3,24,0.0394953999784775,11,0.0035904909071343,True
2,LARGE_MAZE,3530,3530,7,2,5,7,greedy,24,0.0301516000181436,11,0.0027410545471039,True
2,LARGE_MAZE,3530,3530,7,2,5,7,beam_2,24,0.0339504000148735,11,0.0030864000013521,True
2,LARGE_MAZE,3530,3530,7,2,5,7,beam_3,24,0.0339046000153757,11,0.0030822363650341,True
2,LARGE_MAZE,3634,3634,7,6,1,1,greedy,24,0.0300738000078126,11,0.002733981818892,True
2,LARGE_MAZE,3634,3634,7,6,1,1,beam_2,24,0.0322478000307455,11,0.0029316181846132,True
2,LARGE_MAZE,3634,3634,7,6,1,1,beam_3,24,0.0339831000310368,11,0.0030893727300942,True
2,LARGE_MAZE,3680,3680,7,7,1,2,greedy,24,0.0294380999985151,11,0.0026761909089559,True
2,LARGE_MAZE,3680,3680,7,7,1,2,beam_2,24,0.0322604000102728,11,0.0029327636372975,True
2,LARGE_MAZE,3680,3680,7,7,1,2,beam_3,24,0.0364888000185601,11,0.0033171636380509,True
2,LARGE_MAZE,3701,3701,7,7,3,10,greedy,24,0.0507603000150993,19,0.0026715947376368,False
2,LARGE_MAZE,3701,3701,7,7,3,10,beam_2,24,0.0305691999965347,11,0.0027790181815031,True
2,LARGE_MAZE,3701,3701,7,7,3,10,beam_3,24,0.0331788000185042,11,0.0030162545471367,True
2,LARGE_MAZE,1750,1750,1,1,1,9,greedy,26,0.0400499000097624,14,0.0028607071435544,True
2,LARGE_MAZE,1750,1750,1,1,1,9,beam_2,26,0.0420188999851234,12,0.0035015749987602,True
2,LARGE_MAZE,1750,1750,1,1,1,9,beam_3,26,0.04911980003817,12,0.0040933166698475,True
2,LARGE_MAZE,1821,1821,1,2,5,10,greedy,26,0.0378244000021368,12,0.0031520333335114,True
2,LARGE_MAZE,1821,1821,1,2,5,10,beam_2,26,0.0378036000183783,12,0.0031503000015315,True
2,LARGE_MAZE,1821,1821,1,2,5,10,beam_3,26,0.0442587999859824,12,0.0036882333321652,True
2,LARGE_MAZE,1915,1915,1,4,6,9,greedy,26,0.0529596999986097,19,0.0027873526315057,False
2,LARGE_MAZE,1915,1915,1,4,6,9,beam_2,26,0.0354082999983802,12,0.0029506916665316,True
2,LARGE_MAZE,1915,1915,1,4,6,9,beam_3,26,0.0395556000294163,12,0.0032963000024513,True
2,LARGE_MAZE,2022,2022,1,8,2,1,greedy,26,0.0327007999876514,12,0.0027250666656376,True
2,LARGE_MAZE,2022,2022,1,8,2,1,beam_2,26,0.0352015000535175,12,0.0029334583377931,True
2,LARGE_MAZE,2022,2022,1,8,2,1,beam_3,26,0.0385757000185549,12,0.0032146416682129,True
2,LARGE_MAZE,2059,2059,1,9,1,1,greedy,26,0.0363070999737829,12,0.0030255916644819,True
2,LARGE_MAZE,2059,2059,1,9,1,1,beam_2,26,0.0370133999967947,12,0.0030844499997328,True
2,LARGE_MAZE,2059,2059,1,9,1,1,beam_3,26,0.0414361000293865,12,0.0034530083357822,True
2,LARGE_MAZE,2105,2105,1,10,1,2,greedy,26,0.0356345999753102,12,0.0029695499979425,True
2,LARGE_MAZE,2105,2105,1,10,1,2,beam_2,26,0.0360373999574221,12,0.0030031166631185,True
2,LARGE_MAZE,2105,2105,1,10,1,2,beam_3,26,0.0383722999831661,12,0.0031976916652638,True
2,LARGE_MAZE,2155,2155,2,1,1,8,greedy,26,0.0516698000137694,19,0.0027194631586194,False
2,LARGE_MAZE,2155,2155,2,1,1,8,beam_2,26,0.0350796999991871,12,0.0029233083332655,True
2,LARGE_MAZE,2155,2155,2,1,1,8,beam_3,26,0.0388932999921962,12,0.003241108332683,True
2,LARGE_MAZE,2229,2229,2,3,6,7,greedy,26,0.0364772999892011,14,0.0026055214278,True
2,LARGE_MAZE,2229,2229,2,3,6,7,beam_2,26,0.0357600999996066,12,0.0029800083333005,True
2,LARGE_MAZE,2229,2229,2,3,6,7,beam_3,26,0.0365172000019811,12,0.003043100000165,True
2,LARGE_MAZE,2368,2368,2,10,7,3,greedy,26,0.0306079000001773,12,0.0025506583333481,True
2,LARGE_MAZE,2368,2368,2,10,7,3,beam_2,26,0.0347781999735161,12,0.0028981833311263,True
2,LARGE_MAZE,2368,2368,2,10,7,3,beam_3,26,0.0367213999852538,12,0.0030601166654378,True
2,LARGE_MAZE,2425,2425,3,2,1,8,greedy,26,0.0309478999697603,12,0.0025789916641466,True
2,LARGE_MAZE,2425,2425,3,2,1,8,beam_2,26,0.0358582000480964,12,0.0029881833373413,True
2,LARGE_MAZE,2425,2425,3,2,1,8,beam_3,26,0.0403780000051483,12,0.0033648333337623,True
2,LARGE_MAZE,2488,2488,3,3,4,10,greedy,26,0.0321085000177845,12,0.0026757083348153,True
2,LARGE_MAZE,2488,2488,3,3,4,10,beam_2,26,0.0383605000097304,12,0.0031967083341442,True
2,LARGE_MAZE,2488,2488,3,3,4,10,beam_3,26,0.0400102999992668,12,0.0033341916666055,True
2,LARGE_MAZE,2743,2743,3,10,2,1,greedy,26,0.0371661999961361,12,0.0030971833330113,True
2,LARGE_MAZE,2743,2743,3,10,2,1,beam_2,26,0.0431828000000678,12,0.0035985666666723,True
2,LARGE_MAZE,2743,2743,3,10,2,1,beam_3,26,0.0499795000068843,12,0.004164958333907,True
2,LARGE_MAZE,2785,2785,4,1,1,8,greedy,26,0.0436693999799899,14,0.0031192428557135,True
2,LARGE_MAZE,2785,2785,4,1,1,8,beam_2,26,0.0399147000280208,12,0.003326225002335,True
2,LARGE_MAZE,2785,2785,4,1,1,8,beam_3,26,0.044488999992609,12,0.0037074166660507,True
2,LARGE_MAZE,2894,2894,4,10,5,1,greedy,26,0.0553395999595522,19,0.0029126105241869,False
2,LARGE_MAZE,2894,2894,4,10,5,1,beam_2,26,0.0393532000016421,12,0.0032794333334701,True
2,LARGE_MAZE,2894,2894,4,10,5,1,beam_3,26,0.0410072000231593,12,0.0034172666685966,True
2,LARGE_MAZE,2939,2939,5,1,4,10,greedy,26,0.0324530999641865,12,0.0027044249970155,True
2,LARGE_MAZE,2939,2939,5,1,4,10,beam_2,26,0.0346596000017598,12,0.0028883000001466,True
2,LARGE_MAZE,2939,2939,5,1,4,10,beam_3,26,0.0368865000200457,12,0.0030738750016704,True
2,LARGE_MAZE,3137,3137,5,5,7,9,greedy,26,0.0511185000068508,19,0.0026904473687816,False
2,LARGE_MAZE,3137,3137,5,5,7,9,beam_2,26,0.035088500007987,12,0.0029240416673322,True
2,LARGE_MAZE,3137,3137,5,5,7,9,beam_3,26,0.0360000999644398,12,0.0030000083303699,True
2,LARGE_MAZE,3176,3176,5,7,7,1,greedy,26,0.0323634999804198,12,0.0026969583317016,True
2,LARGE_MAZE,3176,3176,5,7,7,1,beam_2,26,0.0339352000155486,12,0.002827933334629,True
2,LARGE_MAZE,3176,3176,5,7,7,1,beam_3,26,0.0359410000382922,12,0.0029950833365243,True
2,LARGE_MAZE,3239,3239,5,10,2,3,greedy,26,0.0317229999927803,12,0.0026435833327316,True
2,LARGE_MAZE,3239,3239,5,10,2,3,beam_2,26,0.0340158999897539,12,0.0028346583324794,True
2,LARGE_MAZE,3239,3239,5,10,2,3,beam_3,26,0.0360454999608919,12,0.0030037916634076,True
2,LARGE_MAZE,3307,3307,6,3,5,10,greedy,26,0.0309712000307627,12,0.0025809333358968,True
2,LARGE_MAZE,3307,3307,6,3,5,10,beam_2,26,0.0356350999791175,12,0.0029695916649264,True
2,LARGE_MAZE,3307,3307,6,3,5,10,beam_3,26,0.0408336999826133,12,0.0034028083318844,True
2,LARGE_MAZE,3374,3374,6,7,2,3,greedy,26,0.0538213999825529,19,0.0028327052622396,False
2,LARGE_MAZE,3374,3374,6,7,2,3,beam_2,26,0.0364525999757461,12,0.0030377166646455,True
2,LARGE_MAZE,3374,3374,6,7,2,3,beam_3,26,0.0367742999806068,12,0.0030645249983839,True
2,LARGE_MAZE,3444,3444,6,9,6,5,greedy,26,0.0511162999900989,19,0.0026903315784262,False
2,LARGE_MAZE,3444,3444,6,9,6,5,beam_2,26,0.036949600034859,12,0.0030791333362382,True
2,LARGE_MAZE,3444,3444,6,9,6,5,beam_3,26,0.0373246999806724,12,0.003110391665056,True
2,LARGE_MAZE,3505,3505,7,2,1,8,greedy,26,0.0310285000014118,12,0.0025857083334509,True
2,LARGE_MAZE,3505,3505,7,2,1,8,beam_2,26,0.057943099993281,12,0.0048285916661067,True
2,LARGE_MAZE,3505,3505,7,2,1,8,beam_3,26,0.0598376000416465,12,0.0049864666701372,True
2,LARGE_MAZE,3621,3621,7,5,5,9,greedy,26,0.0394599999999627,12,0.0032883333333302,True
2,LARGE_MAZE,3621,3621,7,5,5,9,beam_2,26,0.0407935999683104,12,0.0033994666640258,True
2,LARGE_MAZE,3621,3621,7,5,5,9,beam_3,26,0.0434089999762363,12,0.0036174166646863,True
2,LARGE_MAZE,3692,3692,7,7,2,10,greedy,26,0.0329170000040903,12,0.0027430833336741,True
2,LARGE_MAZE,3692,3692,7,7,2,10,beam_2,26,0.0351457999786362,12,0.0029288166648863,True
2,LARGE_MAZE,3692,3692,7,7,2,10,beam_3,26,0.0377043000189587,12,0.0031420250015798,True
2,LARGE_MAZE,3780,3780,7,10,2,5,greedy,26,0.0304219999816268,12,0.0025351666651355,True
2,LARGE_MAZE,3780,3780,7,10,2,5,beam_2,26,0.0343050999799743,12,0.0028587583316645,True
2,LARGE_MAZE,3780,3780,7,10,2,5,beam_3,26,0.0370111999800428,12,0.0030842666650035,True
2,LARGE_MAZE,1819,1819,1,2,5,7,greedy,28,0.0337316999793984,13,0.0025947461522614,True
2,LARGE_MAZE,1819,1819,1,2,5,7,beam_2,28,0.0380432999809272,13,0.0029264076908405,True
2,LARGE_MAZE,1819,1819,1,2,5,7,beam_3,28,0.0401577000156976,13,0.0030890538473613,True
2,LARGE_MAZE,2027,2027,1,8,3,1,greedy,28,0.0324915000237524,13,0.0024993461556732,True
2,LARGE_MAZE,2027,2027,1,8,3,1,beam_2,28,0.0369372999994084,13,0.0028413307691852,True
2,LARGE_MAZE,2027,2027,1,8,3,1,beam_3,28,0.0400570000056177,13,0.0030813076927398,True
2,LARGE_MAZE,2081,2081,1,9,4,1,greedy,28,0.0339458000380545,13,0.0026112153875426,True
2,LARGE_MAZE,2081,2081,1,9,4,1,beam_2,28,0.0384528000140562,13,0.0029579076933889,True
2,LARGE_MAZE,2081,2081,1,9,4,1,beam_3,28,0.0426546999951824,13,0.0032811307688601,True
2,LARGE_MAZE,2129,2129,1,10,5,1,greedy,28,0.0324673999566584,13,0.0024974923043583,True
2,LARGE_MAZE,2129,2129,1,10,5,1,beam_2,28,0.0369733999832533,13,0.0028441076910194,True
2,LARGE_MAZE,2129,2129,1,10,5,1,beam_3,28,0.0457887999946251,13,0.0035222153842019,True
2,LARGE_MAZE,2173,2173,2,1,4,10,greedy,28,0.0371980000054463,13,0.0028613846158035,True
2,LARGE_MAZE,2173,2173,2,1,4,10,beam_2,28,0.0382161000161431,13,0.0029397000012417,True
2,LARGE_MAZE,2173,2173,2,1,4,10,beam_3,28,0.0421083000255748,13,0.0032391000019672,True
2,LARGE_MAZE,2343,2343,2,10,3,2,greedy,28,0.0570513999555259,19,0.0030027052608171,False
2,LARGE_MAZE,2343,2343,2,10,3,2,beam_2,28,0.0455254999687895,13,0.0035019615360607,True
2,LARGE_MAZE,2343,2343,2,10,3,2,beam_3,28,0.0465865000151097,13,0.0035835769242392,True
2,LARGE_MAZE,2395,2395,3,1,3,10,greedy,28,0.0374320999835617,13,0.0028793923064278,True
2,LARGE_MAZE,2395,2395,3,1,3,10,beam_2,28,0.0465988999931141,13,0.003584530768701,True
2,LARGE_MAZE,2395,2395,3,1,3,10,beam_3,28,0.0565587999881245,13,0.0043506769221634,True
2,LARGE_MAZE,2472,2472,3,3,1,10,greedy,28,0.0458422999945469,13,0.0035263307688113,True
2,LARGE_MAZE,2472,2472,3,3,1,10,beam_2,28,0.0455078000086359,13,0.0035006000006643,True
2,LARGE_MAZE,2472,2472,3,3,1,10,beam_3,28,0.0452736000297591,13,0.0034825846176737,True
2,LARGE_MAZE,2771,2771,3,10,7,1,greedy,28,0.0538346000248566,19,0.0028334000013082,False
2,LARGE_MAZE,2771,2771,3,10,7,1,beam_2,28,0.0376582999597303,13,0.0028967923045946,True
2,LARGE_MAZE,2771,2771,3,10,7,1,beam_3,28,0.0397600000142119,13,0.0030584615395547,True
2,LARGE_MAZE,2884,2884,4,10,3,2,greedy,28,0.0334641000372357,13,0.0025741615413258,True
2,LARGE_MAZE,2884,2884,4,10,3,2,beam_2,28,0.0373303000233136,13,0.0028715615402548,True
2,LARGE_MAZE,2884,2884,4,10,3,2,beam_3,28,0.0398861999856308,13,0.0030681692296639,True
2,LARGE_MAZE,2946,2946,5,1,5,10,greedy,28,0.0356197000364773,13,0.0027399769258828,True
2,LARGE_MAZE,2946,2946,5,1,5,10,beam_2,28,0.0400899000233039,13,0.003083838463331,True
2,LARGE_MAZE,2946,2946,5,1,5,10,beam_3,28,0.0394583999877795,13,0.0030352615375215,True
2,LARGE_MAZE,3140,3140,5,7,1,2,greedy,28,0.0341177000082097,13,0.0026244384621699,True
2,LARGE_MAZE,3140,3140,5,7,1,2,beam_2,28,0.0377191000152379,13,0.0029014692319413,True
2,LARGE_MAZE,3140,3140,5,7,1,2,beam_3,28,0.039360900002066,13,0.0030277615386204,True
2,LARGE_MAZE,3161,3161,5,7,3,10,greedy,28,0.0343159000040032,13,0.0026396846156925,True
2,LARGE_MAZE,3161,3161,5,7,3,10,beam_2,28,0.0393257999676279,13,0.0030250615359713,True
2,LARGE_MAZE,3161,3161,5,7,3,10,beam_3,28,0.0417339000268839,13,0.0032103000020679,True
2,LARGE_MAZE,3225,3225,5,9,7,6,greedy,28,0.0541806000401265,19,0.0028516105284277,False
2,LARGE_MAZE,3225,3225,5,9,7,6,beam_2,28,0.0648656000266783,19,0.0034139789487725,False
2,LARGE_MAZE,3225,3225,5,9,7,6,beam_3,28,0.0406981999985873,13,0.0031306307691221,True
2,LARGE_MAZE,3271,3271,5,10,7,7,greedy,28,0.0340022000018507,13,0.0026155538462962,True
2,LARGE_MAZE,3271,3271,5,10,7,7,beam_2,28,0.0377576999599114,13,0.0029044384584547,True
2,LARGE_MAZE,3271,3271,5,10,7,7,beam_3,28,0.0406024999683722,13,0.0031232692283363,True
2,LARGE_MAZE,3377,3377,6,7,2,10,greedy,28,0.0338570000021718,13,0.0026043846155516,True
2,LARGE_MAZE,3377,3377,6,7,2,10,beam_2,28,0.0400965000153519,13,0.003084346155027,True
2,LARGE_MAZE,3377,3377,6,7,2,10,beam_3,28,0.0396063000080175,13,0.0030466384621551,True
2,LARGE_MAZE,3449,3449,6,9,7,5,greedy,28,0.0348743999493308,13,0.0026826461499485,True
2,LARGE_MAZE,3449,3449,6,9,7,5,beam_2,28,0.0425300999777391,13,0.0032715461521337,True
2,LARGE_MAZE,3449,3449,6,9,7,5,beam_3,28,0.052996999991592,13,0.0040766923070455,True
2,LARGE_MAZE,3524,3524,7,2,4,10,greedy,28,0.0400844999821856,13,0.0030834230755527,True
2,LARGE_MAZE,3524,3524,7,2,4,10,beam_2,28,0.0428560000145807,13,0.0032966153857369,True
2,LARGE_MAZE,3524,3524,7,2,4,10,beam_3,28,0.0431265000370331,13,0.0033174230797717,True
2,LARGE_MAZE,3687,3687,7,7,1,10,greedy,28,0.0538465999998152,19,0.0028340315789376,False
2,LARGE_MAZE,3687,3687,7,7,1,10,beam_2,28,0.0395811999915167,13,0.0030447076916551,True
2,LARGE_MAZE,3687,3687,7,7,1,10,beam_3,28,0.0411222000257112,13,0.0031632461558239,True
2,LARGE_MAZE,3773,3773,7,10,1,5,greedy,28,0.0348817000049166,13,0.0026832076926858,True
2,LARGE_MAZE,3773,3773,7,10,1,5,beam_2,28,0.0384271999937482,13,0.0029559384610575,True
2,LARGE_MAZE,3773,3773,7,10,1,5,beam_3,28,0.0415866000112146,13,0.0031989692316318,True
2,LARGE_MAZE,1877,1877,1,3,7,9,greedy,30,0.0534003999782726,19,0.0028105473672775,False
2,LARGE_MAZE,1877,1877,1,3,7,9,beam_2,30,0.0428951000212691,14,0.0030639357158049,True
2,LARGE_MAZE,1877,1877,1,3,7,9,beam_3,30,0.0488444999791681,14,0.0034888928556548,True
2,LARGE_MAZE,2112,2112,1,10,2,1,greedy,30,0.0405561999650672,14,0.0028968714260762,True
2,LARGE_MAZE,2112,2112,1,10,2,1,beam_2,30,0.0449819999630562,14,0.0032129999973611,True
2,LARGE_MAZE,2112,2112,1,10,2,1,beam_3,30,0.0429558999603614,14,0.0030682785685972,True
2,LARGE_MAZE,2157,2157,2,1,1,10,greedy,30,0.0370449000038206,14,0.0026460642859871,True
2,LARGE_MAZE,2157,2157,2,1,1,10,beam_2,30,0.0399008999811485,14,0.0028500642843677,True
2,LARGE_MAZE,2157,2157,2,1,1,10,beam_3,30,0.0488775999983772,14,0.0034912571427412,True
2,LARGE_MAZE,2366,2366,2,10,7,1,greedy,30,0.0417426000349223,14,0.0029816142882087,True
2,LARGE_MAZE,2366,2366,2,10,7,1,beam_2,30,0.0449624999891966,14,0.0032116071420854,True
2,LARGE_MAZE,2366,2366,2,10,7,1,beam_3,30,0.0488482000073418,14,0.0034891571433815,True
2,LARGE_MAZE,2451,2451,3,2,5,10,greedy,30,0.0396936999750323,14,0.0028352642839308,True
2,LARGE_MAZE,2451,2451,3,2,5,10,beam_2,30,0.0444739999948069,14,0.0031767142853433,True
2,LARGE_MAZE,2451,2451,3,2,5,10,beam_3,30,0.0468032999779097,14,0.0033430928555649,True
2,LARGE_MAZE,2883,2883,4,10,3,1,greedy,30,0.0411135000176727,14,0.0029366785726909,True
2,LARGE_MAZE,2883,2883,4,10,3,1,beam_2,30,0.0468200999894179,14,0.0033442928563869,True
2,LARGE_MAZE,2883,2883,4,10,3,1,beam_3,30,0.0608259000000543,14,0.004344707142861,True
2,LARGE_MAZE,3047,3047,5,3,7,9,greedy,30,0.0560083999880589,14,0.004000599999147,True
2,LARGE_MAZE,3047,3047,5,3,7,9,beam_2,30,0.0541212999960407,14,0.0038658071425743,True
2,LARGE_MAZE,3047,3047,5,3,7,9,beam_3,30,0.0546678999671712,14,0.003904849997655,True
2,LARGE_MAZE,3155,3155,5,7,3,3,greedy,30,0.0571016000467352,19,0.0030053473708808,False
2,LARGE_MAZE,3155,3155,5,7,3,3,beam_2,30,0.0481111999833956,14,0.0034365142845282,True
2,LARGE_MAZE,3155,3155,5,7,3,3,beam_3,30,0.0510262999450787,14,0.0036447357103627,True
2,LARGE_MAZE,3223,3223,5,9,7,3,greedy,30,0.0393156000063754,14,0.0028082571433125,True
2,LARGE_MAZE,3223,3223,5,9,7,3,beam_2,30,0.0499683000380173,14,0.0035691642884298,True
2,LARGE_MAZE,3223,3223,5,9,7,3,beam_3,30,0.0468225999502465,14,0.0033444714250176,True
2,LARGE_MAZE,3264,3264,5,10,6,7,greedy,30,0.0395039999857544,14,0.0028217142846967,True
2,LARGE_MAZE,3264,3264,5,10,6,7,beam_2,30,0.0417648999718949,14,0.0029832071408496,True
2,LARGE_MAZE,3264,3264,5,10,6,7,beam_3,30,0.0450891999644227,14,0.0032206571403159,True
2,LARGE_MAZE,3397,3397,6,7,5,10,greedy,30,0.0394164000172168,14,0.0028154571440869,True
2,LARGE_MAZE,3397,3397,6,7,5,10,beam_2,30,0.0407560999738052,14,0.0029111499981289,True
2,LARGE_MAZE,3397,3397,6,7,5,10,beam_3,30,0.0432538000168278,14,0.0030895571440591,True
2,LARGE_MAZE,3450,3450,6,9,7,6,greedy,30,0.053791300044395,19,0.0028311210549681,False
2,LARGE_MAZE,3450,3450,6,9,7,6,beam_2,30,0.0407322000246495,14,0.0029094428589035,True
2,LARGE_MAZE,3450,3450,6,9,7,6,beam_3,30,0.0430327000212855,14,0.0030737642872346,True
2,LARGE_MAZE,3532,3532,7,2,5,10,greedy,30,0.0360865999828092,14,0.0025776142844863,True
2,LARGE_MAZE,3532,3532,7,2,5,10,beam_2,30,0.0400949000031687,14,0.0028639214287977,True
2,LARGE_MAZE,3532,3532,7,2,5,10,beam_3,30,0.0440469000022858,14,0.0031462071430204,True
2,LARGE_MAZE,3726,3726,7,9,1,3,greedy,30,0.037350200000219,14,0.002667871428587,True
2,LARGE_MAZE,3726,3726,7,9,1,3,beam_2,30,0.0417926000081934,14,0.0029851857148709,True
2,LARGE_MAZE,3726,3726,7,9,1,3,beam_3,30,0.0425495999515987,14,0.0030392571393999,True
2,LARGE_MAZE,3804,3804,7,10,6,5,greedy,30,0.036372400005348,14,0.0025980285718105,True
2,LARGE_MAZE,3804,3804,7,10,6,5,beam_2,30,0.0426497000153176,14,0.0030464071439512,True
2,LARGE_MAZE,3804,3804,7,10,6,5,beam_3,30,0.0482994000194594,14,0.0034499571442471,True
2,LARGE_MAZE,2134,2134,1,10,5,7,greedy,32,0.0735318000079132,19,0.0038700947372585,False
2,LARGE_MAZE,2134,2134,1,10,5,7,beam_2,32,0.0570584000088274,15,0.0038038933339218,True
2,LARGE_MAZE,2134,2134,1,10,5,7,beam_3,32,0.0593379999627359,15,0.0039558666641823,True
2,LARGE_MAZE,2406,2406,3,1,5,10,greedy,32,0.0418092000181786,15,0.0027872800012119,True
2,LARGE_MAZE,2406,2406,3,1,5,10,beam_2,32,0.0466612000018358,15,0.003110746666789,True
2,LARGE_MAZE,2406,2406,3,1,5,10,beam_3,32,0.0489654999691993,15,0.0032643666646132,True
2,LARGE_MAZE,3002,3002,5,2,7,9,greedy,32,0.0401172999991104,15,0.0026744866666073,True
2,LARGE_MAZE,3002,3002,5,2,7,9,beam_2,32,0.0459861000417731,15,0.0030657400027848,True
2,LARGE_MAZE,3002,3002,5,2,7,9,beam_3,32,0.0485367000219412,15,0.0032357800014627,True
2,LARGE_MAZE,3199,3199,5,9,3,2,greedy,32,0.0510562999988906,19,0.0026871736841521,False
2,LARGE_MAZE,3199,3199,5,9,3,2,beam_2,32,0.0445390999666415,15,0.0029692733311094,True
2,LARGE_MAZE,3199,3199,5,9,3,2,beam_3,32,0.0487636000034399,15,0.0032509066668959,True
2,LARGE_MAZE,3260,3260,5,10,5,7,greedy,32,0.0498897000215947,19,0.002625773685347,False
2,LARGE_MAZE,3260,3260,5,10,5,7,beam_2,32,0.0445290999487042,15,0.0029686066632469,True
2,LARGE_MAZE,3260,3260,5,10,5,7,beam_3,32,0.0452155999955721,15,0.0030143733330381,True
2,LARGE_MAZE,3425,3425,6,9,3,3,greedy,32,0.0506885999930091,19,0.0026678210522636,False
2,LARGE_MAZE,3425,3425,6,9,3,3,beam_2,32,0.0452387999976053,15,0.0030159199998403,True
2,LARGE_MAZE,3425,3425,6,9,3,3,beam_3,32,0.0464385999948717,15,0.0030959066663247,True
2,LARGE_MAZE,3487,3487,7,1,5,10,greedy,32,0.0455708000226877,15,0.0030380533348458,True
2,LARGE_MAZE,3487,3487,7,1,5,10,beam_2,32,0.0447916000266559,15,0.0029861066684437,True
2,LARGE_MAZE,3487,3487,7,1,5,10,beam_3,32,0.0464829000411555,15,0.0030988600027437,True
2,LARGE_MAZE,3716,3716,7,7,6,9,greedy,32,0.0576619000057689,19,0.0030348368424088,False
2,LARGE_MAZE,3716,3716,7,7,6,9,beam_2,32,0.0506271000485867,15,0.0033751400032391,True
2,LARGE_MAZE,3716,3716,7,7,6,9,beam_3,32,0.0535855999914929,15,0.0035723733327661,True
2,LARGE_MAZE,3766,3766,7,9,7,6,greedy,32,0.0615833000047132,19,0.0032412263160375,False
2,LARGE_MAZE,3766,3766,7,9,7,6,beam_2,32,0.0551396999508142,15,0.0036759799967209,True
2,LARGE_MAZE,3766,3766,7,9,7,6,beam_3,32,0.0587158999987877,15,0.0039143933332525,True
2,LARGE_MAZE,1833,1833,1,2,7,10,greedy,34,0.0471446000155992,16,0.0029465375009749,True
2,LARGE_MAZE,1833,1833,1,2,7,10,beam_2,34,0.0496127000078558,16,0.0031007937504909,True
2,LARGE_MAZE,1833,1833,1,2,7,10,beam_3,34,0.0531489999848417,16,0.0033218124990526,True
2,LARGE_MAZE,2507,2507,3,3,7,9,greedy,34,0.0432414000388234,16,0.0027025875024264,True
2,LARGE_MAZE,2507,2507,3,3,7,9,beam_2,34,0.046959200000856,16,0.0029349500000535,True
2,LARGE_MAZE,2507,2507,3,3,7,9,beam_3,34,0.0519527000142261,16,0.0032470437508891,True
2,LARGE_MAZE,3198,3198,5,9,3,1,greedy,34,0.0416530999937094,16,0.0026033187496068,True
2,LARGE_MAZE,3198,3198,5,9,3,1,beam_2,34,0.0471462999703362,16,0.002946643748146,True
2,LARGE_MAZE,3198,3198,5,9,3,1,beam_3,34,0.051124699995853,16,0.0031952937497408,True
2,LARGE_MAZE,3418,3418,6,9,2,1,greedy,34,0.0435789999901317,16,0.0027236874993832,True
2,LARGE_MAZE,3418,3418,6,9,2,1,beam_2,34,0.0469565999810583,16,0.0029347874988161,True
2,LARGE_MAZE,3418,3418,6,9,2,1,beam_3,34,0.0505532000097446,16,0.003159575000609,True
2,LARGE_MAZE,3486,3486,7,1,5,9,greedy,34,0.0415367999812588,16,0.0025960499988286,True
2,LARGE_MAZE,3486,3486,7,1,5,9,beam_2,34,0.0495598999550566,16,0.003097493747191,True
2,LARGE_MAZE,3486,3486,7,1,5,9,beam_3,34,0.056788999994751,16,0.0035493124996719,True
2,LARGE_MAZE,3724,3724,7,9,1,1,greedy,34,0.0479819999891333,16,0.0029988749993208,True
2,LARGE_MAZE,3724,3724,7,9,1,1,beam_2,34,0.0545099999872036,16,0.0034068749992002,True
2,LARGE_MAZE,3724,3724,7,9,1,1,beam_3,34,0.052837900002487,16,0.0033023687501554,True
2,LARGE_MAZE,3770,3770,7,10,1,2,greedy,34,0.0432076000142842,16,0.0027004750008927,True
2,LARGE_MAZE,3770,3770,7,10,1,2,beam_2,34,0.0488475000020116,16,0.0030529687501257,True
2,LARGE_MAZE,3770,3770,7,10,1,2,beam_3,34,0.0525229999911971,16,0.0032826874994498,True
2,LARGE_MAZE,1788,1788,1,1,7,10,greedy,36,0.0466836999985389,17,0.002746099999914,True
2,LARGE_MAZE,1788,1788,1,1,7,10,beam_2,36,0.067979900049977,17,0.0039988176499986,True
2,LARGE_MAZE,1788,1788,1,1,7,10,beam_3,36,0.0816111000021919,17,0.0048006529413054,True
2,LARGE_MAZE,2822,2822,4,1,7,9,greedy,36,0.2041570000001229,17,0.0120092352941248,True
2,LARGE_MAZE,2822,2822,4,1,7,9,beam_2,36,0.5384242000291124,17,0.0316720117664183,True
2,LARGE_MAZE,2822,2822,4,1,7,9,beam_3,36,0.0919234000029973,17,0.0054072588237057,True
2,LARGE_MAZE,3440,3440,6,9,5,7,greedy,36,0.0769332000054419,19,0.0040491157897601,False
2,LARGE_MAZE,3440,3440,6,9,5,7,beam_2,36,0.0964735000161454,19,0.0050775526324287,True
2,LARGE_MAZE,3440,3440,6,9,5,7,beam_3,36,0.1697371999616734,17,0.009984541174216,True
2,LARGE_MAZE,3723,3723,7,7,7,10,greedy,36,0.0700940000242553,17,0.004123176472015,True
2,LARGE_MAZE,3723,3723,7,7,7,10,beam_2,36,0.0817906000302173,17,0.0048112117664833,True
2,LARGE_MAZE,3723,3723,7,7,7,10,beam_3,36,0.0778715999913401,17,0.0045806823524317,True
2,LARGE_MAZE,3763,3763,7,9,7,2,greedy,36,0.0596258999430574,17,0.0035074058790033,True
2,LARGE_MAZE,3763,3763,7,9,7,2,beam_2,36,0.0796752999885939,17,0.0046867823522702,True
2,LARGE_MAZE,3763,3763,7,9,7,2,beam_3,36,0.0955308999982662,17,0.0056194647057803,True
2,LARGE_MAZE,3812,3812,7,10,7,7,greedy,36,0.0844209999777376,17,0.004965941175161,True
2,LARGE_MAZE,3812,3812,7,10,7,7,beam_2,36,0.0965126000228338,17,0.005677211766049,True
2,LARGE_MAZE,3812,3812,7,10,7,7,beam_3,36,0.1490788999944925,17,0.0087693470584995,True
2,LARGE_MAZE,3182,3182,5,7,7,9,greedy,38,0.0842560000019148,18,0.0046808888889952,True
2,LARGE_MAZE,3182,3182,5,7,7,9,beam_2,38,0.2461646000156179,18,0.0136758111119787,True
2,LARGE_MAZE,3182,3182,5,7,7,9,beam_3,38,0.1207807000027969,18,0.0067100388890442,True
2,LARGE_MAZE,3755,3755,7,9,5,7,greedy,38,0.1223347000195644,19,0.0064386684220823,False
2,LARGE_MAZE,3755,3755,7,9,5,7,beam_2,38,0.1563436000142246,18,0.0086857555563458,True
2,LARGE_MAZE,3755,3755,7,9,5,7,beam_3,38,0.1058191999909468,18,0.0058788444439414,True
2,LARGE_MAZE,3805,3805,7,10,6,7,greedy,38,0.1212409999570809,18,0.0067356111087267,True
2,LARGE_MAZE,3805,3805,7,10,6,7,beam_2,38,0.0979266999638639,18,0.0054403722202146,True
2,LARGE_MAZE,3805,3805,7,10,6,7,beam_3,38,0.1040436999755911,18,0.0057802055541995,True
2,LARGE_MAZE,3783,3783,7,10,3,1,greedy,40,0.0810645000310614,19,0.0042665526332137,False
2,LARGE_MAZE,3783,3783,7,10,3,1,beam_2,40,0.0831747000338509,19,0.0043776157912553,True
2,LARGE_MAZE,3783,3783,7,10,3,1,beam_3,40,0.0879728000145405,19,0.0046301473691863,True
3,OPEN,16,16,2,3,2,4,greedy,16,0.0379485000157728,13,0.0029191153858286,True
3,OPEN,16,16,2,3,2,4,beam_2,16,0.0019517000182531,1,0.0019517000182531,True
3,OPEN,16,16,2,3,2,4,beam_3,16,0.0016883999924175,1,0.0016883999924175,True
3,OPEN,47,47,2,5,2,4,greedy,16,0.0253921999828889,11,0.0023083818166262,True
3,OPEN,47,47,2,5,2,4,beam_2,16,0.0026546000153757,1,0.0026546000153757,True
3,OPEN,47,47,2,5,2,4,beam_3,16,0.0020993999787606,1,0.0020993999787606,True
3,OPEN,76,76,3,3,2,3,greedy,16,0.0103708999813534,5,0.0020741799962706,True
3,OPEN,76,76,3,3,2,3,beam_2,16,0.0018360000103712,1,0.0018360000103712,True
3,OPEN,76,76,3,3,2,3,beam_3,16,0.0029361000051721,1,0.0029361000051721,True
3,OPEN,95,95,3,4,3,3,greedy,16,0.0017020999803207,1,0.0017020999803207,True
3,OPEN,95,95,3,4,3,3,beam_2,16,0.0018099999870173,1,0.0018099999870173,True
3,OPEN,95,95,3,4,3,3,beam_3,16,0.0017668000073172,1,0.0017668000073172,True
3,OPEN,115,115,3,5,4,5,greedy,16,0.031832700013183,15,0.0021221800008788,True
3,OPEN,115,115,3,5,4,5,beam_2,16,0.003258500015363,1,0.003258500015363,True
3,OPEN,115,115,3,5,4,5,beam_3,16,0.0017485999851487,1,0.0017485999851487,True
3,OPEN,143,143,4,3,4,2,greedy,16,0.0018034999957308,1,0.0018034999957308,True
3,OPEN,143,143,4,3,4,2,beam_2,16,0.0032952000037766,1,0.0032952000037766,True
3,OPEN,143,143,4,3,4,2,beam_3,16,0.0020632999949157,1,0.0020632999949157,True
3,OPEN,160,160,4,4,4,5,greedy,16,0.0019623000407591,1,0.0019623000407591,True
3,OPEN,160,160,4,4,4,5,beam_2,16,0.0016082000220194,1,0.0016082000220194,True
3,OPEN,160,160,4,4,4,5,beam_3,16,0.0032220000284723,1,0.0032220000284723,True
3,OPEN,188,188,5,2,4,2,greedy,16,0.0175843000179156,9,0.0019538111131017,True
3,OPEN,188,188,5,2,4,2,beam_2,16,0.0016574000474065,1,0.0016574000474065,True
3,OPEN,188,188,5,2,4,2,beam_3,16,0.0016749000060372,1,0.0016749000060372,True
3,OPEN,220,220,5,4,4,4,greedy,16,0.0332510000444017,16,0.0020781875027751,False
3,OPEN,220,220,5,4,4,4,beam_2,16,0.0027946999762207,1,0.0027946999762207,True
3,OPEN,220,220,5,4,4,4,beam_3,16,0.0020565000013448,1,0.0020565000013448,True
3,OPEN,1,1,2,2,2,4,greedy,16,0.0032033000024966,2,0.0016016500012483,True
3,OPEN,1,1,2,2,2,4,beam_2,16,0.004539499990642,2,0.002269749995321,True
3,OPEN,1,1,2,2,2,4,beam_3,16,0.003496199962683,2,0.0017480999813415,True
3,OPEN,20,20,2,3,3,4,greedy,16,0.037170999974478,16,0.0023231874984048,False
3,OPEN,20,20,2,3,3,4,beam_2,16,0.0036647000233642,2,0.0018323500116821,True
3,OPEN,20,20,2,3,3,4,beam_3,16,0.0051597999990917,2,0.0025798999995458,True
3,OPEN,39,39,2,4,4,4,greedy,16,0.0371150000137276,16,0.0023196875008579,False
3,OPEN,39,39,2,4,4,4,beam_2,16,0.0607147000264376,16,0.0037946687516523,False
3,OPEN,39,39,2,4,4,4,beam_3,16,0.0638657999807037,16,0.0039916124987939,False
3,OPEN,65,65,3,2,3,4,greedy,16,0.0072231999947689,2,0.0036115999973844,True
3,OPEN,65,65,3,2,3,4,beam_2,16,0.0076450000051409,2,0.0038225000025704,True
3,OPEN,65,65,3,2,3,4,beam_3,16,0.0070748000289313,2,0.0035374000144656,True
3,OPEN,81,81,3,3,3,5,greedy,16,0.0058940000017173,2,0.0029470000008586,True
3,OPEN,81,81,3,3,3,5,beam_2,16,0.0059383999905548,2,0.0029691999952774,True
3,OPEN,81,81,3,3,3,5,beam_3,16,0.0055229000281542,2,0.0027614500140771,True
3,OPEN,93,93,3,4,2,5,greedy,16,0.0058016999973915,2,0.0029008499986957,True
3,OPEN,93,93,3,4,2,5,beam_2,16,0.0060140999848954,2,0.0030070499924477,True
3,OPEN,93,93,3,4,2,5,beam_3,16,0.004817200009711,2,0.0024086000048555,True
3,OPEN,107,107,3,5,2,4,greedy,16,0.0311184999882243,10,0.0031118499988224,True
3,OPEN,107,107,3,5,2,4,beam_2,16,0.0330933000077493,10,0.0033093300007749,True
3,OPEN,107,107,3,5,2,4,beam_3,16,0.0318051999784074,10,0.0031805199978407,True
3,OPEN,125,125,4,2,3,3,greedy,16,0.005060700001195,2,0.0025303500005975,True
3,OPEN,125,125,4,2,3,3,beam_2,16,0.0039766999543644,2,0.0019883499771822,True
3,OPEN,125,125,4,2,3,3,beam_3,16,0.0060608999920077,2,0.0030304499960038,True
3,OPEN,141,141,4,3,3,4,greedy,16,0.0044552000472322,2,0.0022276000236161,True
3,OPEN,141,141,4,3,3,4,beam_2,16,0.0055632999865338,2,0.0027816499932669,True
3,OPEN,141,141,4,3,3,4,beam_3,16,0.0058778999955393,2,0.0029389499977696,True
3,OPEN,155,155,4,4,3,3,greedy,16,0.0046267000143416,2,0.0023133500071708,True
3,OPEN,155,155,4,4,3,3,beam_2,16,0.0056440000189468,2,0.0028220000094734,True
3,OPEN,155,155,4,4,3,3,beam_3,16,0.006735100003425,2,0.0033675500017125,True
3,OPEN,168,168,4,5,2,5,greedy,16,0.0055217000190168,2,0.0027608500095084,True
3,OPEN,168,168,4,5,2,5,beam_2,16,0.0057505000149831,2,0.0028752500074915,True
3,OPEN,168,168,4,5,2,5,beam_3,16,0.0066806999966502,2,0.0033403499983251,True
3,OPEN,189,189,5,2,4,3,greedy,16,0.0383078000159002,16,0.0023942375009937,True
3,OPEN,189,189,5,2,4,3,beam_2,16,0.0045803999528288,2,0.0022901999764144,True
3,OPEN,189,189,5,2,4,3,beam_3,16,0.005806399974972,2,0.002903199987486,True
3,OPEN,209,209,5,3,5,5,greedy,16,0.0042953999945893,2,0.0021476999972946,True
3,OPEN,209,209,5,3,5,5,beam_2,16,0.0045962000149302,2,0.0022981000074651,True
3,OPEN,209,209,5,3,5,5,beam_3,16,0.0050912000006064,2,0.0025456000003032,True
3,OPEN,232,232,5,5,3,5,greedy,16,0.0239460000302642,10,0.0023946000030264,True
3,OPEN,232,232,5,5,3,5,beam_2,16,0.004152100009378,2,0.002076050004689,True
3,OPEN,232,232,5,5,3,5,beam_3,16,0.0057259999448433,2,0.0028629999724216,True
3,OPEN,8,8,2,2,4,3,greedy,16,0.0319276999798603,11,0.0029025181799873,True
3,OPEN,8,8,2,2,4,3,beam_2,16,0.0085886000306345,3,0.0028628666768781,True
3,OPEN,8,8,2,2,4,3,beam_3,16,0.008204800018575,3,0.002734933339525,True
3,OPEN,27,27,2,3,5,3,greedy,16,0.0120322000002488,5,0.0024064400000497,True
3,OPEN,27,27,2,3,5,3,beam_2,16,0.0080496000009588,3,0.0026832000003196,True
3,OPEN,27,27,2,3,5,3,beam_3,16,0.0082891999627463,3,0.0027630666542487,True
3,OPEN,45,45,2,5,2,2,greedy,16,0.007814300013706,3,0.0026047666712353,True
3,OPEN,45,45,2,5,2,2,beam_2,16,0.0080466999788768,3,0.0026822333262922,True
3,OPEN,45,45,2,5,2,2,beam_3,16,0.0085067999898456,3,0.0028355999966152,True
3,OPEN,66,66,3,2,3,5,greedy,16,0.0074819000437855,3,0.0024939666812618,True
3,OPEN,66,66,3,2,3,5,beam_2,16,0.0088940000277943,3,0.0029646666759314,True
3,OPEN,66,66,3,2,3,5,beam_3,16,0.0079176999861374,3,0.0026392333287124,True
3,OPEN,86,86,3,3,5,2,greedy,16,0.0104773999773897,3,0.0034924666591299,True
3,OPEN,86,86,3,3,5,2,beam_2,16,0.0114549999707378,3,0.0038183333235792,True
3,OPEN,86,86,3,3,5,2,beam_3,16,0.0090213000075891,3,0.0030071000025297,True
3,OPEN,104,104,3,4,5,5,greedy,16,0.009011999994982,3,0.0030039999983273,True
3,OPEN,104,104,3,4,5,5,beam_2,16,0.0079310999717563,3,0.0026436999905854,True
3,OPEN,104,104,3,4,5,5,beam_3,16,0.0085419999668374,3,0.0028473333222791,True
3,OPEN,121,121,4,2,2,3,greedy,16,0.0168835999793373,7,0.002411942854191,True
3,OPEN,121,121,4,2,2,3,beam_2,16,0.0090876999893225,3,0.0030292333297741,True
3,OPEN,121,121,4,2,2,3,beam_3,16,0.0106701000477187,3,0.0035567000159062,True
3,OPEN,137,137,4,3,2,4,greedy,16,0.0117781000444665,5,0.0023556200088933,True
3,OPEN,137,137,4,3,2,4,beam_2,16,0.0082953000091947,3,0.0027651000030649,True
3,OPEN,137,137,4,3,2,4,beam_3,16,0.0082253000000491,3,0.002741766666683,True
3,OPEN,154,154,4,4,3,2,greedy,16,0.0394236999563872,16,0.0024639812472742,False
3,OPEN,154,154,4,4,3,2,beam_2,16,0.0103505000006407,5,0.0020701000001281,True
3,OPEN,154,154,4,4,3,2,beam_3,16,0.0121045999694615,5,0.0024209199938923,True
3,OPEN,177,177,4,5,5,3,greedy,16,0.0086774000083096,3,0.0028924666694365,True
3,OPEN,177,177,4,5,5,3,beam_2,16,0.0071417999570257,3,0.0023805999856752,True
3,OPEN,177,177,4,5,5,3,beam_3,16,0.0083789000054821,3,0.002792966668494,True
3,OPEN,196,196,5,3,2,3,greedy,16,0.0114370000082999,5,0.0022874000016599,True
3,OPEN,196,196,5,3,2,3,beam_2,16,0.0072715999558568,3,0.0024238666519522,True
3,OPEN,196,196,5,3,2,3,beam_3,16,0.007686500030104,3,0.0025621666767013,True
3,OPEN,215,215,5,4,3,3,greedy,16,0.0109578000265173,5,0.0021915600053034,True
3,OPEN,215,215,5,4,3,3,beam_2,16,0.0074799999711103,3,0.0024933333237034,True
3,OPEN,215,215,5,4,3,3,beam_3,16,0.0079483999870717,3,0.0026494666623572,True
3,OPEN,234,234,5,5,4,3,greedy,16,0.0358279999927617,16,0.0022392499995476,False
3,OPEN,234,234,5,5,4,3,beam_2,16,0.0275409999885596,11,0.0025037272716872,True
3,OPEN,234,234,5,5,4,3,beam_3,16,0.0255475000012666,9,0.0028386111112518,True
3,OPEN,25,25,2,3,4,5,greedy,16,0.0104427000042051,4,0.0026106750010512,True
3,OPEN,25,25,2,3,4,5,beam_2,16,0.0096840999904088,4,0.0024210249976022,True
3,OPEN,25,25,2,3,4,5,beam_3,16,0.0115915000205859,4,0.0028978750051464,True
3,OPEN,44,44,2,4,5,5,greedy,16,0.009949300030712,4,0.002487325007678,True
3,OPEN,44,44,2,4,5,5,beam_2,16,0.0097209000377915,4,0.0024302250094478,True
3,OPEN,44,44,2,4,5,5,beam_3,16,0.009706399985589,4,0.0024265999963972,True
3,OPEN,70,70,3,2,4,5,greedy,16,0.0081761000328697,4,0.0020440250082174,True
3,OPEN,70,70,3,2,4,5,beam_2,16,0.009500799991656,4,0.002375199997914,True
3,OPEN,70,70,3,2,4,5,beam_3,16,0.0111135999904945,4,0.0027783999976236,True
3,OPEN,112,112,3,5,4,2,greedy,16,0.008068999974057,4,0.0020172499935142,True
3,OPEN,112,112,3,5,4,2,beam_2,16,0.0109100000117905,4,0.0027275000029476,True
3,OPEN,112,112,3,5,4,2,beam_3,16,0.0104557000449858,4,0.0026139250112464,True
3,OPEN,138,138,4,3,2,5,greedy,16,0.0075354000437073,4,0.0018838500109268,True
3,OPEN,138,138,4,3,2,5,beam_2,16,0.0094680999754928,4,0.0023670249938732,True
3,OPEN,138,138,4,3,2,5,beam_3,16,0.0096462000510655,4,0.0024115500127663,True
3,OPEN,181,181,5,2,2,3,greedy,16,0.0158016000059433,8,0.0019752000007429,True
3,OPEN,181,181,5,2,2,3,beam_2,16,0.0085743000381626,4,0.0021435750095406,True
3,OPEN,181,181,5,2,2,3,beam_3,16,0.0094095999957062,4,0.0023523999989265,True
3,OPEN,202,202,5,3,3,5,greedy,16,0.0081104999990202,4,0.002027624999755,True
3,OPEN,202,202,5,3,3,5,beam_2,16,0.0090047999983653,4,0.0022511999995913,True
3,OPEN,202,202,5,3,3,5,beam_3,16,0.0091806999989785,4,0.0022951749997446,True
3,OPEN,230,230,5,5,3,3,greedy,16,0.0232409000163897,10,0.0023240900016389,True
3,OPEN,230,230,5,5,3,3,beam_2,16,0.0117554999887943,4,0.0029388749971985,True
3,OPEN,230,230,5,5,3,3,beam_3,16,0.012727299996186,4,0.0031818249990465,True
3,OPEN,41,41,2,4,5,2,greedy,16,0.0138579999911598,5,0.0027715999982319,True
3,OPEN,41,41,2,4,5,2,beam_2,16,0.0193945000064559,5,0.0038789000012911,True
3,OPEN,41,41,2,4,5,2,beam_3,16,0.1078972999821417,5,0.0215794599964283,True
3,OPEN,123,123,4,2,2,5,greedy,16,0.0449635999975726,5,0.0089927199995145,True
3,OPEN,123,123,4,2,2,5,beam_2,16,0.033264500030782,5,0.0066529000061564,True
3,OPEN,123,123,4,2,2,5,beam_3,16,0.0338126000133343,5,0.0067625200026668,True
3,OPEN,210,210,5,4,2,2,greedy,16,0.1626280000200495,16,0.010164250001253,False
3,OPEN,210,210,5,4,2,2,beam_2,16,0.016117800027132,5,0.0032235600054264,True
3,OPEN,210,210,5,4,2,2,beam_3,16,0.0169954000157304,5,0.003399080003146,True
3,OPEN,183,183,5,2,2,5,greedy,16,0.019785700016655,6,0.0032976166694425,True
3,OPEN,183,183,5,2,2,5,beam_2,16,0.021024200017564,6,0.0035040333362606,True
3,OPEN,183,183,5,2,2,5,beam_3,16,0.0216744999634102,6,0.0036124166605683,True
3,U_MAZE,250,250,2,3,2,4,greedy,16,0.1779597999993711,16,0.0111224874999606,False
3,U_MAZE,250,250,2,3,2,4,beam_2,16,0.0040575999883003,1,0.0040575999883003,True
3,U_MAZE,250,250,2,3,2,4,beam_3,16,0.0033597000292502,1,0.0033597000292502,True
3,U_MAZE,280,280,3,2,4,2,greedy,16,0.047813799988944,7,0.0068305428555634,True
3,U_MAZE,280,280,3,2,4,2,beam_2,16,0.0069407999981194,1,0.0069407999981194,True
3,U_MAZE,280,280,3,2,4,2,beam_3,16,0.0079409999889321,1,0.0079409999889321,True
3,U_MAZE,309,309,5,3,5,2,greedy,16,0.0061096000135876,1,0.0061096000135876,True
3,U_MAZE,309,309,5,3,5,2,beam_2,16,0.0075375000014901,1,0.0075375000014901,True
3,U_MAZE,309,309,5,3,5,2,beam_3,16,0.0048856000066734,1,0.0048856000066734,True
3,U_MAZE,241,241,2,2,2,4,greedy,16,0.0097211000393144,2,0.0048605500196572,True
3,U_MAZE,241,241,2,2,2,4,beam_2,16,0.0110395000083372,2,0.0055197500041686,True
3,U_MAZE,241,241,2,2,2,4,beam_3,16,0.0097835999913513,2,0.0048917999956756,True
3,U_MAZE,268,268,2,5,2,3,greedy,16,0.0093768999795429,2,0.0046884499897714,True
3,U_MAZE,268,268,2,5,2,3,beam_2,16,0.0085083000012673,2,0.0042541500006336,True
3,U_MAZE,268,268,2,5,2,3,beam_3,16,0.0094274999573826,2,0.0047137499786913,True
3,U_MAZE,298,298,5,2,3,2,greedy,16,0.0076863999711349,2,0.0038431999855674,True
3,U_MAZE,298,298,5,2,3,2,beam_2,16,0.0080346000031568,2,0.0040173000015784,True
3,U_MAZE,298,298,5,2,3,2,beam_3,16,0.0083581999642774,2,0.0041790999821387,True
3,U_MAZE,328,328,5,5,5,3,greedy,16,0.0080833999672904,2,0.0040416999836452,True
3,U_MAZE,328,328,5,5,5,3,beam_2,16,0.009205300011672,2,0.004602650005836,True
3,U_MAZE,328,328,5,5,5,3,beam_3,16,0.0070286000263877,2,0.0035143000131938,True
3,U_MAZE,267,267,2,5,2,2,greedy,16,0.010600300040096,3,0.0035334333466986,True
3,U_MAZE,267,267,2,5,2,2,beam_2,16,0.0116020000423304,3,0.0038673333474434,True
3,U_MAZE,267,267,2,5,2,2,beam_3,16,0.0113158999592997,3,0.0037719666530999,True
3,U_MAZE,294,294,5,2,2,2,greedy,16,0.0359625999699346,9,0.0039958444411038,True
3,U_MAZE,294,294,5,2,2,2,beam_2,16,0.0126173999742604,3,0.0042057999914201,True
3,U_MAZE,294,294,5,2,2,2,beam_3,16,0.011637800023891,3,0.0038792666746303,True
3,U_MAZE,246,246,2,2,5,3,greedy,16,0.0375436000176705,10,0.003754360001767,True
3,U_MAZE,246,246,2,2,5,3,beam_2,16,0.0164278000011108,4,0.0041069500002777,True
3,U_MAZE,246,246,2,2,5,3,beam_3,16,0.0180356999626383,4,0.0045089249906595,True
3,U_MAZE,283,283,3,2,5,4,greedy,16,0.0145079999929293,4,0.0036269999982323,True
3,U_MAZE,283,283,3,2,5,4,beam_2,16,0.015525399998296,4,0.003881349999574,True
3,U_MAZE,283,283,3,2,5,4,beam_3,16,0.0161552999634295,4,0.0040388249908573,True
3,U_MAZE,316,316,5,4,3,2,greedy,16,0.0136860000202432,4,0.0034215000050608,True
3,U_MAZE,316,316,5,4,3,2,beam_2,16,0.0143036000081337,4,0.0035759000020334,True
3,U_MAZE,316,316,5,4,3,2,beam_3,16,0.0152113999938592,4,0.0038028499984648,True
3,U_MAZE,271,271,2,5,4,2,greedy,16,0.0171133000403642,5,0.0034226600080728,True
3,U_MAZE,271,271,2,5,4,2,beam_2,16,0.0188702999730594,5,0.0037740599946118,True
3,U_MAZE,271,271,2,5,4,2,beam_3,16,0.0188931000302545,5,0.0037786200060509,True
3,U_MAZE,312,312,5,4,2,2,greedy,16,0.0160494999727234,5,0.0032098999945446,True
3,U_MAZE,312,312,5,4,2,2,beam_2,16,0.0190784999867901,5,0.003815699997358,True
3,U_MAZE,312,312,5,4,2,2,beam_3,16,0.0206940000061877,5,0.0041388000012375,True
3,U_MAZE,272,272,2,5,5,2,greedy,16,0.0200352999963797,6,0.0033392166660632,True
3,U_MAZE,272,272,2,5,5,2,beam_2,16,0.0223918000119738,6,0.0037319666686623,True
3,U_MAZE,272,272,2,5,5,2,beam_3,16,0.0225859999773092,6,0.0037643333295515,True
3,U_MAZE,257,257,2,3,5,5,greedy,16,0.0251061999588273,7,0.0035865999941181,True
3,U_MAZE,257,257,2,3,5,5,beam_2,16,0.0263029999914579,7,0.0037575714273511,True
3,U_MAZE,257,257,2,3,5,5,beam_3,16,0.0365478000021539,7,0.0052211142860219,True
3,U_MAZE,322,322,5,5,2,3,greedy,16,0.0329626000020653,7,0.0047089428574379,True
3,U_MAZE,322,322,5,5,2,3,beam_2,16,0.0380287999869324,7,0.0054326857124189,True
3,U_MAZE,322,322,5,5,2,3,beam_3,16,0.0442028000252321,7,0.0063146857178903,True
3,U_MAZE,275,275,2,5,5,5,greedy,20,0.0335598000092431,9,0.0037288666676936,True
3,U_MAZE,275,275,2,5,5,5,beam_2,20,0.0328224000404588,9,0.0036469333378287,True
3,U_MAZE,275,275,2,5,5,5,beam_3,20,0.0374640999943949,9,0.0041626777771549,True
3,SMALL_MAZE,427,427,2,4,2,3,greedy,16,0.0515458000008948,16,0.0032216125000559,False
3,SMALL_MAZE,427,427,2,4,2,3,beam_2,16,0.0030249999836087,1,0.0030249999836087,True
3,SMALL_MAZE,427,427,2,4,2,3,beam_3,16,0.0025561999646015,1,0.0025561999646015,True
3,SMALL_MAZE,436,436,5,3,5,4,greedy,16,0.0022750000352971,1,0.0022750000352971,True
3,SMALL_MAZE,436,436,5,3,5,4,beam_2,16,0.0026492000324651,1,0.0026492000324651,True
3,SMALL_MAZE,436,436,5,3,5,4,beam_3,16,0.0024937000125646,1,0.0024937000125646,True
3,SMALL_MAZE,425,425,2,3,2,5,greedy,16,0.0061345000285655,2,0.0030672500142827,True
3,SMALL_MAZE,425,425,2,3,2,5,beam_2,16,0.0054135000100359,2,0.0027067500050179,True
3,SMALL_MAZE,425,425,2,3,2,5,beam_3,16,0.005834900017362,2,0.002917450008681,True
3,SMALL_MAZE,438,438,5,4,5,2,greedy,16,0.0058581999619491,2,0.0029290999809745,True
3,SMALL_MAZE,438,438,5,4,5,2,beam_2,16,0.0058888000203296,2,0.0029444000101648,True
3,SMALL_MAZE,438,438,5,4,5,2,beam_3,16,0.0060125000309199,2,0.0030062500154599,True
3,SMALL_MAZE,441,441,5,5,5,2,greedy,16,0.0080175999901257,3,0.0026725333300419,True
3,SMALL_MAZE,441,441,5,5,5,2,beam_2,16,0.0088835000060498,3,0.0029611666686832,True
3,SMALL_MAZE,441,441,5,5,5,2,beam_3,16,0.0087892999872565,3,0.0029297666624188,True
3,MEDIUM_MAZE,473,473,1,2,2,2,greedy,16,0.0027900999994017,1,0.0027900999994017,True
3,MEDIUM_MAZE,473,473,1,2,2,2,beam_2,16,0.0027480999706313,1,0.0027480999706313,True
3,MEDIUM_MAZE,473,473,1,2,2,2,beam_3,16,0.0028203999972902,1,0.0028203999972902,True
3,MEDIUM_MAZE,544,544,2,1,1,1,greedy,16,0.0024559000157751,1,0.0024559000157751,True
3,MEDIUM_MAZE,544,544,2,1,1,1,beam_2,16,0.0025046999799087,1,0.0025046999799087,True
3,MEDIUM_MAZE,544,544,2,1,1,1,beam_3,16,0.0027345000416971,1,0.0027345000416971,True
3,MEDIUM_MAZE,599,599,2,3,2,2,greedy,16,0.0504434000467881,16,0.0031527125029242,False
3,MEDIUM_MAZE,599,599,2,3,2,2,beam_2,16,0.0023796999594196,1,0.0023796999594196,True
3,MEDIUM_MAZE,599,599,2,3,2,2,beam_3,16,0.002829400007613,1,0.002829400007613,True
3,MEDIUM_MAZE,647,647,2,6,1,6,greedy,16,0.0480729999835602,16,0.0030045624989725,False
3,MEDIUM_MAZE,647,647,2,6,1,6,beam_2,16,0.0031147000263445,1,0.0031147000263445,True
3,MEDIUM_MAZE,647,647,2,6,1,6,beam_3,16,0.0024430999765172,1,0.0024430999765172,True
3,MEDIUM_MAZE,703,703,3,4,3,3,greedy,16,0.0022769000497646,1,0.0022769000497646,True
3,MEDIUM_MAZE,703,703,3,4,3,3,beam_2,16,0.0028017999720759,1,0.0028017999720759,True
3,MEDIUM_MAZE,703,703,3,4,3,3,beam_3,16,0.0023951999610289,1,0.0023951999610289,True
3,MEDIUM_MAZE,756,756,4,1,4,2,greedy,16,0.0181992999860085,7,0.0025998999980012,True
3,MEDIUM_MAZE,756,756,4,1,4,2,beam_2,16,0.0026601999998092,1,0.0026601999998092,True
3,MEDIUM_MAZE,756,756,4,1,4,2,beam_3,16,0.0025601999950595,1,0.0025601999950595,True
3,MEDIUM_MAZE,807,807,4,3,4,2,greedy,16,0.0022488000104203,1,0.0022488000104203,True
3,MEDIUM_MAZE,807,807,4,3,4,2,beam_2,16,0.0026280000456608,1,0.0026280000456608,True
3,MEDIUM_MAZE,807,807,4,3,4,2,beam_3,16,0.0025068999966606,1,0.0025068999966606,True
3,MEDIUM_MAZE,863,863,4,6,5,6,greedy,16,0.0309776000212878,11,0.0028161454564807,True
3,MEDIUM_MAZE,863,863,4,6,5,6,beam_2,16,0.0024613999994471,1,0.0024613999994471,True
3,MEDIUM_MAZE,863,863,4,6,5,6,beam_3,16,0.0023114000214263,1,0.0023114000214263,True
3,MEDIUM_MAZE,937,937,5,4,5,3,greedy,16,0.002803000039421,1,0.002803000039421,True
3,MEDIUM_MAZE,937,937,5,4,5,3,beam_2,16,0.002535399980843,1,0.002535399980843,True
3,MEDIUM_MAZE,937,937,5,4,5,3,beam_3,16,0.0023716000141575,1,0.0023716000141575,True
3,MEDIUM_MAZE,990,990,6,1,6,2,greedy,16,0.0451759999850764,16,0.0028234999990672,False
3,MEDIUM_MAZE,990,990,6,1,6,2,beam_2,16,0.0023806000244803,1,0.0023806000244803,True
3,MEDIUM_MAZE,990,990,6,1,6,2,beam_3,16,0.0021745999692939,1,0.0021745999692939,True
3,MEDIUM_MAZE,1068,1068,6,5,6,6,greedy,16,0.0026315000141039,1,0.0026315000141039,True
3,MEDIUM_MAZE,1068,1068,6,5,6,6,beam_2,16,0.0025071999989449,1,0.0025071999989449,True
3,MEDIUM_MAZE,1068,1068,6,5,6,6,beam_3,16,0.0020350000122562,1,0.0020350000122562,True
3,MEDIUM_MAZE,474,474,1,2,2,3,greedy,16,0.0064613000140525,2,0.0032306500070262,True
3,MEDIUM_MAZE,474,474,1,2,2,3,beam_2,16,0.0057451999746263,2,0.0028725999873131,True
3,MEDIUM_MAZE,474,474,1,2,2,3,beam_3,16,0.0054980999557301,2,0.002749049977865,True
3,MEDIUM_MAZE,549,549,2,1,2,3,greedy,16,0.0120899999747052,4,0.0030224999936763,True
3,MEDIUM_MAZE,549,549,2,1,2,3,beam_2,16,0.0081016999902203,2,0.0040508499951101,True
3,MEDIUM_MAZE,549,549,2,1,2,3,beam_3,16,0.0081754999700933,2,0.0040877499850466,True
3,MEDIUM_MAZE,603,603,2,3,3,4,greedy,16,0.007509300019592,2,0.003754650009796,True
3,MEDIUM_MAZE,603,603,2,3,3,4,beam_2,16,0.0065752999507822,2,0.0032876499753911,True
3,MEDIUM_MAZE,603,603,2,3,3,4,beam_3,16,0.0070342000108212,2,0.0035171000054106,True
3,MEDIUM_MAZE,646,646,2,6,1,5,greedy,16,0.0052677000057883,2,0.0026338500028941,True
3,MEDIUM_MAZE,646,646,2,6,1,5,beam_2,16,0.0061912999954074,2,0.0030956499977037,True
3,MEDIUM_MAZE,646,646,2,6,1,5,beam_3,16,0.0070125000202097,2,0.0035062500101048,True
3,MEDIUM_MAZE,686,686,3,3,5,3,greedy,16,0.0056888000108301,2,0.002844400005415,True
3,MEDIUM_MAZE,686,686,3,3,5,3,beam_2,16,0.006742600002326,2,0.003371300001163,True
3,MEDIUM_MAZE,686,686,3,3,5,3,beam_3,16,0.0070659999619238,2,0.0035329999809619,True
3,MEDIUM_MAZE,721,721,3,5,1,5,greedy,16,0.052157400001306,16,0.0032598375000816,False
3,MEDIUM_MAZE,721,721,3,5,1,5,beam_2,16,0.0063979999977163,2,0.0031989999988581,True
3,MEDIUM_MAZE,721,721,3,5,1,5,beam_3,16,0.0061659999773837,2,0.0030829999886918,True
3,MEDIUM_MAZE,764,764,4,1,6,1,greedy,16,0.0502694000024348,16,0.0031418375001521,False
3,MEDIUM_MAZE,764,764,4,1,6,1,beam_2,16,0.0055411999928765,2,0.0027705999964382,True
3,MEDIUM_MAZE,764,764,4,1,6,1,beam_3,16,0.0055341999977827,2,0.0027670999988913,True
3,MEDIUM_MAZE,804,804,4,3,3,4,greedy,16,0.0054220999591052,2,0.0027110499795526,True
3,MEDIUM_MAZE,804,804,4,3,3,4,beam_2,16,0.005666300014127,2,0.0028331500070635,True
3,MEDIUM_MAZE,804,804,4,3,3,4,beam_3,16,0.0056130000157281,2,0.002806500007864,True
3,MEDIUM_MAZE,838,838,4,5,5,6,greedy,16,0.0058543999912217,2,0.0029271999956108,True
3,MEDIUM_MAZE,838,838,4,5,5,6,beam_2,16,0.0061293999897316,2,0.0030646999948658,True
3,MEDIUM_MAZE,838,838,4,5,5,6,beam_3,16,0.0065521000069566,2,0.0032760500034783,True
3,MEDIUM_MAZE,903,903,5,3,3,3,greedy,16,0.005328599945642,2,0.002664299972821,True
3,MEDIUM_MAZE,903,903,5,3,3,3,beam_2,16,0.0055151999695226,2,0.0027575999847613,True
3,MEDIUM_MAZE,903,903,5,3,3,3,beam_3,16,0.006274499988649,2,0.0031372499943245,True
3,MEDIUM_MAZE,959,959,5,6,4,5,greedy,16,0.0052049000514671,2,0.0026024500257335,True
3,MEDIUM_MAZE,959,959,5,6,4,5,beam_2,16,0.005740400054492,2,0.002870200027246,True
3,MEDIUM_MAZE,959,959,5,6,4,5,beam_3,16,0.006176900002174,2,0.003088450001087,True
3,MEDIUM_MAZE,1043,1043,6,4,6,6,greedy,16,0.0053340999875217,2,0.0026670499937608,True
3,MEDIUM_MAZE,1043,1043,6,4,6,6,beam_2,16,0.0057531000347808,2,0.0028765500173904,True
3,MEDIUM_MAZE,1043,1043,6,4,6,6,beam_3,16,0.0061868000193499,2,0.0030934000096749,True
3,MEDIUM_MAZE,449,449,1,1,2,3,greedy,16,0.0081321999896317,3,0.0027107333298772,True
3,MEDIUM_MAZE,449,449,1,1,2,3,beam_2,16,0.0090079000219702,3,0.0030026333406567,True
3,MEDIUM_MAZE,449,449,1,1,2,3,beam_3,16,0.0098267000284977,3,0.0032755666761659,True
3,MEDIUM_MAZE,552,552,2,1,3,3,greedy,16,0.0172806999762542,5,0.0034561399952508,True
3,MEDIUM_MAZE,552,552,2,1,3,3,beam_2,16,0.0100012000184506,3,0.0033337333394835,True
3,MEDIUM_MAZE,552,552,2,1,3,3,beam_3,16,0.0100411000312305,3,0.0033470333437435,True
3,MEDIUM_MAZE,606,606,2,3,4,2,greedy,16,0.0521000999724492,16,0.003256256248278,False
3,MEDIUM_MAZE,606,606,2,3,4,2,beam_2,16,0.0103634999832138,3,0.0034544999944046,True
3,MEDIUM_MAZE,606,606,2,3,4,2,beam_3,16,0.0107732999604195,3,0.0035910999868065,True
3,MEDIUM_MAZE,658,658,2,6,4,5,greedy,16,0.053968199994415,16,0.0033730124996509,False
3,MEDIUM_MAZE,658,658,2,6,4,5,beam_2,16,0.009875199990347,3,0.0032917333301156,True
3,MEDIUM_MAZE,658,658,2,6,4,5,beam_3,16,0.0105144999688491,3,0.0035048333229497,True
3,MEDIUM_MAZE,683,683,3,3,4,5,greedy,16,0.0089153000153601,3,0.0029717666717867,True
3,MEDIUM_MAZE,683,683,3,3,4,5,beam_2,16,0.0102604000130668,3,0.0034201333376889,True
3,MEDIUM_MAZE,683,683,3,3,4,5,beam_3,16,0.0095940000028349,3,0.0031980000009449,True
3,MEDIUM_MAZE,706,706,3,4,4,2,greedy,16,0.0097849000012502,3,0.00326163333375,True
3,MEDIUM_MAZE,706,706,3,4,4,2,beam_2,16,0.0101716999779455,3,0.0033905666593151,True
3,MEDIUM_MAZE,706,706,3,4,4,2,beam_3,16,0.0098534999997355,3,0.0032844999999118,True
3,MEDIUM_MAZE,732,732,3,5,4,3,greedy,16,0.0091061000130139,3,0.0030353666710046,True
3,MEDIUM_MAZE,732,732,3,5,4,3,beam_2,16,0.0089480000315234,3,0.0029826666771744,True
3,MEDIUM_MAZE,732,732,3,5,4,3,beam_3,16,0.0100683999480679,3,0.0033561333160226,True
3,MEDIUM_MAZE,775,775,4,2,2,3,greedy,16,0.0088954999810084,3,0.0029651666603361,True
3,MEDIUM_MAZE,775,775,4,2,2,3,beam_2,16,0.0105692999786697,3,0.0035230999928899,True
3,MEDIUM_MAZE,775,775,4,2,2,3,beam_3,16,0.0120996999903582,3,0.0040332333301194,True
3,MEDIUM_MAZE,805,805,4,3,3,5,greedy,16,0.00974429998314,3,0.00324809999438,True
3,MEDIUM_MAZE,805,805,4,3,3,5,beam_2,16,0.0113724999828264,3,0.0037908333276088,True
3,MEDIUM_MAZE,805,805,4,3,3,5,beam_3,16,0.0120291999774053,3,0.0040097333258017,True
3,MEDIUM_MAZE,828,828,4,5,3,3,greedy,16,0.0111900000483728,3,0.0037300000161242,True
3,MEDIUM_MAZE,828,828,4,5,3,3,beam_2,16,0.011904900020454,3,0.003968300006818,True
3,MEDIUM_MAZE,828,828,4,5,3,3,beam_3,16,0.0116296000196598,3,0.0038765333398866,True
3,MEDIUM_MAZE,883,883,5,1,4,3,greedy,16,0.0096454999875277,3,0.0032151666625092,True
3,MEDIUM_MAZE,883,883,5,1,4,3,beam_2,16,0.0107277000206522,3,0.003575900006884,True
3,MEDIUM_MAZE,883,883,5,1,4,3,beam_3,16,0.0108880000188946,3,0.0036293333396315,True
3,MEDIUM_MAZE,928,928,5,4,3,3,greedy,16,0.0584191999514587,16,0.0036511999969661,False
3,MEDIUM_MAZE,928,928,5,4,3,3,beam_2,16,0.0106814000173471,3,0.003560466672449,True
3,MEDIUM_MAZE,928,928,5,4,3,3,beam_3,16,0.0110759999952279,3,0.0036919999984093,True
3,MEDIUM_MAZE,982,982,6,1,4,2,greedy,16,0.0091403999831527,3,0.0030467999943842,True
3,MEDIUM_MAZE,982,982,6,1,4,2,beam_2,16,0.0098222999949939,3,0.0032740999983313,True
3,MEDIUM_MAZE,982,982,6,1,4,2,beam_3,16,0.0097986999899148,3,0.0032662333299716,True
3,MEDIUM_MAZE,1062,1062,6,5,5,3,greedy,16,0.0107596999732777,3,0.0035865666577592,True
3,MEDIUM_MAZE,1062,1062,6,5,5,3,beam_2,16,0.0103385999682359,3,0.0034461999894119,True
3,MEDIUM_MAZE,1062,1062,6,5,5,3,beam_3,16,0.0097649999661371,3,0.0032549999887123,True
3,MEDIUM_MAZE,482,482,1,2,4,3,greedy,16,0.0120306999888271,4,0.0030076749972067,True
3,MEDIUM_MAZE,482,482,1,2,4,3,beam_2,16,0.0133098000078462,4,0.0033274500019615,True
3,MEDIUM_MAZE,482,482,1,2,4,3,beam_3,16,0.0156986000365577,4,0.0039246500091394,True
3,MEDIUM_MAZE,553,553,2,1,3,4,greedy,16,0.0192157999845221,6,0.0032026333307536,True
3,MEDIUM_MAZE,553,553,2,1,3,4,beam_2,16,0.0133595999795943,4,0.0033398999948985,True
3,MEDIUM_MAZE,553,553,2,1,3,4,beam_3,16,0.0141314000356942,4,0.0035328500089235,True
3,MEDIUM_MAZE,600,600,2,3,2,5,greedy,16,0.0117971000145189,4,0.0029492750036297,True
3,MEDIUM_MAZE,600,600,2,3,2,5,beam_2,16,0.0155953000066801,4,0.00389882500167,True
3,MEDIUM_MAZE,600,600,2,3,2,5,beam_3,16,0.0151341999880969,4,0.0037835499970242,True
3,MEDIUM_MAZE,632,632,2,5,4,3,greedy,16,0.0124688000068999,4,0.0031172000017249,True
3,MEDIUM_MAZE,632,632,2,5,4,3,beam_2,16,0.0130239999853074,4,0.0032559999963268,True
3,MEDIUM_MAZE,632,632,2,5,4,3,beam_3,16,0.0140913000213913,4,0.0035228250053478,True
3,MEDIUM_MAZE,671,671,3,3,1,5,greedy,16,0.011159999994561,4,0.0027899999986402,True
3,MEDIUM_MAZE,671,671,3,3,1,5,beam_2,16,0.0128749000141397,4,0.0032187250035349,True
3,MEDIUM_MAZE,671,671,3,3,1,5,beam_3,16,0.0136270000366494,4,0.0034067500091623,True
3,MEDIUM_MAZE,695,695,3,4,1,2,greedy,16,0.0117012999835424,4,0.0029253249958856,True
3,MEDIUM_MAZE,695,695,3,4,1,2,beam_2,16,0.0126407999778166,4,0.0031601999944541,True
3,MEDIUM_MAZE,695,695,3,4,1,2,beam_3,16,0.0150206999969668,4,0.0037551749992417,True
3,MEDIUM_MAZE,713,713,3,4,5,6,greedy,16,0.013370800006669,4,0.0033427000016672,True
3,MEDIUM_MAZE,713,713,3,4,5,6,beam_2,16,0.0128927000332623,4,0.0032231750083155,True
3,MEDIUM_MAZE,713,713,3,4,5,6,beam_3,16,0.0145109000150114,4,0.0036277250037528,True
3,MEDIUM_MAZE,750,750,4,1,2,3,greedy,16,0.0526927000028081,16,0.0032932937501755,False
3,MEDIUM_MAZE,750,750,4,1,2,3,beam_2,16,0.0127531000180169,4,0.0031882750045042,True
3,MEDIUM_MAZE,750,750,4,1,2,3,beam_3,16,0.0135830999934114,4,0.0033957749983528,True
3,MEDIUM_MAZE,790,790,4,2,6,2,greedy,16,0.0486558999982662,16,0.0030409937498916,False
3,MEDIUM_MAZE,790,790,4,2,6,2,beam_2,16,0.0594741000095382,16,0.0037171312505961,False
3,MEDIUM_MAZE,790,790,4,2,6,2,beam_3,16,0.0653057000017725,16,0.0040816062501107,False
3,MEDIUM_MAZE,808,808,4,3,4,5,greedy,16,0.0121237999992445,4,0.0030309499998111,True
3,MEDIUM_MAZE,808,808,4,3,4,5,beam_2,16,0.01422630000161,4,0.0035565750004025,True
3,MEDIUM_MAZE,808,808,4,3,4,5,beam_3,16,0.0131341000087559,4,0.0032835250021889,True
3,MEDIUM_MAZE,833,833,4,5,4,3,greedy,16,0.011780800006818,4,0.0029452000017045,True
3,MEDIUM_MAZE,833,833,4,5,4,3,beam_2,16,0.0124370999983511,4,0.0031092749995877,True
3,MEDIUM_MAZE,833,833,4,5,4,3,beam_3,16,0.013755600026343,4,0.0034389000065857,True
3,MEDIUM_MAZE,866,866,4,6,6,4,greedy,16,0.0239979999605566,8,0.0029997499950695,True
3,MEDIUM_MAZE,866,866,4,6,6,4,beam_2,16,0.0262999000260606,8,0.0032874875032575,True
3,MEDIUM_MAZE,866,866,4,6,6,4,beam_3,16,0.0132027000072412,4,0.0033006750018103,True
3,MEDIUM_MAZE,911,911,5,3,5,1,greedy,16,0.0106229999801144,4,0.0026557499950286,True
3,MEDIUM_MAZE,911,911,5,3,5,1,beam_2,16,0.0124184999731369,4,0.0031046249932842,True
3,MEDIUM_MAZE,911,911,5,3,5,1,beam_3,16,0.0121631000074557,4,0.0030407750018639,True
3,MEDIUM_MAZE,938,938,5,4,5,6,greedy,16,0.0157586999703198,6,0.0026264499950533,True
3,MEDIUM_MAZE,938,938,5,4,5,6,beam_2,16,0.0112833000021055,4,0.0028208250005263,True
3,MEDIUM_MAZE,938,938,5,4,5,6,beam_3,16,0.0137930999626405,4,0.0034482749906601,True
3,MEDIUM_MAZE,1007,1007,6,2,4,2,greedy,16,0.010958099970594,4,0.0027395249926485,True
3,MEDIUM_MAZE,1007,1007,6,2,4,2,beam_2,16,0.0118521999684162,4,0.002963049992104,True
3,MEDIUM_MAZE,1007,1007,6,2,4,2,beam_3,16,0.0111953999730758,4,0.0027988499932689,True
3,MEDIUM_MAZE,1059,1059,6,5,4,5,greedy,16,0.0109817000338807,4,0.0027454250084701,True
3,MEDIUM_MAZE,1059,1059,6,5,4,5,beam_2,16,0.0117186999996192,4,0.0029296749999048,True
3,MEDIUM_MAZE,1059,1059,6,5,4,5,beam_3,16,0.0117983999662101,4,0.0029495999915525,True
3,MEDIUM_MAZE,479,479,1,2,3,5,greedy,16,0.0128864999860525,5,0.0025772999972105,True
3,MEDIUM_MAZE,479,479,1,2,3,5,beam_2,16,0.0150945999776013,5,0.0030189199955202,True
3,MEDIUM_MAZE,479,479,1,2,3,5,beam_3,16,0.0154640999971888,5,0.0030928199994377,True
3,MEDIUM_MAZE,513,513,1,5,5,6,greedy,16,0.0131786999991163,5,0.0026357399998232,True
3,MEDIUM_MAZE,513,513,1,5,5,6,beam_2,16,0.0155482999980449,5,0.0031096599996089,True
3,MEDIUM_MAZE,513,513,1,5,5,6,beam_3,16,0.0160909999976865,5,0.0032181999995373,True
3,MEDIUM_MAZE,561,561,2,1,5,3,greedy,16,0.0184560000197961,7,0.0026365714313994,True
3,MEDIUM_MAZE,561,561,2,1,5,3,beam_2,16,0.0145422000205144,5,0.0029084400041028,True
3,MEDIUM_MAZE,561,561,2,1,5,3,beam_3,16,0.015121900010854,5,0.0030243800021708,True
3,MEDIUM_MAZE,596,596,2,3,1,5,greedy,16,0.0146899999817833,5,0.0029379999963566,True
3,MEDIUM_MAZE,596,596,2,3,1,5,beam_2,16,0.0194931000005453,5,0.003898620000109,True
3,MEDIUM_MAZE,596,596,2,3,1,5,beam_3,16,0.0190851000370457,5,0.0038170200074091,True
3,MEDIUM_MAZE,624,624,2,5,2,2,greedy,16,0.0719001000397838,16,0.0044937562524864,False
3,MEDIUM_MAZE,624,624,2,5,2,2,beam_2,16,0.0689548999653197,16,0.0043096812478324,False
3,MEDIUM_MAZE,624,624,2,5,2,2,beam_3,16,0.0238602000172249,5,0.0047720400034449,True
3,MEDIUM_MAZE,657,657,2,6,4,3,greedy,16,0.0173807999817654,5,0.003476159996353,True
3,MEDIUM_MAZE,657,657,2,6,4,3,beam_2,16,0.0205520000308752,5,0.004110400006175,True
3,MEDIUM_MAZE,657,657,2,6,4,3,beam_3,16,0.0191707999911159,5,0.0038341599982231,True
3,MEDIUM_MAZE,692,692,3,3,6,5,greedy,16,0.0156972000258974,5,0.0031394400051794,True
3,MEDIUM_MAZE,692,692,3,3,6,5,beam_2,16,0.0182049999712035,5,0.0036409999942407,True
3,MEDIUM_MAZE,692,692,3,3,6,5,beam_3,16,0.0207558000111021,5,0.0041511600022204,True
3,MEDIUM_MAZE,720,720,3,5,1,2,greedy,16,0.0161045999848283,5,0.0032209199969656,True
3,MEDIUM_MAZE,720,720,3,5,1,2,beam_2,16,0.0179574000067077,5,0.0035914800013415,True
3,MEDIUM_MAZE,720,720,3,5,1,2,beam_3,16,0.0188787999795749,5,0.0037757599959149,True
3,MEDIUM_MAZE,749,749,4,1,2,2,greedy,16,0.0550057999789714,16,0.0034378624986857,False
3,MEDIUM_MAZE,749,749,4,1,2,2,beam_2,16,0.0683098000008612,16,0.0042693625000538,False
3,MEDIUM_MAZE,749,749,4,1,2,2,beam_3,16,0.0185132000478915,5,0.0037026400095783,True
3,MEDIUM_MAZE,776,776,4,2,2,5,greedy,16,0.015082900004927,5,0.0030165800009854,True
3,MEDIUM_MAZE,776,776,4,2,2,5,beam_2,16,0.0170263000181876,5,0.0034052600036375,True
3,MEDIUM_MAZE,776,776,4,2,2,5,beam_3,16,0.0178296000231057,5,0.0035659200046211,True
3,MEDIUM_MAZE,802,802,4,3,2,6,greedy,16,0.0174031000351533,5,0.0034806200070306,True
3,MEDIUM_MAZE,802,802,4,3,2,6,beam_2,16,0.0202794999931938,5,0.0040558999986387,True
3,MEDIUM_MAZE,802,802,4,3,2,6,beam_3,16,0.0169308999902568,5,0.0033861799980513,True
3,MEDIUM_MAZE,832,832,4,5,4,2,greedy,16,0.0485853000427596,16,0.0030365812526724,False
3,MEDIUM_MAZE,832,832,4,5,4,2,beam_2,16,0.0190562999923713,5,0.0038112599984742,True
3,MEDIUM_MAZE,832,832,4,5,4,2,beam_3,16,0.0161041000392287,5,0.0032208200078457,True
3,MEDIUM_MAZE,858,858,4,6,4,3,greedy,16,0.0139176999800838,5,0.0027835399960167,True
3,MEDIUM_MAZE,858,858,4,6,4,3,beam_2,16,0.0155645000049844,5,0.0031129000009968,True
3,MEDIUM_MAZE,858,858,4,6,4,3,beam_3,16,0.0157662999699823,5,0.0031532599939964,True
3,MEDIUM_MAZE,895,895,5,3,1,2,greedy,16,0.013283499982208,5,0.0026566999964416,True
3,MEDIUM_MAZE,895,895,5,3,1,2,beam_2,16,0.0150390000198967,5,0.0030078000039793,True
3,MEDIUM_MAZE,895,895,5,3,1,2,beam_3,16,0.0159344000276178,5,0.0031868800055235,True
3,MEDIUM_MAZE,914,914,5,3,6,1,greedy,16,0.0455635000253096,15,0.0030375666683539,True
3,MEDIUM_MAZE,914,914,5,3,6,1,beam_2,16,0.0149020999670028,5,0.0029804199934005,True
3,MEDIUM_MAZE,914,914,5,3,6,1,beam_3,16,0.0151043999940156,5,0.0030208799988031,True
3,MEDIUM_MAZE,946,946,5,6,1,5,greedy,16,0.0130387999815866,5,0.0026077599963173,True
3,MEDIUM_MAZE,946,946,5,6,1,5,beam_2,16,0.0139784000348299,5,0.0027956800069659,True
3,MEDIUM_MAZE,946,946,5,6,1,5,beam_3,16,0.0149697000160813,5,0.0029939400032162,True
3,MEDIUM_MAZE,987,987,6,1,5,3,greedy,16,0.042819199967198,15,0.0028546133311465,True
3,MEDIUM_MAZE,987,987,6,1,5,3,beam_2,16,0.0144279999658465,5,0.0028855999931693,True
3,MEDIUM_MAZE,987,987,6,1,5,3,beam_3,16,0.0153200000058859,5,0.0030640000011771,True
3,MEDIUM_MAZE,1034,1034,6,4,4,5,greedy,16,0.0123944000224582,5,0.0024788800044916,True
3,MEDIUM_MAZE,1034,1034,6,4,4,5,beam_2,16,0.0144151999847963,5,0.0028830399969592,True
3,MEDIUM_MAZE,1034,1034,6,4,4,5,beam_3,16,0.0152224999619647,5,0.0030444999923929,True
3,MEDIUM_MAZE,1079,1079,6,6,3,4,greedy,16,0.0478616999462246,16,0.002991356246639,False
3,MEDIUM_MAZE,1079,1079,6,6,3,4,beam_2,16,0.0499210999696515,16,0.0031200687481032,False
3,MEDIUM_MAZE,1079,1079,6,6,3,4,beam_3,16,0.0146350999712012,5,0.0029270199942402,True
3,MEDIUM_MAZE,475,475,1,2,2,5,greedy,16,0.0148044000379741,6,0.002467400006329,True
3,MEDIUM_MAZE,475,475,1,2,2,5,beam_2,16,0.0168421000125817,6,0.0028070166687636,True
3,MEDIUM_MAZE,475,475,1,2,2,5,beam_3,16,0.0193283999687992,6,0.0032213999947998,True
3,MEDIUM_MAZE,506,506,1,5,4,2,greedy,16,0.0449942999985069,16,0.0028121437499066,False
3,MEDIUM_MAZE,506,506,1,5,4,2,beam_2,16,0.0172337000258266,6,0.0028722833376377,True
3,MEDIUM_MAZE,506,506,1,5,4,2,beam_3,16,0.018839200027287,6,0.0031398666712145,True
3,MEDIUM_MAZE,538,538,1,6,5,6,greedy,16,0.0181766000459902,6,0.0030294333409983,True
3,MEDIUM_MAZE,538,538,1,6,5,6,beam_2,16,0.0206109000137075,6,0.0034351500022845,True
3,MEDIUM_MAZE,538,538,1,6,5,6,beam_3,16,0.0221668999874964,6,0.0036944833312494,True
3,MEDIUM_MAZE,571,571,2,2,1,5,greedy,16,0.0422416999936103,12,0.0035201416661341,True
3,MEDIUM_MAZE,571,571,2,2,1,5,beam_2,16,0.0200351999956183,6,0.0033391999992697,True
3,MEDIUM_MAZE,571,571,2,2,1,5,beam_3,16,0.0202041000011377,6,0.0033673500001896,True
3,MEDIUM_MAZE,597,597,2,3,1,6,greedy,16,0.0163465000223368,6,0.0027244166703894,True
3,MEDIUM_MAZE,597,597,2,3,1,6,beam_2,16,0.0192840999807231,6,0.0032140166634538,True
3,MEDIUM_MAZE,597,597,2,3,1,6,beam_3,16,0.022974899969995,6,0.0038291499949991,True
3,MEDIUM_MAZE,623,623,2,5,2,1,greedy,16,0.0189037999953143,6,0.0031506333325523,True
3,MEDIUM_MAZE,623,623,2,5,2,1,beam_2,16,0.0178578000050038,6,0.0029763000008339,True
3,MEDIUM_MAZE,623,623,2,5,2,1,beam_3,16,0.0192953000077977,6,0.0032158833346329,True
3,MEDIUM_MAZE,656,656,2,6,4,2,greedy,16,0.0482401000335812,16,0.0030150062520988,False
3,MEDIUM_MAZE,656,656,2,6,4,2,beam_2,16,0.0176353999995626,6,0.0029392333332604,True
3,MEDIUM_MAZE,656,656,2,6,4,2,beam_3,16,0.0182134000351652,6,0.0030355666725275,True
3,MEDIUM_MAZE,714,714,3,4,6,1,greedy,16,0.0151910999557003,6,0.0025318499926167,True
3,MEDIUM_MAZE,714,714,3,4,6,1,beam_2,16,0.0175109999836422,6,0.0029184999972737,True
3,MEDIUM_MAZE,714,714,3,4,6,1,beam_3,16,0.0183369000442326,6,0.0030561500073721,True
3,MEDIUM_MAZE,745,745,4,1,1,2,greedy,16,0.0213819000055082,8,0.0026727375006885,True
3,MEDIUM_MAZE,745,745,4,1,1,2,beam_2,16,0.0247379000065848,8,0.0030922375008231,True
3,MEDIUM_MAZE,745,745,4,1,1,2,beam_3,16,0.0182150999899022,6,0.003035849998317,True
3,MEDIUM_MAZE,769,769,4,2,1,1,greedy,16,0.0155398999922908,6,0.0025899833320484,True
3,MEDIUM_MAZE,769,769,4,2,1,1,beam_2,16,0.0178903000196442,6,0.0029817166699407,True
3,MEDIUM_MAZE,769,769,4,2,1,1,beam_3,16,0.0177802999969571,6,0.0029633833328261,True
3,MEDIUM_MAZE,797,797,4,3,1,6,greedy,16,0.0161189000355079,6,0.0026864833392513,True
3,MEDIUM_MAZE,797,797,4,3,1,6,beam_2,16,0.0176541000255383,6,0.0029423500042563,True
3,MEDIUM_MAZE,797,797,4,3,1,6,beam_3,16,0.0179125000140629,6,0.0029854166690104,True
3,MEDIUM_MAZE,837,837,4,5,5,4,greedy,16,0.0160096000181511,6,0.0026682666696918,True
3,MEDIUM_MAZE,837,837,4,5,5,4,beam_2,16,0.018400999950245,6,0.0030668333250408,True
3,MEDIUM_MAZE,837,837,4,5,5,4,beam_3,16,0.0196913999971002,6,0.0032818999995167,True
3,MEDIUM_MAZE,880,880,5,1,3,5,greedy,16,0.0153685999684967,6,0.0025614333280827,True
3,MEDIUM_MAZE,880,880,5,1,3,5,beam_2,16,0.0177221999620087,6,0.0029536999936681,True
3,MEDIUM_MAZE,880,880,5,1,3,5,beam_3,16,0.0191844999790191,6,0.0031974166631698,True
3,MEDIUM_MAZE,910,910,5,3,4,6,greedy,16,0.0161266000359319,6,0.0026877666726553,True
3,MEDIUM_MAZE,910,910,5,3,4,6,beam_2,16,0.0173849000129848,6,0.0028974833354974,True
3,MEDIUM_MAZE,910,910,5,3,4,6,beam_3,16,0.0181275999639183,6,0.003021266660653,True
3,MEDIUM_MAZE,934,934,5,4,4,5,greedy,16,0.0148879999760538,6,0.0024813333293423,True
3,MEDIUM_MAZE,934,934,5,4,4,5,beam_2,16,0.0168362999684177,6,0.0028060499947362,True
3,MEDIUM_MAZE,934,934,5,4,4,5,beam_3,16,0.0183668999816291,6,0.0030611499969381,True
3,MEDIUM_MAZE,975,975,6,1,2,3,greedy,16,0.0171710000140592,6,0.0028618333356765,True
3,MEDIUM_MAZE,975,975,6,1,2,3,beam_2,16,0.0181919999886304,6,0.003031999998105,True
3,MEDIUM_MAZE,975,975,6,1,2,3,beam_3,16,0.0179562999983318,6,0.0029927166663886,True
3,MEDIUM_MAZE,1024,1024,6,4,2,2,greedy,16,0.0462307000416331,16,0.002889418752602,False
3,MEDIUM_MAZE,1024,1024,6,4,2,2,beam_2,16,0.018108399992343,6,0.0030180666653905,True
3,MEDIUM_MAZE,1024,1024,6,4,2,2,beam_3,16,0.0182485000113956,6,0.0030414166685659,True
3,MEDIUM_MAZE,1054,1054,6,5,3,4,greedy,16,0.0478677999926731,16,0.002991737499542,False
3,MEDIUM_MAZE,1054,1054,6,5,3,4,beam_2,16,0.0529341999790631,16,0.0033083874986914,False
3,MEDIUM_MAZE,1054,1054,6,5,3,4,beam_3,16,0.0193283999687992,6,0.0032213999947998,True
3,MEDIUM_MAZE,1082,1082,6,6,4,2,greedy,16,0.0496984000201337,16,0.0031061500012583,False
3,MEDIUM_MAZE,1082,1082,6,6,4,2,beam_2,16,0.018896699999459,6,0.0031494499999098,True
3,MEDIUM_MAZE,1082,1082,6,6,4,2,beam_3,16,0.0200658999965526,6,0.0033443166660921,True
3,MEDIUM_MAZE,470,470,1,2,1,5,greedy,16,0.0463267000159248,16,0.0028954187509953,False
3,MEDIUM_MAZE,470,470,1,2,1,5,beam_2,16,0.0202962000039406,7,0.00289945714342,True
3,MEDIUM_MAZE,470,470,1,2,1,5,beam_3,16,0.0231306999921798,7,0.0033043857131685,True
3,MEDIUM_MAZE,495,495,1,5,1,2,greedy,16,0.0300030999933369,9,0.0033336777770374,True
3,MEDIUM_MAZE,495,495,1,5,1,2,beam_2,16,0.0256215999834239,7,0.0036602285690605,True
3,MEDIUM_MAZE,495,495,1,5,1,2,beam_3,16,0.0286544000264257,7,0.0040934857180608,True
3,MEDIUM_MAZE,523,523,1,6,2,2,greedy,16,0.0569792999885976,16,0.0035612062492873,False
3,MEDIUM_MAZE,523,523,1,6,2,2,beam_2,16,0.0569421999971382,16,0.0035588874998211,False
3,MEDIUM_MAZE,523,523,1,6,2,2,beam_3,16,0.0568809999967925,16,0.0035550624997995,False
3,MEDIUM_MAZE,551,551,2,1,2,6,greedy,16,0.043876200041268,16,0.0027422625025792,False
3,MEDIUM_MAZE,551,551,2,1,2,6,beam_2,16,0.0214116999995894,7,0.0030588142856556,True
3,MEDIUM_MAZE,551,551,2,1,2,6,beam_3,16,0.0214865000452846,7,0.0030695000064692,True
3,MEDIUM_MAZE,588,588,2,2,5,6,greedy,16,0.0177927000331692,7,0.0025418142904527,True
3,MEDIUM_MAZE,588,588,2,2,5,6,beam_2,16,0.0206717000110074,7,0.0029531000015724,True
3,MEDIUM_MAZE,588,588,2,2,5,6,beam_3,16,0.0210543999564833,7,0.0030077714223547,True
3,MEDIUM_MAZE,619,619,2,5,1,1,greedy,16,0.0197301000007428,7,0.0028185857143918,True
3,MEDIUM_MAZE,619,619,2,5,1,1,beam_2,16,0.022062600008212,7,0.0031518000011731,True
3,MEDIUM_MAZE,619,619,2,5,1,1,beam_3,16,0.0229880000115372,7,0.0032840000016481,True
3,MEDIUM_MAZE,655,655,2,6,4,1,greedy,16,0.0186765999533236,7,0.0026680857076176,True
3,MEDIUM_MAZE,655,655,2,6,4,1,beam_2,16,0.0205970000242814,7,0.0029424285748973,True
3,MEDIUM_MAZE,655,655,2,6,4,1,beam_3,16,0.0215639999951235,7,0.0030805714278747,True
3,MEDIUM_MAZE,744,744,4,1,1,1,greedy,16,0.0354411000153049,13,0.0027262384627157,True
3,MEDIUM_MAZE,744,744,4,1,1,1,beam_2,16,0.0198769000126048,7,0.0028395571446578,True
3,MEDIUM_MAZE,744,744,4,1,1,1,beam_3,16,0.0251101999892853,7,0.0035871714270407,True
3,MEDIUM_MAZE,772,772,4,2,1,6,greedy,16,0.0184020999586209,7,0.0026288714226601,True
3,MEDIUM_MAZE,772,772,4,2,1,6,beam_2,16,0.021226699987892,7,0.003032385712556,True
3,MEDIUM_MAZE,772,772,4,2,1,6,beam_3,16,0.0224777999683283,7,0.0032111142811897,True
3,MEDIUM_MAZE,848,848,4,6,2,1,greedy,16,0.0321515000541694,11,0.0029228636412881,True
3,MEDIUM_MAZE,848,848,4,6,2,1,beam_2,16,0.0209932999568991,7,0.0029990428509855,True
3,MEDIUM_MAZE,848,848,4,6,2,1,beam_3,16,0.021781200019177,7,0.0031116000027395,True
3,MEDIUM_MAZE,884,884,5,1,4,5,greedy,16,0.0180553999962285,7,0.002579342856604,True
3,MEDIUM_MAZE,884,884,5,1,4,5,beam_2,16,0.0199743999983184,7,0.0028534857140454,True
3,MEDIUM_MAZE,884,884,5,1,4,5,beam_3,16,0.0226111999945715,7,0.0032301714277959,True
3,MEDIUM_MAZE,927,927,5,4,2,6,greedy,16,0.0354441999807022,13,0.0027264769215924,True
3,MEDIUM_MAZE,927,927,5,4,2,6,beam_2,16,0.0275280000059865,9,0.0030586666673318,True
3,MEDIUM_MAZE,927,927,5,4,2,6,beam_3,16,0.0224544000229798,7,0.0032077714318542,True
3,MEDIUM_MAZE,980,980,6,1,3,5,greedy,16,0.0252530999714508,9,0.0028058999968278,True
3,MEDIUM_MAZE,980,980,6,1,3,5,beam_2,16,0.020683699985966,7,0.0029548142837094,True
3,MEDIUM_MAZE,980,980,6,1,3,5,beam_3,16,0.0225842000218108,7,0.0032263142888301,True
3,MEDIUM_MAZE,1020,1020,6,4,1,2,greedy,16,0.0261404000339098,9,0.0029044888926566,True
3,MEDIUM_MAZE,1020,1020,6,4,1,2,beam_2,16,0.0326363999629393,9,0.0036262666625488,True
3,MEDIUM_MAZE,1020,1020,6,4,1,2,beam_3,16,0.0299639999866485,9,0.0033293333318498,True
3,MEDIUM_MAZE,1049,1049,6,5,2,2,greedy,16,0.0194121000240556,7,0.0027731571462936,True
3,MEDIUM_MAZE,1049,1049,6,5,2,2,beam_2,16,0.0234671999933198,7,0.0033524571419028,True
3,MEDIUM_MAZE,1049,1049,6,5,2,2,beam_3,16,0.0245487999636679,7,0.0035069714233811,True
3,MEDIUM_MAZE,1081,1081,6,6,4,1,greedy,16,0.0196428000344894,7,0.0028061142906413,True
3,MEDIUM_MAZE,1081,1081,6,6,4,1,beam_2,16,0.0215103999944403,7,0.00307291428492,True
3,MEDIUM_MAZE,1081,1081,6,6,4,1,beam_3,16,0.021494899992831,7,0.0030706999989758,True
3,MEDIUM_MAZE,466,466,1,1,6,4,greedy,18,0.0456599000026471,8,0.0057074875003308,True
3,MEDIUM_MAZE,466,466,1,1,6,4,beam_2,18,0.0361110999947413,8,0.0045138874993426,True
3,MEDIUM_MAZE,466,466,1,1,6,4,beam_3,18,0.0312970000086352,8,0.0039121250010794,True
3,MEDIUM_MAZE,494,494,1,5,1,1,greedy,18,0.0287030999897979,8,0.0035878874987247,True
3,MEDIUM_MAZE,494,494,1,5,1,1,beam_2,18,0.032702500000596,8,0.0040878125000745,True
3,MEDIUM_MAZE,494,494,1,5,1,1,beam_3,18,0.032871100003831,8,0.0041088875004788,True
3,MEDIUM_MAZE,530,530,1,6,4,1,greedy,18,0.0244333000155165,8,0.0030541625019395,True
3,MEDIUM_MAZE,530,530,1,6,4,1,beam_2,18,0.0294308000011369,8,0.0036788500001421,True
3,MEDIUM_MAZE,530,530,1,6,4,1,beam_3,18,0.0340011999942362,8,0.0042501499992795,True
3,MEDIUM_MAZE,564,564,2,1,6,1,greedy,18,0.0300667999545112,10,0.0030066799954511,True
3,MEDIUM_MAZE,564,564,2,1,6,1,beam_2,18,0.0245407000184059,8,0.0030675875023007,True
3,MEDIUM_MAZE,564,564,2,1,6,1,beam_3,18,0.0271101000253111,8,0.0033887625031638,True
3,MEDIUM_MAZE,644,644,2,6,1,1,greedy,18,0.0245592999854125,8,0.0030699124981765,True
3,MEDIUM_MAZE,644,644,2,6,1,1,beam_2,18,0.0302729000104591,8,0.0037841125013073,True
3,MEDIUM_MAZE,644,644,2,6,1,1,beam_3,18,0.0345056999940425,8,0.0043132124992553,True
3,MEDIUM_MAZE,763,763,4,1,5,6,greedy,18,0.0235965000465512,8,0.0029495625058189,True
3,MEDIUM_MAZE,763,763,4,1,5,6,beam_2,18,0.0275057999533601,8,0.00343822499417,True
3,MEDIUM_MAZE,763,763,4,1,5,6,beam_3,18,0.0282945999642834,8,0.0035368249955354,True
3,MEDIUM_MAZE,871,871,5,1,1,5,greedy,18,0.023521700000856,8,0.002940212500107,True
3,MEDIUM_MAZE,871,871,5,1,1,5,beam_2,18,0.0275776999769732,8,0.0034472124971216,True
3,MEDIUM_MAZE,871,871,5,1,1,5,beam_3,18,0.0300944000482559,8,0.0037618000060319,True
3,MEDIUM_MAZE,945,945,5,6,1,2,greedy,18,0.0378769999952055,12,0.0031564166662671,True
3,MEDIUM_MAZE,945,945,5,6,1,2,beam_2,18,0.0265022999956272,8,0.0033127874994534,True
3,MEDIUM_MAZE,945,945,5,6,1,2,beam_3,18,0.0280524000409059,8,0.0035065500051132,True
3,MEDIUM_MAZE,976,976,6,1,2,5,greedy,18,0.0298162000253796,10,0.0029816200025379,True
3,MEDIUM_MAZE,976,976,6,1,2,5,beam_2,18,0.0271279000444337,8,0.0033909875055542,True
3,MEDIUM_MAZE,976,976,6,1,2,5,beam_3,18,0.0342423999682068,8,0.0042802999960258,True
3,MEDIUM_MAZE,1016,1016,6,2,6,4,greedy,18,0.0319311000057496,8,0.0039913875007187,True
3,MEDIUM_MAZE,1016,1016,6,2,6,4,beam_2,18,0.0321079000132158,8,0.0040134875016519,True
3,MEDIUM_MAZE,1016,1016,6,2,6,4,beam_3,18,0.0293303999933414,8,0.0036662999991676,True
3,MEDIUM_MAZE,1045,1045,6,5,1,2,greedy,18,0.0443850000156089,12,0.0036987500013007,True
3,MEDIUM_MAZE,1045,1045,6,5,1,2,beam_2,18,0.0302366999676451,8,0.0037795874959556,True
3,MEDIUM_MAZE,1045,1045,6,5,1,2,beam_3,18,0.0304142000386491,8,0.0038017750048311,True
3,MEDIUM_MAZE,1086,1086,6,6,5,1,greedy,18,0.0267554000020027,8,0.0033444250002503,True
3,MEDIUM_MAZE,1086,1086,6,6,5,1,beam_2,18,0.028725900046993,8,0.0035907375058741,True
3,MEDIUM_MAZE,1086,1086,6,6,5,1,beam_3,18,0.0278967999620363,8,0.0034870999952545,True
3,MEDIUM_MAZE,490,490,1,2,6,2,greedy,20,0.0263256999896839,9,0.0029250777766315,True
3,MEDIUM_MAZE,490,490,1,2,6,2,beam_2,20,0.0319096000166609,9,0.0035455111129623,True
3,MEDIUM_MAZE,490,490,1,2,6,2,beam_3,20,0.0321179999737069,9,0.0035686666637452,True
3,MEDIUM_MAZE,541,541,1,6,6,4,greedy,20,0.0265318000456318,9,0.0029479777828479,True
3,MEDIUM_MAZE,541,541,1,6,6,4,beam_2,20,0.0303096999996341,9,0.0033677444444037,True
3,MEDIUM_MAZE,541,541,1,6,6,4,beam_3,20,0.0314050000160932,9,0.0034894444462325,True
3,MEDIUM_MAZE,840,840,4,5,6,2,greedy,20,0.0287192999967373,9,0.0031910333329708,True
3,MEDIUM_MAZE,840,840,4,5,6,2,beam_2,20,0.0358276999904774,9,0.0039808555544974,True
3,MEDIUM_MAZE,840,840,4,5,6,2,beam_3,20,0.0371465000207535,9,0.0041273888911948,True
3,MEDIUM_MAZE,961,961,5,6,5,1,greedy,20,0.0308839999488554,9,0.0034315555498728,True
3,MEDIUM_MAZE,961,961,5,6,5,1,beam_2,20,0.0353904000367037,9,0.0039322666707448,True
3,MEDIUM_MAZE,961,961,5,6,5,1,beam_3,20,0.0373416999937035,9,0.0041490777770781,True
3,MEDIUM_MAZE,993,993,6,1,6,6,greedy,20,0.0616927000228315,19,0.0032469842117279,False
3,MEDIUM_MAZE,993,993,6,1,6,6,beam_2,20,0.0301001999760046,9,0.0033444666640005,True
3,MEDIUM_MAZE,993,993,6,1,6,6,beam_3,20,0.0313852000399492,9,0.0034872444488832,True
3,MEDIUM_MAZE,1017,1017,6,2,6,5,greedy,20,0.0244877999648451,9,0.0027208666627605,True
3,MEDIUM_MAZE,1017,1017,6,2,6,5,beam_2,20,0.0273825000040233,9,0.003042500000447,True
3,MEDIUM_MAZE,1017,1017,6,2,6,5,beam_3,20,0.029091199976392,9,0.0032323555529324,True
3,MEDIUM_MAZE,1073,1073,6,6,2,1,greedy,20,0.0247264999779872,9,0.002747388886443,True
3,MEDIUM_MAZE,1073,1073,6,6,2,1,beam_2,20,0.0286246000323444,9,0.0031805111147049,True
3,MEDIUM_MAZE,1073,1073,6,6,2,1,beam_3,20,0.0294613000005483,9,0.0032734777778387,True
3,MEDIUM_MAZE,539,539,1,6,6,1,greedy,22,0.0627236000145785,19,0.0033012421060304,False
3,MEDIUM_MAZE,539,539,1,6,6,1,beam_2,22,0.0337482999893836,10,0.0033748299989383,True
3,MEDIUM_MAZE,539,539,1,6,6,1,beam_3,22,0.0352529999800026,10,0.0035252999980002,True
3,MEDIUM_MAZE,989,989,6,1,5,6,greedy,22,0.0571890999563038,19,0.0030099526292791,False
3,MEDIUM_MAZE,989,989,6,1,5,6,beam_2,22,0.031253800028935,10,0.0031253800028935,True
3,MEDIUM_MAZE,989,989,6,1,5,6,beam_3,22,0.0320426000398583,10,0.0032042600039858,True
3,MEDIUM_MAZE,1018,1018,6,2,6,6,greedy,22,0.0640914000105112,19,0.0033732315795005,False
3,MEDIUM_MAZE,1018,1018,6,2,6,6,beam_2,22,0.032203999988269,10,0.0032203999988269,True
3,MEDIUM_MAZE,1018,1018,6,2,6,6,beam_3,22,0.0342177000129595,10,0.0034217700012959,True
3,MEDIUM_MAZE,997,997,6,2,1,6,greedy,24,0.0314173999940976,11,0.0028561272721906,True
3,MEDIUM_MAZE,997,997,6,2,1,6,beam_2,24,0.0344855000148527,11,0.0031350454558957,True
3,MEDIUM_MAZE,997,997,6,2,1,6,beam_3,24,0.0363527000299654,11,0.003304790911815,True
3,LARGE_MAZE,1790,1790,1,2,1,3,greedy,16,0.0025815999833866,1,0.0025815999833866,True
3,LARGE_MAZE,1790,1790,1,2,1,3,beam_2,16,0.0022316999966278,1,0.0022316999966278,True
3,LARGE_MAZE,1790,1790,1,2,1,3,beam_3,16,0.002672100032214,1,0.002672100032214,True
3,LARGE_MAZE,1882,1882,1,4,1,5,greedy,16,0.0021892000222578,1,0.0021892000222578,True
3,LARGE_MAZE,1882,1882,1,4,1,5,beam_2,16,0.0021555999992415,1,0.0021555999992415,True
3,LARGE_MAZE,1882,1882,1,4,1,5,beam_3,16,0.0027796000358648,1,0.0027796000358648,True
3,LARGE_MAZE,2019,2019,1,8,1,7,greedy,16,0.0445035999873653,16,0.0027814749992103,False
3,LARGE_MAZE,2019,2019,1,8,1,7,beam_2,16,0.0021590000251308,1,0.0021590000251308,True
3,LARGE_MAZE,2019,2019,1,8,1,7,beam_3,16,0.002678700024262,1,0.002678700024262,True
3,LARGE_MAZE,2116,2116,1,10,2,10,greedy,16,0.0447307000285945,16,0.0027956687517871,False
3,LARGE_MAZE,2116,2116,1,10,2,10,beam_2,16,0.0022938000038266,1,0.0022938000038266,True
3,LARGE_MAZE,2116,2116,1,10,2,10,beam_3,16,0.0026615000097081,1,0.0026615000097081,True
3,LARGE_MAZE,2243,2243,2,5,1,5,greedy,16,0.0439377999864518,16,0.0027461124991532,False
3,LARGE_MAZE,2243,2243,2,5,1,5,beam_2,16,0.0022370999795384,1,0.0022370999795384,True
3,LARGE_MAZE,2243,2243,2,5,1,5,beam_3,16,0.0027541000163182,1,0.0027541000163182,True
3,LARGE_MAZE,2350,2350,2,10,3,10,greedy,16,0.0022754999808967,1,0.0022754999808967,True
3,LARGE_MAZE,2350,2350,2,10,3,10,beam_2,16,0.0025811999803408,1,0.0025811999803408,True
3,LARGE_MAZE,2350,2350,2,10,3,10,beam_3,16,0.0028922000201418,1,0.0028922000201418,True
3,LARGE_MAZE,2434,2434,3,2,3,3,greedy,16,0.0459086999762803,16,0.0028692937485175,False
3,LARGE_MAZE,2434,2434,3,2,3,3,beam_2,16,0.0026145000010728,1,0.0026145000010728,True
3,LARGE_MAZE,2434,2434,3,2,3,3,beam_3,16,0.0029330000397749,1,0.0029330000397749,True
3,LARGE_MAZE,2532,2532,3,5,4,5,greedy,16,0.0021289000287652,1,0.0021289000287652,True
3,LARGE_MAZE,2532,2532,3,5,4,5,beam_2,16,0.0024710000143386,1,0.0024710000143386,True
3,LARGE_MAZE,2532,2532,3,5,4,5,beam_3,16,0.0026960999821312,1,0.0026960999821312,True
3,LARGE_MAZE,2618,2618,3,7,3,8,greedy,16,0.0021218000329099,1,0.0021218000329099,True
3,LARGE_MAZE,2618,2618,3,7,3,8,beam_2,16,0.0020733999554067,1,0.0020733999554067,True
3,LARGE_MAZE,2618,2618,3,7,3,8,beam_3,16,0.002659699996002,1,0.002659699996002,True
3,LARGE_MAZE,2747,2747,3,10,2,10,greedy,16,0.0457425999920815,16,0.002858912499505,False
3,LARGE_MAZE,2747,2747,3,10,2,10,beam_2,16,0.0593414000468328,16,0.003708837502927,False
3,LARGE_MAZE,2747,2747,3,10,2,10,beam_3,16,0.00311370001873,1,0.00311370001873,True
3,LARGE_MAZE,2841,2841,4,5,3,5,greedy,16,0.0026562000275589,1,0.0026562000275589,True
3,LARGE_MAZE,2841,2841,4,5,3,5,beam_2,16,0.002445499994792,1,0.002445499994792,True
3,LARGE_MAZE,2841,2841,4,5,3,5,beam_3,16,0.0037826999905519,1,0.0037826999905519,True
3,LARGE_MAZE,2940,2940,5,1,5,2,greedy,16,0.002643399988301,1,0.002643399988301,True
3,LARGE_MAZE,2940,2940,5,1,5,2,beam_2,16,0.003470700001344,1,0.003470700001344,True
3,LARGE_MAZE,2940,2940,5,1,5,2,beam_3,16,0.0029524000128731,1,0.0029524000128731,True
3,LARGE_MAZE,3037,3037,5,3,6,3,greedy,16,0.0027593999984674,1,0.0027593999984674,True
3,LARGE_MAZE,3037,3037,5,3,6,3,beam_2,16,0.0032503000111319,1,0.0032503000111319,True
3,LARGE_MAZE,3037,3037,5,3,6,3,beam_3,16,0.0024416999658569,1,0.0024416999658569,True
3,LARGE_MAZE,3128,3128,5,5,6,5,greedy,16,0.0512759999837726,16,0.0032047499989857,False
3,LARGE_MAZE,3128,3128,5,5,6,5,beam_2,16,0.0027139000012539,1,0.0027139000012539,True
3,LARGE_MAZE,3128,3128,5,5,6,5,beam_3,16,0.0025083000073209,1,0.0025083000073209,True
3,LARGE_MAZE,3261,3261,5,10,5,9,greedy,16,0.0516670999932102,16,0.0032291937495756,False
3,LARGE_MAZE,3261,3261,5,10,5,9,beam_2,16,0.0021651000133715,1,0.0021651000133715,True
3,LARGE_MAZE,3261,3261,5,10,5,9,beam_3,16,0.0027038999833166,1,0.0027038999833166,True
3,LARGE_MAZE,3395,3395,6,7,5,7,greedy,16,0.0471144000184722,16,0.0029446500011545,False
3,LARGE_MAZE,3395,3395,6,7,5,7,beam_2,16,0.0027723999810405,1,0.0027723999810405,True
3,LARGE_MAZE,3395,3395,6,7,5,7,beam_3,16,0.0022930999984964,1,0.0022930999984964,True
3,LARGE_MAZE,3537,3537,7,2,7,1,greedy,16,0.0400171999935992,13,0.0030782461533537,True
3,LARGE_MAZE,3537,3537,7,2,7,1,beam_2,16,0.0022108000121079,1,0.0022108000121079,True
3,LARGE_MAZE,3537,3537,7,2,7,1,beam_3,16,0.002148900006432,1,0.002148900006432,True
3,LARGE_MAZE,3630,3630,7,5,7,6,greedy,16,0.0491398999583907,16,0.0030712437473994,False
3,LARGE_MAZE,3630,3630,7,5,7,6,beam_2,16,0.0029309999663382,1,0.0029309999663382,True
3,LARGE_MAZE,3630,3630,7,5,7,6,beam_3,16,0.0025550000136718,1,0.0025550000136718,True
3,LARGE_MAZE,3761,3761,7,9,6,9,greedy,16,0.0024527999921701,1,0.0024527999921701,True
3,LARGE_MAZE,3761,3761,7,9,6,9,beam_2,16,0.0028585999971255,1,0.0028585999971255,True
3,LARGE_MAZE,3761,3761,7,9,6,9,beam_3,16,0.0023118000244721,1,0.0023118000244721,True
3,LARGE_MAZE,1791,1791,1,2,1,4,greedy,16,0.0059494999586604,2,0.0029747499793302,True
3,LARGE_MAZE,1791,1791,1,2,1,4,beam_2,16,0.0058052000240422,2,0.0029026000120211,True
3,LARGE_MAZE,1791,1791,1,2,1,4,beam_3,16,0.0059721000143326,2,0.0029860500071663,True
3,LARGE_MAZE,1849,1849,1,3,3,3,greedy,16,0.0491035999730229,16,0.0030689749983139,False
3,LARGE_MAZE,1849,1849,1,3,3,3,beam_2,16,0.0523392000468447,16,0.0032712000029277,False
3,LARGE_MAZE,1849,1849,1,3,3,3,beam_3,16,0.0059713999507948,2,0.0029856999753974,True
3,LARGE_MAZE,1940,1940,1,5,3,5,greedy,16,0.0051923000137321,2,0.002596150006866,True
3,LARGE_MAZE,1940,1940,1,5,3,5,beam_2,16,0.0051663000485859,2,0.0025831500242929,True
3,LARGE_MAZE,1940,1940,1,5,3,5,beam_3,16,0.0057574999518692,2,0.0028787499759346,True
3,LARGE_MAZE,2064,2064,1,9,1,7,greedy,16,0.0050944000249728,2,0.0025472000124864,True
3,LARGE_MAZE,2064,2064,1,9,1,7,beam_2,16,0.0048702000058256,2,0.0024351000029128,True
3,LARGE_MAZE,2064,2064,1,9,1,7,beam_3,16,0.0055783000425435,2,0.0027891500212717,True
3,LARGE_MAZE,2163,2163,2,1,3,2,greedy,16,0.0464558000094257,16,0.0029034875005891,False
3,LARGE_MAZE,2163,2163,2,1,3,2,beam_2,16,0.0513525000424124,16,0.0032095312526507,False
3,LARGE_MAZE,2163,2163,2,1,3,2,beam_3,16,0.0053016999736428,2,0.0026508499868214,True
3,LARGE_MAZE,2242,2242,2,5,1,4,greedy,16,0.0379130000364966,14,0.0027080714311783,True
3,LARGE_MAZE,2242,2242,2,5,1,4,beam_2,16,0.0442773000104352,14,0.0031626642864596,True
3,LARGE_MAZE,2242,2242,2,5,1,4,beam_3,16,0.0060277000302448,2,0.0030138500151224,True
3,LARGE_MAZE,2303,2303,2,7,3,8,greedy,16,0.0462784999981522,16,0.0028924062498845,False
3,LARGE_MAZE,2303,2303,2,7,3,8,beam_2,16,0.0050540000083856,2,0.0025270000041928,True
3,LARGE_MAZE,2303,2303,2,7,3,8,beam_3,16,0.0056747000198811,2,0.0028373500099405,True
3,LARGE_MAZE,2389,2389,3,1,3,3,greedy,16,0.0048919999971985,2,0.0024459999985992,True
3,LARGE_MAZE,2389,2389,3,1,3,3,beam_2,16,0.0052012000232934,2,0.0026006000116467,True
3,LARGE_MAZE,2389,2389,3,1,3,3,beam_3,16,0.0056622000411152,2,0.0028311000205576,True
3,LARGE_MAZE,2466,2466,3,3,1,3,greedy,16,0.0051181999733671,2,0.0025590999866835,True
3,LARGE_MAZE,2466,2466,3,3,1,3,beam_2,16,0.0051087000174447,2,0.0025543500087223,True
3,LARGE_MAZE,2466,2466,3,3,1,3,beam_3,16,0.0057586000184528,2,0.0028793000092264,True
3,LARGE_MAZE,2565,2565,3,6,2,5,greedy,16,0.0047323000035248,2,0.0023661500017624,True
3,LARGE_MAZE,2565,2565,3,6,2,5,beam_2,16,0.0052752000046893,2,0.0026376000023446,True
3,LARGE_MAZE,2565,2565,3,6,2,5,beam_3,16,0.0056283000158146,2,0.0028141500079073,True
3,LARGE_MAZE,2616,2616,3,7,3,5,greedy,16,0.0441391000058501,16,0.0027586937503656,False
3,LARGE_MAZE,2616,2616,3,7,3,5,beam_2,16,0.005176400009077,2,0.0025882000045385,True
3,LARGE_MAZE,2616,2616,3,7,3,5,beam_3,16,0.0051579999853856,2,0.0025789999926928,True
3,LARGE_MAZE,2702,2702,3,9,2,10,greedy,16,0.0451470999978482,16,0.0028216937498655,False
3,LARGE_MAZE,2702,2702,3,9,2,10,beam_2,16,0.0517748999991454,16,0.0032359312499465,False
3,LARGE_MAZE,2702,2702,3,9,2,10,beam_3,16,0.0052663999958895,2,0.0026331999979447,True
3,LARGE_MAZE,2766,2766,3,10,5,10,greedy,16,0.0043789999908767,2,0.0021894999954383,True
3,LARGE_MAZE,2766,2766,3,10,5,10,beam_2,16,0.0051107999752275,2,0.0025553999876137,True
3,LARGE_MAZE,2766,2766,3,10,5,10,beam_3,16,0.0054223999613896,2,0.0027111999806948,True
3,LARGE_MAZE,2842,2842,4,5,3,6,greedy,16,0.0448001000331714,16,0.0028000062520732,False
3,LARGE_MAZE,2842,2842,4,5,3,6,beam_2,16,0.0053542000241577,2,0.0026771000120788,True
3,LARGE_MAZE,2842,2842,4,5,3,6,beam_3,16,0.0054681000183336,2,0.0027340500091668,True
3,LARGE_MAZE,2900,2900,4,10,5,9,greedy,16,0.0443175000254996,16,0.0027698437515937,False
3,LARGE_MAZE,2900,2900,4,10,5,9,beam_2,16,0.0501073999912478,16,0.0031317124994529,False
3,LARGE_MAZE,2900,2900,4,10,5,9,beam_3,16,0.0052671000012196,2,0.0026335500006098,True
3,LARGE_MAZE,2992,2992,5,2,6,3,greedy,16,0.0049070999957621,2,0.002453549997881,True
3,LARGE_MAZE,2992,2992,5,2,6,3,beam_2,16,0.0056487999972887,2,0.0028243999986443,True
3,LARGE_MAZE,2992,2992,5,2,6,3,beam_3,16,0.0051609000074677,2,0.0025804500037338,True
3,LARGE_MAZE,3076,3076,5,4,5,2,greedy,16,0.0049279000377282,2,0.0024639500188641,True
3,LARGE_MAZE,3076,3076,5,4,5,2,beam_2,16,0.0054445000132545,2,0.0027222500066272,True
3,LARGE_MAZE,3076,3076,5,4,5,2,beam_3,16,0.0053333999821916,2,0.0026666999910958,True
3,LARGE_MAZE,3134,3134,5,5,7,5,greedy,16,0.049742300005164,16,0.0031088937503227,False
3,LARGE_MAZE,3134,3134,5,5,7,5,beam_2,16,0.0717368000186979,16,0.0044835500011686,False
3,LARGE_MAZE,3134,3134,5,5,7,5,beam_3,16,0.0071901000337675,2,0.0035950500168837,True
3,LARGE_MAZE,3265,3265,5,10,6,9,greedy,16,0.0582154000294394,16,0.0036384625018399,False
3,LARGE_MAZE,3265,3265,5,10,6,9,beam_2,16,0.0066323999781161,2,0.003316199989058,True
3,LARGE_MAZE,3265,3265,5,10,6,9,beam_3,16,0.0057986000319942,2,0.0028993000159971,True
3,LARGE_MAZE,3348,3348,6,5,5,4,greedy,16,0.0053297000122256,2,0.0026648500061128,True
3,LARGE_MAZE,3348,3348,6,5,5,4,beam_2,16,0.0056963999522849,2,0.0028481999761424,True
3,LARGE_MAZE,3348,3348,6,5,5,4,beam_3,16,0.0055285000125877,2,0.0027642500062938,True
3,LARGE_MAZE,3493,3493,7,1,7,3,greedy,16,0.0053450999548658,2,0.0026725499774329,True
3,LARGE_MAZE,3493,3493,7,1,7,3,beam_2,16,0.005365899996832,2,0.002682949998416,True
3,LARGE_MAZE,3493,3493,7,1,7,3,beam_3,16,0.0055212000152096,2,0.0027606000076048,True
3,LARGE_MAZE,3631,3631,7,5,7,7,greedy,16,0.0476372999837622,16,0.0029773312489851,False
3,LARGE_MAZE,3631,3631,7,5,7,7,beam_2,16,0.0052396000246517,2,0.0026198000123258,True
3,LARGE_MAZE,3631,3631,7,5,7,7,beam_3,16,0.0051731000421568,2,0.0025865500210784,True
3,LARGE_MAZE,3756,3756,7,9,5,9,greedy,16,0.0102805000497028,4,0.0025701250124257,True
3,LARGE_MAZE,3756,3756,7,9,5,9,beam_2,16,0.00485219998518,2,0.00242609999259,True
3,LARGE_MAZE,3756,3756,7,9,5,9,beam_3,16,0.0055199000053107,2,0.0027599500026553,True
3,LARGE_MAZE,1766,1766,1,1,4,1,greedy,16,0.044049400021322,16,0.0027530875013326,False
3,LARGE_MAZE,1766,1766,1,1,4,1,beam_2,16,0.0399755000253208,13,0.0030750384634862,True
3,LARGE_MAZE,1766,1766,1,1,4,1,beam_3,16,0.0087064999970607,3,0.0029021666656869,True
3,LARGE_MAZE,1844,1844,1,3,2,5,greedy,16,0.0074022999615408,3,0.0024674333205136,True
3,LARGE_MAZE,1844,1844,1,3,2,5,beam_2,16,0.0082071999786421,3,0.002735733326214,True
3,LARGE_MAZE,1844,1844,1,3,2,5,beam_3,16,0.0086309000034816,3,0.0028769666678272,True
3,LARGE_MAZE,1925,1925,1,5,1,2,greedy,16,0.0448841999750584,16,0.0028052624984411,False
3,LARGE_MAZE,1925,1925,1,5,1,2,beam_2,16,0.0448653000057674,13,0.0034511769235205,True
3,LARGE_MAZE,1925,1925,1,5,1,2,beam_3,16,0.0090177999809384,3,0.0030059333269794,True
3,LARGE_MAZE,1986,1986,1,7,3,6,greedy,16,0.0073864000150933,3,0.0024621333383644,True
3,LARGE_MAZE,1986,1986,1,7,3,6,beam_2,16,0.0081250999937765,3,0.0027083666645921,True
3,LARGE_MAZE,1986,1986,1,7,3,6,beam_3,16,0.0086289999890141,3,0.0028763333296713,True
3,LARGE_MAZE,2080,2080,1,9,3,10,greedy,16,0.04414790001465,16,0.0027592437509156,False
3,LARGE_MAZE,2080,2080,1,9,3,10,beam_2,16,0.0081332000554539,3,0.0027110666851513,True
3,LARGE_MAZE,2080,2080,1,9,3,10,beam_3,16,0.0084271000232547,3,0.0028090333410849,True
3,LARGE_MAZE,2164,2164,2,1,3,3,greedy,16,0.0454704000148922,16,0.0028419000009307,False
3,LARGE_MAZE,2164,2164,2,1,3,3,beam_2,16,0.0516898999921977,16,0.0032306187495123,False
3,LARGE_MAZE,2164,2164,2,1,3,3,beam_3,16,0.0105434000142849,3,0.0035144666714283,True
3,LARGE_MAZE,2241,2241,2,5,1,3,greedy,16,0.0367224999936297,13,0.0028248076918176,True
3,LARGE_MAZE,2241,2241,2,5,1,3,beam_2,16,0.0078597000101581,3,0.002619900003386,True
3,LARGE_MAZE,2241,2241,2,5,1,3,beam_3,16,0.0082244999939575,3,0.0027414999979858,True
3,LARGE_MAZE,2304,2304,2,7,3,9,greedy,16,0.0447080000303685,16,0.002794250001898,False
3,LARGE_MAZE,2304,2304,2,7,3,9,beam_2,16,0.0080463999765925,3,0.0026821333255308,True
3,LARGE_MAZE,2304,2304,2,7,3,9,beam_3,16,0.0082277000183239,3,0.0027425666727746,True
3,LARGE_MAZE,2384,2384,3,1,2,3,greedy,16,0.0437840000377036,16,0.0027365000023564,False
3,LARGE_MAZE,2384,2384,3,1,2,3,beam_2,16,0.0082798999501392,3,0.0027599666500464,True
3,LARGE_MAZE,2384,2384,3,1,2,3,beam_3,16,0.0082941000000573,3,0.0027647000000191,True
3,LARGE_MAZE,2465,2465,3,3,1,2,greedy,16,0.0430749999941326,16,0.0026921874996332,False
3,LARGE_MAZE,2465,2465,3,3,1,2,beam_2,16,0.007705399999395,3,0.002568466666465,True
3,LARGE_MAZE,2465,2465,3,3,1,2,beam_3,16,0.0081526999711059,3,0.0027175666570353,True
3,LARGE_MAZE,2521,2521,3,5,2,7,greedy,16,0.0426497000153176,16,0.0026656062509573,False
3,LARGE_MAZE,2521,2521,3,5,2,7,beam_2,16,0.0083733000210486,3,0.0027911000070162,True
3,LARGE_MAZE,2521,2521,3,5,2,7,beam_3,16,0.0083717000088654,3,0.0027905666696218,True
3,LARGE_MAZE,2559,2559,3,6,1,7,greedy,16,0.0431736999889835,16,0.0026983562493114,False
3,LARGE_MAZE,2559,2559,3,6,1,7,beam_2,16,0.053461400035303,16,0.0033413375022064,False
3,LARGE_MAZE,2559,2559,3,6,1,7,beam_3,16,0.0092014000401832,3,0.0030671333467277,True
3,LARGE_MAZE,2620,2620,3,7,3,10,greedy,16,0.0076501999865286,3,0.0025500666621762,True
3,LARGE_MAZE,2620,2620,3,7,3,10,beam_2,16,0.0081388000398874,3,0.0027129333466291,True
3,LARGE_MAZE,2620,2620,3,7,3,10,beam_3,16,0.0100970999919809,3,0.0033656999973269,True
3,LARGE_MAZE,2668,2668,3,8,4,10,greedy,16,0.0078557999804615,3,0.0026185999934871,True
3,LARGE_MAZE,2668,2668,3,8,4,10,beam_2,16,0.0087224999442696,3,0.0029074999814232,True
3,LARGE_MAZE,2668,2668,3,8,4,10,beam_3,16,0.0093792999978177,3,0.0031264333326059,True
3,LARGE_MAZE,2741,2741,3,10,1,9,greedy,16,0.0516311000101268,16,0.0032269437506329,False
3,LARGE_MAZE,2741,2741,3,10,1,9,beam_2,16,0.0214138000155799,7,0.0030591142879399,True
3,LARGE_MAZE,2741,2741,3,10,1,9,beam_3,16,0.0105988000286743,3,0.0035329333428914,True
3,LARGE_MAZE,2806,2806,4,1,5,3,greedy,16,0.0089799999841488,3,0.0029933333280496,True
3,LARGE_MAZE,2806,2806,4,1,5,3,beam_2,16,0.0092651000013574,3,0.0030883666671191,True
3,LARGE_MAZE,2806,2806,4,1,5,3,beam_3,16,0.0098116999724879,3,0.0032705666574959,True
3,LARGE_MAZE,2877,2877,4,10,1,10,greedy,16,0.0552774000097997,16,0.0034548375006124,False
3,LARGE_MAZE,2877,2877,4,10,1,10,beam_2,16,0.0097284999792464,3,0.0032428333264154,True
3,LARGE_MAZE,2877,2877,4,10,1,10,beam_3,16,0.0103635999839752,3,0.0034545333279917,True
3,LARGE_MAZE,2942,2942,5,1,5,4,greedy,16,0.0094148999778553,3,0.0031382999926184,True
3,LARGE_MAZE,2942,2942,5,1,5,4,beam_2,16,0.0097788000130094,3,0.0032596000043364,True
3,LARGE_MAZE,2942,2942,5,1,5,4,beam_3,16,0.0099778000148944,3,0.0033259333382981,True
3,LARGE_MAZE,3027,3027,5,3,4,1,greedy,16,0.0497652000049129,16,0.003110325000307,False
3,LARGE_MAZE,3027,3027,5,3,4,1,beam_2,16,0.0424197999527677,13,0.0032630615348282,True
3,LARGE_MAZE,3027,3027,5,3,4,1,beam_3,16,0.0086031999671831,3,0.0028677333223943,True
3,LARGE_MAZE,3075,3075,5,4,5,1,greedy,16,0.0075482000247575,3,0.0025160666749191,True
3,LARGE_MAZE,3075,3075,5,4,5,1,beam_2,16,0.0089283999986946,3,0.0029761333328982,True
3,LARGE_MAZE,3075,3075,5,4,5,1,beam_3,16,0.0087582999840378,3,0.0029194333280126,True
3,LARGE_MAZE,3121,3121,5,5,5,2,greedy,16,0.0071295999805442,3,0.002376533326848,True
3,LARGE_MAZE,3121,3121,5,5,5,2,beam_2,16,0.0082150000380352,3,0.0027383333460117,True
3,LARGE_MAZE,3121,3121,5,5,5,2,beam_3,16,0.0085178000153973,3,0.0028392666717991,True
3,LARGE_MAZE,3228,3228,5,9,7,10,greedy,16,0.043311099987477,16,0.0027069437492173,False
3,LARGE_MAZE,3228,3228,5,9,7,10,beam_2,16,0.0079083999735303,3,0.0026361333245101,True
3,LARGE_MAZE,3228,3228,5,9,7,10,beam_3,16,0.0097188000218011,3,0.003239600007267,True
3,LARGE_MAZE,3304,3304,6,3,5,5,greedy,16,0.0075115999788977,3,0.0025038666596325,True
3,LARGE_MAZE,3304,3304,6,3,5,5,beam_2,16,0.0077359999995678,3,0.0025786666665226,True
3,LARGE_MAZE,3304,3304,6,3,5,5,beam_3,16,0.0086958999745547,3,0.0028986333248515,True
3,LARGE_MAZE,3404,3404,6,7,7,5,greedy,16,0.0076389000169001,3,0.0025463000056333,True
3,LARGE_MAZE,3404,3404,6,7,7,5,beam_2,16,0.0082120000151917,3,0.0027373333383972,True
3,LARGE_MAZE,3404,3404,6,7,7,5,beam_3,16,0.0087169000180438,3,0.0029056333393479,True
3,LARGE_MAZE,3573,3573,7,3,5,4,greedy,16,0.0073233000002801,3,0.0024411000000933,True
3,LARGE_MAZE,3573,3573,7,3,5,4,beam_2,16,0.0081239999854005,3,0.0027079999951335,True
3,LARGE_MAZE,3573,3573,7,3,5,4,beam_3,16,0.0084135000361129,3,0.0028045000120376,True
3,LARGE_MAZE,3665,3665,7,6,5,7,greedy,16,0.0456985000055283,16,0.0028561562503455,False
3,LARGE_MAZE,3665,3665,7,6,5,7,beam_2,16,0.0089750999468378,3,0.0029916999822792,True
3,LARGE_MAZE,3665,3665,7,6,5,7,beam_3,16,0.0090971000026911,3,0.0030323666675637,True
3,LARGE_MAZE,1759,1759,1,1,3,3,greedy,16,0.0467428999836556,16,0.0029214312489784,False
3,LARGE_MAZE,1759,1759,1,1,3,3,beam_2,16,0.0107876000110991,4,0.0026969000027747,True
3,LARGE_MAZE,1759,1759,1,1,3,3,beam_3,16,0.0119033000082708,4,0.0029758250020677,True
3,LARGE_MAZE,1847,1847,1,3,3,1,greedy,16,0.0347411999828182,12,0.0028950999985681,True
3,LARGE_MAZE,1847,1847,1,3,3,1,beam_2,16,0.0114003000198863,4,0.0028500750049715,True
3,LARGE_MAZE,1847,1847,1,3,3,1,beam_3,16,0.0121174000087194,4,0.0030293500021798,True
3,LARGE_MAZE,1902,1902,1,4,4,5,greedy,16,0.0098851000075228,4,0.0024712750018807,True
3,LARGE_MAZE,1902,1902,1,4,4,5,beam_2,16,0.010965000023134,4,0.0027412500057835,True
3,LARGE_MAZE,1902,1902,1,4,4,5,beam_3,16,0.0123869000235572,4,0.0030967250058893,True
3,LARGE_MAZE,1981,1981,1,7,2,10,greedy,16,0.0443618000135757,16,0.0027726125008484,False
3,LARGE_MAZE,1981,1981,1,7,2,10,beam_2,16,0.0174182000337168,6,0.0029030333389528,True
3,LARGE_MAZE,1981,1981,1,7,2,10,beam_3,16,0.0129989000270143,4,0.0032497250067535,True
3,LARGE_MAZE,2035,2035,1,8,3,10,greedy,16,0.0100984000018797,4,0.0025246000004699,True
3,LARGE_MAZE,2035,2035,1,8,3,10,beam_2,16,0.0107839999836869,4,0.0026959999959217,True
3,LARGE_MAZE,2035,2035,1,8,3,10,beam_3,16,0.0121025000116787,4,0.0030256250029196,True
3,LARGE_MAZE,2123,2123,1,10,3,8,greedy,16,0.0433562999824062,16,0.0027097687489003,False
3,LARGE_MAZE,2123,2123,1,10,3,8,beam_2,16,0.0107079000445082,4,0.002676975011127,True
3,LARGE_MAZE,2123,2123,1,10,3,8,beam_3,16,0.0114409999805502,4,0.0028602499951375,True
3,LARGE_MAZE,2203,2203,2,3,2,1,greedy,16,0.0118836999754421,4,0.0029709249938605,True
3,LARGE_MAZE,2203,2203,2,3,2,1,beam_2,16,0.0136501000379212,4,0.0034125250094803,True
3,LARGE_MAZE,2203,2203,2,3,2,1,beam_3,16,0.0119650000124238,4,0.0029912500031059,True
3,LARGE_MAZE,2250,2250,2,5,2,7,greedy,16,0.0447334999917075,16,0.0027958437494817,False
3,LARGE_MAZE,2250,2250,2,5,2,7,beam_2,16,0.0117818000144325,4,0.0029454500036081,True
3,LARGE_MAZE,2250,2250,2,5,2,7,beam_3,16,0.01217220001854,4,0.003043050004635,True
3,LARGE_MAZE,2295,2295,2,7,2,5,greedy,16,0.0107543000485748,4,0.0026885750121437,True
3,LARGE_MAZE,2295,2295,2,7,2,5,beam_2,16,0.0110217999899759,4,0.0027554499974939,True
3,LARGE_MAZE,2295,2295,2,7,2,5,beam_3,16,0.0119578000158071,4,0.0029894500039517,True
3,LARGE_MAZE,2360,2360,2,10,5,9,greedy,16,0.0103280000039376,4,0.0025820000009844,True
3,LARGE_MAZE,2360,2360,2,10,5,9,beam_2,16,0.0108421999611891,4,0.0027105499902972,True
3,LARGE_MAZE,2360,2360,2,10,5,9,beam_3,16,0.0117633999907411,4,0.0029408499976852,True
3,LARGE_MAZE,2445,2445,3,2,5,2,greedy,16,0.0116147000226192,4,0.0029036750056548,True
3,LARGE_MAZE,2445,2445,3,2,5,2,beam_2,16,0.012157000019215,4,0.0030392500048037,True
3,LARGE_MAZE,2445,2445,3,2,5,2,beam_3,16,0.0120377000421285,4,0.0030094250105321,True
3,LARGE_MAZE,2514,2514,3,5,1,7,greedy,16,0.0444022000301629,16,0.0027751375018851,False
3,LARGE_MAZE,2514,2514,3,5,1,7,beam_2,16,0.051163500000257,16,0.003197718750016,False
3,LARGE_MAZE,2514,2514,3,5,1,7,beam_3,16,0.0118412000010721,4,0.002960300000268,True
3,LARGE_MAZE,2560,2560,3,6,1,8,greedy,16,0.0199207000550813,8,0.0024900875068851,True
3,LARGE_MAZE,2560,2560,3,6,1,8,beam_2,16,0.0236027999781072,8,0.0029503499972634,True
3,LARGE_MAZE,2560,2560,3,6,1,8,beam_3,16,0.0125181999756023,4,0.0031295499939005,True
3,LARGE_MAZE,2606,2606,3,7,1,9,greedy,16,0.0142845999798737,6,0.0023807666633122,True
3,LARGE_MAZE,2606,2606,3,7,1,9,beam_2,16,0.0112642000312916,4,0.0028160500078229,True
3,LARGE_MAZE,2606,2606,3,7,1,9,beam_3,16,0.012670399970375,4,0.0031675999925937,True
3,LARGE_MAZE,2652,2652,3,8,1,10,greedy,16,0.0118162000435404,4,0.0029540500108851,True
3,LARGE_MAZE,2652,2652,3,8,1,10,beam_2,16,0.0146082999999634,4,0.0036520749999908,True
3,LARGE_MAZE,2652,2652,3,8,1,10,beam_3,16,0.0135165000101551,4,0.0033791250025387,True
3,LARGE_MAZE,2696,2696,3,9,1,9,greedy,16,0.0513147999881766,16,0.003207174999261,False
3,LARGE_MAZE,2696,2696,3,9,1,9,beam_2,16,0.0214467999758198,6,0.0035744666626366,True
3,LARGE_MAZE,2696,2696,3,9,1,9,beam_3,16,0.0131802000105381,4,0.0032950500026345,True
3,LARGE_MAZE,2752,2752,3,10,3,6,greedy,16,0.0132942000054754,4,0.0033235500013688,True
3,LARGE_MAZE,2752,2752,3,10,3,6,beam_2,16,0.0132692999904975,4,0.0033173249976243,True
3,LARGE_MAZE,2752,2752,3,10,3,6,beam_3,16,0.0124548000167123,4,0.003113700004178,True
3,LARGE_MAZE,2812,2812,4,1,6,3,greedy,16,0.048020499991253,16,0.0030012812494533,False
3,LARGE_MAZE,2812,2812,4,1,6,3,beam_2,16,0.0118284000200219,4,0.0029571000050054,True
3,LARGE_MAZE,2812,2812,4,1,6,3,beam_3,16,0.0128511999500915,4,0.0032127999875228,True
3,LARGE_MAZE,2857,2857,4,5,6,3,greedy,16,0.0402660999679937,14,0.0028761499977138,True
3,LARGE_MAZE,2857,2857,4,5,6,3,beam_2,16,0.0118094000499695,4,0.0029523500124923,True
3,LARGE_MAZE,2857,2857,4,5,6,3,beam_3,16,0.0126661999966017,4,0.0031665499991504,True
3,LARGE_MAZE,2914,2914,5,1,1,1,greedy,16,0.0441059000440873,16,0.0027566187527554,False
3,LARGE_MAZE,2914,2914,5,1,1,1,beam_2,16,0.0127727999933995,4,0.0031931999983498,True
3,LARGE_MAZE,2914,2914,5,1,1,1,beam_3,16,0.0116849999758414,4,0.0029212499939603,True
3,LARGE_MAZE,2974,2974,5,2,3,2,greedy,16,0.0108646000153385,4,0.0027161500038346,True
3,LARGE_MAZE,2974,2974,5,2,3,2,beam_2,16,0.0114516000030562,4,0.002862900000764,True
3,LARGE_MAZE,2974,2974,5,2,3,2,beam_3,16,0.0112966999877244,4,0.0028241749969311,True
3,LARGE_MAZE,3021,3021,5,3,3,5,greedy,16,0.0103635999839752,4,0.0025908999959938,True
3,LARGE_MAZE,3021,3021,5,3,3,5,beam_2,16,0.0108930999995209,4,0.0027232749998802,True
3,LARGE_MAZE,3021,3021,5,3,3,5,beam_3,16,0.011415000015404,4,0.002853750003851,True
3,LARGE_MAZE,3072,3072,5,4,4,1,greedy,16,0.0442774999537505,16,0.0027673437471094,False
3,LARGE_MAZE,3072,3072,5,4,4,1,beam_2,16,0.0507403999799862,16,0.0031712749987491,False
3,LARGE_MAZE,3072,3072,5,4,4,1,beam_3,16,0.0115321999765001,4,0.002883049994125,True
3,LARGE_MAZE,3120,3120,5,5,5,1,greedy,16,0.0095876000123098,4,0.0023969000030774,True
3,LARGE_MAZE,3120,3120,5,5,5,1,beam_2,16,0.0113737999927252,4,0.0028434499981813,True
3,LARGE_MAZE,3120,3120,5,5,5,1,beam_3,16,0.0120134000317193,4,0.0030033500079298,True
3,LARGE_MAZE,3205,3205,5,9,3,9,greedy,16,0.0138962999917566,4,0.0034740749979391,True
3,LARGE_MAZE,3205,3205,5,9,3,9,beam_2,16,0.0119500999571755,4,0.0029875249892938,True
3,LARGE_MAZE,3205,3205,5,9,3,9,beam_3,16,0.0120134999742731,4,0.0030033749935682,True
3,LARGE_MAZE,3298,3298,6,3,4,5,greedy,16,0.0098039000295102,4,0.0024509750073775,True
3,LARGE_MAZE,3298,3298,6,3,4,5,beam_2,16,0.0109426000271923,4,0.002735650006798,True
3,LARGE_MAZE,3298,3298,6,3,4,5,beam_3,16,0.0138017999706789,4,0.0034504499926697,True
3,LARGE_MAZE,3353,3353,6,5,6,3,greedy,16,0.0479342000326141,16,0.0029958875020383,False
3,LARGE_MAZE,3353,3353,6,5,6,3,beam_2,16,0.0109282999765127,4,0.0027320749941281,True
3,LARGE_MAZE,3353,3353,6,5,6,3,beam_3,16,0.0118266000063158,4,0.0029566500015789,True
3,LARGE_MAZE,3526,3526,7,2,5,2,greedy,16,0.0098431999795138,4,0.0024607999948784,True
3,LARGE_MAZE,3526,3526,7,2,5,2,beam_2,16,0.0109150999924167,4,0.0027287749981041,True
3,LARGE_MAZE,3526,3526,7,2,5,2,beam_3,16,0.0121085999999195,4,0.0030271499999798,True
3,LARGE_MAZE,3617,3617,7,5,5,3,greedy,16,0.0098783000139519,4,0.0024695750034879,True
3,LARGE_MAZE,3617,3617,7,5,5,3,beam_2,16,0.0119785999995656,4,0.0029946499998914,True
3,LARGE_MAZE,3617,3617,7,5,5,3,beam_3,16,0.0117460000328719,4,0.0029365000082179,True
3,LARGE_MAZE,3749,3749,7,9,4,10,greedy,16,0.0101993000134825,4,0.0025498250033706,True
3,LARGE_MAZE,3749,3749,7,9,4,10,beam_2,16,0.0118864999967627,4,0.0029716249991906,True
3,LARGE_MAZE,3749,3749,7,9,4,10,beam_3,16,0.0124042999814264,4,0.0031010749953566,True
3,LARGE_MAZE,1814,1814,1,2,5,1,greedy,16,0.0124336999724619,5,0.0024867399944923,True
3,LARGE_MAZE,1814,1814,1,2,5,1,beam_2,16,0.0142444999655708,5,0.0028488999931141,True
3,LARGE_MAZE,1814,1814,1,2,5,1,beam_3,16,0.0146627000067383,5,0.0029325400013476,True
3,LARGE_MAZE,1897,1897,1,4,3,7,greedy,16,0.012170799949672,5,0.0024341599899344,True
3,LARGE_MAZE,1897,1897,1,4,3,7,beam_2,16,0.0143177999998442,5,0.0028635599999688,True
3,LARGE_MAZE,1897,1897,1,4,3,7,beam_3,16,0.0149148000054992,5,0.0029829600010998,True
3,LARGE_MAZE,1943,1943,1,5,3,8,greedy,16,0.012181399972178,5,0.0024362799944356,True
3,LARGE_MAZE,1943,1943,1,5,3,8,beam_2,16,0.0137600000016391,5,0.0027520000003278,True
3,LARGE_MAZE,1943,1943,1,5,3,8,beam_3,16,0.0142884000088088,5,0.0028576800017617,True
3,LARGE_MAZE,1992,1992,1,7,4,5,greedy,16,0.0127116999938152,5,0.002542339998763,True
3,LARGE_MAZE,1992,1992,1,7,4,5,beam_2,16,0.0143303000368177,5,0.0028660600073635,True
3,LARGE_MAZE,1992,1992,1,7,4,5,beam_3,16,0.0144730000174604,5,0.002894600003492,True
3,LARGE_MAZE,2078,2078,1,9,3,8,greedy,16,0.0441789000178687,16,0.0027611812511167,False
3,LARGE_MAZE,2078,2078,1,9,3,8,beam_2,16,0.0140807999996468,5,0.0028161599999293,True
3,LARGE_MAZE,2078,2078,1,9,3,8,beam_3,16,0.0142328000511042,5,0.0028465600102208,True
3,LARGE_MAZE,2176,2176,2,1,5,3,greedy,16,0.012365199974738,5,0.0024730399949476,True
3,LARGE_MAZE,2176,2176,2,1,5,3,beam_2,16,0.0139859999762848,5,0.0027971999952569,True
3,LARGE_MAZE,2176,2176,2,1,5,3,beam_3,16,0.0135498000308871,5,0.0027099600061774,True
3,LARGE_MAZE,2254,2254,2,5,3,3,greedy,16,0.0442077000043354,16,0.0027629812502709,False
3,LARGE_MAZE,2254,2254,2,5,3,3,beam_2,16,0.0319472000119276,11,0.0029042909101752,True
3,LARGE_MAZE,2254,2254,2,5,3,3,beam_3,16,0.0350649000029079,11,0.0031877181820825,True
3,LARGE_MAZE,2296,2296,2,7,2,10,greedy,16,0.0157476000022143,5,0.0031495200004428,True
3,LARGE_MAZE,2296,2296,2,7,2,10,beam_2,16,0.0187205000547692,5,0.0037441000109538,True
3,LARGE_MAZE,2296,2296,2,7,2,10,beam_3,16,0.0180709999985992,5,0.0036141999997198,True
3,LARGE_MAZE,2365,2365,2,10,6,9,greedy,16,0.0552373999962583,16,0.0034523374997661,False
3,LARGE_MAZE,2365,2365,2,10,6,9,beam_2,16,0.0180723999510519,5,0.0036144799902103,True
3,LARGE_MAZE,2365,2365,2,10,6,9,beam_3,16,0.0164734999998472,5,0.0032946999999694,True
3,LARGE_MAZE,2446,2446,3,2,5,3,greedy,16,0.0179839000338688,5,0.0035967800067737,True
3,LARGE_MAZE,2446,2446,3,2,5,3,beam_2,16,0.0167081999825313,5,0.0033416399965062,True
3,LARGE_MAZE,2446,2446,3,2,5,3,beam_3,16,0.0169603999820537,5,0.0033920799964107,True
3,LARGE_MAZE,2519,2519,3,5,2,3,greedy,16,0.0135772000066936,5,0.0027154400013387,True
3,LARGE_MAZE,2519,2519,3,5,2,3,beam_2,16,0.0139739000005647,5,0.0027947800001129,True
3,LARGE_MAZE,2519,2519,3,5,2,3,beam_3,16,0.0145718999556265,5,0.0029143799911253,True
3,LARGE_MAZE,2556,2556,3,6,1,3,greedy,16,0.0131627999944612,5,0.0026325599988922,True
3,LARGE_MAZE,2556,2556,3,6,1,3,beam_2,16,0.0137753000017255,5,0.0027550600003451,True
3,LARGE_MAZE,2556,2556,3,6,1,3,beam_3,16,0.0147594999871216,5,0.0029518999974243,True
3,LARGE_MAZE,2594,2594,3,6,7,5,greedy,16,0.0132370999781414,5,0.0026474199956282,True
3,LARGE_MAZE,2594,2594,3,6,7,5,beam_2,16,0.014089000003878,5,0.0028178000007756,True
3,LARGE_MAZE,2594,2594,3,6,7,5,beam_3,16,0.0151397999725304,5,0.003027959994506,True
3,LARGE_MAZE,2633,2633,3,7,6,5,greedy,16,0.0128765000263229,5,0.0025753000052645,True
3,LARGE_MAZE,2633,2633,3,7,6,5,beam_2,16,0.014252100023441,5,0.0028504200046882,True
3,LARGE_MAZE,2633,2633,3,7,6,5,beam_3,16,0.0148118000361137,5,0.0029623600072227,True
3,LARGE_MAZE,2695,2695,3,9,1,8,greedy,16,0.0151609000167809,5,0.0030321800033561,True
3,LARGE_MAZE,2695,2695,3,9,1,8,beam_2,16,0.0153576000011526,5,0.0030715200002305,True
3,LARGE_MAZE,2695,2695,3,9,1,8,beam_3,16,0.0154387999791651,5,0.003087759995833,True
3,LARGE_MAZE,2751,2751,3,10,3,5,greedy,16,0.014137300022412,5,0.0028274600044824,True
3,LARGE_MAZE,2751,2751,3,10,3,5,beam_2,16,0.0168571000103838,5,0.0033714200020767,True
3,LARGE_MAZE,2751,2751,3,10,3,5,beam_3,16,0.016229500004556,5,0.0032459000009112,True
3,LARGE_MAZE,2826,2826,4,5,1,3,greedy,16,0.0134099999559111,5,0.0026819999911822,True
3,LARGE_MAZE,2826,2826,4,5,1,3,beam_2,16,0.013885999971535,5,0.002777199994307,True
3,LARGE_MAZE,2826,2826,4,5,1,3,beam_3,16,0.0153477999847382,5,0.0030695599969476,True
3,LARGE_MAZE,2866,2866,4,5,7,7,greedy,16,0.0124513999908231,5,0.0024902799981646,True
3,LARGE_MAZE,2866,2866,4,5,7,7,beam_2,16,0.0138714999775402,5,0.002774299995508,True
3,LARGE_MAZE,2866,2866,4,5,7,7,beam_3,16,0.0151020999765023,5,0.0030204199953004,True
3,LARGE_MAZE,2915,2915,5,1,1,2,greedy,16,0.0462582999607548,16,0.0028911437475471,False
3,LARGE_MAZE,2915,2915,5,1,1,2,beam_2,16,0.0504256000276654,16,0.003151600001729,False
3,LARGE_MAZE,2915,2915,5,1,1,2,beam_3,16,0.0140286000096239,5,0.0028057200019247,True
3,LARGE_MAZE,2959,2959,5,2,1,1,greedy,16,0.0428660999750718,16,0.0026791312484419,False
3,LARGE_MAZE,2959,2959,5,2,1,1,beam_2,16,0.0135322000132873,5,0.0027064400026574,True
3,LARGE_MAZE,2959,2959,5,2,1,1,beam_3,16,0.0146830999874509,5,0.0029366199974901,True
3,LARGE_MAZE,3013,3013,5,3,2,1,greedy,16,0.013337499985937,5,0.0026674999971874,True
3,LARGE_MAZE,3013,3013,5,3,2,1,beam_2,16,0.0140721999923698,5,0.0028144399984739,True
3,LARGE_MAZE,3013,3013,5,3,2,1,beam_3,16,0.0144280000240542,5,0.0028856000048108,True
3,LARGE_MAZE,3053,3053,5,4,1,5,greedy,16,0.0428928000037558,16,0.0026808000002347,False
3,LARGE_MAZE,3053,3053,5,4,1,5,beam_2,16,0.0141705999849364,5,0.0028341199969872,True
3,LARGE_MAZE,3053,3053,5,4,1,5,beam_3,16,0.0151944999815896,5,0.0030388999963179,True
3,LARGE_MAZE,3097,3097,5,5,1,4,greedy,16,0.0115911000175401,5,0.002318220003508,True
3,LARGE_MAZE,3097,3097,5,5,1,4,beam_2,16,0.0140243000350892,5,0.0028048600070178,True
3,LARGE_MAZE,3097,3097,5,5,1,4,beam_3,16,0.0147551000118255,5,0.0029510200023651,True
3,LARGE_MAZE,3132,3132,5,5,7,2,greedy,16,0.0305088000022806,11,0.0027735272729346,True
3,LARGE_MAZE,3132,3132,5,5,7,2,beam_2,16,0.0147888000356033,5,0.0029577600071206,True
3,LARGE_MAZE,3132,3132,5,5,7,2,beam_3,16,0.0154127000132575,5,0.0030825400026515,True
3,LARGE_MAZE,3248,3248,5,10,3,7,greedy,16,0.0126901000039651,5,0.002538020000793,True
3,LARGE_MAZE,3248,3248,5,10,3,7,beam_2,16,0.0137720000348053,5,0.002754400006961,True
3,LARGE_MAZE,3248,3248,5,10,3,7,beam_3,16,0.0146495000226423,5,0.0029299000045284,True
3,LARGE_MAZE,3338,3338,6,5,3,7,greedy,16,0.0128935999819077,5,0.0025787199963815,True
3,LARGE_MAZE,3338,3338,6,5,3,7,beam_2,16,0.0141823000158183,5,0.0028364600031636,True
3,LARGE_MAZE,3338,3338,6,5,3,7,beam_3,16,0.0152104999870061,5,0.0030420999974012,True
3,LARGE_MAZE,3422,3422,6,9,2,10,greedy,16,0.0456020999699831,16,0.0028501312481239,False
3,LARGE_MAZE,3422,3422,6,9,2,10,beam_2,16,0.0147844000020995,5,0.0029568800004199,True
3,LARGE_MAZE,3422,3422,6,9,2,10,beam_3,16,0.0141654000035487,5,0.0028330800007097,True
3,LARGE_MAZE,3529,3529,7,2,5,5,greedy,16,0.0128014999791048,5,0.0025602999958209,True
3,LARGE_MAZE,3529,3529,7,2,5,5,beam_2,16,0.0131821000250056,5,0.0026364200050011,True
3,LARGE_MAZE,3529,3529,7,2,5,5,beam_3,16,0.0148543000104837,5,0.0029708600020967,True
3,LARGE_MAZE,3607,3607,7,5,3,6,greedy,16,0.0140670999535359,5,0.0028134199907071,True
3,LARGE_MAZE,3607,3607,7,5,3,6,beam_2,16,0.0145661999704316,5,0.0029132399940863,True
3,LARGE_MAZE,3607,3607,7,5,3,6,beam_3,16,0.0168411000049673,5,0.0033682200009934,True
3,LARGE_MAZE,3703,3703,7,7,4,5,greedy,16,0.0115912999608553,5,0.002318259992171,True
3,LARGE_MAZE,3703,3703,7,7,4,5,beam_2,16,0.0136999000096693,5,0.0027399800019338,True
3,LARGE_MAZE,3703,3703,7,7,4,5,beam_3,16,0.0168115000124089,5,0.0033623000024817,True
3,LARGE_MAZE,1771,1771,1,1,5,3,greedy,16,0.0527246999554336,16,0.0032952937472146,False
3,LARGE_MAZE,1771,1771,1,1,5,3,beam_2,16,0.0211145000066608,6,0.0035190833344434,True
3,LARGE_MAZE,1771,1771,1,1,5,3,beam_3,16,0.0218875999562442,6,0.0036479333260407,True
3,LARGE_MAZE,1859,1859,1,3,5,1,greedy,16,0.0208079000003635,6,0.0034679833333939,True
3,LARGE_MAZE,1859,1859,1,3,5,1,beam_2,16,0.0185106000280939,6,0.0030851000046823,True
3,LARGE_MAZE,1859,1859,1,3,5,1,beam_3,16,0.0252585000125691,6,0.0042097500020948,True
3,LARGE_MAZE,1907,1907,1,4,5,4,greedy,16,0.0186472000204958,6,0.0031078666700826,True
3,LARGE_MAZE,1907,1907,1,4,5,4,beam_2,16,0.0205858999979682,6,0.0034309833329947,True
3,LARGE_MAZE,1907,1907,1,4,5,4,beam_3,16,0.0216916999779641,6,0.0036152833296606,True
3,LARGE_MAZE,1951,1951,1,5,5,3,greedy,16,0.0153829000191763,6,0.0025638166698627,True
3,LARGE_MAZE,1951,1951,1,5,5,3,beam_2,16,0.0181413000100292,6,0.0030235500016715,True
3,LARGE_MAZE,1951,1951,1,5,5,3,beam_3,16,0.018454400007613,6,0.0030757333346021,True
3,LARGE_MAZE,2024,2024,1,8,2,5,greedy,16,0.0438924999907612,16,0.0027432812494225,False
3,LARGE_MAZE,2024,2024,1,8,2,5,beam_2,16,0.0201381999650038,6,0.0033563666608339,True
3,LARGE_MAZE,2024,2024,1,8,2,5,beam_3,16,0.0192994000390172,6,0.0032165666731695,True
3,LARGE_MAZE,2121,2121,1,10,3,6,greedy,16,0.0150277999928221,6,0.002504633332137,True
3,LARGE_MAZE,2121,2121,1,10,3,6,beam_2,16,0.0174656999879516,6,0.0029109499979919,True
3,LARGE_MAZE,2121,2121,1,10,3,6,beam_3,16,0.0181198000209406,6,0.0030199666701567,True
3,LARGE_MAZE,2211,2211,2,3,3,6,greedy,16,0.0455377000034786,16,0.0028461062502174,False
3,LARGE_MAZE,2211,2211,2,3,3,6,beam_2,16,0.0175142000080086,6,0.0029190333346681,True
3,LARGE_MAZE,2211,2211,2,3,3,6,beam_3,16,0.0186374999466352,6,0.0031062499911058,True
3,LARGE_MAZE,2253,2253,2,5,3,2,greedy,16,0.0445524000097066,16,0.0027845250006066,False
3,LARGE_MAZE,2253,2253,2,5,3,2,beam_2,16,0.0191100000520236,6,0.0031850000086706,True
3,LARGE_MAZE,2253,2253,2,5,3,2,beam_3,16,0.01836230000481,6,0.003060383334135,True
3,LARGE_MAZE,2287,2287,2,7,1,4,greedy,16,0.0154365999624133,6,0.0025727666604022,True
3,LARGE_MAZE,2287,2287,2,7,1,4,beam_2,16,0.017538100015372,6,0.0029230166692286,True
3,LARGE_MAZE,2287,2287,2,7,1,4,beam_3,16,0.0192737000179477,6,0.0032122833363246,True
3,LARGE_MAZE,2372,2372,2,10,7,9,greedy,16,0.0152578999986872,6,0.0025429833331145,True
3,LARGE_MAZE,2372,2372,2,10,7,9,beam_2,16,0.0176428999984636,6,0.0029404833330772,True
3,LARGE_MAZE,2372,2372,2,10,7,9,beam_3,16,0.0191131999599747,6,0.0031855333266624,True
3,LARGE_MAZE,2447,2447,3,2,5,4,greedy,16,0.0162601000047288,6,0.0027100166674548,True
3,LARGE_MAZE,2447,2447,3,2,5,4,beam_2,16,0.0192006999859586,6,0.0032001166643264,True
3,LARGE_MAZE,2447,2447,3,2,5,4,beam_3,16,0.0186602000030688,6,0.0031100333338448,True
3,LARGE_MAZE,2516,2516,3,5,1,9,greedy,16,0.0408748000045307,14,0.0029196285717521,True
3,LARGE_MAZE,2516,2516,3,5,1,9,beam_2,16,0.0184874000260606,6,0.0030812333376767,True
3,LARGE_MAZE,2516,2516,3,5,1,9,beam_3,16,0.0235708000254817,6,0.0039284666709136,True
3,LARGE_MAZE,2548,2548,3,5,7,3,greedy,16,0.0169963999651372,6,0.0028327333275228,True
3,LARGE_MAZE,2548,2548,3,5,7,3,beam_2,16,0.0228024999960325,6,0.0038004166660054,True
3,LARGE_MAZE,2548,2548,3,5,7,3,beam_3,16,0.0207434000330977,6,0.0034572333388496,True
3,LARGE_MAZE,2580,2580,3,6,5,2,greedy,16,0.0163236000225879,6,0.0027206000037646,True
3,LARGE_MAZE,2580,2580,3,6,5,2,beam_2,16,0.0182548000011593,6,0.0030424666668598,True
3,LARGE_MAZE,2580,2580,3,6,5,2,beam_3,16,0.0209260000265203,6,0.0034876666710867,True
3,LARGE_MAZE,2626,2626,3,7,5,3,greedy,16,0.017261300003156,6,0.0028768833338593,True
3,LARGE_MAZE,2626,2626,3,7,5,3,beam_2,16,0.0224959999904967,6,0.0037493333317494,True
3,LARGE_MAZE,2626,2626,3,7,5,3,beam_3,16,0.0209442000486888,6,0.0034907000081148,True
3,LARGE_MAZE,2678,2678,3,8,6,5,greedy,16,0.0468295999453403,16,0.0029268499965837,False
3,LARGE_MAZE,2678,2678,3,8,6,5,beam_2,16,0.0187717999797314,6,0.0031286333299552,True
3,LARGE_MAZE,2678,2678,3,8,6,5,beam_3,16,0.01905689999694,6,0.00317614999949,True
3,LARGE_MAZE,2745,2745,3,10,2,5,greedy,16,0.0157496000174433,6,0.0026249333362405,True
3,LARGE_MAZE,2745,2745,3,10,2,5,beam_2,16,0.0169190000160597,6,0.0028198333360099,True
3,LARGE_MAZE,2745,2745,3,10,2,5,beam_3,16,0.0193042000173591,6,0.0032173666695598,True
3,LARGE_MAZE,2813,2813,4,1,6,5,greedy,16,0.0162751000025309,6,0.0027125166670884,True
3,LARGE_MAZE,2813,2813,4,1,6,5,beam_2,16,0.023547500022687,6,0.0039245833371145,True
3,LARGE_MAZE,2813,2813,4,1,6,5,beam_3,16,0.0187158000189811,6,0.0031193000031635,True
3,LARGE_MAZE,2846,2846,4,5,3,10,greedy,16,0.0526644000201486,16,0.0032915250012592,False
3,LARGE_MAZE,2846,2846,4,5,3,10,beam_2,16,0.0226368000148795,6,0.0037728000024799,True
3,LARGE_MAZE,2846,2846,4,5,3,10,beam_3,16,0.0226212000125087,6,0.0037702000020847,True
3,LARGE_MAZE,2886,2886,4,10,3,5,greedy,16,0.0184120000340044,6,0.003068666672334,True
3,LARGE_MAZE,2886,2886,4,10,3,5,beam_2,16,0.020447899994906,6,0.0034079833324843,True
3,LARGE_MAZE,2886,2886,4,10,3,5,beam_3,16,0.0215818999568,6,0.0035969833261333,True
3,LARGE_MAZE,2960,2960,5,2,1,2,greedy,16,0.0501738000311888,16,0.0031358625019493,False
3,LARGE_MAZE,2960,2960,5,2,1,2,beam_2,16,0.0525313999969512,16,0.0032832124998094,False
3,LARGE_MAZE,2960,2960,5,2,1,2,beam_3,16,0.0546203000121749,16,0.0034137687507609,False
3,LARGE_MAZE,3004,3004,5,3,1,1,greedy,16,0.0154498000047169,6,0.0025749666674528,True
3,LARGE_MAZE,3004,3004,5,3,1,1,beam_2,16,0.0179021999938413,6,0.0029836999989735,True
3,LARGE_MAZE,3004,3004,5,3,1,1,beam_3,16,0.0178066000225953,6,0.0029677666704325,True
3,LARGE_MAZE,3052,3052,5,4,1,4,greedy,16,0.0466806000331416,16,0.0029175375020713,False
3,LARGE_MAZE,3052,3052,5,4,1,4,beam_2,16,0.0178651000023819,6,0.0029775166670636,True
3,LARGE_MAZE,3052,3052,5,4,1,4,beam_3,16,0.018695100035984,6,0.0031158500059973,True
3,LARGE_MAZE,3084,3084,5,4,6,7,greedy,16,0.044159099983517,16,0.0027599437489698,False
3,LARGE_MAZE,3084,3084,5,4,6,7,beam_2,16,0.0172712000203318,6,0.0028785333367219,True
3,LARGE_MAZE,3084,3084,5,4,6,7,beam_3,16,0.0193569000111892,6,0.0032261500018648,True
3,LARGE_MAZE,3124,3124,5,5,5,7,greedy,16,0.0150317000225186,6,0.0025052833370864,True
3,LARGE_MAZE,3124,3124,5,5,5,7,beam_2,16,0.0171157000004313,6,0.0028526166667385,True
3,LARGE_MAZE,3124,3124,5,5,5,7,beam_3,16,0.0190604000235907,6,0.0031767333372651,True
3,LARGE_MAZE,3235,3235,5,10,1,8,greedy,16,0.0466706999577581,16,0.0029169187473598,False
3,LARGE_MAZE,3235,3235,5,10,1,8,beam_2,16,0.0166620999807491,6,0.0027770166634581,True
3,LARGE_MAZE,3235,3235,5,10,1,8,beam_3,16,0.0176514000049792,6,0.0029419000008298,True
3,LARGE_MAZE,3289,3289,6,3,3,2,greedy,16,0.0148645000299438,6,0.0024774166716573,True
3,LARGE_MAZE,3289,3289,6,3,3,2,beam_2,16,0.0172791000222787,6,0.0028798500037131,True
3,LARGE_MAZE,3289,3289,6,3,3,2,beam_3,16,0.0172382000018842,6,0.0028730333336473,True
3,LARGE_MAZE,3339,3339,6,5,3,8,greedy,16,0.0430509999860078,16,0.0026906874991254,False
3,LARGE_MAZE,3339,3339,6,5,3,8,beam_2,16,0.0173090000171214,6,0.0028848333361869,True
3,LARGE_MAZE,3339,3339,6,5,3,8,beam_3,16,0.0216021999949589,6,0.0036003666658264,True
3,LARGE_MAZE,3417,3417,6,9,1,10,greedy,16,0.0446542999707162,16,0.0027908937481697,False
3,LARGE_MAZE,3417,3417,6,9,1,10,beam_2,16,0.0167717000003904,6,0.0027952833333984,True
3,LARGE_MAZE,3417,3417,6,9,1,10,beam_3,16,0.0181889000232331,6,0.0030314833372055,True
3,LARGE_MAZE,3523,3523,7,2,4,5,greedy,16,0.0148998000076971,6,0.0024833000012828,True
3,LARGE_MAZE,3523,3523,7,2,4,5,beam_2,16,0.0172129000420682,6,0.002868816673678,True
3,LARGE_MAZE,3523,3523,7,2,4,5,beam_3,16,0.0177663000067695,6,0.0029610500011282,True
3,LARGE_MAZE,3593,3593,7,5,1,5,greedy,16,0.049721400020644,16,0.0031075875012902,False
3,LARGE_MAZE,3593,3593,7,5,1,5,beam_2,16,0.0178173999884165,6,0.002969566664736,True
3,LARGE_MAZE,3593,3593,7,5,1,5,beam_3,16,0.0181250000023283,6,0.0030208333337213,True
3,LARGE_MAZE,3652,3652,7,6,3,6,greedy,16,0.016446600027848,6,0.0027411000046413,True
3,LARGE_MAZE,3652,3652,7,6,3,6,beam_2,16,0.0180028000031597,6,0.0030004666671932,True
3,LARGE_MAZE,3652,3652,7,6,3,6,beam_3,16,0.0195235999999567,6,0.0032539333333261,True
3,LARGE_MAZE,3737,3737,7,9,2,10,greedy,16,0.0441827999893575,16,0.0027614249993348,False
3,LARGE_MAZE,3737,3737,7,9,2,10,beam_2,16,0.0173023000243119,6,0.0028837166707186,True
3,LARGE_MAZE,3737,3737,7,9,2,10,beam_3,16,0.0179576000082306,6,0.0029929333347051,True
3,LARGE_MAZE,1772,1772,1,1,5,4,greedy,16,0.0439815000281669,16,0.0027488437517604,False
3,LARGE_MAZE,1772,1772,1,1,5,4,beam_2,16,0.0511522000306285,16,0.0031970125019142,False
3,LARGE_MAZE,1772,1772,1,1,5,4,beam_3,16,0.0245968999806791,7,0.0035138428543827,True
3,LARGE_MAZE,1845,1845,1,3,2,7,greedy,16,0.0209885999793186,7,0.0029983714256169,True
3,LARGE_MAZE,1845,1845,1,3,2,7,beam_2,16,0.0235013000201433,7,0.0033573285743061,True
3,LARGE_MAZE,1845,1845,1,3,2,7,beam_3,16,0.0279106999514624,7,0.0039872428502089,True
3,LARGE_MAZE,1883,1883,1,4,1,7,greedy,16,0.0230146999820135,7,0.0032878142831447,True
3,LARGE_MAZE,1883,1883,1,4,1,7,beam_2,16,0.0228427000110968,7,0.0032632428587281,True
3,LARGE_MAZE,1883,1883,1,4,1,7,beam_3,16,0.0235964000457897,7,0.0033709142922556,True
3,LARGE_MAZE,1929,1929,1,5,1,8,greedy,16,0.0196340999682433,7,0.0028048714240347,True
3,LARGE_MAZE,1929,1929,1,5,1,8,beam_2,16,0.0222815000452101,7,0.00318307143503,True
3,LARGE_MAZE,1929,1929,1,5,1,8,beam_3,16,0.0225175999803468,7,0.0032167999971924,True
3,LARGE_MAZE,1965,1965,1,5,7,6,greedy,16,0.0194541000528261,7,0.0027791571504037,True
3,LARGE_MAZE,1965,1965,1,5,7,6,beam_2,16,0.0208776000072248,7,0.0029825142867464,True
3,LARGE_MAZE,1965,1965,1,5,7,6,beam_3,16,0.0215759000275284,7,0.003082271432504,True
3,LARGE_MAZE,2018,2018,1,8,1,5,greedy,16,0.0447087000356987,16,0.0027942937522311,False
3,LARGE_MAZE,2018,2018,1,8,1,5,beam_2,16,0.0212735999957658,7,0.0030390857136808,True
3,LARGE_MAZE,2018,2018,1,8,1,5,beam_3,16,0.0233162000076845,7,0.0033308857153835,True
3,LARGE_MAZE,2095,2095,1,9,6,9,greedy,16,0.0293098999536596,11,0.0026645363594236,True
3,LARGE_MAZE,2095,2095,1,9,6,9,beam_2,16,0.0342877999646589,11,0.0031170727240599,True
3,LARGE_MAZE,2095,2095,1,9,6,9,beam_3,16,0.0211301000090315,7,0.0030185857155759,True
3,LARGE_MAZE,2188,2188,2,1,7,3,greedy,16,0.01751430000877,7,0.0025020428583957,True
3,LARGE_MAZE,2188,2188,2,1,7,3,beam_2,16,0.0198239999590441,7,0.0028319999941491,True
3,LARGE_MAZE,2188,2188,2,1,7,3,beam_3,16,0.0212760000140406,7,0.0030394285734343,True
3,LARGE_MAZE,2251,2251,2,5,2,10,greedy,16,0.0433943000389263,16,0.0027121437524328,False
3,LARGE_MAZE,2251,2251,2,5,2,10,beam_2,16,0.0203320999862626,7,0.0029045857123232,True
3,LARGE_MAZE,2251,2251,2,5,2,10,beam_3,16,0.0219759999890811,7,0.0031394285698687,True
3,LARGE_MAZE,2281,2281,2,5,7,7,greedy,16,0.0172022000188007,7,0.0024574571455429,True
3,LARGE_MAZE,2281,2281,2,5,7,7,beam_2,16,0.0202702999813482,7,0.0028957571401926,True
3,LARGE_MAZE,2281,2281,2,5,7,7,beam_3,16,0.0214841000270098,7,0.0030691571467156,True
3,LARGE_MAZE,2340,2340,2,10,2,5,greedy,16,0.0181059999740682,7,0.0025865714248668,True
3,LARGE_MAZE,2340,2340,2,10,2,5,beam_2,16,0.021633299998939,7,0.0030904714284198,True
3,LARGE_MAZE,2340,2340,2,10,2,5,beam_3,16,0.0261449000099673,7,0.0037349857157096,True
3,LARGE_MAZE,2408,2408,3,1,6,5,greedy,16,0.0460462000337429,16,0.0028778875021089,False
3,LARGE_MAZE,2408,2408,3,1,6,5,beam_2,16,0.0218712000059895,7,0.0031244571437127,True
3,LARGE_MAZE,2408,2408,3,1,6,5,beam_3,16,0.0210834000026807,7,0.0030119142860972,True
3,LARGE_MAZE,2481,2481,3,3,3,6,greedy,16,0.0180493000079877,7,0.0025784714297125,True
3,LARGE_MAZE,2481,2481,3,3,3,6,beam_2,16,0.0202940999879501,7,0.0028991571411357,True
3,LARGE_MAZE,2481,2481,3,3,3,6,beam_3,16,0.0207266000215895,7,0.002960942860227,True
3,LARGE_MAZE,2518,2518,3,5,2,1,greedy,16,0.0245286000426858,9,0.0027254000047428,True
3,LARGE_MAZE,2518,2518,3,5,2,1,beam_2,16,0.0266364000272005,9,0.0029596000030222,True
3,LARGE_MAZE,2518,2518,3,5,2,1,beam_3,16,0.0216685000341385,7,0.0030955000048769,True
3,LARGE_MAZE,2547,2547,3,5,7,2,greedy,16,0.0185482999659143,7,0.0026497571379877,True
3,LARGE_MAZE,2547,2547,3,5,7,2,beam_2,16,0.0210706999641843,7,0.0030100999948834,True
3,LARGE_MAZE,2547,2547,3,5,7,2,beam_3,16,0.0211037999833934,7,0.0030148285690562,True
3,LARGE_MAZE,2593,2593,3,6,7,3,greedy,16,0.020024099969305,7,0.0028605857099007,True
3,LARGE_MAZE,2593,2593,3,6,7,3,beam_2,16,0.0196162000065669,7,0.0028023142866524,True
3,LARGE_MAZE,2593,2593,3,6,7,3,beam_3,16,0.0211317000212147,7,0.0030188142887449,True
3,LARGE_MAZE,2632,2632,3,7,6,3,greedy,16,0.0174337999778799,7,0.0024905428539828,True
3,LARGE_MAZE,2632,2632,3,7,6,3,beam_2,16,0.0211815999937243,7,0.0030259428562463,True
3,LARGE_MAZE,2632,2632,3,7,6,3,beam_3,16,0.0224022999755106,7,0.00320032856793,True
3,LARGE_MAZE,2684,2684,3,8,7,5,greedy,16,0.0183789000147953,7,0.0026255571449707,True
3,LARGE_MAZE,2684,2684,3,8,7,5,beam_2,16,0.0205374000361189,7,0.0029339142908741,True
3,LARGE_MAZE,2684,2684,3,8,7,5,beam_3,16,0.020187199988868,7,0.0028838857126954,True
3,LARGE_MAZE,2733,2733,3,9,7,10,greedy,16,0.0197450999985449,7,0.0028207285712207,True
3,LARGE_MAZE,2733,2733,3,9,7,10,beam_2,16,0.0253024999983608,7,0.0036146428569086,True
3,LARGE_MAZE,2733,2733,3,9,7,10,beam_3,16,0.0264976000180467,7,0.0037853714311495,True
3,LARGE_MAZE,2816,2816,4,1,7,1,greedy,16,0.021921299980022,7,0.0031316142828602,True
3,LARGE_MAZE,2816,2816,4,1,7,1,beam_2,16,0.0253687999793328,7,0.0036241142827618,True
3,LARGE_MAZE,2816,2816,4,1,7,1,beam_3,16,0.0261827000067569,7,0.0037403857152509,True
3,LARGE_MAZE,2838,2838,4,5,3,1,greedy,16,0.0258394000120461,9,0.0028710444457829,True
3,LARGE_MAZE,2838,2838,4,5,3,1,beam_2,16,0.0235902999993413,7,0.0033700428570487,True
3,LARGE_MAZE,2838,2838,4,5,3,1,beam_3,16,0.0235490999766625,7,0.0033641571395232,True
3,LARGE_MAZE,2880,2880,4,10,2,5,greedy,16,0.0181711000041104,7,0.0025958714291586,True
3,LARGE_MAZE,2880,2880,4,10,2,5,beam_2,16,0.0200785999768413,7,0.002868371425263,True
3,LARGE_MAZE,2880,2880,4,10,2,5,beam_3,16,0.022204499982763,7,0.003172071426109,True
3,LARGE_MAZE,2955,2955,5,1,7,6,greedy,16,0.0448882000055164,16,0.0028055125003447,False
3,LARGE_MAZE,2955,2955,5,1,7,6,beam_2,16,0.0211285999976098,7,0.0030183714282299,True
3,LARGE_MAZE,2955,2955,5,1,7,6,beam_3,16,0.0226753000169992,7,0.003239328573857,True
3,LARGE_MAZE,3005,3005,5,3,1,2,greedy,16,0.0469114999868907,16,0.0029319687491806,False
3,LARGE_MAZE,3005,3005,5,3,1,2,beam_2,16,0.0523206000216305,16,0.0032700375013519,False
3,LARGE_MAZE,3005,3005,5,3,1,2,beam_3,16,0.0582119000027887,16,0.0036382437501742,False
3,LARGE_MAZE,3039,3039,5,3,6,7,greedy,16,0.0195351000293158,7,0.0027907285756165,True
3,LARGE_MAZE,3039,3039,5,3,6,7,beam_2,16,0.0200348999933339,7,0.0028621285704762,True
3,LARGE_MAZE,3039,3039,5,3,6,7,beam_3,16,0.0234142999979667,7,0.0033448999997095,True
3,LARGE_MAZE,3070,3070,5,4,3,9,greedy,16,0.0193273000186309,7,0.0027610428598044,True
3,LARGE_MAZE,3070,3070,5,4,3,9,beam_2,16,0.0202137999585829,7,0.0028876857083689,True
3,LARGE_MAZE,3070,3070,5,4,3,9,beam_3,16,0.0219596999813802,7,0.00313709999734,True
3,LARGE_MAZE,3104,3104,5,5,2,3,greedy,16,0.0183549000066705,7,0.0026221285723815,True
3,LARGE_MAZE,3104,3104,5,5,2,3,beam_2,16,0.0198334000306203,7,0.0028333428615171,True
3,LARGE_MAZE,3104,3104,5,5,2,3,beam_3,16,0.0213908999576233,7,0.003055842851089,True
3,LARGE_MAZE,3190,3190,5,9,1,8,greedy,16,0.0433693000231869,16,0.0027105812514491,False
3,LARGE_MAZE,3190,3190,5,9,1,8,beam_2,16,0.0492345000384375,16,0.0030771562524023,False
3,LARGE_MAZE,3190,3190,5,9,1,8,beam_3,16,0.0218381999875418,7,0.0031197428553631,True
3,LARGE_MAZE,3274,3274,6,3,1,1,greedy,16,0.0179821000201627,7,0.0025688714314518,True
3,LARGE_MAZE,3274,3274,6,3,1,1,beam_2,16,0.0190327999880537,7,0.0027189714268648,True
3,LARGE_MAZE,3274,3274,6,3,1,1,beam_3,16,0.0206916999886743,7,0.0029559571412391,True
3,LARGE_MAZE,3321,3321,6,5,1,3,greedy,16,0.0303429999621585,11,0.0027584545420144,True
3,LARGE_MAZE,3321,3321,6,5,1,3,beam_2,16,0.0379700000048615,11,0.0034518181822601,True
3,LARGE_MAZE,3321,3321,6,5,1,3,beam_3,16,0.0255983999813906,7,0.0036569142830558,True
3,LARGE_MAZE,3381,3381,6,7,3,5,greedy,16,0.0192346000112593,7,0.0027478000016084,True
3,LARGE_MAZE,3381,3381,6,7,3,5,beam_2,16,0.0236254000337794,7,0.0033750571476827,True
3,LARGE_MAZE,3381,3381,6,7,3,5,beam_3,16,0.024524999957066,7,0.003503571422438,True
3,LARGE_MAZE,3478,3478,7,1,4,5,greedy,16,0.0230604999815113,7,0.0032943571402159,True
3,LARGE_MAZE,3478,3478,7,1,4,5,beam_2,16,0.0236864000326022,7,0.0033837714332288,True
3,LARGE_MAZE,3478,3478,7,1,4,5,beam_3,16,0.0231156999943777,7,0.0033022428563396,True
3,LARGE_MAZE,3553,3553,7,3,2,1,greedy,16,0.0211637000320479,7,0.0030233857188639,True
3,LARGE_MAZE,3553,3553,7,3,2,1,beam_2,16,0.0227131000137887,7,0.0032447285733983,True
3,LARGE_MAZE,3553,3553,7,3,2,1,beam_3,16,0.0251548999804072,7,0.0035935571400581,True
3,LARGE_MAZE,3592,3592,7,5,1,4,greedy,16,0.0498990999767556,16,0.0031186937485472,False
3,LARGE_MAZE,3592,3592,7,5,1,4,beam_2,16,0.0260207999963313,7,0.003717257142333,True
3,LARGE_MAZE,3592,3592,7,5,1,4,beam_3,16,0.027691799972672,7,0.0039559714246674,True
3,LARGE_MAZE,3638,3638,7,6,1,5,greedy,16,0.0609979000291787,16,0.0038123687518236,False
3,LARGE_MAZE,3638,3638,7,6,1,5,beam_2,16,0.0266368999728001,7,0.0038052714246857,True
3,LARGE_MAZE,3638,3638,7,6,1,5,beam_3,16,0.0298929000273346,7,0.0042704142896192,True
3,LARGE_MAZE,3697,3697,7,7,3,6,greedy,16,0.0564921000041067,16,0.0035307562502566,False
3,LARGE_MAZE,3697,3697,7,7,3,6,beam_2,16,0.0237383999628946,7,0.0033911999946992,True
3,LARGE_MAZE,3697,3697,7,7,3,6,beam_3,16,0.0245502999750897,7,0.0035071857107271,True
3,LARGE_MAZE,3782,3782,7,10,2,10,greedy,16,0.0567831000080332,16,0.003548943750502,False
3,LARGE_MAZE,3782,3782,7,10,2,10,beam_2,16,0.024641900032293,7,0.0035202714331847,True
3,LARGE_MAZE,3782,3782,7,10,2,10,beam_3,16,0.0245907999924384,7,0.0035129714274912,True
3,LARGE_MAZE,1800,1800,1,2,2,7,greedy,18,0.0240145999705418,8,0.0030018249963177,True
3,LARGE_MAZE,1800,1800,1,2,2,7,beam_2,18,0.0255459999898448,8,0.0031932499987306,True
3,LARGE_MAZE,1800,1800,1,2,2,7,beam_3,18,0.0272669999976642,8,0.003408374999708,True
3,LARGE_MAZE,1838,1838,1,3,1,7,greedy,18,0.0251972000114619,8,0.0031496500014327,True
3,LARGE_MAZE,1838,1838,1,3,1,7,beam_2,18,0.0270814999821595,8,0.0033851874977699,True
3,LARGE_MAZE,1838,1838,1,3,1,7,beam_3,18,0.0266586999641731,8,0.0033323374955216,True
3,LARGE_MAZE,1900,1900,1,4,3,10,greedy,18,0.0227503000060096,8,0.0028437875007512,True
3,LARGE_MAZE,1900,1900,1,4,3,10,beam_2,18,0.0242343999561853,8,0.0030292999945231,True
3,LARGE_MAZE,1900,1900,1,4,3,10,beam_3,18,0.0246493999729864,8,0.0030811749966233,True
3,LARGE_MAZE,1936,1936,1,5,2,10,greedy,18,0.0212781999725848,8,0.0026597749965731,True
3,LARGE_MAZE,1936,1936,1,5,2,10,beam_2,18,0.0247988000046461,8,0.0030998500005807,True
3,LARGE_MAZE,1936,1936,1,5,2,10,beam_3,18,0.026231900032144,8,0.003278987504018,True
3,LARGE_MAZE,1971,1971,1,7,1,3,greedy,18,0.0212083999649621,8,0.0026510499956202,True
3,LARGE_MAZE,1971,1971,1,7,1,3,beam_2,18,0.0240595000213943,8,0.0030074375026742,True
3,LARGE_MAZE,1971,1971,1,7,1,3,beam_3,18,0.0263431999483145,8,0.0032928999935393,True
3,LARGE_MAZE,2042,2042,1,8,5,4,greedy,18,0.0226345999981276,8,0.0028293249997659,True
3,LARGE_MAZE,2042,2042,1,8,5,4,beam_2,18,0.0261354999965988,8,0.0032669374995748,True
3,LARGE_MAZE,2042,2042,1,8,5,4,beam_3,18,0.0262870000442489,8,0.0032858750055311,True
3,LARGE_MAZE,2102,2102,1,9,7,9,greedy,18,0.0216160000418312,8,0.0027020000052289,True
3,LARGE_MAZE,2102,2102,1,9,7,9,beam_2,18,0.0253194999531842,8,0.003164937494148,True
3,LARGE_MAZE,2102,2102,1,9,7,9,beam_3,18,0.02730730001349,8,0.0034134125016862,True
3,LARGE_MAZE,2172,2172,2,1,4,5,greedy,18,0.0598748999764211,18,0.0033263833320233,False
3,LARGE_MAZE,2172,2172,2,1,4,5,beam_2,18,0.0283280000439845,8,0.003541000005498,True
3,LARGE_MAZE,2172,2172,2,1,4,5,beam_3,18,0.0282249999581836,8,0.0035281249947729,True
3,LARGE_MAZE,2222,2222,2,3,5,4,greedy,18,0.0573625000542961,18,0.003186805558572,False
3,LARGE_MAZE,2222,2222,2,3,5,4,beam_2,18,0.0273787999758496,8,0.0034223499969812,True
3,LARGE_MAZE,2222,2222,2,3,5,4,beam_3,18,0.029103800014127,8,0.0036379750017658,True
3,LARGE_MAZE,2271,2271,2,5,5,10,greedy,18,0.0220577999716624,8,0.0027572249964578,True
3,LARGE_MAZE,2271,2271,2,5,5,10,beam_2,18,0.0246885000378824,8,0.0030860625047353,True
3,LARGE_MAZE,2271,2271,2,5,5,10,beam_3,18,0.0288786999881267,8,0.0036098374985158,True
3,LARGE_MAZE,2310,2310,2,7,5,2,greedy,18,0.0620580000104382,18,0.0034476666672465,False
3,LARGE_MAZE,2310,2310,2,7,5,2,beam_2,18,0.0339773000450804,8,0.004247162505635,True
3,LARGE_MAZE,2310,2310,2,7,5,2,beam_3,18,0.0356120999786071,8,0.0044515124973258,True
3,LARGE_MAZE,2358,2358,2,10,5,5,greedy,18,0.0272920000134035,8,0.0034115000016754,True
3,LARGE_MAZE,2358,2358,2,10,5,5,beam_2,18,0.029136799974367,8,0.0036420999967958,True
3,LARGE_MAZE,2358,2358,2,10,5,5,beam_3,18,0.032003300031647,8,0.0040004125039558,True
3,LARGE_MAZE,2442,2442,3,2,4,5,greedy,18,0.0574447999824769,18,0.0031913777768042,False
3,LARGE_MAZE,2442,2442,3,2,4,5,beam_2,18,0.0247045999858528,8,0.0030880749982316,True
3,LARGE_MAZE,2442,2442,3,2,4,5,beam_3,18,0.0260706999688409,8,0.0032588374961051,True
3,LARGE_MAZE,2503,2503,3,3,7,3,greedy,18,0.0238494999939575,8,0.0029811874992446,True
3,LARGE_MAZE,2503,2503,3,3,7,3,beam_2,18,0.0247653999831527,8,0.003095674997894,True
3,LARGE_MAZE,2503,2503,3,3,7,3,beam_3,18,0.0269333000178448,8,0.0033666625022306,True
3,LARGE_MAZE,2563,2563,3,6,2,1,greedy,18,0.0227439000154845,8,0.0028429875019355,True
3,LARGE_MAZE,2563,2563,3,6,2,1,beam_2,18,0.0242658000206574,8,0.0030332250025821,True
3,LARGE_MAZE,2563,2563,3,6,2,1,beam_3,18,0.0298509999993257,8,0.0037313749999157,True
3,LARGE_MAZE,2592,2592,3,6,7,2,greedy,18,0.0265140999690629,8,0.0033142624961328,True
3,LARGE_MAZE,2592,2592,3,6,7,2,beam_2,18,0.0286721999873407,8,0.0035840249984175,True
3,LARGE_MAZE,2592,2592,3,6,7,2,beam_3,18,0.028650699998252,8,0.0035813374997815,True
3,LARGE_MAZE,2641,2641,3,7,7,7,greedy,18,0.0606634999858215,18,0.0033701944436567,False
3,LARGE_MAZE,2641,2641,3,7,7,7,beam_2,18,0.0278054999653249,8,0.0034756874956656,True
3,LARGE_MAZE,2641,2641,3,7,7,7,beam_3,18,0.0278234999859705,8,0.0034779374982463,True
3,LARGE_MAZE,2677,2677,3,8,6,3,greedy,18,0.0231311999959871,8,0.0028913999994983,True
3,LARGE_MAZE,2677,2677,3,8,6,3,beam_2,18,0.0255833000410348,8,0.0031979125051293,True
3,LARGE_MAZE,2677,2677,3,8,6,3,beam_3,18,0.0290225999779067,8,0.0036278249972383,True
3,LARGE_MAZE,2729,2729,3,9,7,5,greedy,18,0.0233695000060834,8,0.0029211875007604,True
3,LARGE_MAZE,2729,2729,3,9,7,5,beam_2,18,0.0248802000423893,8,0.0031100250052986,True
3,LARGE_MAZE,2729,2729,3,9,7,5,beam_3,18,0.027038000000175,8,0.0033797500000218,True
3,LARGE_MAZE,2797,2797,4,1,3,6,greedy,18,0.0224688000162132,8,0.0028086000020266,True
3,LARGE_MAZE,2797,2797,4,1,3,6,beam_2,18,0.0256641999585554,8,0.0032080249948194,True
3,LARGE_MAZE,2797,2797,4,1,3,6,beam_3,18,0.0267365999752655,8,0.0033420749969081,True
3,LARGE_MAZE,2856,2856,4,5,5,10,greedy,18,0.020962500013411,8,0.0026203125016763,True
3,LARGE_MAZE,2856,2856,4,5,5,10,beam_2,18,0.0240820000180974,8,0.0030102500022621,True
3,LARGE_MAZE,2856,2856,4,5,5,10,beam_3,18,0.0309483000310137,8,0.0038685375038767,True
3,LARGE_MAZE,2956,2956,5,1,7,7,greedy,18,0.0268242000020109,8,0.0033530250002513,True
3,LARGE_MAZE,2956,2956,5,1,7,7,beam_2,18,0.026265799999237,8,0.0032832249999046,True
3,LARGE_MAZE,2956,2956,5,1,7,7,beam_3,18,0.0261036999872885,8,0.003262962498411,True
3,LARGE_MAZE,3006,3006,5,3,1,3,greedy,18,0.0242078999872319,8,0.0030259874984039,True
3,LARGE_MAZE,3006,3006,5,3,1,3,beam_2,18,0.0305562000139616,8,0.0038195250017452,True
3,LARGE_MAZE,3006,3006,5,3,1,3,beam_3,18,0.0251646999968215,8,0.0031455874996026,True
3,LARGE_MAZE,3055,3055,5,4,1,8,greedy,18,0.0249422999913804,8,0.0031177874989225,True
3,LARGE_MAZE,3055,3055,5,4,1,8,beam_2,18,0.0258433000417426,8,0.0032304125052178,True
3,LARGE_MAZE,3055,3055,5,4,1,8,beam_3,18,0.0273252000333741,8,0.0034156500041717,True
3,LARGE_MAZE,3107,3107,5,5,2,10,greedy,18,0.061688799993135,18,0.0034271555551741,False
3,LARGE_MAZE,3107,3107,5,5,2,10,beam_2,18,0.0307583999820053,8,0.0038447999977506,True
3,LARGE_MAZE,3107,3107,5,5,2,10,beam_3,18,0.0341686999890953,8,0.0042710874986369,True
3,LARGE_MAZE,3189,3189,5,9,1,7,greedy,18,0.0636402999516576,18,0.0035355722195365,False
3,LARGE_MAZE,3189,3189,5,9,1,7,beam_2,18,0.0265635999967344,8,0.0033204499995918,True
3,LARGE_MAZE,3189,3189,5,9,1,7,beam_3,18,0.0288293000194244,8,0.003603662502428,True
3,LARGE_MAZE,3277,3277,6,3,1,4,greedy,18,0.0570791999925859,18,0.0031710666662547,False
3,LARGE_MAZE,3277,3277,6,3,1,4,beam_2,18,0.0276486999937333,8,0.0034560874992166,True
3,LARGE_MAZE,3277,3277,6,3,1,4,beam_3,18,0.0279108000104315,8,0.0034888500013039,True
3,LARGE_MAZE,3320,3320,6,5,1,2,greedy,18,0.0571384999784641,18,0.0031743611099146,False
3,LARGE_MAZE,3320,3320,6,5,1,2,beam_2,18,0.034345599997323,10,0.0034345599997323,True
3,LARGE_MAZE,3320,3320,6,5,1,2,beam_3,18,0.0358843000140041,10,0.0035884300014004,True
3,LARGE_MAZE,3341,3341,6,5,3,10,greedy,18,0.0218226999859325,8,0.0027278374982415,True
3,LARGE_MAZE,3341,3341,6,5,3,10,beam_2,18,0.0249473999720066,8,0.0031184249965008,True
3,LARGE_MAZE,3341,3341,6,5,3,10,beam_3,18,0.0286123999976553,8,0.0035765499997069,True
3,LARGE_MAZE,3415,3415,6,9,1,8,greedy,18,0.0546070999698713,18,0.0030337277761039,False
3,LARGE_MAZE,3415,3415,6,9,1,8,beam_2,18,0.0608217999688349,18,0.0033789888871574,False
3,LARGE_MAZE,3415,3415,6,9,1,8,beam_3,18,0.0279045999632217,8,0.0034880749954027,True
3,LARGE_MAZE,3494,3494,7,1,7,5,greedy,18,0.0232717999606393,8,0.0029089749950799,True
3,LARGE_MAZE,3494,3494,7,1,7,5,beam_2,18,0.0249429999967105,8,0.0031178749995888,True
3,LARGE_MAZE,3494,3494,7,1,7,5,beam_3,18,0.0252908999682404,8,0.00316136249603,True
3,LARGE_MAZE,3540,3540,7,2,7,6,greedy,18,0.0233209999860264,8,0.0029151249982533,True
3,LARGE_MAZE,3540,3540,7,2,7,6,beam_2,18,0.0267254000063985,8,0.0033406750007998,True
3,LARGE_MAZE,3540,3540,7,2,7,6,beam_3,18,0.031753999995999,8,0.0039692499994998,True
3,LARGE_MAZE,3586,3586,7,3,7,7,greedy,18,0.0244197999709285,8,0.003052474996366,True
3,LARGE_MAZE,3586,3586,7,3,7,7,beam_2,18,0.025102199986577,8,0.0031377749983221,True
3,LARGE_MAZE,3586,3586,7,3,7,7,beam_3,18,0.0284334000316448,8,0.0035541750039556,True
3,LARGE_MAZE,3627,3627,7,5,7,1,greedy,18,0.0229582999600097,8,0.0028697874950012,True
3,LARGE_MAZE,3627,3627,7,5,7,1,beam_2,18,0.0259529000031761,8,0.003244112500397,True
3,LARGE_MAZE,3627,3627,7,5,7,1,beam_3,18,0.0286463000229559,8,0.0035807875028694,True
3,LARGE_MAZE,3673,3673,7,6,7,2,greedy,18,0.0219442000379785,8,0.0027430250047473,True
3,LARGE_MAZE,3673,3673,7,6,7,2,beam_2,18,0.0238178000436164,8,0.002977225005452,True
3,LARGE_MAZE,3673,3673,7,6,7,2,beam_3,18,0.0259678000002168,8,0.0032459750000271,True
3,LARGE_MAZE,3731,3731,7,9,1,9,greedy,18,0.0525936000049114,18,0.0029218666669395,False
3,LARGE_MAZE,3731,3731,7,9,1,9,beam_2,18,0.0242253000033088,8,0.0030281625004136,True
3,LARGE_MAZE,3731,3731,7,9,1,9,beam_3,18,0.0247086999588646,8,0.003088587494858,True
3,LARGE_MAZE,1763,1763,1,1,3,8,greedy,20,0.027197299990803,9,0.0030219222212003,True
3,LARGE_MAZE,1763,1763,1,1,3,8,beam_2,20,0.0279540999908931,9,0.0031060111100992,True
3,LARGE_MAZE,1763,1763,1,1,3,8,beam_3,20,0.0353497000178322,9,0.0039277444464258,True
3,LARGE_MAZE,1828,1828,1,2,7,3,greedy,20,0.0269943999592214,9,0.0029993777732468,True
3,LARGE_MAZE,1828,1828,1,2,7,3,beam_2,20,0.0326386000378988,9,0.003626511115322,True
3,LARGE_MAZE,1828,1828,1,2,7,3,beam_3,20,0.035118399944622,9,0.0039020444382913,True
3,LARGE_MAZE,1875,1875,1,3,7,6,greedy,20,0.0316622999962419,9,0.0035180333329157,True
3,LARGE_MAZE,1875,1875,1,3,7,6,beam_2,20,0.0327786999987438,9,0.0036420777776382,True
3,LARGE_MAZE,1875,1875,1,3,7,6,beam_3,20,0.0331292999908328,9,0.0036810333323147,True
3,LARGE_MAZE,1921,1921,1,4,7,7,greedy,20,0.0266836999799124,9,0.0029648555533236,True
3,LARGE_MAZE,1921,1921,1,4,7,7,beam_2,20,0.0279626999981701,9,0.0031069666664633,True
3,LARGE_MAZE,1921,1921,1,4,7,7,beam_3,20,0.0309295000042766,9,0.0034366111115862,True
3,LARGE_MAZE,1970,1970,1,7,1,2,greedy,20,0.0272801999817602,9,0.0030311333313066,True
3,LARGE_MAZE,1970,1970,1,7,1,2,beam_2,20,0.027366800000891,9,0.0030407555556545,True
3,LARGE_MAZE,1970,1970,1,7,1,2,beam_3,20,0.0293929000035859,9,0.0032658777781762,True
3,LARGE_MAZE,2010,2010,1,7,7,6,greedy,20,0.0285614000167697,9,0.0031734888907521,True
3,LARGE_MAZE,2010,2010,1,7,7,6,beam_2,20,0.0276042000041343,9,0.0030671333337927,True
3,LARGE_MAZE,2010,2010,1,7,7,6,beam_3,20,0.028042199963238,9,0.0031157999959153,True
3,LARGE_MAZE,2062,2062,1,9,1,4,greedy,20,0.0280799000174738,9,0.0031199888908304,True
3,LARGE_MAZE,2062,2062,1,9,1,4,beam_2,20,0.0263789999880827,9,0.0029309999986758,True
3,LARGE_MAZE,2062,2062,1,9,1,4,beam_3,20,0.0298207000014372,9,0.0033134111112708,True
3,LARGE_MAZE,2133,2133,1,10,5,5,greedy,20,0.0281205000355839,9,0.0031245000039537,True
3,LARGE_MAZE,2133,2133,1,10,5,5,beam_2,20,0.0326917999773286,9,0.0036324222197031,True
3,LARGE_MAZE,2133,2133,1,10,5,5,beam_3,20,0.0309761999524198,9,0.0034417999947133,True
3,LARGE_MAZE,2214,2214,2,3,3,9,greedy,20,0.0388605000334791,13,0.0029892692333445,True
3,LARGE_MAZE,2214,2214,2,3,3,9,beam_2,20,0.0270861000171862,9,0.0030095666685762,True
3,LARGE_MAZE,2214,2214,2,3,3,9,beam_3,20,0.0284356999909505,9,0.0031595222212167,True
3,LARGE_MAZE,2276,2276,2,5,7,1,greedy,20,0.0242471999954432,9,0.002694133332827,True
3,LARGE_MAZE,2276,2276,2,5,7,1,beam_2,20,0.0279286000295542,9,0.0031031777810615,True
3,LARGE_MAZE,2276,2276,2,5,7,1,beam_3,20,0.0321533000096678,9,0.003572588889963,True
3,LARGE_MAZE,2326,2326,2,7,7,7,greedy,20,0.0232296000467613,9,0.0025810666718623,True
3,LARGE_MAZE,2326,2326,2,7,7,7,beam_2,20,0.0274155000224709,9,0.0030461666691634,True
3,LARGE_MAZE,2326,2326,2,7,7,7,beam_3,20,0.0319971000426448,9,0.0035552333380716,True
3,LARGE_MAZE,2391,2391,3,1,3,6,greedy,20,0.0250211999518796,9,0.0027801333279866,True
3,LARGE_MAZE,2391,2391,3,1,3,6,beam_2,20,0.0284229000099003,9,0.0031581000011,True
3,LARGE_MAZE,2391,2391,3,1,3,6,beam_3,20,0.0296995999524369,9,0.0032999555502707,True
3,LARGE_MAZE,2476,2476,3,3,2,7,greedy,20,0.0253934999927878,9,0.0028214999991986,True
3,LARGE_MAZE,2476,2476,3,3,2,7,beam_2,20,0.0278992999810725,9,0.0030999222201191,True
3,LARGE_MAZE,2476,2476,3,3,2,7,beam_3,20,0.0283380000037141,9,0.0031486666670793,True
3,LARGE_MAZE,2568,2568,3,6,3,1,greedy,20,0.0243163999984972,9,0.0027018222220552,True
3,LARGE_MAZE,2568,2568,3,6,3,1,beam_2,20,0.0306648999685421,9,0.0034072111076157,True
3,LARGE_MAZE,2568,2568,3,6,3,1,beam_3,20,0.0296142000006511,9,0.003290466666739,True
3,LARGE_MAZE,2614,2614,3,7,3,2,greedy,20,0.0247973000514321,9,0.0027552555612702,True
3,LARGE_MAZE,2614,2614,3,7,3,2,beam_2,20,0.0281900999834761,9,0.0031322333314973,True
3,LARGE_MAZE,2614,2614,3,7,3,2,beam_3,20,0.0336606999626383,9,0.0037400777736264,True
3,LARGE_MAZE,2644,2644,3,8,1,1,greedy,20,0.0319795999675989,9,0.0035532888852887,True
3,LARGE_MAZE,2644,2644,3,8,1,1,beam_2,20,0.0344105000258423,9,0.0038233888917602,True
3,LARGE_MAZE,2644,2644,3,8,1,1,beam_3,20,0.0366896000341512,9,0.0040766222260168,True
3,LARGE_MAZE,2690,2690,3,9,1,2,greedy,20,0.0267345000174827,9,0.0029705000019425,True
3,LARGE_MAZE,2690,2690,3,9,1,2,beam_2,20,0.0314355999580584,9,0.0034928444397842,True
3,LARGE_MAZE,2690,2690,3,9,1,2,beam_3,20,0.0350183999980799,9,0.0038909333331199,True
3,LARGE_MAZE,2736,2736,3,10,1,3,greedy,20,0.0257413000217638,9,0.0028601444468626,True
3,LARGE_MAZE,2736,2736,3,10,1,3,beam_2,20,0.0284808999858796,9,0.0031645444428755,True
3,LARGE_MAZE,2736,2736,3,10,1,3,beam_3,20,0.0298612999613396,9,0.0033179222179266,True
3,LARGE_MAZE,2855,2855,4,5,5,9,greedy,20,0.0419997000135481,15,0.0027999800009032,True
3,LARGE_MAZE,2855,2855,4,5,5,9,beam_2,20,0.0322957999887876,9,0.0035884222209764,True
3,LARGE_MAZE,2855,2855,4,5,5,9,beam_3,20,0.0301373999682255,9,0.0033485999964695,True
3,LARGE_MAZE,2934,2934,5,1,3,8,greedy,20,0.0278285999665968,9,0.0030920666629552,True
3,LARGE_MAZE,2934,2934,5,1,3,8,beam_2,20,0.0317136999801732,9,0.0035237444422414,True
3,LARGE_MAZE,2934,2934,5,1,3,8,beam_3,20,0.0302794000017456,9,0.0033643777779717,True
3,LARGE_MAZE,3010,3010,5,3,1,8,greedy,20,0.0575586999766528,19,0.003029405261929,False
3,LARGE_MAZE,3010,3010,5,3,1,8,beam_2,20,0.0288989000255242,9,0.0032109888917249,True
3,LARGE_MAZE,3010,3010,5,3,1,8,beam_3,20,0.0293688999954611,9,0.0032632111106067,True
3,LARGE_MAZE,3102,3102,5,5,1,10,greedy,20,0.0946580999880097,19,0.0049820052625268,False
3,LARGE_MAZE,3102,3102,5,5,1,10,beam_2,20,0.0300185999949462,9,0.0033353999994384,True
3,LARGE_MAZE,3102,3102,5,5,1,10,beam_3,20,0.0315791000030003,9,0.0035087888892222,True
3,LARGE_MAZE,3172,3172,5,7,6,3,greedy,20,0.0276206000125966,9,0.0030689555569551,True
3,LARGE_MAZE,3172,3172,5,7,6,3,beam_2,20,0.0294110000249929,9,0.0032678888916658,True
3,LARGE_MAZE,3172,3172,5,7,6,3,beam_3,20,0.0296195999835617,9,0.0032910666648401,True
3,LARGE_MAZE,3276,3276,6,3,1,3,greedy,20,0.0253193999524228,9,0.0028132666613803,True
3,LARGE_MAZE,3276,3276,6,3,1,3,beam_2,20,0.0315720999496988,9,0.003508011105522,True
3,LARGE_MAZE,3276,3276,6,3,1,3,beam_3,20,0.0301041000057011,9,0.0033449000006334,True
3,LARGE_MAZE,3326,3326,6,5,1,9,greedy,20,0.0328535999869927,11,0.0029866909079084,True
3,LARGE_MAZE,3326,3326,6,5,1,9,beam_2,20,0.0281189000234007,9,0.0031243222248223,True
3,LARGE_MAZE,3326,3326,6,5,1,9,beam_3,20,0.0315024000010453,9,0.0035002666667828,True
3,LARGE_MAZE,3383,3383,6,7,3,7,greedy,20,0.0289891999564133,9,0.0032210222173792,True
3,LARGE_MAZE,3383,3383,6,7,3,7,beam_2,20,0.030014099960681,9,0.0033348999956312,True
3,LARGE_MAZE,3383,3383,6,7,3,7,beam_3,20,0.0300622999784536,9,0.0033402555531615,True
3,LARGE_MAZE,3463,3463,7,1,2,1,greedy,20,0.0238966000033542,9,0.0026551777781504,True
3,LARGE_MAZE,3463,3463,7,1,2,1,beam_2,20,0.0280486000119708,9,0.0031165111124412,True
3,LARGE_MAZE,3463,3463,7,1,2,1,beam_3,20,0.0348380000214092,9,0.0038708888912676,True
3,LARGE_MAZE,3499,3499,7,2,1,1,greedy,20,0.03068720002193,9,0.0034096888913255,True
3,LARGE_MAZE,3499,3499,7,2,1,1,beam_2,20,0.0320472999592311,9,0.0035608111065812,True
3,LARGE_MAZE,3499,3499,7,2,1,1,beam_3,20,0.0341591999749653,9,0.003795466663885,True
3,LARGE_MAZE,3545,3545,7,3,1,2,greedy,20,0.0779402999905869,19,0.0041021210521361,False
3,LARGE_MAZE,3545,3545,7,3,1,2,beam_2,20,0.0319477999582886,9,0.0035497555509209,True
3,LARGE_MAZE,3545,3545,7,3,1,2,beam_3,20,0.0350915999733842,9,0.0038990666637093,True
3,LARGE_MAZE,3580,3580,7,3,6,7,greedy,20,0.029544299992267,9,0.0032826999991407,True
3,LARGE_MAZE,3580,3580,7,3,6,7,beam_2,20,0.0287608999642543,9,0.0031956555515838,True
3,LARGE_MAZE,3580,3580,7,3,6,7,beam_3,20,0.0332366999937221,9,0.0036929666659691,True
3,LARGE_MAZE,3604,3604,7,5,3,2,greedy,20,0.0570506999501958,19,0.0030026684184313,False
3,LARGE_MAZE,3604,3604,7,5,3,2,beam_2,20,0.0278854999924078,9,0.0030983888880453,True
3,LARGE_MAZE,3604,3604,7,5,3,2,beam_3,20,0.0306572000263258,9,0.0034063555584806,True
3,LARGE_MAZE,3655,3655,7,6,3,9,greedy,20,0.0245489000226371,9,0.0027276555580707,True
3,LARGE_MAZE,3655,3655,7,6,3,9,beam_2,20,0.0299666000064462,9,0.0033296222229384,True
3,LARGE_MAZE,3655,3655,7,6,3,9,beam_3,20,0.0291906999773345,9,0.0032434111085927,True
3,LARGE_MAZE,3702,3702,7,7,4,1,greedy,20,0.0253090999904088,9,0.0028121222211565,True
3,LARGE_MAZE,3702,3702,7,7,4,1,beam_2,20,0.0287110999925062,9,0.0031901222213895,True
3,LARGE_MAZE,3702,3702,7,7,4,1,beam_3,20,0.0291598999756388,9,0.003239988886182,True
3,LARGE_MAZE,3776,3776,7,10,1,9,greedy,20,0.0537471999996341,19,0.0028287999999807,False
3,LARGE_MAZE,3776,3776,7,10,1,9,beam_2,20,0.026283599960152,9,0.0029203999955724,True
3,LARGE_MAZE,3776,3776,7,10,1,9,beam_3,20,0.0277120000100694,9,0.0030791111122299,True
3,LARGE_MAZE,1784,1784,1,1,7,5,greedy,22,0.0318392000044696,10,0.0031839200004469,True
3,LARGE_MAZE,1784,1784,1,1,7,5,beam_2,22,0.030223699985072,10,0.0030223699985072,True
3,LARGE_MAZE,1784,1784,1,1,7,5,beam_3,22,0.0329257000121288,10,0.0032925700012128,True
3,LARGE_MAZE,1840,1840,1,3,1,9,greedy,22,0.0334856999688781,12,0.0027904749974065,True
3,LARGE_MAZE,1840,1840,1,3,1,9,beam_2,22,0.0328131999704055,10,0.0032813199970405,True
3,LARGE_MAZE,1840,1840,1,3,1,9,beam_3,22,0.0334121999912895,10,0.0033412199991289,True
3,LARGE_MAZE,1886,1886,1,4,1,10,greedy,22,0.0266144000343047,10,0.0026614400034304,True
3,LARGE_MAZE,1886,1886,1,4,1,10,beam_2,22,0.0303779999958351,10,0.0030377999995835,True
3,LARGE_MAZE,1886,1886,1,4,1,10,beam_3,22,0.0353681000415235,10,0.0035368100041523,True
3,LARGE_MAZE,1955,1955,1,5,5,9,greedy,22,0.0302560999989509,10,0.003025609999895,True
3,LARGE_MAZE,1955,1955,1,5,5,9,beam_2,22,0.0323459999635815,10,0.0032345999963581,True
3,LARGE_MAZE,1955,1955,1,5,5,9,beam_3,22,0.0328380999853834,10,0.0032838099985383,True
3,LARGE_MAZE,2008,2008,1,7,7,3,greedy,22,0.0301350000081583,10,0.0030135000008158,True
3,LARGE_MAZE,2008,2008,1,7,7,3,beam_2,22,0.0361232999712228,10,0.0036123299971222,True
3,LARGE_MAZE,2008,2008,1,7,7,3,beam_3,22,0.0366581999696791,10,0.0036658199969679,True
3,LARGE_MAZE,2040,2040,1,8,5,2,greedy,22,0.0330958000267855,10,0.0033095800026785,True
3,LARGE_MAZE,2040,2040,1,8,5,2,beam_2,22,0.0398395999800413,10,0.0039839599980041,True
3,LARGE_MAZE,2040,2040,1,8,5,2,beam_3,22,0.0411104999948293,10,0.0041110499994829,True
3,LARGE_MAZE,2086,2086,1,9,5,3,greedy,22,0.0337319999816827,10,0.0033731999981682,True
3,LARGE_MAZE,2086,2086,1,9,5,3,beam_2,22,0.0323764000204391,10,0.0032376400020439,True
3,LARGE_MAZE,2086,2086,1,9,5,3,beam_3,22,0.0367929000058211,10,0.0036792900005821,True
3,LARGE_MAZE,2160,2160,2,1,2,7,greedy,22,0.0291611000429838,10,0.0029161100042983,True
3,LARGE_MAZE,2160,2160,2,1,2,7,beam_2,22,0.0298360000015236,10,0.0029836000001523,True
3,LARGE_MAZE,2160,2160,2,1,2,7,beam_3,22,0.0329536999925039,10,0.0032953699992503,True
3,LARGE_MAZE,2232,2232,2,3,7,2,greedy,22,0.0288684000261127,10,0.0028868400026112,True
3,LARGE_MAZE,2232,2232,2,3,7,2,beam_2,22,0.0333631999674253,10,0.0033363199967425,True
3,LARGE_MAZE,2232,2232,2,3,7,2,beam_3,22,0.031905599986203,10,0.0031905599986203,True
3,LARGE_MAZE,2306,2306,2,7,4,1,greedy,22,0.0272588999941945,10,0.0027258899994194,True
3,LARGE_MAZE,2306,2306,2,7,4,1,beam_2,22,0.0304978999774903,10,0.003049789997749,True
3,LARGE_MAZE,2306,2306,2,7,4,1,beam_3,22,0.0360028999857604,10,0.003600289998576,True
3,LARGE_MAZE,2356,2356,2,10,5,3,greedy,22,0.0274743000045418,10,0.0027474300004541,True
3,LARGE_MAZE,2356,2356,2,10,5,3,beam_2,22,0.0314473999897018,10,0.0031447399989701,True
3,LARGE_MAZE,2356,2356,2,10,5,3,beam_3,22,0.0360057999496348,10,0.0036005799949634,True
3,LARGE_MAZE,2438,2438,3,2,3,8,greedy,22,0.0266999999876134,10,0.0026699999987613,True
3,LARGE_MAZE,2438,2438,3,2,3,8,beam_2,22,0.0313071000273339,10,0.0031307100027333,True
3,LARGE_MAZE,2438,2438,3,2,3,8,beam_3,22,0.0322811999940313,10,0.0032281199994031,True
3,LARGE_MAZE,2504,2504,3,3,7,5,greedy,22,0.0272647999809123,10,0.0027264799980912,True
3,LARGE_MAZE,2504,2504,3,3,7,5,beam_2,22,0.0298219000105746,10,0.0029821900010574,True
3,LARGE_MAZE,2504,2504,3,3,7,5,beam_3,22,0.0321666999952867,10,0.0032166699995286,True
3,LARGE_MAZE,2636,2636,3,7,7,1,greedy,22,0.0583548999857157,19,0.0030713105255639,False
3,LARGE_MAZE,2636,2636,3,7,7,1,beam_2,22,0.0310930999694392,10,0.0031093099969439,True
3,LARGE_MAZE,2636,2636,3,7,7,1,beam_3,22,0.0317362999776378,10,0.0031736299977637,True
3,LARGE_MAZE,2682,2682,3,8,7,2,greedy,22,0.0280045000254176,10,0.0028004500025417,True
3,LARGE_MAZE,2682,2682,3,8,7,2,beam_2,22,0.0338725000037811,10,0.0033872500003781,True
3,LARGE_MAZE,2682,2682,3,8,7,2,beam_3,22,0.0332660999847576,10,0.0033266099984757,True
3,LARGE_MAZE,2731,2731,3,9,7,7,greedy,22,0.0306480000144802,10,0.003064800001448,True
3,LARGE_MAZE,2731,2731,3,9,7,7,beam_2,22,0.033075799990911,10,0.0033075799990911,True
3,LARGE_MAZE,2731,2731,3,9,7,7,beam_3,22,0.0353279000264592,10,0.0035327900026459,True
3,LARGE_MAZE,2775,2775,3,10,7,6,greedy,22,0.0284384000115096,10,0.0028438400011509,True
3,LARGE_MAZE,2775,2775,3,10,7,6,beam_2,22,0.0350419000023976,10,0.0035041900002397,True
3,LARGE_MAZE,2775,2775,3,10,7,6,beam_3,22,0.0324695000308565,10,0.0032469500030856,True
3,LARGE_MAZE,2871,2871,4,10,1,3,greedy,22,0.0270699000102467,10,0.0027069900010246,True
3,LARGE_MAZE,2871,2871,4,10,1,3,beam_2,22,0.0326567000010982,10,0.0032656700001098,True
3,LARGE_MAZE,2871,2871,4,10,1,3,beam_3,22,0.0410793999908492,10,0.0041079399990849,True
3,LARGE_MAZE,2944,2944,5,1,5,7,greedy,22,0.0344179000239819,10,0.0034417900023981,True
3,LARGE_MAZE,2944,2944,5,1,5,7,beam_2,22,0.038819900015369,10,0.0038819900015369,True
3,LARGE_MAZE,2944,2944,5,1,5,7,beam_3,22,0.039183699991554,10,0.0039183699991554,True
3,LARGE_MAZE,3029,3029,5,3,4,10,greedy,22,0.0309443000005558,10,0.0030944300000555,True
3,LARGE_MAZE,3029,3029,5,3,4,10,beam_2,22,0.03421100002015,10,0.003421100002015,True
3,LARGE_MAZE,3029,3029,5,3,4,10,beam_3,22,0.0356786000193096,10,0.0035678600019309,True
3,LARGE_MAZE,3158,3158,5,7,3,7,greedy,22,0.0296460000099614,10,0.0029646000009961,True
3,LARGE_MAZE,3158,3158,5,7,3,7,beam_2,22,0.0311844999669119,10,0.0031184499966911,True
3,LARGE_MAZE,3158,3158,5,7,3,7,beam_3,22,0.0330115999677218,10,0.0033011599967721,True
3,LARGE_MAZE,3232,3232,5,10,1,4,greedy,22,0.0266027000034227,10,0.0026602700003422,True
3,LARGE_MAZE,3232,3232,5,10,1,4,beam_2,22,0.0340749999741092,10,0.0034074999974109,True
3,LARGE_MAZE,3232,3232,5,10,1,4,beam_3,22,0.0311782999779097,10,0.0031178299977909,True
3,LARGE_MAZE,3327,3327,6,5,1,10,greedy,22,0.0547895000199787,19,0.0028836578957883,False
3,LARGE_MAZE,3327,3327,6,5,1,10,beam_2,22,0.0294201000360772,10,0.0029420100036077,True
3,LARGE_MAZE,3327,3327,6,5,1,10,beam_3,22,0.0335128000006079,10,0.0033512800000607,True
3,LARGE_MAZE,3387,3387,6,7,4,1,greedy,22,0.0316851999959908,10,0.003168519999599,True
3,LARGE_MAZE,3387,3387,6,7,4,1,beam_2,22,0.0304593000328168,10,0.0030459300032816,True
3,LARGE_MAZE,3387,3387,6,7,4,1,beam_3,22,0.0340503000188618,10,0.0034050300018861,True
3,LARGE_MAZE,3458,3458,7,1,1,5,greedy,22,0.0582126999506726,19,0.0030638263131932,False
3,LARGE_MAZE,3458,3458,7,1,1,5,beam_2,22,0.0335283000022172,10,0.0033528300002217,True
3,LARGE_MAZE,3458,3458,7,1,1,5,beam_3,22,0.0379309999989345,10,0.0037930999998934,True
3,LARGE_MAZE,3502,3502,7,2,1,4,greedy,22,0.0623867000103928,19,0.0032835105268627,False
3,LARGE_MAZE,3502,3502,7,2,1,4,beam_2,22,0.0623336000135168,19,0.003280715790185,False
3,LARGE_MAZE,3502,3502,7,2,1,4,beam_3,22,0.0412931999890133,12,0.0034410999990844,True
3,LARGE_MAZE,3546,3546,7,3,1,3,greedy,22,0.0280495999613776,10,0.0028049599961377,True
3,LARGE_MAZE,3546,3546,7,3,1,3,beam_2,22,0.0297010000213049,10,0.0029701000021304,True
3,LARGE_MAZE,3546,3546,7,3,1,3,beam_3,22,0.0311966000008396,10,0.0031196600000839,True
3,LARGE_MAZE,3596,3596,7,5,1,9,greedy,22,0.0328420999576337,12,0.0027368416631361,True
3,LARGE_MAZE,3596,3596,7,5,1,9,beam_2,22,0.0385014999774284,12,0.0032084583314523,True
3,LARGE_MAZE,3596,3596,7,5,1,9,beam_3,22,0.0330888999742455,10,0.0033088899974245,True
3,LARGE_MAZE,3640,3640,7,6,1,8,greedy,22,0.0273436999996192,10,0.0027343699999619,True
3,LARGE_MAZE,3640,3640,7,6,1,8,beam_2,22,0.0327042000135406,10,0.003270420001354,True
3,LARGE_MAZE,3640,3640,7,6,1,8,beam_3,22,0.0335767000215128,10,0.0033576700021512,True
3,LARGE_MAZE,3681,3681,7,7,1,3,greedy,22,0.0692965000052936,19,0.0036471842108049,False
3,LARGE_MAZE,3681,3681,7,7,1,3,beam_2,22,0.052827299979981,14,0.0037733785699986,True
3,LARGE_MAZE,3681,3681,7,7,1,3,beam_3,22,0.0355711000156588,10,0.0035571100015658,True
3,LARGE_MAZE,3729,3729,7,9,1,7,greedy,22,0.0586041999631561,19,0.0030844315770082,False
3,LARGE_MAZE,3729,3729,7,9,1,7,beam_2,22,0.0307512000435963,10,0.0030751200043596,True
3,LARGE_MAZE,3729,3729,7,9,1,7,beam_3,22,0.031549300008919,10,0.0031549300008919,True
3,LARGE_MAZE,1749,1749,1,1,1,8,greedy,24,0.0310402000322937,11,0.0028218363665721,True
3,LARGE_MAZE,1749,1749,1,1,1,8,beam_2,24,0.035456100013107,11,0.0032232818193733,True
3,LARGE_MAZE,1749,1749,1,1,1,8,beam_3,24,0.0399728000047616,11,0.0036338909095237,True
3,LARGE_MAZE,1813,1813,1,2,4,10,greedy,24,0.030350900022313,11,0.0027591727293011,True
3,LARGE_MAZE,1813,1813,1,2,4,10,beam_2,24,0.0402082999935373,11,0.0036552999994124,True
3,LARGE_MAZE,1813,1813,1,2,4,10,beam_3,24,0.0398988000233657,11,0.0036271636384877,True
3,LARGE_MAZE,1869,1869,1,3,6,7,greedy,24,0.0359280999982729,11,0.0032661909089339,True
3,LARGE_MAZE,1869,1869,1,3,6,7,beam_2,24,0.0418658999842591,11,0.0038059909076599,True
3,LARGE_MAZE,1869,1869,1,3,6,7,beam_3,24,0.0428493999643251,11,0.0038953999967568,True
3,LARGE_MAZE,1960,1960,1,5,6,9,greedy,24,0.0323941000388003,11,0.0029449181853454,True
3,LARGE_MAZE,1960,1960,1,5,6,9,beam_2,24,0.0380866000195965,11,0.0034624181835996,True
3,LARGE_MAZE,1960,1960,1,5,6,9,beam_3,24,0.0401166999945417,11,0.0036469727267765,True
3,LARGE_MAZE,2007,2007,1,7,7,2,greedy,24,0.033422399952542,11,0.0030383999956856,True
3,LARGE_MAZE,2007,2007,1,7,7,2,beam_2,24,0.0374436000129208,11,0.0034039636375382,True
3,LARGE_MAZE,2007,2007,1,7,7,2,beam_3,24,0.0409143000142648,11,0.0037194818194786,True
3,LARGE_MAZE,2053,2053,1,8,7,3,greedy,24,0.0360703999758698,11,0.0032791272705336,True
3,LARGE_MAZE,2053,2053,1,8,7,3,beam_2,24,0.0431704000220634,11,0.0039245818201875,True
3,LARGE_MAZE,2053,2053,1,8,7,3,beam_3,24,0.046880499983672,11,0.0042618636348792,True
3,LARGE_MAZE,2092,2092,1,9,6,3,greedy,24,0.0371101999771781,11,0.0033736545433798,True
3,LARGE_MAZE,2092,2092,1,9,6,3,beam_2,24,0.0414078999892808,11,0.00376435454448,True
3,LARGE_MAZE,2092,2092,1,9,6,3,beam_3,24,0.0422407999867573,11,0.0038400727260688,True
3,LARGE_MAZE,2154,2154,2,1,1,7,greedy,24,0.0614201999851502,19,0.0032326421044815,False
3,LARGE_MAZE,2154,2154,2,1,1,7,beam_2,24,0.0402844999916851,11,0.0036622272719713,True
3,LARGE_MAZE,2154,2154,2,1,1,7,beam_3,24,0.0468730999855324,11,0.0042611909077756,True
3,LARGE_MAZE,2218,2218,2,3,4,10,greedy,24,0.0404318000073544,11,0.0036756181824867,True
3,LARGE_MAZE,2218,2218,2,3,4,10,beam_2,24,0.0448533999733626,11,0.0040775818157602,True
3,LARGE_MAZE,2218,2218,2,3,4,10,beam_3,24,0.0484155000303871,11,0.0044014090936715,True
3,LARGE_MAZE,2314,2314,2,7,5,7,greedy,24,0.0805017999955453,19,0.0042369368418708,False
3,LARGE_MAZE,2314,2314,2,7,5,7,beam_2,24,0.0426111000124365,11,0.0038737363647669,True
3,LARGE_MAZE,2314,2314,2,7,5,7,beam_3,24,0.0434723000507801,11,0.0039520272773436,True
3,LARGE_MAZE,2362,2362,2,10,6,3,greedy,24,0.0483465000288561,11,0.0043951363662596,True
3,LARGE_MAZE,2362,2362,2,10,6,3,beam_2,24,0.046472400019411,11,0.0042247636381282,True
3,LARGE_MAZE,2362,2362,2,10,6,3,beam_3,24,0.0451385999913327,11,0.0041035090901211,True
3,LARGE_MAZE,2424,2424,3,2,1,7,greedy,24,0.0677092999685555,19,0.003563647366766,False
3,LARGE_MAZE,2424,2424,3,2,1,7,beam_2,24,0.0487449000356718,11,0.0044313545486974,True
3,LARGE_MAZE,2424,2424,3,2,1,7,beam_3,24,0.0505568000371567,11,0.0045960727306506,True
3,LARGE_MAZE,2505,2505,3,3,7,6,greedy,24,0.0674011000082828,11,0.0061273727280257,True
3,LARGE_MAZE,2505,2505,3,3,7,6,beam_2,24,0.0734959000255912,11,0.0066814454568719,True
3,LARGE_MAZE,2505,2505,3,3,7,6,beam_3,24,0.048440400045365,11,0.0044036727313968,True
3,LARGE_MAZE,2698,2698,3,9,2,1,greedy,24,0.0393138999934308,11,0.0035739909084937,True
3,LARGE_MAZE,2698,2698,3,9,2,1,beam_2,24,0.0430034999735653,11,0.0039094090885059,True
3,LARGE_MAZE,2698,2698,3,9,2,1,beam_3,24,0.0443410000298172,11,0.0040310000027106,True
3,LARGE_MAZE,2734,2734,3,10,1,1,greedy,24,0.0384131000027991,11,0.0034921000002544,True
3,LARGE_MAZE,2734,2734,3,10,1,1,beam_2,24,0.0396148000145331,11,0.0036013454558666,True
3,LARGE_MAZE,2734,2734,3,10,1,1,beam_3,24,0.040987699991092,11,0.0037261545446447,True
3,LARGE_MAZE,2784,2784,4,1,1,7,greedy,24,0.0637668999843299,19,0.0033561526307542,False
3,LARGE_MAZE,2784,2784,4,1,1,7,beam_2,24,0.0379736999748274,11,0.0034521545431661,True
3,LARGE_MAZE,2784,2784,4,1,1,7,beam_3,24,0.0397304999642074,11,0.0036118636331097,True
3,LARGE_MAZE,2879,2879,4,10,2,3,greedy,24,0.0385532000218518,11,0.0035048363656228,True
3,LARGE_MAZE,2879,2879,4,10,2,3,beam_2,24,0.0458766000228934,11,0.0041706000020812,True
3,LARGE_MAZE,2879,2879,4,10,2,3,beam_3,24,0.0511231999844312,11,0.0046475636349482,True
3,LARGE_MAZE,2936,2936,5,1,3,10,greedy,24,0.0408800999866798,11,0.0037163727260618,True
3,LARGE_MAZE,2936,2936,5,1,3,10,beam_2,24,0.0400923000415787,11,0.0036447545492344,True
3,LARGE_MAZE,2936,2936,5,1,3,10,beam_3,24,0.040660900005605,11,0.003696445455055,True
3,LARGE_MAZE,3036,3036,5,3,5,10,greedy,24,0.0355380999972112,11,0.0032307363633828,True
3,LARGE_MAZE,3036,3036,5,3,5,10,beam_2,24,0.036012299999129,11,0.0032738454544662,True
3,LARGE_MAZE,3036,3036,5,3,5,10,beam_3,24,0.0387582000112161,11,0.0035234727282923,True
3,LARGE_MAZE,3159,3159,5,7,3,8,greedy,24,0.0994705999619327,19,0.0052352947348385,False
3,LARGE_MAZE,3159,3159,5,7,3,8,beam_2,24,0.0389102000044658,11,0.0035372909094968,True
3,LARGE_MAZE,3159,3159,5,7,3,8,beam_3,24,0.0381963999825529,11,0.0034723999984139,True
3,LARGE_MAZE,3218,3218,5,9,6,5,greedy,24,0.0327667000237852,11,0.0029787909112532,True
3,LARGE_MAZE,3218,3218,5,9,6,5,beam_2,24,0.0396515000029467,11,0.0036046818184497,True
3,LARGE_MAZE,3218,3218,5,9,6,5,beam_3,24,0.0400815000175498,11,0.0036437727288681,True
3,LARGE_MAZE,3287,3287,6,3,2,10,greedy,24,0.0575248000095598,19,0.0030276210531347,False
3,LARGE_MAZE,3287,3287,6,3,2,10,beam_2,24,0.038837100029923,11,0.0035306454572657,True
3,LARGE_MAZE,3287,3287,6,3,2,10,beam_3,24,0.0436092999880202,11,0.0039644818170927,True
3,LARGE_MAZE,3378,3378,6,7,3,1,greedy,24,0.0462453999789431,15,0.0030830266652628,True
3,LARGE_MAZE,3378,3378,6,7,3,1,beam_2,24,0.057172900007572,15,0.0038115266671714,True
3,LARGE_MAZE,3378,3378,6,7,3,1,beam_3,24,0.0404044999741017,11,0.0036731363612819,True
3,LARGE_MAZE,3455,3455,7,1,1,2,greedy,24,0.0325800999999046,11,0.0029618272727186,True
3,LARGE_MAZE,3455,3455,7,1,1,2,beam_2,24,0.0411328999907709,11,0.0037393545446155,True
3,LARGE_MAZE,3455,3455,7,1,1,2,beam_3,24,0.040794399974402,11,0.0037085818158547,True
3,LARGE_MAZE,3490,3490,7,1,6,7,greedy,24,0.0390175000065937,11,0.0035470454551448,True
3,LARGE_MAZE,3490,3490,7,1,6,7,beam_2,24,0.0421151999616995,11,0.0038286545419726,True
3,LARGE_MAZE,3490,3490,7,1,6,7,beam_3,24,0.0423935000435449,11,0.0038539545494131,True
3,LARGE_MAZE,3550,3550,7,3,1,8,greedy,24,0.0616188999847509,19,0.0032430999991974,False
3,LARGE_MAZE,3550,3550,7,3,1,8,beam_2,24,0.0430926000117324,11,0.0039175090919756,True
3,LARGE_MAZE,3550,3550,7,3,1,8,beam_3,24,0.048124499968253,11,0.0043749545425684,True
3,LARGE_MAZE,3641,3641,7,6,1,9,greedy,24,0.0498411000007763,13,0.0038339307692904,True
3,LARGE_MAZE,3641,3641,7,6,1,9,beam_2,24,0.0456100999726913,11,0.0041463727247901,True
3,LARGE_MAZE,3641,3641,7,6,1,9,beam_3,24,0.0432047000504098,11,0.0039277000045827,True
3,LARGE_MAZE,3685,3685,7,7,1,8,greedy,24,0.03898269997444,11,0.0035438818158581,True
3,LARGE_MAZE,3685,3685,7,7,1,8,beam_2,24,0.0401802000124007,11,0.0036527454556727,True
3,LARGE_MAZE,3685,3685,7,7,1,8,beam_3,24,0.0395877999835647,11,0.0035988909075967,True
3,LARGE_MAZE,3735,3735,7,9,2,5,greedy,24,0.0363764999783597,11,0.0033069545434872,True
3,LARGE_MAZE,3735,3735,7,9,2,5,beam_2,24,0.0410227999673225,11,0.0037293454515747,True
3,LARGE_MAZE,3735,3735,7,9,2,5,beam_3,24,0.0425108999479562,11,0.003864627267996,True
3,LARGE_MAZE,1756,1756,1,1,2,10,greedy,26,0.0401776999933645,12,0.0033481416661137,True
3,LARGE_MAZE,1756,1756,1,1,2,10,beam_2,26,0.0439206999726593,12,0.0036600583310549,True
3,LARGE_MAZE,1756,1756,1,1,2,10,beam_3,26,0.0486525000305846,12,0.0040543750025487,True
3,LARGE_MAZE,1824,1824,1,2,6,7,greedy,26,0.039855399983935,12,0.0033212833319945,True
3,LARGE_MAZE,1824,1824,1,2,6,7,beam_2,26,0.0412072999752126,12,0.003433941664601,True
3,LARGE_MAZE,1824,1824,1,2,6,7,beam_3,26,0.0438317999942228,12,0.0036526499995185,True
3,LARGE_MAZE,1967,1967,1,5,7,9,greedy,26,0.0374224000261165,12,0.0031185333355097,True
3,LARGE_MAZE,1967,1967,1,5,7,9,beam_2,26,0.0475345000158995,12,0.0039612083346582,True
3,LARGE_MAZE,1967,1967,1,5,7,9,beam_3,26,0.0475694999913685,12,0.0039641249992807,True
3,LARGE_MAZE,2028,2028,1,8,3,2,greedy,26,0.0416265000239945,12,0.0034688750019995,True
3,LARGE_MAZE,2028,2028,1,8,3,2,beam_2,26,0.047681400028523,12,0.0039734500023769,True
3,LARGE_MAZE,2028,2028,1,8,3,2,beam_3,26,0.0463372999802231,12,0.0038614416650185,True
3,LARGE_MAZE,2074,2074,1,9,3,3,greedy,26,0.0426389999920502,12,0.0035532499993375,True
3,LARGE_MAZE,2074,2074,1,9,3,3,beam_2,26,0.0449722000048495,12,0.0037476833337374,True
3,LARGE_MAZE,2074,2074,1,9,3,3,beam_3,26,0.0457019999739714,12,0.0038084999978309,True
3,LARGE_MAZE,2113,2113,1,10,2,3,greedy,26,0.0368774000089615,12,0.0030731166674134,True
3,LARGE_MAZE,2113,2113,1,10,2,3,beam_2,26,0.0437612999812699,12,0.0036467749984391,True
3,LARGE_MAZE,2113,2113,1,10,2,3,beam_3,26,0.044941000000108,12,0.0037450833333423,True
3,LARGE_MAZE,2170,2170,2,1,3,10,greedy,26,0.0426703999983146,12,0.0035558666665262,True
3,LARGE_MAZE,2170,2170,2,1,3,10,beam_2,26,0.0492717000306583,12,0.0041059750025548,True
3,LARGE_MAZE,2170,2170,2,1,3,10,beam_3,26,0.0529199000447988,12,0.0044099916703999,True
3,LARGE_MAZE,2283,2283,2,5,7,10,greedy,26,0.1312655000365339,19,0.0069087105282386,False
3,LARGE_MAZE,2283,2283,2,5,7,10,beam_2,26,0.0469791000359691,12,0.0039149250029974,True
3,LARGE_MAZE,2283,2283,2,5,7,10,beam_3,26,0.0486027000006288,12,0.0040502250000524,True
3,LARGE_MAZE,2371,2371,2,10,7,7,greedy,26,0.0410970000084489,12,0.003424750000704,True
3,LARGE_MAZE,2371,2371,2,10,7,7,beam_2,26,0.0468784000258892,12,0.0039065333354907,True
3,LARGE_MAZE,2371,2371,2,10,7,7,beam_3,26,0.0502041000290773,12,0.0041836750024231,True
3,LARGE_MAZE,2440,2440,3,2,3,10,greedy,26,0.0412935999920591,12,0.0034411333326715,True
3,LARGE_MAZE,2440,2440,3,2,3,10,beam_2,26,0.0433412999846041,12,0.003611774998717,True
3,LARGE_MAZE,2440,2440,3,2,3,10,beam_3,26,0.049224900023546,12,0.0041020750019621,True
3,LARGE_MAZE,2506,2506,3,3,7,7,greedy,26,0.0404601999907754,12,0.0033716833325646,True
3,LARGE_MAZE,2506,2506,3,3,7,7,beam_2,26,0.0473158999811857,12,0.0039429916650988,True
3,LARGE_MAZE,2506,2506,3,3,7,7,beam_3,26,0.0492872999748215,12,0.0041072749979017,True
3,LARGE_MAZE,2749,2749,3,10,3,2,greedy,26,0.0402032000129111,12,0.0033502666677425,True
3,LARGE_MAZE,2749,2749,3,10,3,2,beam_2,26,0.0422880999976769,12,0.0035240083331397,True
3,LARGE_MAZE,2749,2749,3,10,3,2,beam_3,26,0.0454419999732635,12,0.0037868333311052,True
3,LARGE_MAZE,2801,2801,4,1,3,10,greedy,26,0.0365583999664522,12,0.0030465333305376,True
3,LARGE_MAZE,2801,2801,4,1,3,10,beam_2,26,0.0423780999844893,12,0.0035315083320407,True
3,LARGE_MAZE,2801,2801,4,1,3,10,beam_3,26,0.042544399970211,12,0.0035453666641842,True
3,LARGE_MAZE,2908,2908,4,10,7,3,greedy,26,0.0386338999960571,12,0.003219491666338,True
3,LARGE_MAZE,2908,2908,4,10,7,3,beam_2,26,0.0438228999846614,12,0.0036519083320551,True
3,LARGE_MAZE,2908,2908,4,10,7,3,beam_3,26,0.0485272000078111,12,0.0040439333339842,True
3,LARGE_MAZE,2967,2967,5,2,1,10,greedy,26,0.0398026999901048,12,0.003316891665842,True
3,LARGE_MAZE,2967,2967,5,2,1,10,beam_2,26,0.0442715000244788,12,0.0036892916687065,True
3,LARGE_MAZE,2967,2967,5,2,1,10,beam_3,26,0.0524888999643735,12,0.0043740749970311,True
3,LARGE_MAZE,3141,3141,5,7,1,3,greedy,26,0.0420406000339426,12,0.0035033833361618,True
3,LARGE_MAZE,3141,3141,5,7,1,3,beam_2,26,0.0482512000016868,12,0.0040209333334739,True
3,LARGE_MAZE,3141,3141,5,7,1,3,beam_3,26,0.0493494999827817,12,0.0041124583318984,True
3,LARGE_MAZE,3186,3186,5,9,1,3,greedy,26,0.0398441999568603,12,0.003320349996405,True
3,LARGE_MAZE,3186,3186,5,9,1,3,beam_2,26,0.0509131000144407,12,0.0042427583345367,True
3,LARGE_MAZE,3186,3186,5,9,1,3,beam_3,26,0.048505800019484,12,0.0040421500016236,True
3,LARGE_MAZE,3256,3256,5,10,5,2,greedy,26,0.0417642999673262,12,0.0034803583306105,True
3,LARGE_MAZE,3256,3256,5,10,5,2,beam_2,26,0.0449238999863155,12,0.0037436583321929,True
3,LARGE_MAZE,3256,3256,5,10,5,2,beam_3,26,0.0480782000231556,12,0.0040065166685963,True
3,LARGE_MAZE,3355,3355,6,5,6,9,greedy,26,0.0415728000225499,12,0.0034644000018791,True
3,LARGE_MAZE,3355,3355,6,5,6,9,beam_2,26,0.044830999977421,12,0.003735916664785,True
3,LARGE_MAZE,3355,3355,6,5,6,9,beam_3,26,0.0460237000370398,12,0.0038353083364199,True
3,LARGE_MAZE,3379,3379,6,7,3,2,greedy,26,0.0619267000001855,19,0.0032593000000097,False
3,LARGE_MAZE,3379,3379,6,7,3,2,beam_2,26,0.0775462000165134,19,0.0040813789482375,False
3,LARGE_MAZE,3379,3379,6,7,3,2,beam_3,26,0.043952599982731,12,0.0036627166652275,True
3,LARGE_MAZE,3456,3456,7,1,1,3,greedy,26,0.0384363000048324,12,0.0032030250004027,True
3,LARGE_MAZE,3456,3456,7,1,1,3,beam_2,26,0.0414286999730393,12,0.0034523916644199,True
3,LARGE_MAZE,3456,3456,7,1,1,3,beam_3,26,0.0434123000013642,12,0.0036176916667803,True
3,LARGE_MAZE,3521,3521,7,2,3,10,greedy,26,0.0369019999634474,12,0.0030751666636206,True
3,LARGE_MAZE,3521,3521,7,2,3,10,beam_2,26,0.0423936999868601,12,0.0035328083322383,True
3,LARGE_MAZE,3521,3521,7,2,3,10,beam_3,26,0.0491803000331856,12,0.0040983583360988,True
3,LARGE_MAZE,3642,3642,7,6,1,10,greedy,26,0.0689305000123567,19,0.0036279210532819,False
3,LARGE_MAZE,3642,3642,7,6,1,10,beam_2,26,0.0440175999538041,12,0.0036681333294836,True
3,LARGE_MAZE,3642,3642,7,6,1,10,beam_3,26,0.048434600001201,12,0.0040362166667667,True
3,LARGE_MAZE,3695,3695,7,7,3,3,greedy,26,0.0675130999879911,19,0.0035533210519995,False
3,LARGE_MAZE,3695,3695,7,7,3,3,beam_2,26,0.05066499998793,12,0.0042220833323275,True
3,LARGE_MAZE,3695,3695,7,7,3,3,beam_3,26,0.0578629000228829,12,0.0048219083352402,True
3,LARGE_MAZE,3793,3793,7,10,4,5,greedy,26,0.0437144999741576,12,0.0036428749978464,True
3,LARGE_MAZE,3793,3793,7,10,4,5,beam_2,26,0.0435793999931775,12,0.0036316166660981,True
3,LARGE_MAZE,3793,3793,7,10,4,5,beam_3,26,0.0440487000159919,12,0.0036707250013326,True
3,LARGE_MAZE,1820,1820,1,2,5,9,greedy,28,0.0714130999986082,13,0.0054933153845083,True
3,LARGE_MAZE,1820,1820,1,2,5,9,beam_2,28,0.0522357000154443,13,0.0040181307704187,True
3,LARGE_MAZE,1820,1820,1,2,5,9,beam_3,28,0.047172499995213,13,0.0036286538457856,True
3,LARGE_MAZE,2044,2044,1,8,5,7,greedy,28,0.0599261000170372,19,0.0031540052640545,False
3,LARGE_MAZE,2044,2044,1,8,5,7,beam_2,28,0.0433883999940007,13,0.0033375692303077,True
3,LARGE_MAZE,2044,2044,1,8,5,7,beam_3,28,0.0451889000250957,13,0.0034760692326996,True
3,LARGE_MAZE,2094,2094,1,9,6,7,greedy,28,0.0437852999893948,13,0.0033680999991842,True
3,LARGE_MAZE,2094,2094,1,9,6,7,beam_2,28,0.0472461999743245,13,0.003634323074948,True
3,LARGE_MAZE,2094,2094,1,9,6,7,beam_3,28,0.048242199991364,13,0.0037109384608741,True
3,LARGE_MAZE,2143,2143,1,10,7,3,greedy,28,0.0405999000067822,13,0.0031230692312909,True
3,LARGE_MAZE,2143,2143,1,10,7,3,beam_2,28,0.048585099983029,13,0.0037373153833099,True
3,LARGE_MAZE,2143,2143,1,10,7,3,beam_3,28,0.0460803000023588,13,0.0035446384617199,True
3,LARGE_MAZE,2179,2179,2,1,5,7,greedy,28,0.0394263000343926,13,0.0030327923103378,True
3,LARGE_MAZE,2179,2179,2,1,5,7,beam_2,28,0.0438450999790802,13,0.0033726999983907,True
3,LARGE_MAZE,2179,2179,2,1,5,7,beam_3,28,0.0446986999595537,13,0.0034383615353502,True
3,LARGE_MAZE,2351,2351,2,10,4,1,greedy,28,0.040705399995204,13,0.0031311846150156,True
3,LARGE_MAZE,2351,2351,2,10,4,1,beam_2,28,0.0450930999941192,13,0.0034686999995476,True
3,LARGE_MAZE,2351,2351,2,10,4,1,beam_3,28,0.049728799960576,13,0.0038252923046596,True
3,LARGE_MAZE,2426,2426,3,2,1,9,greedy,28,0.0467131999903358,15,0.003114213332689,True
3,LARGE_MAZE,2426,2426,3,2,1,9,beam_2,28,0.0451415999559685,13,0.0034724307658437,True
3,LARGE_MAZE,2426,2426,3,2,1,9,beam_3,28,0.0456234000157564,13,0.0035094923089043,True
3,LARGE_MAZE,2496,2496,3,3,5,10,greedy,28,0.0388516999664716,13,0.0029885923051132,True
3,LARGE_MAZE,2496,2496,3,3,5,10,beam_2,28,0.0514324000105261,13,0.0039563384623481,True
3,LARGE_MAZE,2496,2496,3,3,5,10,beam_3,28,0.0541741999913938,13,0.0041672461531841,True
3,LARGE_MAZE,2786,2786,4,1,1,9,greedy,28,0.0631723999977111,19,0.0033248631577742,False
3,LARGE_MAZE,2786,2786,4,1,1,9,beam_2,28,0.0536259000073187,15,0.0035750600004879,True
3,LARGE_MAZE,2786,2786,4,1,1,9,beam_3,28,0.0464949000161141,13,0.0035765307704703,True
3,LARGE_MAZE,2892,2892,4,10,4,1,greedy,28,0.0372182999853976,13,0.0028629461527228,True
3,LARGE_MAZE,2892,2892,4,10,4,1,beam_2,28,0.0427035999600775,13,0.0032848923046213,True
3,LARGE_MAZE,2892,2892,4,10,4,1,beam_3,28,0.0473646000027656,13,0.0036434307694435,True
3,LARGE_MAZE,2990,2990,5,2,5,9,greedy,28,0.0386630000430159,13,0.0029740769263858,True
3,LARGE_MAZE,2990,2990,5,2,5,9,beam_2,28,0.0447978000156581,13,0.003445984616589,True
3,LARGE_MAZE,2990,2990,5,2,5,9,beam_3,28,0.0488037999602966,13,0.0037541384584843,True
3,LARGE_MAZE,3145,3145,5,7,1,8,greedy,28,0.0651417000335641,19,0.0034285105280823,False
3,LARGE_MAZE,3145,3145,5,7,1,8,beam_2,28,0.0452387999976053,13,0.0034799076921234,True
3,LARGE_MAZE,3145,3145,5,7,1,8,beam_3,28,0.0450568000087514,13,0.0034659076929808,True
3,LARGE_MAZE,3185,3185,5,9,1,2,greedy,28,0.0442157000070437,13,0.0034012076928495,True
3,LARGE_MAZE,3185,3185,5,9,1,2,beam_2,28,0.0457958999904803,13,0.0035227615377292,True
3,LARGE_MAZE,3185,3185,5,9,1,2,beam_3,28,0.0488241000566631,13,0.0037557000043587,True
3,LARGE_MAZE,3229,3229,5,10,1,1,greedy,28,0.0454120999784208,13,0.0034932384598785,True
3,LARGE_MAZE,3229,3229,5,10,1,1,beam_2,28,0.0448991000303067,13,0.0034537769254082,True
3,LARGE_MAZE,3229,3229,5,10,1,1,beam_3,28,0.0456169000244699,13,0.0035089923095746,True
3,LARGE_MAZE,3306,3306,6,3,5,9,greedy,28,0.0405600999947637,13,0.0031200076919049,True
3,LARGE_MAZE,3306,3306,6,3,5,9,beam_2,28,0.0441111999680288,13,0.0033931692283099,True
3,LARGE_MAZE,3306,3306,6,3,5,9,beam_3,28,0.0440154000534676,13,0.0033858000041128,True
3,LARGE_MAZE,3380,3380,6,7,3,3,greedy,28,0.0615550999646075,19,0.0032397421034003,False
3,LARGE_MAZE,3380,3380,6,7,3,3,beam_2,28,0.0691703000338748,19,0.003640542107046,False
3,LARGE_MAZE,3380,3380,6,7,3,3,beam_3,28,0.0851576999993994,19,0.0044819842104947,False
3,LARGE_MAZE,3460,3460,7,1,1,8,greedy,28,0.0505181999760679,13,0.0038860153827744,True
3,LARGE_MAZE,3460,3460,7,1,1,8,beam_2,28,0.0485769999795593,13,0.0037366923061199,True
3,LARGE_MAZE,3460,3460,7,1,1,8,beam_3,28,0.0508538000285625,13,0.0039118307714278,True
3,LARGE_MAZE,3552,3552,7,3,1,10,greedy,28,0.0598631000029854,19,0.0031506894738413,False
3,LARGE_MAZE,3552,3552,7,3,1,10,beam_2,28,0.0427933000028133,13,0.0032917923079087,True
3,LARGE_MAZE,3552,3552,7,3,1,10,beam_3,28,0.0446624999749474,13,0.0034355769211498,True
3,LARGE_MAZE,3712,3712,7,7,5,10,greedy,28,0.0677648999844677,19,0.003566573683393,False
3,LARGE_MAZE,3712,3712,7,7,5,10,beam_2,28,0.0437247999943792,13,0.0033634461534137,True
3,LARGE_MAZE,3712,3712,7,7,5,10,beam_3,28,0.0475726000149734,13,0.0036594307703825,True
3,LARGE_MAZE,3799,3799,7,10,5,5,greedy,28,0.0395188999827951,13,0.0030399153832919,True
3,LARGE_MAZE,3799,3799,7,10,5,5,beam_2,28,0.0422123000025749,13,0.003247100000198,True
3,LARGE_MAZE,3799,3799,7,10,5,5,beam_3,28,0.0450084999902173,13,0.0034621923069397,True
3,LARGE_MAZE,1923,1923,1,4,7,10,greedy,30,0.0384049999993294,14,0.0027432142856663,True
3,LARGE_MAZE,1923,1923,1,4,7,10,beam_2,30,0.0460700999828986,14,0.0032907214273499,True
3,LARGE_MAZE,1923,1923,1,4,7,10,beam_3,30,0.0462492000078782,14,0.003303514286277,True
3,LARGE_MAZE,2118,2118,1,10,3,2,greedy,30,0.0549940000055357,19,0.0028944210529229,False
3,LARGE_MAZE,2118,2118,1,10,3,2,beam_2,30,0.0444103000336326,14,0.0031721642881166,True
3,LARGE_MAZE,2118,2118,1,10,3,2,beam_3,30,0.0471073000226169,14,0.0033648071444726,True
3,LARGE_MAZE,2181,2181,2,1,5,10,greedy,30,0.045412799983751,14,0.0032437714274107,True
3,LARGE_MAZE,2181,2181,2,1,5,10,beam_2,30,0.0575097000109963,14,0.0041078357150711,True
3,LARGE_MAZE,2181,2181,2,1,5,10,beam_3,30,0.0556573999929241,14,0.0039755285709231,True
3,LARGE_MAZE,2381,2381,3,1,1,9,greedy,30,0.1487442000070586,19,0.0078286421056346,False
3,LARGE_MAZE,2381,2381,3,1,1,9,beam_2,30,0.1073013000423088,19,0.005647436844332,False
3,LARGE_MAZE,2381,2381,3,1,1,9,beam_3,30,0.0894336000201292,14,0.006388114287152,True
3,LARGE_MAZE,2494,2494,3,3,5,7,greedy,30,0.0621879999525845,14,0.0044419999966131,True
3,LARGE_MAZE,2494,2494,3,3,5,7,beam_2,30,0.0641236999654211,14,0.0045802642832443,True
3,LARGE_MAZE,2494,2494,3,3,5,7,beam_3,30,0.0873431000509299,14,0.0062387928607807,True
3,LARGE_MAZE,2899,2899,4,10,5,7,greedy,30,0.0678887999965809,14,0.0048491999997557,True
3,LARGE_MAZE,2899,2899,4,10,5,7,beam_2,30,0.0625526999938301,14,0.0044680499995592,True
3,LARGE_MAZE,2899,2899,4,10,5,7,beam_3,30,0.0656595999607816,14,0.0046899714257701,True
3,LARGE_MAZE,3093,3093,5,4,7,10,greedy,30,0.0626362000475637,14,0.0044740142891116,True
3,LARGE_MAZE,3093,3093,5,4,7,10,beam_2,30,0.0726070000091567,14,0.0051862142863683,True
3,LARGE_MAZE,3093,3093,5,4,7,10,beam_3,30,0.0677918000146746,14,0.0048422714296196,True
3,LARGE_MAZE,3164,3164,5,7,4,10,greedy,30,0.0547613999806344,14,0.0039115285700453,True
3,LARGE_MAZE,3164,3164,5,7,4,10,beam_2,30,0.0632867000531405,14,0.0045204785752243,True
3,LARGE_MAZE,3164,3164,5,7,4,10,beam_3,30,0.0668477000435814,14,0.0047748357173986,True
3,LARGE_MAZE,3226,3226,5,9,7,7,greedy,30,0.0539635000168345,14,0.0038545357154881,True
3,LARGE_MAZE,3226,3226,5,9,7,7,beam_2,30,0.0479105000267736,14,0.0034221785733409,True
3,LARGE_MAZE,3226,3226,5,9,7,7,beam_3,30,0.0463404000038281,14,0.003310028571702,True
3,LARGE_MAZE,3267,3267,5,10,7,2,greedy,30,0.0540020000189542,14,0.0038572857156395,True
3,LARGE_MAZE,3267,3267,5,10,7,2,beam_2,30,0.0649089999496936,14,0.0046363571392638,True
3,LARGE_MAZE,3267,3267,5,10,7,2,beam_3,30,0.074305500020273,14,0.0053075357157337,True
3,LARGE_MAZE,3410,3410,6,9,1,2,greedy,30,0.0603544000186957,14,0.0043110285727639,True
3,LARGE_MAZE,3410,3410,6,9,1,2,beam_2,30,0.0548003999865613,14,0.0039143142847543,True
3,LARGE_MAZE,3410,3410,6,9,1,2,beam_3,30,0.0526529000489972,14,0.0037609214320712,True
3,LARGE_MAZE,3461,3461,7,1,1,9,greedy,30,0.0683209000271745,19,0.0035958368435355,False
3,LARGE_MAZE,3461,3461,7,1,1,9,beam_2,30,0.0480578999849967,14,0.0034327071417854,True
3,LARGE_MAZE,3461,3461,7,1,1,9,beam_3,30,0.0493836000096052,14,0.003527400000686,True
3,LARGE_MAZE,3576,3576,7,3,5,9,greedy,30,0.0362897999584674,14,0.0025921285684619,True
3,LARGE_MAZE,3576,3576,7,3,5,9,beam_2,30,0.041943899996113,14,0.0029959928568652,True
3,LARGE_MAZE,3576,3576,7,3,5,9,beam_3,30,0.0415868000127375,14,0.0029704857151955,True
3,LARGE_MAZE,3752,3752,7,9,5,3,greedy,30,0.0390855000005103,14,0.0027918214286078,True
3,LARGE_MAZE,3752,3752,7,9,5,3,beam_2,30,0.0362326999893412,14,0.0025880499992386,True
3,LARGE_MAZE,3752,3752,7,9,5,3,beam_3,30,0.0412202000152319,14,0.0029443000010879,True
3,LARGE_MAZE,1780,1780,1,1,6,9,greedy,32,0.0366056999773718,15,0.0024403799984914,True
3,LARGE_MAZE,1780,1780,1,1,6,9,beam_2,32,0.0381780000170692,15,0.0025452000011379,True
3,LARGE_MAZE,1780,1780,1,1,6,9,beam_3,32,0.0372203000006265,15,0.0024813533333751,True
3,LARGE_MAZE,2141,2141,1,10,7,1,greedy,32,0.0352919999859295,15,0.0023527999990619,True
3,LARGE_MAZE,2141,2141,1,10,7,1,beam_2,32,0.0371563999797217,15,0.0024770933319814,True
3,LARGE_MAZE,2141,2141,1,10,7,1,beam_3,32,0.0607900000177323,15,0.0040526666678488,True
3,LARGE_MAZE,2450,2450,3,2,5,9,greedy,32,0.0483687000232748,15,0.0032245800015516,True
3,LARGE_MAZE,2450,2450,3,2,5,9,beam_2,32,0.0444193000439554,15,0.002961286669597,True
3,LARGE_MAZE,2450,2450,3,2,5,9,beam_3,32,0.0520582000026479,15,0.0034705466668431,True
3,LARGE_MAZE,3048,3048,5,3,7,10,greedy,32,0.0589555000187829,15,0.0039303666679188,True
3,LARGE_MAZE,3048,3048,5,3,7,10,beam_2,32,0.0816816000151448,15,0.0054454400010096,True
3,LARGE_MAZE,3048,3048,5,3,7,10,beam_3,32,0.0671517000300809,15,0.0044767800020053,True
3,LARGE_MAZE,3207,3207,5,9,4,1,greedy,32,0.056608100014273,15,0.0037738733342848,True
3,LARGE_MAZE,3207,3207,5,9,4,1,beam_2,32,0.0706644000019878,15,0.0047109600001325,True
3,LARGE_MAZE,3207,3207,5,9,4,1,beam_3,32,0.0608850000426173,15,0.0040590000028411,True
3,LARGE_MAZE,3266,3266,5,10,7,1,greedy,32,0.0444915000116452,15,0.0029661000007763,True
3,LARGE_MAZE,3266,3266,5,10,7,1,beam_2,32,0.0452275999705307,15,0.0030151733313687,True
3,LARGE_MAZE,3266,3266,5,10,7,1,beam_3,32,0.0454408000223338,15,0.0030293866681555,True
3,LARGE_MAZE,3435,3435,6,9,5,1,greedy,32,0.0434609999647364,15,0.002897399997649,True
3,LARGE_MAZE,3435,3435,6,9,5,1,beam_2,32,0.0432243000250309,15,0.0028816200016687,True
3,LARGE_MAZE,3435,3435,6,9,5,1,beam_3,32,0.0385529999621212,15,0.0025701999974747,True
3,LARGE_MAZE,3531,3531,7,2,5,9,greedy,32,0.0315403999993577,15,0.0021026933332905,True
3,LARGE_MAZE,3531,3531,7,2,5,9,beam_2,32,0.034393000009004,15,0.0022928666672669,True
3,LARGE_MAZE,3531,3531,7,2,5,9,beam_3,32,0.039264400023967,15,0.0026176266682644,True
3,LARGE_MAZE,3725,3725,7,9,1,2,greedy,32,0.0323937000357545,15,0.0021595800023836,True
3,LARGE_MAZE,3725,3725,7,9,1,2,beam_2,32,0.0366403000080026,15,0.0024426866672001,True
3,LARGE_MAZE,3725,3725,7,9,1,2,beam_3,32,0.0430764000047929,15,0.0028717600003195,True
3,LARGE_MAZE,3771,3771,7,10,1,3,greedy,32,0.0389880000147968,15,0.0025992000009864,True
3,LARGE_MAZE,3771,3771,7,10,1,3,beam_2,32,0.0413980999728664,15,0.0027598733315244,True
3,LARGE_MAZE,3771,3771,7,10,1,3,beam_3,32,0.0532880999962799,15,0.0035525399997519,True
3,LARGE_MAZE,2185,2185,2,1,6,9,greedy,34,0.0517912000068463,16,0.0032369500004278,True
3,LARGE_MAZE,2185,2185,2,1,6,9,beam_2,34,0.0547472999896854,16,0.0034217062493553,True
3,LARGE_MAZE,2185,2185,2,1,6,9,beam_3,34,0.0660894000320695,16,0.0041305875020043,True
3,LARGE_MAZE,2815,2815,4,1,6,9,greedy,34,0.0524604999809525,18,0.002914472221164,True
3,LARGE_MAZE,2815,2815,4,1,6,9,beam_2,34,0.0575331000145524,18,0.0031962833341418,True
3,LARGE_MAZE,2815,2815,4,1,6,9,beam_3,34,0.0689992000116035,16,0.0043124500007252,True
3,LARGE_MAZE,3215,3215,5,9,5,7,greedy,34,0.0775818000547587,19,0.0040832526344609,False
3,LARGE_MAZE,3215,3215,5,9,5,7,beam_2,34,0.0586009999969974,18,0.0032556111109443,True
3,LARGE_MAZE,3215,3215,5,9,5,7,beam_3,34,0.065519800002221,16,0.0040949875001388,True
3,LARGE_MAZE,3424,3424,6,9,3,2,greedy,34,0.063773600035347,16,0.0039858500022091,True
3,LARGE_MAZE,3424,3424,6,9,3,2,beam_2,34,0.0570232999743893,16,0.0035639562483993,True
3,LARGE_MAZE,3424,3424,6,9,3,2,beam_3,34,0.0621240999898873,16,0.0038827562493679,True
3,LARGE_MAZE,3536,3536,7,2,6,9,greedy,34,0.0405738000408746,16,0.0025358625025546,True
3,LARGE_MAZE,3536,3536,7,2,6,9,beam_2,34,0.0572583000175654,16,0.0035786437510978,True
3,LARGE_MAZE,3536,3536,7,2,6,9,beam_3,34,0.0700301000033505,16,0.0043768812502094,True
3,LARGE_MAZE,3740,3740,7,9,3,3,greedy,34,0.0568919999641366,16,0.0035557499977585,True
3,LARGE_MAZE,3740,3740,7,9,3,3,beam_2,34,0.0726687000133097,16,0.0045417937508318,True
3,LARGE_MAZE,3740,3740,7,9,3,3,beam_3,34,0.0685533999931067,16,0.0042845874995691,True
3,LARGE_MAZE,3779,3779,7,10,2,3,greedy,34,0.0644659000099636,16,0.0040291187506227,True
3,LARGE_MAZE,3779,3779,7,10,2,3,beam_2,34,0.0568797999876551,16,0.0035549874992284,True
3,LARGE_MAZE,3779,3779,7,10,2,3,beam_3,34,0.0654826999525539,16,0.0040926687470346,True
3,LARGE_MAZE,2192,2192,2,1,7,9,greedy,36,0.1868685000226833,19,0.0098351842117201,True
3,LARGE_MAZE,2192,2192,2,1,7,9,beam_2,36,0.2296775000286288,17,0.0135104411781546,True
3,LARGE_MAZE,2192,2192,2,1,7,9,beam_3,36,0.1608029000344686,17,0.0094589941196746,True
3,LARGE_MAZE,2958,2958,5,1,7,10,greedy,36,0.0824059000005945,17,0.0048474058823879,True
3,LARGE_MAZE,2958,2958,5,1,7,10,beam_2,36,0.1165093000163324,17,0.0068534882362548,True
3,LARGE_MAZE,2958,2958,5,1,7,10,beam_3,36,0.1875488999648951,17,0.0110322882332291,True
3,LARGE_MAZE,3446,3446,6,9,7,1,greedy,36,0.1750072999857366,17,0.0102945470579845,True
3,LARGE_MAZE,3446,3446,6,9,7,1,beam_2,36,0.1457860000082291,17,0.0085756470593075,True
3,LARGE_MAZE,3446,3446,6,9,7,1,beam_3,36,0.2358214999549091,17,0.013871852938524,True
3,LARGE_MAZE,3733,3733,7,9,2,1,greedy,36,0.0835925000137649,17,0.0049172058831626,True
3,LARGE_MAZE,3733,3733,7,9,2,1,beam_2,36,0.1041654999717138,17,0.0061273823512772,True
3,LARGE_MAZE,3733,3733,7,9,2,1,beam_3,36,0.1297368999803438,17,0.0076315823517849,True
3,LARGE_MAZE,3769,3769,7,10,1,1,greedy,36,0.1268586000078357,17,0.0074622705886962,True
3,LARGE_MAZE,3769,3769,7,10,1,1,beam_2,36,0.1750314999953843,17,0.0102959705879637,True
3,LARGE_MAZE,3769,3769,7,10,1,1,beam_3,36,0.1237522999872453,17,0.0072795470580732,True
3,LARGE_MAZE,2193,2193,2,1,7,10,greedy,38,0.0849731999915093,19,0.0044722736837636,False
3,LARGE_MAZE,2193,2193,2,1,7,10,beam_2,38,0.0909704000223428,18,0.0050539111123523,True
3,LARGE_MAZE,2193,2193,2,1,7,10,beam_3,38,0.1156419000471942,18,0.0064245500026219,True
3,LARGE_MAZE,3408,3408,6,7,7,10,greedy,38,0.1005132999853231,18,0.0055840722214068,True
3,LARGE_MAZE,3408,3408,6,7,7,10,beam_2,38,0.1264577000401914,18,0.0070254277800106,True
3,LARGE_MAZE,3408,3408,6,7,7,10,beam_3,38,0.0976683000335469,18,0.0054260166685303,True
3,LARGE_MAZE,3762,3762,7,9,7,1,greedy,38,0.082177700009197,18,0.0045654277782887,True
3,LARGE_MAZE,3762,3762,7,9,7,1,beam_2,38,0.1042681999970227,18,0.0057926777776123,True
3,LARGE_MAZE,3762,3762,7,9,7,1,beam_3,38,0.0815871999948285,18,0.0045326222219349,True
3,LARGE_MAZE,3808,3808,7,10,7,2,greedy,38,0.0739029999822378,18,0.0041057222212354,True
3,LARGE_MAZE,3808,3808,7,10,7,2,beam_2,38,0.0702554999734275,18,0.003903083331857,True
3,LARGE_MAZE,3808,3808,7,10,7,2,beam_3,38,0.0938283000141382,18,0.0052126833341187,True
3,LARGE_MAZE,3800,3800,7,10,5,7,greedy,40,0.0672644000151194,19,0.0035402315797431,False
3,LARGE_MAZE,3800,3800,7,10,5,7,beam_2,40,0.0893815000308677,19,0.0047042894753088,True
3,LARGE_MAZE,3800,3800,7,10,5,7,beam_3,40,0.0952811000170186,19,0.0050147947377378,True
4,OPEN,19,19,2,3,3,3,greedy,16,0.0581562000443227,16,0.0036347625027701,False
4,OPEN,19,19,2,3,3,3,beam_2,16,0.0029455000185407,1,0.0029455000185407,True
4,OPEN,19,19,2,3,3,3,beam_3,16,0.002403900027275,1,0.002403900027275,True
4,OPEN,51,51,2,5,3,5,greedy,16,0.0133478000061586,5,0.0026695600012317,True
4,OPEN,51,51,2,5,3,5,beam_2,16,0.0024685999960638,1,0.0024685999960638,True
4,OPEN,51,51,2,5,3,5,beam_3,16,0.0023099000100046,1,0.0023099000100046,True
4,OPEN,79,79,3,3,3,2,greedy,16,0.0025932000135071,1,0.0025932000135071,True
4,OPEN,79,79,3,3,3,2,beam_2,16,0.0024008000036701,1,0.0024008000036701,True
4,OPEN,79,79,3,3,3,2,beam_3,16,0.0021935999975539,1,0.0021935999975539,True
4,OPEN,96,96,3,4,3,5,greedy,16,0.002248500008136,1,0.002248500008136,True
4,OPEN,96,96,3,4,3,5,beam_2,16,0.0026244000182487,1,0.0026244000182487,True
4,OPEN,96,96,3,4,3,5,beam_3,16,0.0023706000065431,1,0.0023706000065431,True
4,OPEN,124,124,4,2,3,2,greedy,16,0.0416395000065676,15,0.0027759666671045,True
4,OPEN,124,124,4,2,3,2,beam_2,16,0.0344416000298224,11,0.0031310545481656,True
4,OPEN,124,124,4,2,3,2,beam_3,16,0.0034519999753683,1,0.0034519999753683,True
4,OPEN,144,144,4,3,4,4,greedy,16,0.04928719997406,16,0.0030804499983787,False
4,OPEN,144,144,4,3,4,4,beam_2,16,0.0143312000436708,5,0.0028662400087341,True
4,OPEN,144,144,4,3,4,4,beam_3,16,0.0026555999647825,1,0.0026555999647825,True
4,OPEN,163,163,4,4,5,4,greedy,16,0.0086628000135533,3,0.0028876000045177,True
4,OPEN,163,163,4,4,5,4,beam_2,16,0.0024778000079095,1,0.0024778000079095,True
4,OPEN,163,163,4,4,5,4,beam_3,16,0.0023987999884411,1,0.0023987999884411,True
4,OPEN,192,192,5,2,5,3,greedy,16,0.0029299000161699,1,0.0029299000161699,True
4,OPEN,192,192,5,2,5,3,beam_2,16,0.0028449000092223,1,0.0028449000092223,True
4,OPEN,192,192,5,2,5,3,beam_3,16,0.0024719000211916,1,0.0024719000211916,True
4,OPEN,223,223,5,4,5,3,greedy,16,0.0027122999890707,1,0.0027122999890707,True
4,OPEN,223,223,5,4,5,3,beam_2,16,0.0023035000194795,1,0.0023035000194795,True
4,OPEN,223,223,5,4,5,3,beam_3,16,0.002764799981378,1,0.002764799981378,True
4,OPEN,4,4,2,2,3,3,greedy,16,0.0055997999734245,2,0.0027998999867122,True
4,OPEN,4,4,2,2,3,3,beam_2,16,0.0062150000012479,2,0.0031075000006239,True
4,OPEN,4,4,2,2,3,3,beam_3,16,0.0055823000147938,2,0.0027911500073969,True
4,OPEN,23,23,2,3,4,3,greedy,16,0.0446392999729141,16,0.0027899562483071,False
4,OPEN,23,23,2,3,4,3,beam_2,16,0.0510782000492326,16,0.003192387503077,False
4,OPEN,23,23,2,3,4,3,beam_3,16,0.0055809999466873,2,0.0027904999733436,True
4,OPEN,46,46,2,5,2,3,greedy,16,0.0049298000521957,2,0.0024649000260978,True
4,OPEN,46,46,2,5,2,3,beam_2,16,0.0050166000146418,2,0.0025083000073209,True
4,OPEN,46,46,2,5,2,3,beam_3,16,0.0058305999846197,2,0.0029152999923098,True
4,OPEN,68,68,3,2,4,3,greedy,16,0.0311938999802805,12,0.0025994916650233,True
4,OPEN,68,68,3,2,4,3,beam_2,16,0.0295694000087678,10,0.0029569400008767,True
4,OPEN,68,68,3,2,4,3,beam_3,16,0.0064434999949298,2,0.0032217499974649,True
4,OPEN,82,82,3,3,4,2,greedy,16,0.0056003000354394,2,0.0028001500177197,True
4,OPEN,82,82,3,3,4,2,beam_2,16,0.0053195999935269,2,0.0026597999967634,True
4,OPEN,82,82,3,3,4,2,beam_3,16,0.0053857999737374,2,0.0026928999868687,True
4,OPEN,94,94,3,4,3,2,greedy,16,0.0441656000330112,16,0.0027603500020632,False
4,OPEN,94,94,3,4,3,2,beam_2,16,0.0502172000124119,16,0.0031385750007757,False
4,OPEN,94,94,3,4,3,2,beam_3,16,0.0057049999595619,2,0.0028524999797809,True
4,OPEN,110,110,3,5,3,3,greedy,16,0.0047209000331349,2,0.0023604500165674,True
4,OPEN,110,110,3,5,3,3,beam_2,16,0.0047949000145308,2,0.0023974500072654,True
4,OPEN,110,110,3,5,3,3,beam_3,16,0.005396400054451,2,0.0026982000272255,True
4,OPEN,129,129,4,2,4,4,greedy,16,0.0420889999950304,16,0.0026305624996894,False
4,OPEN,129,129,4,2,4,4,beam_2,16,0.0504729999811388,16,0.0031545624988211,False
4,OPEN,129,129,4,2,4,4,beam_3,16,0.0182830999838188,6,0.0030471833306364,True
4,OPEN,145,145,4,3,4,5,greedy,16,0.0364381999825127,14,0.0026027285701794,True
4,OPEN,145,145,4,3,4,5,beam_2,16,0.0108227999880909,4,0.0027056999970227,True
4,OPEN,145,145,4,3,4,5,beam_3,16,0.0111180999665521,4,0.002779524991638,True
4,OPEN,157,157,4,4,3,5,greedy,16,0.0056358999572694,2,0.0028179499786347,True
4,OPEN,157,157,4,4,3,5,beam_2,16,0.0063674999983049,2,0.0031837499991524,True
4,OPEN,157,157,4,4,3,5,beam_3,16,0.0068900000187568,2,0.0034450000093784,True
4,OPEN,171,171,4,5,3,4,greedy,16,0.0538884999696165,16,0.003368031248101,False
4,OPEN,171,171,4,5,3,4,beam_2,16,0.006753200024832,2,0.003376600012416,True
4,OPEN,171,171,4,5,3,4,beam_3,16,0.0068441000184975,2,0.0034220500092487,True
4,OPEN,193,193,5,2,5,4,greedy,16,0.0057730000116862,2,0.0028865000058431,True
4,OPEN,193,193,5,2,5,4,beam_2,16,0.0060164000024087,2,0.0030082000012043,True
4,OPEN,193,193,5,2,5,4,beam_3,16,0.0064710999722592,2,0.0032355499861296,True
4,OPEN,216,216,5,4,3,4,greedy,16,0.0506412999820895,16,0.0031650812488805,False
4,OPEN,216,216,5,4,3,4,beam_2,16,0.0057782999938353,2,0.0028891499969176,True
4,OPEN,216,216,5,4,3,4,beam_3,16,0.0057125000166706,2,0.0028562500083353,True
4,OPEN,235,235,5,5,4,4,greedy,16,0.0476722999592311,16,0.0029795187474519,False
4,OPEN,235,235,5,5,4,4,beam_2,16,0.0542118000448681,16,0.0033882375028042,False
4,OPEN,235,235,5,5,4,4,beam_3,16,0.0052912000101059,2,0.0026456000050529,True
4,OPEN,11,11,2,2,5,2,greedy,16,0.0126763000153005,5,0.0025352600030601,True
4,OPEN,11,11,2,2,5,2,beam_2,16,0.0140679000178352,5,0.002813580003567,True
4,OPEN,11,11,2,2,5,2,beam_3,16,0.0086393000092357,3,0.0028797666697452,True
4,OPEN,33,33,2,4,3,2,greedy,16,0.0079696999746374,3,0.0026565666582124,True
4,OPEN,33,33,2,4,3,2,beam_2,16,0.0080480000469833,3,0.0026826666823277,True
4,OPEN,33,33,2,4,3,2,beam_3,16,0.0085804000264033,3,0.0028601333421344,True
4,OPEN,49,49,2,5,3,3,greedy,16,0.043938499991782,16,0.0027461562494863,False
4,OPEN,49,49,2,5,3,3,beam_2,16,0.0078886999981477,3,0.0026295666660492,True
4,OPEN,49,49,2,5,3,3,beam_3,16,0.0087997000082395,3,0.0029332333360798,True
4,OPEN,69,69,3,2,4,4,greedy,16,0.0080965999513864,3,0.0026988666504621,True
4,OPEN,69,69,3,2,4,4,beam_2,16,0.0098028000211343,3,0.0032676000070447,True
4,OPEN,69,69,3,2,4,4,beam_3,16,0.0096085999975912,3,0.0032028666658637,True
4,OPEN,88,88,3,3,5,4,greedy,16,0.0073768000002019,3,0.0024589333334006,True
4,OPEN,88,88,3,3,5,4,beam_2,16,0.0080189000000245,3,0.0026729666666748,True
4,OPEN,88,88,3,3,5,4,beam_3,16,0.0088071999489329,3,0.0029357333163109,True
4,OPEN,106,106,3,5,2,3,greedy,16,0.0077756000100634,3,0.0025918666700211,True
4,OPEN,106,106,3,5,2,3,beam_2,16,0.0081156999804079,3,0.0027052333268026,True
4,OPEN,106,106,3,5,2,3,beam_3,16,0.0099339999724179,3,0.0033113333241393,True
4,OPEN,126,126,4,2,3,4,greedy,16,0.0082642000052146,3,0.0027547333350715,True
4,OPEN,126,126,4,2,3,4,beam_2,16,0.0098797000246122,3,0.0032932333415374,True
4,OPEN,126,126,4,2,3,4,beam_3,16,0.0097646000212989,3,0.0032548666737663,True
4,OPEN,142,142,4,3,3,5,greedy,16,0.0078367999522015,3,0.0026122666507338,True
4,OPEN,142,142,4,3,3,5,beam_2,16,0.0089422999881207,3,0.0029807666627069,True
4,OPEN,142,142,4,3,3,5,beam_3,16,0.0087735999841243,3,0.0029245333280414,True
4,OPEN,161,161,4,4,5,2,greedy,16,0.0074251000187359,3,0.0024750333395786,True
4,OPEN,161,161,4,4,5,2,beam_2,16,0.008377400052268,3,0.0027924666840893,True
4,OPEN,161,161,4,4,5,2,beam_3,16,0.0087193999788723,3,0.0029064666596241,True
4,OPEN,180,180,5,2,2,2,greedy,16,0.0253123000147752,9,0.0028124777794194,True
4,OPEN,180,180,5,2,2,2,beam_2,16,0.026139699970372,9,0.0029044111078191,True
4,OPEN,180,180,5,2,2,2,beam_3,16,0.029222999990452,9,0.0032469999989391,True
4,OPEN,199,199,5,3,3,2,greedy,16,0.0072867999551817,3,0.0024289333183939,True
4,OPEN,199,199,5,3,3,2,beam_2,16,0.0078194999950937,3,0.0026064999983645,True
4,OPEN,199,199,5,3,3,2,beam_3,16,0.0084662999724969,3,0.0028220999908323,True
4,OPEN,217,217,5,4,3,5,greedy,16,0.007363400014583,3,0.0024544666715276,True
4,OPEN,217,217,5,4,3,5,beam_2,16,0.0081911000306718,3,0.0027303666768906,True
4,OPEN,217,217,5,4,3,5,beam_3,16,0.0084968000301159,3,0.0028322666767053,True
4,OPEN,237,237,5,5,5,2,greedy,16,0.007173599966336,3,0.0023911999887786,True
4,OPEN,237,237,5,5,5,2,beam_2,16,0.0075335999717935,3,0.0025111999905978,True
4,OPEN,237,237,5,5,5,2,beam_3,16,0.0098004000028595,3,0.0032668000009531,True
4,OPEN,26,26,2,3,5,2,greedy,16,0.0103182999882847,4,0.0025795749970711,True
4,OPEN,26,26,2,3,5,2,beam_2,16,0.010615199978929,4,0.0026537999947322,True
4,OPEN,26,26,2,3,5,2,beam_3,16,0.0122918999986723,4,0.003072974999668,True
4,OPEN,48,48,2,5,3,2,greedy,16,0.0103034999920055,4,0.0025758749980013,True
4,OPEN,48,48,2,5,3,2,beam_2,16,0.0115271999966353,4,0.0028817999991588,True
4,OPEN,48,48,2,5,3,2,beam_3,16,0.0119540000450797,4,0.0029885000112699,True
4,OPEN,73,73,3,2,5,4,greedy,16,0.0201785999815911,8,0.0025223249976988,True
4,OPEN,73,73,3,2,5,4,beam_2,16,0.0112042999826371,4,0.0028010749956592,True
4,OPEN,73,73,3,2,5,4,beam_3,16,0.0122734999749809,4,0.0030683749937452,True
4,OPEN,117,117,3,5,5,3,greedy,16,0.0097982000443153,4,0.0024495500110788,True
4,OPEN,117,117,3,5,5,3,beam_2,16,0.0111475000157952,4,0.0027868750039488,True
4,OPEN,117,117,3,5,5,3,beam_3,16,0.0112468999577686,4,0.0028117249894421,True
4,OPEN,150,150,4,4,2,2,greedy,16,0.0093608000315725,4,0.0023402000078931,True
4,OPEN,150,150,4,4,2,2,beam_2,16,0.0108757999842055,4,0.0027189499960513,True
4,OPEN,150,150,4,4,2,2,beam_3,16,0.0132433000253513,4,0.0033108250063378,True
4,OPEN,186,186,5,2,3,4,greedy,16,0.0104025999899022,4,0.0026006499974755,True
4,OPEN,186,186,5,2,3,4,beam_2,16,0.0113585999934002,4,0.00283964999835,True
4,OPEN,186,186,5,2,3,4,beam_3,16,0.0120076999883167,4,0.0030019249970791,True
4,OPEN,211,211,5,4,2,3,greedy,16,0.0380849000066518,14,0.0027203500004751,True
4,OPEN,211,211,5,4,2,3,beam_2,16,0.0108646000153385,4,0.0027161500038346,True
4,OPEN,211,211,5,4,2,3,beam_3,16,0.0112165000173263,4,0.0028041250043315,True
4,OPEN,233,233,5,5,4,2,greedy,16,0.0103273999993689,4,0.0025818499998422,True
4,OPEN,233,233,5,5,4,2,beam_2,16,0.0114551999722607,4,0.0028637999930651,True
4,OPEN,233,233,5,5,4,2,beam_3,16,0.0115633999812416,4,0.0028908499953104,True
4,OPEN,52,52,2,5,4,2,greedy,16,0.0126930000260472,5,0.0025386000052094,True
4,OPEN,52,52,2,5,4,2,beam_2,16,0.0151776999700814,5,0.0030355399940162,True
4,OPEN,52,52,2,5,4,2,beam_3,16,0.0160423999768681,5,0.0032084799953736,True
4,OPEN,165,165,4,5,2,2,greedy,16,0.0129151999717578,5,0.0025830399943515,True
4,OPEN,165,165,4,5,2,2,beam_2,16,0.0143783999956212,5,0.0028756799991242,True
4,OPEN,165,165,4,5,2,2,beam_3,16,0.014763299957849,5,0.0029526599915698,True
4,OPEN,226,226,5,5,2,3,greedy,16,0.0132529999827966,5,0.0026505999965593,True
4,OPEN,226,226,5,5,2,3,beam_2,16,0.0141493999981321,5,0.0028298799996264,True
4,OPEN,226,226,5,5,2,3,beam_3,16,0.0161294999998062,5,0.0032258999999612,True
4,OPEN,225,225,5,5,2,2,greedy,16,0.0151843000203371,6,0.0025307166700561,True
4,OPEN,225,225,5,5,2,2,beam_2,16,0.0169870000099763,6,0.0028311666683293,True
4,OPEN,225,225,5,5,2,2,beam_3,16,0.0194908999837934,6,0.0032484833306322,True
4,U_MAZE,259,259,2,4,2,3,greedy,16,0.0025376999983564,1,0.0025376999983564,True
4,U_MAZE,259,259,2,4,2,3,beam_2,16,0.0025493000284768,1,0.0025493000284768,True
4,U_MAZE,259,259,2,4,2,3,beam_3,16,0.0023236999986693,1,0.0023236999986693,True
4,U_MAZE,289,289,4,2,3,2,greedy,16,0.028170500008855,9,0.0031300555565394,True
4,U_MAZE,289,289,4,2,3,2,beam_2,16,0.0032774000428617,1,0.0032774000428617,True
4,U_MAZE,289,289,4,2,3,2,beam_3,16,0.0025740999844856,1,0.0025740999844856,True
4,U_MAZE,310,310,5,3,5,4,greedy,16,0.0028885999927297,1,0.0028885999927297,True
4,U_MAZE,310,310,5,3,5,4,beam_2,16,0.0029418999911285,1,0.0029418999911285,True
4,U_MAZE,310,310,5,3,5,4,beam_3,16,0.0027629999676719,1,0.0027629999676719,True
4,U_MAZE,244,244,2,2,4,2,greedy,16,0.0122443999862298,4,0.0030610999965574,True
4,U_MAZE,244,244,2,2,4,2,beam_2,16,0.0075211999937891,2,0.0037605999968945,True
4,U_MAZE,244,244,2,2,4,2,beam_3,16,0.0079217000165954,2,0.0039608500082977,True
4,U_MAZE,277,277,3,2,2,3,greedy,16,0.0059111999580636,2,0.0029555999790318,True
4,U_MAZE,277,277,3,2,2,3,beam_2,16,0.0064253999735228,2,0.0032126999867614,True
4,U_MAZE,277,277,3,2,2,3,beam_3,16,0.006608200026676,2,0.003304100013338,True
4,U_MAZE,301,301,5,2,5,4,greedy,16,0.0455569000332616,14,0.0032540642880901,True
4,U_MAZE,301,301,5,2,5,4,beam_2,16,0.0063887000433169,2,0.0031943500216584,True
4,U_MAZE,301,301,5,2,5,4,beam_3,16,0.006202700024005,2,0.0031013500120025,True
4,U_MAZE,242,242,2,2,2,5,greedy,16,0.0078702999744564,3,0.0026234333248188,True
4,U_MAZE,242,242,2,2,2,5,beam_2,16,0.008279500005301,3,0.0027598333351003,True
4,U_MAZE,242,242,2,2,2,5,beam_3,16,0.0092766000307165,3,0.0030922000102388,True
4,U_MAZE,278,278,3,2,2,4,greedy,16,0.0427216000389307,13,0.0032862769260715,True
4,U_MAZE,278,278,3,2,2,4,beam_2,16,0.0102159999660216,3,0.0034053333220072,True
4,U_MAZE,278,278,3,2,2,4,beam_3,16,0.0102370000095106,3,0.0034123333365035,True
4,U_MAZE,302,302,5,2,5,5,greedy,16,0.0081291000242345,3,0.0027097000080781,True
4,U_MAZE,302,302,5,2,5,5,beam_2,16,0.0083980999770574,3,0.0027993666590191,True
4,U_MAZE,302,302,5,2,5,5,beam_3,16,0.0090468999696895,3,0.0030156333232298,True
4,U_MAZE,254,254,2,3,5,2,greedy,16,0.011206499999389,4,0.0028016249998472,True
4,U_MAZE,254,254,2,3,5,2,beam_2,16,0.0126716999802738,4,0.0031679249950684,True
4,U_MAZE,254,254,2,3,5,2,beam_3,16,0.0130043999524787,4,0.0032510999881196,True
4,U_MAZE,287,287,4,2,2,4,greedy,16,0.0341608000453561,12,0.002846733337113,True
4,U_MAZE,287,287,4,2,2,4,beam_2,16,0.0117395999841392,4,0.0029348999960348,True
4,U_MAZE,287,287,4,2,2,4,beam_3,16,0.0122356000356376,4,0.0030589000089094,True
4,U_MAZE,326,326,5,5,4,2,greedy,16,0.0105697999824769,4,0.0026424499956192,True
4,U_MAZE,326,326,5,5,4,2,beam_2,16,0.0114164999686181,4,0.0028541249921545,True
4,U_MAZE,326,326,5,5,4,2,beam_3,16,0.0111357999849133,4,0.0027839499962283,True
4,U_MAZE,284,284,3,2,5,5,greedy,16,0.0129029999952763,5,0.0025805999990552,True
4,U_MAZE,284,284,3,2,5,5,beam_2,16,0.0141429000068455,5,0.0028285800013691,True
4,U_MAZE,284,284,3,2,5,5,beam_3,16,0.0145474000019021,5,0.0029094800003804,True
4,U_MAZE,325,325,5,5,3,2,greedy,16,0.0125071000074967,5,0.0025014200014993,True
4,U_MAZE,325,325,5,5,3,2,beam_2,16,0.0138177999760955,5,0.0027635599952191,True
4,U_MAZE,325,325,5,5,3,2,beam_3,16,0.0139810999971814,5,0.0027962199994362,True
4,U_MAZE,297,297,5,2,2,5,greedy,16,0.0147102000191807,6,0.0024517000031967,True
4,U_MAZE,297,297,5,2,2,5,beam_2,16,0.0166384999756701,6,0.0027730833292783,True
4,U_MAZE,297,297,5,2,2,5,beam_3,16,0.018726400041487,6,0.0031210666735811,True
4,U_MAZE,265,265,2,4,5,4,greedy,16,0.0175144999520853,7,0.0025020714217264,True
4,U_MAZE,265,265,2,4,5,4,beam_2,16,0.0196928000077605,7,0.0028132571439657,True
4,U_MAZE,265,265,2,4,5,4,beam_3,16,0.0214188999962061,7,0.0030598428566008,True
4,U_MAZE,266,266,2,4,5,5,greedy,18,0.0207864000112749,8,0.0025983000014093,True
4,U_MAZE,266,266,2,4,5,5,beam_2,18,0.0238190999953076,8,0.0029773874994134,True
4,U_MAZE,266,266,2,4,5,5,beam_3,18,0.0235778000205755,8,0.0029472250025719,True
4,U_MAZE,324,324,5,5,2,5,greedy,20,0.0268715000129304,9,0.0029857222236589,True
4,U_MAZE,324,324,5,5,2,5,beam_2,20,0.0275970000075176,9,0.0030663333341686,True
4,U_MAZE,324,324,5,5,2,5,beam_3,20,0.0284246000228449,9,0.0031582888914272,True
4,SMALL_MAZE,428,428,2,4,2,5,greedy,16,0.0025797000271268,1,0.0025797000271268,True
4,SMALL_MAZE,428,428,2,4,2,5,beam_2,16,0.0024756999919191,1,0.0024756999919191,True
4,SMALL_MAZE,428,428,2,4,2,5,beam_3,16,0.002366799977608,1,0.002366799977608,True
4,SMALL_MAZE,439,439,5,4,5,3,greedy,16,0.0072787000099197,3,0.0024262333366399,True
4,SMALL_MAZE,439,439,5,4,5,3,beam_2,16,0.0023163000005297,1,0.0023163000005297,True
4,SMALL_MAZE,439,439,5,4,5,3,beam_3,16,0.0024037000257521,1,0.0024037000257521,True
4,SMALL_MAZE,426,426,2,4,2,2,greedy,16,0.01546279998729,6,0.002577133331215,True
4,SMALL_MAZE,426,426,2,4,2,2,beam_2,16,0.0055677000200375,2,0.0027838500100187,True
4,SMALL_MAZE,426,426,2,4,2,2,beam_3,16,0.0054204000043682,2,0.0027102000021841,True
4,SMALL_MAZE,442,442,5,5,5,3,greedy,16,0.0046330000041052,2,0.0023165000020526,True
4,SMALL_MAZE,442,442,5,5,5,3,beam_2,16,0.0056912000291049,2,0.0028456000145524,True
4,SMALL_MAZE,442,442,5,5,5,3,beam_3,16,0.0052114999853074,2,0.0026057499926537,True
4,MEDIUM_MAZE,496,496,1,5,1,6,greedy,16,0.0442869000253267,16,0.0027679312515829,False
4,MEDIUM_MAZE,496,496,1,5,1,6,beam_2,16,0.0025456000003032,1,0.0025456000003032,True
4,MEDIUM_MAZE,496,496,1,5,1,6,beam_3,16,0.0022813999676145,1,0.0022813999676145,True
4,MEDIUM_MAZE,548,548,2,1,2,2,greedy,16,0.0073901999858208,3,0.0024633999952736,True
4,MEDIUM_MAZE,548,548,2,1,2,2,beam_2,16,0.0022452999837696,1,0.0022452999837696,True
4,MEDIUM_MAZE,548,548,2,1,2,2,beam_3,16,0.0022957000182941,1,0.0022957000182941,True
4,MEDIUM_MAZE,602,602,2,3,3,3,greedy,16,0.0023566000163555,1,0.0023566000163555,True
4,MEDIUM_MAZE,602,602,2,3,3,3,beam_2,16,0.0023012999445199,1,0.0023012999445199,True
4,MEDIUM_MAZE,602,602,2,3,3,3,beam_3,16,0.002548000018578,1,0.002548000018578,True
4,MEDIUM_MAZE,651,651,2,6,2,5,greedy,16,0.0026744999922811,1,0.0026744999922811,True
4,MEDIUM_MAZE,651,651,2,6,2,5,beam_2,16,0.0023897000355646,1,0.0023897000355646,True
4,MEDIUM_MAZE,651,651,2,6,2,5,beam_3,16,0.0022398000000976,1,0.0022398000000976,True
4,MEDIUM_MAZE,704,704,3,4,3,5,greedy,16,0.0026144000003114,1,0.0026144000003114,True
4,MEDIUM_MAZE,704,704,3,4,3,5,beam_2,16,0.0022043000208213,1,0.0022043000208213,True
4,MEDIUM_MAZE,704,704,3,4,3,5,beam_3,16,0.0021959000150673,1,0.0021959000150673,True
4,MEDIUM_MAZE,760,760,4,1,5,1,greedy,16,0.0419831000035628,16,0.0026239437502226,False
4,MEDIUM_MAZE,760,760,4,1,5,1,beam_2,16,0.002668300003279,1,0.002668300003279,True
4,MEDIUM_MAZE,760,760,4,1,5,1,beam_3,16,0.0022764999885112,1,0.0022764999885112,True
4,MEDIUM_MAZE,811,811,4,3,5,3,greedy,16,0.0284156000125221,11,0.0025832363647747,True
4,MEDIUM_MAZE,811,811,4,3,5,3,beam_2,16,0.002688999986276,1,0.002688999986276,True
4,MEDIUM_MAZE,811,811,4,3,5,3,beam_3,16,0.0021452999790199,1,0.0021452999790199,True
4,MEDIUM_MAZE,881,881,5,1,4,1,greedy,16,0.0020778000471182,1,0.0020778000471182,True
4,MEDIUM_MAZE,881,881,5,1,4,1,beam_2,16,0.0023581000277772,1,0.0023581000277772,True
4,MEDIUM_MAZE,881,881,5,1,4,1,beam_3,16,0.0023746999795548,1,0.0023746999795548,True
4,MEDIUM_MAZE,941,941,5,4,6,4,greedy,16,0.0072556999512016,3,0.0024185666504005,True
4,MEDIUM_MAZE,941,941,5,4,6,4,beam_2,16,0.0022623000550083,1,0.0022623000550083,True
4,MEDIUM_MAZE,941,941,5,4,6,4,beam_3,16,0.0021333000040613,1,0.0021333000040613,True
4,MEDIUM_MAZE,1015,1015,6,2,6,1,greedy,16,0.0027615000144578,1,0.0027615000144578,True
4,MEDIUM_MAZE,1015,1015,6,2,6,1,beam_2,16,0.0023995999945327,1,0.0023995999945327,True
4,MEDIUM_MAZE,1015,1015,6,2,6,1,beam_3,16,0.0022569000138901,1,0.0022569000138901,True
4,MEDIUM_MAZE,1089,1089,6,6,5,6,greedy,16,0.0025624999543651,1,0.0025624999543651,True
4,MEDIUM_MAZE,1089,1089,6,6,5,6,beam_2,16,0.0021443999721668,1,0.0021443999721668,True
4,MEDIUM_MAZE,1089,1089,6,6,5,6,beam_3,16,0.0020636999979615,1,0.0020636999979615,True
4,MEDIUM_MAZE,501,501,1,5,2,6,greedy,16,0.0047292999806813,2,0.0023646499903406,True
4,MEDIUM_MAZE,501,501,1,5,2,6,beam_2,16,0.0057230999809689,2,0.0028615499904844,True
4,MEDIUM_MAZE,501,501,1,5,2,6,beam_3,16,0.0057756999740377,2,0.0028878499870188,True
4,MEDIUM_MAZE,569,569,2,2,1,1,greedy,16,0.0427449000417254,16,0.0026715562526078,False
4,MEDIUM_MAZE,569,569,2,2,1,1,beam_2,16,0.0052323999698273,2,0.0026161999849136,True
4,MEDIUM_MAZE,569,569,2,2,1,1,beam_3,16,0.0054324999800883,2,0.0027162499900441,True
4,MEDIUM_MAZE,607,607,2,3,4,3,greedy,16,0.0048681999905966,2,0.0024340999952983,True
4,MEDIUM_MAZE,607,607,2,3,4,3,beam_2,16,0.0050598999951034,2,0.0025299499975517,True
4,MEDIUM_MAZE,607,607,2,3,4,3,beam_3,16,0.0049648999702185,2,0.0024824499851092,True
4,MEDIUM_MAZE,654,654,2,6,3,5,greedy,16,0.0052139000035822,2,0.0026069500017911,True
4,MEDIUM_MAZE,654,654,2,6,3,5,beam_2,16,0.0055884000030346,2,0.0027942000015173,True
4,MEDIUM_MAZE,654,654,2,6,3,5,beam_3,16,0.0056363999610766,2,0.0028181999805383,True
4,MEDIUM_MAZE,700,700,3,4,2,3,greedy,16,0.0047340000164695,2,0.0023670000082347,True
4,MEDIUM_MAZE,700,700,3,4,2,3,beam_2,16,0.0050585000426508,2,0.0025292500213254,True
4,MEDIUM_MAZE,700,700,3,4,2,3,beam_3,16,0.005131000012625,2,0.0025655000063125,True
4,MEDIUM_MAZE,727,727,3,5,2,6,greedy,16,0.037234499992337,14,0.0026596071423097,True
4,MEDIUM_MAZE,727,727,3,5,2,6,beam_2,16,0.0345375000033527,12,0.0028781250002793,True
4,MEDIUM_MAZE,727,727,3,5,2,6,beam_3,16,0.0054262999910861,2,0.002713149995543,True
4,MEDIUM_MAZE,778,778,4,2,3,3,greedy,16,0.0508684999658726,16,0.003179281247867,False
4,MEDIUM_MAZE,778,778,4,2,3,3,beam_2,16,0.006532400031574,2,0.003266200015787,True
4,MEDIUM_MAZE,778,778,4,2,3,3,beam_3,16,0.0062841000035405,2,0.0031420500017702,True
4,MEDIUM_MAZE,806,806,4,3,4,1,greedy,16,0.0617970000021159,16,0.0038623125001322,False
4,MEDIUM_MAZE,806,806,4,3,4,1,beam_2,16,0.0065591000020504,2,0.0032795500010252,True
4,MEDIUM_MAZE,806,806,4,3,4,1,beam_3,16,0.0066087000304833,2,0.0033043500152416,True
4,MEDIUM_MAZE,855,855,4,6,3,5,greedy,16,0.0059471999993547,2,0.0029735999996773,True
4,MEDIUM_MAZE,855,855,4,6,3,5,beam_2,16,0.0065269999904558,2,0.0032634999952279,True
4,MEDIUM_MAZE,855,855,4,6,3,5,beam_3,16,0.0070937999989837,2,0.0035468999994918,True
4,MEDIUM_MAZE,907,907,5,3,4,2,greedy,16,0.0497433000127784,16,0.0031089562507986,False
4,MEDIUM_MAZE,907,907,5,3,4,2,beam_2,16,0.0052394000231288,2,0.0026197000115644,True
4,MEDIUM_MAZE,907,907,5,3,4,2,beam_3,16,0.0056376000284217,2,0.0028188000142108,True
4,MEDIUM_MAZE,967,967,5,6,6,5,greedy,16,0.0306634999578818,10,0.0030663499957881,True
4,MEDIUM_MAZE,967,967,5,6,6,5,beam_2,16,0.0056213000207208,2,0.0028106500103604,True
4,MEDIUM_MAZE,967,967,5,6,6,5,beam_3,16,0.005253899958916,2,0.002626949979458,True
4,MEDIUM_MAZE,1063,1063,6,5,5,4,greedy,16,0.005150000040885,2,0.0025750000204425,True
4,MEDIUM_MAZE,1063,1063,6,5,5,4,beam_2,16,0.0049637999618425,2,0.0024818999809212,True
4,MEDIUM_MAZE,1063,1063,6,5,5,4,beam_3,16,0.0052874999819323,2,0.0026437499909661,True
4,MEDIUM_MAZE,477,477,1,2,3,3,greedy,16,0.0084020000067539,3,0.0028006666689179,True
4,MEDIUM_MAZE,477,477,1,2,3,3,beam_2,16,0.0080469000386074,3,0.0026823000128691,True
4,MEDIUM_MAZE,477,477,1,2,3,3,beam_3,16,0.0083297999808564,3,0.0027765999936188,True
4,MEDIUM_MAZE,578,578,2,2,3,4,greedy,16,0.0071913999854587,3,0.0023971333284862,True
4,MEDIUM_MAZE,578,578,2,2,3,4,beam_2,16,0.0081436000182293,3,0.0027145333394097,True
4,MEDIUM_MAZE,578,578,2,2,3,4,beam_3,16,0.0086438999860547,3,0.0028812999953515,True
4,MEDIUM_MAZE,611,611,2,3,5,3,greedy,16,0.0466398000135086,16,0.0029149875008442,False
4,MEDIUM_MAZE,611,611,2,3,5,3,beam_2,16,0.0082388999871909,3,0.0027462999957303,True
4,MEDIUM_MAZE,611,611,2,3,5,3,beam_3,16,0.0088296000030823,3,0.0029432000010274,True
4,MEDIUM_MAZE,670,670,3,3,1,2,greedy,16,0.0413714000023901,15,0.0027580933334926,True
4,MEDIUM_MAZE,670,670,3,3,1,2,beam_2,16,0.0469999000197276,15,0.0031333266679818,True
4,MEDIUM_MAZE,670,670,3,3,1,2,beam_3,16,0.0499448999762535,15,0.0033296599984169,True
4,MEDIUM_MAZE,687,687,3,3,5,4,greedy,16,0.0074345999746583,3,0.0024781999915527,True
4,MEDIUM_MAZE,687,687,3,3,5,4,beam_2,16,0.0075482000247575,3,0.0025160666749191,True
4,MEDIUM_MAZE,687,687,3,3,5,4,beam_3,16,0.0081971999607048,3,0.0027323999869016,True
4,MEDIUM_MAZE,709,709,3,4,4,6,greedy,16,0.034898100013379,13,0.0026844692317983,True
4,MEDIUM_MAZE,709,709,3,4,4,6,beam_2,16,0.0323757999576628,11,0.0029432545416057,True
4,MEDIUM_MAZE,709,709,3,4,4,6,beam_3,16,0.0083013999974355,3,0.0027671333324785,True
4,MEDIUM_MAZE,738,738,3,5,5,6,greedy,16,0.0229927999898791,9,0.002554755554431,True
4,MEDIUM_MAZE,738,738,3,5,5,6,beam_2,16,0.0077619000221602,3,0.0025873000073867,True
4,MEDIUM_MAZE,738,738,3,5,5,6,beam_3,16,0.0084218999836593,3,0.0028072999945531,True
4,MEDIUM_MAZE,779,779,4,2,3,4,greedy,16,0.0078297000145539,3,0.0026099000048513,True
4,MEDIUM_MAZE,779,779,4,2,3,4,beam_2,16,0.0079126000055111,3,0.0026375333351703,True
4,MEDIUM_MAZE,779,779,4,2,3,4,beam_3,16,0.0090300000156275,3,0.0030100000052091,True
4,MEDIUM_MAZE,810,810,4,3,5,1,greedy,16,0.0394896999932825,15,0.0026326466662188,True
4,MEDIUM_MAZE,810,810,4,3,5,1,beam_2,16,0.0446667000069282,15,0.0029777800004618,True
4,MEDIUM_MAZE,810,810,4,3,5,1,beam_3,16,0.0086596000473946,3,0.0028865333491315,True
4,MEDIUM_MAZE,843,843,4,5,6,6,greedy,16,0.0072339000180363,3,0.0024113000060121,True
4,MEDIUM_MAZE,843,843,4,5,6,6,beam_2,16,0.0076430000481195,3,0.0025476666827065,True
4,MEDIUM_MAZE,843,843,4,5,6,6,beam_3,16,0.0081558999954722,3,0.002718633331824,True
4,MEDIUM_MAZE,900,900,5,3,2,3,greedy,16,0.0081037000054493,3,0.0027012333351497,True
4,MEDIUM_MAZE,900,900,5,3,2,3,beam_2,16,0.0081021000514738,3,0.0027007000171579,True
4,MEDIUM_MAZE,900,900,5,3,2,3,beam_3,16,0.0088109000353142,3,0.002936966678438,True
4,MEDIUM_MAZE,932,932,5,4,4,2,greedy,16,0.0443504000431858,16,0.0027719000026991,False
4,MEDIUM_MAZE,932,932,5,4,4,2,beam_2,16,0.0080627999850548,3,0.0026875999950182,True
4,MEDIUM_MAZE,932,932,5,4,4,2,beam_3,16,0.0093772000400349,3,0.0031257333466783,True
4,MEDIUM_MAZE,1006,1006,6,2,4,1,greedy,16,0.007426000025589,3,0.002475333341863,True
4,MEDIUM_MAZE,1006,1006,6,2,4,1,beam_2,16,0.0081003000377677,3,0.0027001000125892,True
4,MEDIUM_MAZE,1006,1006,6,2,4,1,beam_3,16,0.0079338999930769,3,0.0026446333310256,True
4,MEDIUM_MAZE,1084,1084,6,6,4,5,greedy,16,0.0458830999559722,16,0.0028676937472482,False
4,MEDIUM_MAZE,1084,1084,6,6,4,5,beam_2,16,0.0080872999969869,3,0.0026957666656623,True
4,MEDIUM_MAZE,1084,1084,6,6,4,5,beam_3,16,0.0084567000158131,3,0.002818900005271,True
4,MEDIUM_MAZE,502,502,1,5,3,3,greedy,16,0.0125700999633409,4,0.0031425249908352,True
4,MEDIUM_MAZE,502,502,1,5,3,3,beam_2,16,0.0128862999845296,4,0.0032215749961324,True
4,MEDIUM_MAZE,502,502,1,5,3,3,beam_3,16,0.012473199982196,4,0.003118299995549,True
4,MEDIUM_MAZE,557,557,2,1,4,3,greedy,16,0.0153621999779716,6,0.0025603666629952,True
4,MEDIUM_MAZE,557,557,2,1,4,3,beam_2,16,0.0110876000253483,4,0.002771900006337,True
4,MEDIUM_MAZE,557,557,2,1,4,3,beam_3,16,0.0139196999953128,4,0.0034799249988282,True
4,MEDIUM_MAZE,605,605,2,3,4,1,greedy,16,0.0104903999599628,4,0.0026225999899907,True
4,MEDIUM_MAZE,605,605,2,3,4,1,beam_2,16,0.0124561000266112,4,0.0031140250066528,True
4,MEDIUM_MAZE,605,605,2,3,4,1,beam_3,16,0.0123672000481747,4,0.0030918000120436,True
4,MEDIUM_MAZE,638,638,2,5,5,6,greedy,16,0.009775599988643,4,0.0024438999971607,True
4,MEDIUM_MAZE,638,638,2,5,5,6,beam_2,16,0.0110678999917581,4,0.0027669749979395,True
4,MEDIUM_MAZE,638,638,2,5,5,6,beam_3,16,0.011757000000216,4,0.002939250000054,True
4,MEDIUM_MAZE,677,677,3,3,2,6,greedy,16,0.0094543999875895,4,0.0023635999968973,True
4,MEDIUM_MAZE,677,677,3,3,2,6,beam_2,16,0.0107140999753028,4,0.0026785249938257,True
4,MEDIUM_MAZE,677,677,3,3,2,6,beam_3,16,0.0110229999991133,4,0.0027557499997783,True
4,MEDIUM_MAZE,697,697,3,4,1,6,greedy,16,0.0094587000203318,4,0.0023646750050829,True
4,MEDIUM_MAZE,697,697,3,4,1,6,beam_2,16,0.0104160000337287,4,0.0026040000084321,True
4,MEDIUM_MAZE,697,697,3,4,1,6,beam_3,16,0.0116627000388689,4,0.0029156750097172,True
4,MEDIUM_MAZE,724,724,3,5,2,2,greedy,16,0.0098140999907627,4,0.0024535249976906,True
4,MEDIUM_MAZE,724,724,3,5,2,2,beam_2,16,0.0101246000267565,4,0.0025311500066891,True
4,MEDIUM_MAZE,724,724,3,5,2,2,beam_3,16,0.0121554999495856,4,0.0030388749873964,True
4,MEDIUM_MAZE,754,754,4,1,3,4,greedy,16,0.0097931000054813,4,0.0024482750013703,True
4,MEDIUM_MAZE,754,754,4,1,3,4,beam_2,16,0.0106334000010974,4,0.0026583500002743,True
4,MEDIUM_MAZE,754,754,4,1,3,4,beam_3,16,0.011696400004439,4,0.0029241000011097,True
4,MEDIUM_MAZE,791,791,4,2,6,4,greedy,16,0.0118253999971784,4,0.0029563499992946,True
4,MEDIUM_MAZE,791,791,4,2,6,4,beam_2,16,0.0126244999701157,4,0.0031561249925289,True
4,MEDIUM_MAZE,791,791,4,2,6,4,beam_3,16,0.0141383000300265,4,0.0035345750075066,True
4,MEDIUM_MAZE,814,814,4,3,6,1,greedy,16,0.0536667000269517,16,0.0033541687516844,False
4,MEDIUM_MAZE,814,814,4,3,6,1,beam_2,16,0.0572874000063166,16,0.0035804625003947,False
4,MEDIUM_MAZE,814,814,4,3,6,1,beam_3,16,0.0607640000525862,16,0.0037977500032866,True
4,MEDIUM_MAZE,842,842,4,5,6,5,greedy,16,0.0211032999795861,8,0.0026379124974482,True
4,MEDIUM_MAZE,842,842,4,5,6,5,beam_2,16,0.0114677000092342,4,0.0028669250023085,True
4,MEDIUM_MAZE,842,842,4,5,6,5,beam_3,16,0.012394800025504,4,0.003098700006376,True
4,MEDIUM_MAZE,878,878,5,1,3,3,greedy,16,0.0105152000323869,4,0.0026288000080967,True
4,MEDIUM_MAZE,878,878,5,1,3,3,beam_2,16,0.0107790000038221,4,0.0026947500009555,True
4,MEDIUM_MAZE,878,878,5,1,3,3,beam_3,16,0.0119615999865345,4,0.0029903999966336,True
4,MEDIUM_MAZE,918,918,5,3,6,6,greedy,16,0.0110792000195942,4,0.0027698000048985,True
4,MEDIUM_MAZE,918,918,5,3,6,6,beam_2,16,0.011663099983707,4,0.0029157749959267,True
4,MEDIUM_MAZE,918,918,5,3,6,6,beam_3,16,0.0117662999546155,4,0.0029415749886538,True
4,MEDIUM_MAZE,951,951,5,6,2,5,greedy,16,0.010220099997241,4,0.0025550249993102,True
4,MEDIUM_MAZE,951,951,5,6,2,5,beam_2,16,0.0114495999878272,4,0.0028623999969568,True
4,MEDIUM_MAZE,951,951,5,6,2,5,beam_3,16,0.0126757000107318,4,0.0031689250026829,True
4,MEDIUM_MAZE,1028,1028,6,4,3,3,greedy,16,0.045791000011377,16,0.002861937500711,False
4,MEDIUM_MAZE,1028,1028,6,4,3,3,beam_2,16,0.011331700021401,4,0.0028329250053502,True
4,MEDIUM_MAZE,1028,1028,6,4,3,3,beam_3,16,0.0124048999859951,4,0.0031012249964987,True
4,MEDIUM_MAZE,1080,1080,6,6,3,5,greedy,16,0.0456653999863192,16,0.0028540874991449,False
4,MEDIUM_MAZE,1080,1080,6,6,3,5,beam_2,16,0.0108307000482454,4,0.0027076750120613,True
4,MEDIUM_MAZE,1080,1080,6,6,3,5,beam_3,16,0.0111406000214628,4,0.0027851500053657,True
4,MEDIUM_MAZE,481,481,1,2,4,2,greedy,16,0.0121532999910414,5,0.0024306599982082,True
4,MEDIUM_MAZE,481,481,1,2,4,2,beam_2,16,0.0139179999823682,5,0.0027835999964736,True
4,MEDIUM_MAZE,481,481,1,2,4,2,beam_3,16,0.0144579000188969,5,0.0028915800037793,True
4,MEDIUM_MAZE,527,527,1,6,3,3,greedy,16,0.0122558000148274,5,0.0024511600029654,True
4,MEDIUM_MAZE,527,527,1,6,3,3,beam_2,16,0.014628300035838,5,0.0029256600071676,True
4,MEDIUM_MAZE,527,527,1,6,3,3,beam_3,16,0.0158114999649114,5,0.0031622999929822,True
4,MEDIUM_MAZE,575,575,2,2,2,5,greedy,16,0.0129173999885097,5,0.0025834799977019,True
4,MEDIUM_MAZE,575,575,2,2,2,5,beam_2,16,0.0146409999579191,5,0.0029281999915838,True
4,MEDIUM_MAZE,575,575,2,2,2,5,beam_3,16,0.0149422999820671,5,0.0029884599964134,True
4,MEDIUM_MAZE,601,601,2,3,2,6,greedy,16,0.0426571000134572,16,0.002666068750841,False
4,MEDIUM_MAZE,601,601,2,3,2,6,beam_2,16,0.0137609000084921,5,0.0027521800016984,True
4,MEDIUM_MAZE,601,601,2,3,2,6,beam_3,16,0.0153751999605447,5,0.0030750399921089,True
4,MEDIUM_MAZE,631,631,2,5,4,2,greedy,16,0.0464031000155955,16,0.0029001937509747,False
4,MEDIUM_MAZE,631,631,2,5,4,2,beam_2,16,0.0155905000283382,5,0.0031181000056676,True
4,MEDIUM_MAZE,631,631,2,5,4,2,beam_3,16,0.0146901999833062,5,0.0029380399966612,True
4,MEDIUM_MAZE,663,663,2,6,5,6,greedy,16,0.0120192000176757,5,0.0024038400035351,True
4,MEDIUM_MAZE,663,663,2,6,5,6,beam_2,16,0.0139648999902419,5,0.0027929799980483,True
4,MEDIUM_MAZE,663,663,2,6,5,6,beam_3,16,0.0175238000229001,5,0.00350476000458,True
4,MEDIUM_MAZE,694,694,3,4,1,1,greedy,16,0.0141039000009186,5,0.0028207800001837,True
4,MEDIUM_MAZE,694,694,3,4,1,1,beam_2,16,0.0147271999740041,5,0.0029454399948008,True
4,MEDIUM_MAZE,694,694,3,4,1,1,beam_3,16,0.0152139000128954,5,0.003042780002579,True
4,MEDIUM_MAZE,723,723,3,5,2,1,greedy,16,0.0177403999841772,7,0.0025343428548824,True
4,MEDIUM_MAZE,723,723,3,5,2,1,beam_2,16,0.0202754000201821,7,0.0028964857171688,True
4,MEDIUM_MAZE,723,723,3,5,2,1,beam_3,16,0.0152725999942049,5,0.0030545199988409,True
4,MEDIUM_MAZE,755,755,4,1,3,5,greedy,16,0.012860799964983,5,0.0025721599929966,True
4,MEDIUM_MAZE,755,755,4,1,3,5,beam_2,16,0.0150526000070385,5,0.0030105200014077,True
4,MEDIUM_MAZE,755,755,4,1,3,5,beam_3,16,0.0161740999901667,5,0.0032348199980333,True
4,MEDIUM_MAZE,783,783,4,2,4,5,greedy,16,0.0128650999977253,5,0.002573019999545,True
4,MEDIUM_MAZE,783,783,4,2,4,5,beam_2,16,0.0137267999816685,5,0.0027453599963337,True
4,MEDIUM_MAZE,783,783,4,2,4,5,beam_3,16,0.0144854999962262,5,0.0028970999992452,True
4,MEDIUM_MAZE,809,809,4,3,4,6,greedy,16,0.043216600024607,16,0.0027010375015379,False
4,MEDIUM_MAZE,809,809,4,3,4,6,beam_2,16,0.0138096999726258,5,0.0027619399945251,True
4,MEDIUM_MAZE,809,809,4,3,4,6,beam_3,16,0.0146664000349119,5,0.0029332800069823,True
4,MEDIUM_MAZE,836,836,4,5,5,3,greedy,16,0.0438956000143662,16,0.0027434750008978,False
4,MEDIUM_MAZE,836,836,4,5,5,3,beam_2,16,0.0146659999736584,5,0.0029331999947316,True
4,MEDIUM_MAZE,836,836,4,5,5,3,beam_3,16,0.0144268999574705,5,0.0028853799914941,True
4,MEDIUM_MAZE,862,862,4,6,5,4,greedy,16,0.0176396999740973,7,0.0025199571391567,True
4,MEDIUM_MAZE,862,862,4,6,5,4,beam_2,16,0.0199333999771624,7,0.002847628568166,True
4,MEDIUM_MAZE,862,862,4,6,5,4,beam_3,16,0.0217919999849982,7,0.0031131428549997,True
4,MEDIUM_MAZE,898,898,5,3,2,1,greedy,16,0.0132396999979391,5,0.0026479399995878,True
4,MEDIUM_MAZE,898,898,5,3,2,1,beam_2,16,0.0174476000247523,5,0.0034895200049504,True
4,MEDIUM_MAZE,898,898,5,3,2,1,beam_3,16,0.0190535999718122,5,0.0038107199943624,True
4,MEDIUM_MAZE,924,924,5,4,2,2,greedy,16,0.0149241000181064,5,0.0029848200036212,True
4,MEDIUM_MAZE,924,924,5,4,2,2,beam_2,16,0.0173573999782092,5,0.0034714799956418,True
4,MEDIUM_MAZE,924,924,5,4,2,2,beam_3,16,0.0172426999779418,5,0.0034485399955883,True
4,MEDIUM_MAZE,952,952,5,6,2,6,greedy,16,0.0143090999918058,5,0.0028618199983611,True
4,MEDIUM_MAZE,952,952,5,6,2,6,beam_2,16,0.0162550000241026,5,0.0032510000048205,True
4,MEDIUM_MAZE,952,952,5,6,2,6,beam_3,16,0.0173285999917425,5,0.0034657199983485,True
4,MEDIUM_MAZE,1008,1008,6,2,4,3,greedy,16,0.0133362999767996,5,0.0026672599953599,True
4,MEDIUM_MAZE,1008,1008,6,2,4,3,beam_2,16,0.0166655999491922,5,0.0033331199898384,True
4,MEDIUM_MAZE,1008,1008,6,2,4,3,beam_3,16,0.019184699980542,5,0.0038369399961084,True
4,MEDIUM_MAZE,1053,1053,6,5,3,3,greedy,16,0.0138972999993711,5,0.0027794599998742,True
4,MEDIUM_MAZE,1053,1053,6,5,3,3,beam_2,16,0.0159155000001192,5,0.0031831000000238,True
4,MEDIUM_MAZE,1053,1053,6,5,3,3,beam_3,16,0.0186923000146634,5,0.0037384600029326,True
4,MEDIUM_MAZE,1083,1083,6,6,4,3,greedy,16,0.0140667000086978,5,0.0028133400017395,True
4,MEDIUM_MAZE,1083,1083,6,6,4,3,beam_2,16,0.0159397000097669,5,0.0031879400019533,True
4,MEDIUM_MAZE,1083,1083,6,6,4,3,beam_3,16,0.0161809000419452,5,0.003236180008389,True
4,MEDIUM_MAZE,480,480,1,2,4,1,greedy,16,0.0174448999459855,6,0.0029074833243309,True
4,MEDIUM_MAZE,480,480,1,2,4,1,beam_2,16,0.0198674999992363,6,0.0033112499998727,True
4,MEDIUM_MAZE,480,480,1,2,4,1,beam_3,16,0.0203404999920167,6,0.0033900833320027,True
4,MEDIUM_MAZE,511,511,1,5,5,3,greedy,16,0.0501793000148609,16,0.0031362062509288,False
4,MEDIUM_MAZE,511,511,1,5,5,3,beam_2,16,0.0188263999880291,6,0.0031377333313381,True
4,MEDIUM_MAZE,511,511,1,5,5,3,beam_3,16,0.0197788999648764,6,0.0032964833274794,True
4,MEDIUM_MAZE,550,550,2,1,2,5,greedy,16,0.0165123000042513,6,0.0027520500007085,True
4,MEDIUM_MAZE,550,550,2,1,2,5,beam_2,16,0.0179466000408865,6,0.0029911000068144,True
4,MEDIUM_MAZE,550,550,2,1,2,5,beam_3,16,0.0184076000005006,6,0.0030679333334167,True
4,MEDIUM_MAZE,576,576,2,2,2,6,greedy,16,0.0153995000291615,6,0.0025665833381935,True
4,MEDIUM_MAZE,576,576,2,2,2,6,beam_2,16,0.0189005999709479,6,0.0031500999951579,True
4,MEDIUM_MAZE,576,576,2,2,2,6,beam_3,16,0.0240605999715626,6,0.0040100999952604,True
4,MEDIUM_MAZE,613,613,2,3,5,6,greedy,16,0.0153913000249303,6,0.0025652166708217,True
4,MEDIUM_MAZE,613,613,2,3,5,6,beam_2,16,0.0176857999758794,6,0.0029476333293132,True
4,MEDIUM_MAZE,613,613,2,3,5,6,beam_3,16,0.0225028999848291,6,0.0037504833308048,True
4,MEDIUM_MAZE,630,630,2,5,4,1,greedy,16,0.0180921999854035,6,0.0030153666642339,True
4,MEDIUM_MAZE,630,630,2,5,4,1,beam_2,16,0.0193616999895311,6,0.0032269499982551,True
4,MEDIUM_MAZE,630,630,2,5,4,1,beam_3,16,0.0186798000358976,6,0.0031133000059829,True
4,MEDIUM_MAZE,661,661,2,6,5,3,greedy,16,0.0445216000080108,16,0.0027826000005006,False
4,MEDIUM_MAZE,661,661,2,6,5,3,beam_2,16,0.0171421999693848,6,0.0028570333282308,True
4,MEDIUM_MAZE,661,661,2,6,5,3,beam_3,16,0.0183658999740146,6,0.0030609833290024,True
4,MEDIUM_MAZE,717,717,3,4,6,5,greedy,16,0.0154629999888129,6,0.0025771666648021,True
4,MEDIUM_MAZE,717,717,3,4,6,5,beam_2,16,0.0178886999492533,6,0.0029814499915422,True
4,MEDIUM_MAZE,717,717,3,4,6,5,beam_3,16,0.0188407999812625,6,0.0031401333302104,True
4,MEDIUM_MAZE,748,748,4,1,2,1,greedy,16,0.0147977000451646,6,0.0024662833408607,True
4,MEDIUM_MAZE,748,748,4,1,2,1,beam_2,16,0.0161270999815315,6,0.0026878499969219,True
4,MEDIUM_MAZE,748,748,4,1,2,1,beam_3,16,0.0178506999509409,6,0.0029751166584901,True
4,MEDIUM_MAZE,771,771,4,2,1,5,greedy,16,0.0444856999674811,16,0.0027803562479675,False
4,MEDIUM_MAZE,771,771,4,2,1,5,beam_2,16,0.016719999955967,6,0.0027866666593278,True
4,MEDIUM_MAZE,771,771,4,2,1,5,beam_3,16,0.0185297999996691,6,0.0030882999999448,True
4,MEDIUM_MAZE,813,813,4,3,5,6,greedy,16,0.0151613000198267,6,0.0025268833366377,True
4,MEDIUM_MAZE,813,813,4,3,5,6,beam_2,16,0.0169887000229209,6,0.0028314500038201,True
4,MEDIUM_MAZE,813,813,4,3,5,6,beam_3,16,0.0176245999755337,6,0.0029374333292556,True
4,MEDIUM_MAZE,849,849,4,6,2,2,greedy,16,0.0146874000201933,6,0.0024479000033655,True
4,MEDIUM_MAZE,849,849,4,6,2,2,beam_2,16,0.0169116000179201,6,0.0028186000029866,True
4,MEDIUM_MAZE,849,849,4,6,2,2,beam_3,16,0.0195338000194169,6,0.0032556333365694,True
4,MEDIUM_MAZE,891,891,5,1,6,4,greedy,16,0.0158245000056922,6,0.0026374166676153,True
4,MEDIUM_MAZE,891,891,5,1,6,4,beam_2,16,0.0199117999873124,6,0.0033186333312187,True
4,MEDIUM_MAZE,891,891,5,1,6,4,beam_3,16,0.0180196000146679,6,0.0030032666691113,True
4,MEDIUM_MAZE,915,915,5,3,6,2,greedy,16,0.0434317999752238,16,0.0027144874984514,False
4,MEDIUM_MAZE,915,915,5,3,6,2,beam_2,16,0.0521150000276975,16,0.003257187501731,False
4,MEDIUM_MAZE,915,915,5,3,6,2,beam_3,16,0.0538371000438928,16,0.0033648187527433,False
4,MEDIUM_MAZE,939,939,5,4,6,1,greedy,16,0.0182993999915197,6,0.0030498999985866,True
4,MEDIUM_MAZE,939,939,5,4,6,1,beam_2,16,0.0209309000056236,6,0.0034884833342706,True
4,MEDIUM_MAZE,939,939,5,4,6,1,beam_3,16,0.0239506000070832,6,0.0039917666678472,True
4,MEDIUM_MAZE,979,979,6,1,3,4,greedy,16,0.0192106000031344,6,0.003201766667189,True
4,MEDIUM_MAZE,979,979,6,1,3,4,beam_2,16,0.0205111000104807,6,0.0034185166684134,True
4,MEDIUM_MAZE,979,979,6,1,3,4,beam_3,16,0.0214490000507794,6,0.0035748333417965,True
4,MEDIUM_MAZE,1030,1030,6,4,3,5,greedy,16,0.0190238999784924,6,0.0031706499964154,True
4,MEDIUM_MAZE,1030,1030,6,4,3,5,beam_2,16,0.0220817999797873,6,0.0036802999966312,True
4,MEDIUM_MAZE,1030,1030,6,4,3,5,beam_3,16,0.0189314999734051,6,0.0031552499955675,True
4,MEDIUM_MAZE,1056,1056,6,5,4,1,greedy,16,0.0166025999933481,6,0.0027670999988913,True
4,MEDIUM_MAZE,1056,1056,6,5,4,1,beam_2,16,0.019114599970635,6,0.0031857666617725,True
4,MEDIUM_MAZE,1056,1056,6,5,4,1,beam_3,16,0.0188746999483555,6,0.0031457833247259,True
4,MEDIUM_MAZE,450,450,1,1,2,5,greedy,16,0.0174049000488594,7,0.0024864142926942,True
4,MEDIUM_MAZE,450,450,1,1,2,5,beam_2,16,0.0195366999832913,7,0.0027909571404701,True
4,MEDIUM_MAZE,450,450,1,1,2,5,beam_3,16,0.0222948999726213,7,0.0031849857103744,True
4,MEDIUM_MAZE,476,476,1,2,2,6,greedy,16,0.0220188000239431,7,0.0031455428605633,True
4,MEDIUM_MAZE,476,476,1,2,2,6,beam_2,16,0.022698400018271,7,0.0032426285740387,True
4,MEDIUM_MAZE,476,476,1,2,2,6,beam_3,16,0.0239542000344954,7,0.0034220285763564,True
4,MEDIUM_MAZE,497,497,1,5,2,1,greedy,16,0.0214983999612741,7,0.0030711999944677,True
4,MEDIUM_MAZE,497,497,1,5,2,1,beam_2,16,0.021557500003837,7,0.003079642857691,True
4,MEDIUM_MAZE,497,497,1,5,2,1,beam_3,16,0.0216951999464072,7,0.0030993142780581,True
4,MEDIUM_MAZE,531,531,1,6,4,2,greedy,16,0.0438804000150412,16,0.00274252500094,False
4,MEDIUM_MAZE,531,531,1,6,4,2,beam_2,16,0.0207221000455319,7,0.0029603000065045,True
4,MEDIUM_MAZE,531,531,1,6,4,2,beam_3,16,0.0215732000069692,7,0.0030818857152813,True
4,MEDIUM_MAZE,559,559,2,1,4,6,greedy,16,0.0176789999823085,7,0.002525571426044,True
4,MEDIUM_MAZE,559,559,2,1,4,6,beam_2,16,0.0195140999858267,7,0.0027877285694038,True
4,MEDIUM_MAZE,559,559,2,1,4,6,beam_3,16,0.0220111000235192,7,0.0031444428605027,True
4,MEDIUM_MAZE,589,589,2,2,6,1,greedy,16,0.0177216000156477,7,0.0025316571450925,True
4,MEDIUM_MAZE,589,589,2,2,6,1,beam_2,16,0.0193021000013686,7,0.0027574428573383,True
4,MEDIUM_MAZE,589,589,2,2,6,1,beam_3,16,0.0213479999802075,7,0.0030497142828867,True
4,MEDIUM_MAZE,635,635,2,5,5,1,greedy,16,0.017352299997583,7,0.0024788999996547,True
4,MEDIUM_MAZE,635,635,2,5,5,1,beam_2,16,0.0196824999875389,7,0.0028117857125055,True
4,MEDIUM_MAZE,635,635,2,5,5,1,beam_3,16,0.020620199968107,7,0.0029457428525867,True
4,MEDIUM_MAZE,662,662,2,6,5,4,greedy,16,0.0192607999779284,7,0.0027515428539897,True
4,MEDIUM_MAZE,662,662,2,6,5,4,beam_2,16,0.0202436999534256,7,0.0028919571362036,True
4,MEDIUM_MAZE,662,662,2,6,5,4,beam_3,16,0.021278699976392,7,0.0030398142823417,True
4,MEDIUM_MAZE,746,746,4,1,1,5,greedy,16,0.0171205999795347,7,0.0024457999970763,True
4,MEDIUM_MAZE,746,746,4,1,1,5,beam_2,16,0.0200674000079743,7,0.0028667714297106,True
4,MEDIUM_MAZE,746,746,4,1,1,5,beam_3,16,0.0215463999775238,7,0.0030780571396462,True
4,MEDIUM_MAZE,788,788,4,2,5,6,greedy,16,0.0183838999946601,7,0.0026262714278085,True
4,MEDIUM_MAZE,788,788,4,2,5,6,beam_2,16,0.0206516000325791,7,0.0029502285760827,True
4,MEDIUM_MAZE,788,788,4,2,5,6,beam_3,16,0.0213555000373162,7,0.0030507857196166,True
4,MEDIUM_MAZE,856,856,4,6,4,1,greedy,16,0.0182469999999739,7,0.0026067142857105,True
4,MEDIUM_MAZE,856,856,4,6,4,1,beam_2,16,0.0197930000140331,7,0.0028275714305761,True
4,MEDIUM_MAZE,856,856,4,6,4,1,beam_3,16,0.0220982999890111,7,0.0031568999984301,True
4,MEDIUM_MAZE,892,892,5,1,6,5,greedy,16,0.0342851000023074,13,0.0026373153847928,True
4,MEDIUM_MAZE,892,892,5,1,6,5,beam_2,16,0.0202959000016562,7,0.0028994142859508,True
4,MEDIUM_MAZE,892,892,5,1,6,5,beam_3,16,0.0212110000429675,7,0.003030142863281,True
4,MEDIUM_MAZE,940,940,5,4,6,2,greedy,16,0.0433047999977134,16,0.002706549999857,False
4,MEDIUM_MAZE,940,940,5,4,6,2,beam_2,16,0.0204192000092007,7,0.0029170285727429,True
4,MEDIUM_MAZE,940,940,5,4,6,2,beam_3,16,0.021140499971807,7,0.0030200714245438,True
4,MEDIUM_MAZE,991,991,6,1,6,4,greedy,16,0.0169126000255346,7,0.0024160857179335,True
4,MEDIUM_MAZE,991,991,6,1,6,4,beam_2,16,0.018729000003077,7,0.002675571429011,True
4,MEDIUM_MAZE,991,991,6,1,6,4,beam_3,16,0.0228994999779388,7,0.0032713571397055,True
4,MEDIUM_MAZE,1023,1023,6,4,2,1,greedy,16,0.0167026999988593,7,0.002386099999837,True
4,MEDIUM_MAZE,1023,1023,6,4,2,1,beam_2,16,0.019339199992828,7,0.0027627428561182,True
4,MEDIUM_MAZE,1023,1023,6,4,2,1,beam_3,16,0.0193871000083163,7,0.0027695857154737,True
4,MEDIUM_MAZE,1052,1052,6,5,2,6,greedy,16,0.0174573000404052,7,0.0024939000057721,True
4,MEDIUM_MAZE,1052,1052,6,5,2,6,beam_2,16,0.022871799999848,7,0.0032673999999782,True
4,MEDIUM_MAZE,1052,1052,6,5,2,6,beam_3,16,0.0245742999832145,7,0.0035106142833163,True
4,MEDIUM_MAZE,445,445,1,1,1,5,greedy,18,0.0234825000516138,8,0.0029353125064517,True
4,MEDIUM_MAZE,445,445,1,1,1,5,beam_2,18,0.0300549000385217,8,0.0037568625048152,True
4,MEDIUM_MAZE,445,445,1,1,1,5,beam_3,18,0.0352311999886296,8,0.0044038999985787,True
4,MEDIUM_MAZE,471,471,1,2,1,6,greedy,18,0.0251465999754145,8,0.0031433249969268,True
4,MEDIUM_MAZE,471,471,1,2,1,6,beam_2,18,0.0296657999861054,8,0.0037082249982631,True
4,MEDIUM_MAZE,471,471,1,2,1,6,beam_3,18,0.0276726000010967,8,0.003459075000137,True
4,MEDIUM_MAZE,510,510,1,5,5,1,greedy,18,0.0204307999811135,8,0.0025538499976391,True
4,MEDIUM_MAZE,510,510,1,5,5,1,beam_2,18,0.0225973000051453,8,0.0028246625006431,True
4,MEDIUM_MAZE,510,510,1,5,5,1,beam_3,18,0.023454500013031,8,0.0029318125016288,True
4,MEDIUM_MAZE,537,537,1,6,5,4,greedy,18,0.0204868000000715,8,0.0025608500000089,True
4,MEDIUM_MAZE,537,537,1,6,5,4,beam_2,18,0.0226442000130191,8,0.0028305250016273,True
4,MEDIUM_MAZE,537,537,1,6,5,4,beam_3,18,0.0250174999819137,8,0.0031271874977392,True
4,MEDIUM_MAZE,567,567,2,1,6,5,greedy,18,0.0210134999942965,8,0.002626687499287,True
4,MEDIUM_MAZE,567,567,2,1,6,5,beam_2,18,0.0228616999811492,8,0.0028577124976436,True
4,MEDIUM_MAZE,567,567,2,1,6,5,beam_3,18,0.0241247999947518,8,0.0030155999993439,True
4,MEDIUM_MAZE,660,660,2,6,5,1,greedy,18,0.0195769999991171,8,0.0024471249998896,True
4,MEDIUM_MAZE,660,660,2,6,5,1,beam_2,18,0.0224099000333808,8,0.0028012375041726,True
4,MEDIUM_MAZE,660,660,2,6,5,1,beam_3,18,0.0234436999890021,8,0.0029304624986252,True
4,MEDIUM_MAZE,839,839,4,5,6,1,greedy,18,0.0211868000333197,8,0.0026483500041649,True
4,MEDIUM_MAZE,839,839,4,5,6,1,beam_2,18,0.0219903999823145,8,0.0027487999977893,True
4,MEDIUM_MAZE,839,839,4,5,6,1,beam_3,18,0.0249994999612681,8,0.0031249374951585,True
4,MEDIUM_MAZE,877,877,5,1,2,6,greedy,18,0.0211083000176586,8,0.0026385375022073,True
4,MEDIUM_MAZE,877,877,5,1,2,6,beam_2,18,0.0224545000237412,8,0.0028068125029676,True
4,MEDIUM_MAZE,877,877,5,1,2,6,beam_3,18,0.0245381999993696,8,0.0030672749999212,True
4,MEDIUM_MAZE,948,948,5,6,2,1,greedy,18,0.024698499997612,10,0.0024698499997612,True
4,MEDIUM_MAZE,948,948,5,6,2,1,beam_2,18,0.0244554999517276,8,0.0030569374939659,True
4,MEDIUM_MAZE,948,948,5,6,2,1,beam_3,18,0.02506060001906,8,0.0031325750023825,True
4,MEDIUM_MAZE,984,984,6,1,4,5,greedy,18,0.0201924999710172,8,0.0025240624963771,True
4,MEDIUM_MAZE,984,984,6,1,4,5,beam_2,18,0.0225894000031985,8,0.0028236750003998,True
4,MEDIUM_MAZE,984,984,6,1,4,5,beam_3,18,0.0246520999935455,8,0.0030815124991931,True
4,MEDIUM_MAZE,1019,1019,6,4,1,1,greedy,18,0.0213011999730952,8,0.0026626499966369,True
4,MEDIUM_MAZE,1019,1019,6,4,1,1,beam_2,18,0.0229649000102654,8,0.0028706125012831,True
4,MEDIUM_MAZE,1019,1019,6,4,1,1,beam_3,18,0.0233565000235103,8,0.0029195625029387,True
4,MEDIUM_MAZE,1047,1047,6,5,1,6,greedy,18,0.0196615000022575,8,0.0024576875002821,True
4,MEDIUM_MAZE,1047,1047,6,5,1,6,beam_2,18,0.0223420999827794,8,0.0027927624978474,True
4,MEDIUM_MAZE,1047,1047,6,5,1,6,beam_3,18,0.0238004000275395,8,0.0029750500034424,True
4,MEDIUM_MAZE,446,446,1,1,1,6,greedy,20,0.0257867000182159,9,0.0028651888909128,True
4,MEDIUM_MAZE,446,446,1,1,1,6,beam_2,20,0.0253208000212907,9,0.0028134222245878,True
4,MEDIUM_MAZE,446,446,1,1,1,6,beam_3,20,0.02708359999815,9,0.0030092888886833,True
4,MEDIUM_MAZE,493,493,1,2,6,6,greedy,20,0.0229243999929167,9,0.0025471555547685,True
4,MEDIUM_MAZE,493,493,1,2,6,6,beam_2,20,0.0254372999770566,9,0.0028263666641174,True
4,MEDIUM_MAZE,493,493,1,2,6,6,beam_3,20,0.026410799997393,9,0.0029345333330436,True
4,MEDIUM_MAZE,565,565,2,1,6,2,greedy,20,0.0558524000225588,19,0.0029396000011873,False
4,MEDIUM_MAZE,565,565,2,1,6,2,beam_2,20,0.0684359999722801,19,0.0036018947353831,False
4,MEDIUM_MAZE,565,565,2,1,6,2,beam_3,20,0.0707031000056304,19,0.00372121578977,False
4,MEDIUM_MAZE,864,864,4,6,6,1,greedy,20,0.0280208000331185,9,0.003113422225902,True
4,MEDIUM_MAZE,864,864,4,6,6,1,beam_2,20,0.0321747999987565,9,0.0035749777776396,True
4,MEDIUM_MAZE,864,864,4,6,6,1,beam_3,20,0.0338670999626629,9,0.0037630111069625,True
4,MEDIUM_MAZE,969,969,6,1,1,1,greedy,20,0.0260717999772168,9,0.0028968666641352,True
4,MEDIUM_MAZE,969,969,6,1,1,1,beam_2,20,0.0298127999994903,9,0.0033125333332767,True
4,MEDIUM_MAZE,969,969,6,1,1,1,beam_3,20,0.0301336999982595,9,0.0033481888886955,True
4,MEDIUM_MAZE,995,995,6,2,1,2,greedy,20,0.0244244000059552,9,0.0027138222228839,True
4,MEDIUM_MAZE,995,995,6,2,1,2,beam_2,20,0.0255550000001676,9,0.002839444444463,True
4,MEDIUM_MAZE,995,995,6,2,1,2,beam_3,20,0.0267299000406637,9,0.002969988893407,True
4,MEDIUM_MAZE,1022,1022,6,4,1,6,greedy,20,0.0249666000017896,9,0.0027740666668655,True
4,MEDIUM_MAZE,1022,1022,6,4,1,6,beam_2,20,0.0261563000385649,9,0.0029062555598405,True
4,MEDIUM_MAZE,1022,1022,6,4,1,6,beam_3,20,0.0272699000197462,9,0.0030299888910829,True
4,MEDIUM_MAZE,1090,1090,6,6,6,1,greedy,20,0.0239345000009052,9,0.0026593888889894,True
4,MEDIUM_MAZE,1090,1090,6,6,6,1,beam_2,20,0.0266017999965697,9,0.0029557555551744,True
4,MEDIUM_MAZE,1090,1090,6,6,6,1,beam_3,20,0.0271884999820031,9,0.0030209444424447,True
4,MEDIUM_MAZE,665,665,2,6,6,2,greedy,22,0.0523816000204533,19,0.0027569263168659,False
4,MEDIUM_MAZE,665,665,2,6,6,2,beam_2,22,0.0280308999936096,10,0.0028030899993609,True
4,MEDIUM_MAZE,665,665,2,6,6,2,beam_3,22,0.0298901000060141,10,0.0029890100006014,True
4,MEDIUM_MAZE,994,994,6,2,1,1,greedy,22,0.0265760999755002,10,0.00265760999755,True
4,MEDIUM_MAZE,994,994,6,2,1,1,beam_2,22,0.0286636999808251,10,0.0028663699980825,True
4,MEDIUM_MAZE,994,994,6,2,1,1,beam_3,22,0.0301560999942012,10,0.0030156099994201,True
4,MEDIUM_MAZE,1069,1069,6,6,1,1,greedy,22,0.0257415999658405,10,0.002574159996584,True
4,MEDIUM_MAZE,1069,1069,6,6,1,1,beam_2,22,0.0291503999615088,10,0.0029150399961508,True
4,MEDIUM_MAZE,1069,1069,6,6,1,1,beam_3,22,0.0338547999854199,10,0.0033854799985419,True
4,MEDIUM_MAZE,1014,1014,6,2,5,6,greedy,24,0.0288692000322043,11,0.0026244727302003,True
4,MEDIUM_MAZE,1014,1014,6,2,5,6,beam_2,24,0.0311257999856024,11,0.0028296181805093,True
4,MEDIUM_MAZE,1014,1014,6,2,5,6,beam_3,24,0.0318090000073425,11,0.0028917272733947,True
4,LARGE_MAZE,1835,1835,1,3,1,2,greedy,16,0.0413819999666884,16,0.002586374997918,False
4,LARGE_MAZE,1835,1835,1,3,1,2,beam_2,16,0.0020958999521099,1,0.0020958999521099,True
4,LARGE_MAZE,1835,1835,1,3,1,2,beam_3,16,0.0024048000341281,1,0.0024048000341281,True
4,LARGE_MAZE,1927,1927,1,5,1,4,greedy,16,0.0480947000323794,16,0.0030059187520237,False
4,LARGE_MAZE,1927,1927,1,5,1,4,beam_2,16,0.0033477000542916,1,0.0033477000542916,True
4,LARGE_MAZE,1927,1927,1,5,1,4,beam_3,16,0.002378300006967,1,0.002378300006967,True
4,LARGE_MAZE,2020,2020,1,8,1,9,greedy,16,0.0023073999909684,1,0.0023073999909684,True
4,LARGE_MAZE,2020,2020,1,8,1,9,beam_2,16,0.0024651999701745,1,0.0024651999701745,True
4,LARGE_MAZE,2020,2020,1,8,1,9,beam_3,16,0.0021181000047363,1,0.0021181000047363,True
4,LARGE_MAZE,2149,2149,2,1,1,1,greedy,16,0.0020580000127665,1,0.0020580000127665,True
4,LARGE_MAZE,2149,2149,2,1,1,1,beam_2,16,0.0025971999857574,1,0.0025971999857574,True
4,LARGE_MAZE,2149,2149,2,1,1,1,beam_3,16,0.0024335000198334,1,0.0024335000198334,True
4,LARGE_MAZE,2255,2255,2,5,3,5,greedy,16,0.0026287999935448,1,0.0026287999935448,True
4,LARGE_MAZE,2255,2255,2,5,3,5,beam_2,16,0.0028817999991588,1,0.0028817999991588,True
4,LARGE_MAZE,2255,2255,2,5,3,5,beam_3,16,0.0022578999632969,1,0.0022578999632969,True
4,LARGE_MAZE,2383,2383,3,1,2,1,greedy,16,0.0490584999788552,16,0.0030661562486784,False
4,LARGE_MAZE,2383,2383,3,1,2,1,beam_2,16,0.0023877000203356,1,0.0023877000203356,True
4,LARGE_MAZE,2383,2383,3,1,2,1,beam_3,16,0.0023967000306583,1,0.0023967000306583,True
4,LARGE_MAZE,2474,2474,3,3,2,3,greedy,16,0.0024300999939441,1,0.0024300999939441,True
4,LARGE_MAZE,2474,2474,3,3,2,3,beam_2,16,0.0022566000116057,1,0.0022566000116057,True
4,LARGE_MAZE,2474,2474,3,3,2,3,beam_3,16,0.0020286000217311,1,0.0020286000217311,True
4,LARGE_MAZE,2571,2571,3,6,3,5,greedy,16,0.0424784999922849,16,0.0026549062495178,False
4,LARGE_MAZE,2571,2571,3,6,3,5,beam_2,16,0.002455799956806,1,0.002455799956806,True
4,LARGE_MAZE,2571,2571,3,6,3,5,beam_3,16,0.0020860999939031,1,0.0020860999939031,True
4,LARGE_MAZE,2663,2663,3,8,3,7,greedy,16,0.0020637999987229,1,0.0020637999987229,True
4,LARGE_MAZE,2663,2663,3,8,3,7,beam_2,16,0.0024680999922566,1,0.0024680999922566,True
4,LARGE_MAZE,2663,2663,3,8,3,7,beam_3,16,0.0023954000207595,1,0.0023954000207595,True
4,LARGE_MAZE,2755,2755,3,10,3,9,greedy,16,0.002108099986799,1,0.002108099986799,True
4,LARGE_MAZE,2755,2755,3,10,3,9,beam_2,16,0.0021561000030487,1,0.0021561000030487,True
4,LARGE_MAZE,2755,2755,3,10,3,9,beam_3,16,0.0024894999805837,1,0.0024894999805837,True
4,LARGE_MAZE,2853,2853,4,5,5,5,greedy,16,0.0428929000045172,16,0.0026808062502823,False
4,LARGE_MAZE,2853,2853,4,5,5,5,beam_2,16,0.0020732999546453,1,0.0020732999546453,True
4,LARGE_MAZE,2853,2853,4,5,5,5,beam_3,16,0.0022472999989986,1,0.0022472999989986,True
4,LARGE_MAZE,2985,2985,5,2,5,1,greedy,16,0.0023114000214263,1,0.0023114000214263,True
4,LARGE_MAZE,2985,2985,5,2,5,1,beam_2,16,0.0023039999650791,1,0.0023039999650791,True
4,LARGE_MAZE,2985,2985,5,2,5,1,beam_3,16,0.0020617999834939,1,0.0020617999834939,True
4,LARGE_MAZE,3077,3077,5,4,5,3,greedy,16,0.042005399998743,16,0.0026253374999214,False
4,LARGE_MAZE,3077,3077,5,4,5,3,beam_2,16,0.0024893000372685,1,0.0024893000372685,True
4,LARGE_MAZE,3077,3077,5,4,5,3,beam_3,16,0.0024820999824441,1,0.0024820999824441,True
4,LARGE_MAZE,3174,3174,5,7,6,7,greedy,16,0.0022058999747969,1,0.0022058999747969,True
4,LARGE_MAZE,3174,3174,5,7,6,7,beam_2,16,0.0025292999926023,1,0.0025292999926023,True
4,LARGE_MAZE,3174,3174,5,7,6,7,beam_3,16,0.002203100011684,1,0.002203100011684,True
4,LARGE_MAZE,3302,3302,6,3,5,3,greedy,16,0.0022193000186234,1,0.0022193000186234,True
4,LARGE_MAZE,3302,3302,6,3,5,3,beam_2,16,0.0023543999996036,1,0.0023543999996036,True
4,LARGE_MAZE,3302,3302,6,3,5,3,beam_3,16,0.0023392000002786,1,0.0023392000002786,True
4,LARGE_MAZE,3406,3406,6,7,7,7,greedy,16,0.0021070999791845,1,0.0021070999791845,True
4,LARGE_MAZE,3406,3406,6,7,7,7,beam_2,16,0.0020510000176727,1,0.0020510000176727,True
4,LARGE_MAZE,3406,3406,6,7,7,7,beam_3,16,0.0024728000280447,1,0.0024728000280447,True
4,LARGE_MAZE,3538,3538,7,2,7,3,greedy,16,0.0021675999742001,1,0.0021675999742001,True
4,LARGE_MAZE,3538,3538,7,2,7,3,beam_2,16,0.0021104000043123,1,0.0021104000043123,True
4,LARGE_MAZE,3538,3538,7,2,7,3,beam_3,16,0.0026293999981135,1,0.0026293999981135,True
4,LARGE_MAZE,3675,3675,7,6,7,5,greedy,16,0.0023135000374168,1,0.0023135000374168,True
4,LARGE_MAZE,3675,3675,7,6,7,5,beam_2,16,0.0022267999593168,1,0.0022267999593168,True
4,LARGE_MAZE,3675,3675,7,6,7,5,beam_3,16,0.0025044999783858,1,0.0025044999783858,True
4,LARGE_MAZE,3768,3768,7,9,7,10,greedy,16,0.0493688999558799,16,0.0030855562472424,False
4,LARGE_MAZE,3768,3768,7,9,7,10,beam_2,16,0.0029143000137992,1,0.0029143000137992,True
4,LARGE_MAZE,3768,3768,7,9,7,10,beam_3,16,0.0028552999719977,1,0.0028552999719977,True
4,LARGE_MAZE,1797,1797,1,2,2,1,greedy,16,0.0056831000256352,2,0.0028415500128176,True
4,LARGE_MAZE,1797,1797,1,2,2,1,beam_2,16,0.0053331999806687,2,0.0026665999903343,True
4,LARGE_MAZE,1797,1797,1,2,2,1,beam_3,16,0.0064677000045776,2,0.0032338500022888,True
4,LARGE_MAZE,1880,1880,1,4,1,2,greedy,16,0.0531954999896697,16,0.0033247187493543,False
4,LARGE_MAZE,1880,1880,1,4,1,2,beam_2,16,0.0058407000033184,2,0.0029203500016592,True
4,LARGE_MAZE,1880,1880,1,4,1,2,beam_3,16,0.006510299979709,2,0.0032551499898545,True
4,LARGE_MAZE,1975,1975,1,7,1,9,greedy,16,0.0216961999540217,8,0.0027120249942527,True
4,LARGE_MAZE,1975,1975,1,7,1,9,beam_2,16,0.0055677000200375,2,0.0027838500100187,True
4,LARGE_MAZE,1975,1975,1,7,1,9,beam_3,16,0.0057782999938353,2,0.0028891499969176,True
4,LARGE_MAZE,2071,2071,1,9,2,10,greedy,16,0.0479909999994561,16,0.002999437499966,False
4,LARGE_MAZE,2071,2071,1,9,2,10,beam_2,16,0.0066875999909825,2,0.0033437999954912,True
4,LARGE_MAZE,2071,2071,1,9,2,10,beam_3,16,0.0053899000049568,2,0.0026949500024784,True
4,LARGE_MAZE,2171,2171,2,1,4,1,greedy,16,0.0473252999945543,16,0.0029578312496596,False
4,LARGE_MAZE,2171,2171,2,1,4,1,beam_2,16,0.0052446999470703,2,0.0026223499735351,True
4,LARGE_MAZE,2171,2171,2,1,4,1,beam_3,16,0.0054547999752685,2,0.0027273999876342,True
4,LARGE_MAZE,2256,2256,2,5,3,6,greedy,16,0.005479399987962,2,0.002739699993981,True
4,LARGE_MAZE,2256,2256,2,5,3,6,beam_2,16,0.0060358000337146,2,0.0030179000168573,True
4,LARGE_MAZE,2256,2256,2,5,3,6,beam_3,16,0.0056117000058293,2,0.0028058500029146,True
4,LARGE_MAZE,2336,2336,2,10,1,9,greedy,16,0.0445387999643571,16,0.0027836749977723,False
4,LARGE_MAZE,2336,2336,2,10,1,9,beam_2,16,0.0250854999758303,8,0.0031356874969787,True
4,LARGE_MAZE,2336,2336,2,10,1,9,beam_3,16,0.0050549000152386,2,0.0025274500076193,True
4,LARGE_MAZE,2399,2399,3,1,5,1,greedy,16,0.0047684999881312,2,0.0023842499940656,True
4,LARGE_MAZE,2399,2399,3,1,5,1,beam_2,16,0.0054981000139378,2,0.0027490500069689,True
4,LARGE_MAZE,2399,2399,3,1,5,1,beam_3,16,0.0054426999995484,2,0.0027213499997742,True
4,LARGE_MAZE,2478,2478,3,3,3,1,greedy,16,0.0051590999937616,2,0.0025795499968808,True
4,LARGE_MAZE,2478,2478,3,3,3,1,beam_2,16,0.0055646999971941,2,0.002782349998597,True
4,LARGE_MAZE,2478,2478,3,3,3,1,beam_3,16,0.00565770000685,2,0.002828850003425,True
4,LARGE_MAZE,2566,2566,3,6,2,7,greedy,16,0.0048739000339992,2,0.0024369500169996,True
4,LARGE_MAZE,2566,2566,3,6,2,7,beam_2,16,0.0051443999982438,2,0.0025721999991219,True
4,LARGE_MAZE,2566,2566,3,6,2,7,beam_3,16,0.0055245999828912,2,0.0027622999914456,True
4,LARGE_MAZE,2619,2619,3,7,3,9,greedy,16,0.0465363000403158,16,0.0029085187525197,False
4,LARGE_MAZE,2619,2619,3,7,3,9,beam_2,16,0.0057535999803803,2,0.0028767999901901,True
4,LARGE_MAZE,2619,2619,3,7,3,9,beam_3,16,0.0054734000004827,2,0.0027367000002413,True
4,LARGE_MAZE,2708,2708,3,9,3,7,greedy,16,0.0294728000299073,10,0.0029472800029907,True
4,LARGE_MAZE,2708,2708,3,9,3,7,beam_2,16,0.0303046999615617,10,0.0030304699961561,True
4,LARGE_MAZE,2708,2708,3,9,3,7,beam_3,16,0.0057029999443329,2,0.0028514999721664,True
4,LARGE_MAZE,2788,2788,4,1,2,1,greedy,16,0.0450078999856486,16,0.002812993749103,False
4,LARGE_MAZE,2788,2788,4,1,2,1,beam_2,16,0.0049422000302001,2,0.0024711000151,True
4,LARGE_MAZE,2788,2788,4,1,2,1,beam_3,16,0.0051136999973095,2,0.0025568499986547,True
4,LARGE_MAZE,2852,2852,4,5,5,4,greedy,16,0.0423647999996319,16,0.0026477999999769,False
4,LARGE_MAZE,2852,2852,4,5,5,4,beam_2,16,0.0484186999965459,14,0.0034584785711818,True
4,LARGE_MAZE,2852,2852,4,5,5,4,beam_3,16,0.0054039999959059,2,0.0027019999979529,True
4,LARGE_MAZE,2928,2928,5,1,3,1,greedy,16,0.0465427000308409,16,0.0029089187519275,False
4,LARGE_MAZE,2928,2928,5,1,3,1,beam_2,16,0.0063420999795198,2,0.0031710499897599,True
4,LARGE_MAZE,2928,2928,5,1,3,1,beam_3,16,0.0067020000424236,2,0.0033510000212118,True
4,LARGE_MAZE,3030,3030,5,3,5,1,greedy,16,0.0063581999856978,2,0.0031790999928489,True
4,LARGE_MAZE,3030,3030,5,3,5,1,beam_2,16,0.0049806000315584,2,0.0024903000157792,True
4,LARGE_MAZE,3030,3030,5,3,5,1,beam_3,16,0.0059260000125505,2,0.0029630000062752,True
4,LARGE_MAZE,3082,3082,5,4,6,3,greedy,16,0.0059265999589115,2,0.0029632999794557,True
4,LARGE_MAZE,3082,3082,5,4,6,3,beam_2,16,0.0055257999920286,2,0.0027628999960143,True
4,LARGE_MAZE,3082,3082,5,4,6,3,beam_3,16,0.0056330999941565,2,0.0028165499970782,True
4,LARGE_MAZE,3181,3181,5,7,7,7,greedy,16,0.0056684000301174,2,0.0028342000150587,True
4,LARGE_MAZE,3181,3181,5,7,7,7,beam_2,16,0.0057266000076197,2,0.0028633000038098,True
4,LARGE_MAZE,3181,3181,5,7,7,7,beam_3,16,0.0055149000254459,2,0.0027574500127229,True
4,LARGE_MAZE,3301,3301,6,3,5,2,greedy,16,0.005717399995774,2,0.002858699997887,True
4,LARGE_MAZE,3301,3301,6,3,5,2,beam_2,16,0.0056263000005856,2,0.0028131500002928,True
4,LARGE_MAZE,3301,3301,6,3,5,2,beam_3,16,0.0053680000128224,2,0.0026840000064112,True
4,LARGE_MAZE,3360,3360,6,5,7,6,greedy,16,0.0469017000286839,16,0.0029313562517927,False
4,LARGE_MAZE,3360,3360,6,5,7,6,beam_2,16,0.0529595999978482,16,0.0033099749998655,False
4,LARGE_MAZE,3360,3360,6,5,7,6,beam_3,16,0.0058503000182099,2,0.0029251500091049,True
4,LARGE_MAZE,3533,3533,7,2,6,3,greedy,16,0.0052970999968238,2,0.0026485499984119,True
4,LARGE_MAZE,3533,3533,7,2,6,3,beam_2,16,0.0051009000162594,2,0.0025504500081297,True
4,LARGE_MAZE,3533,3533,7,2,6,3,beam_3,16,0.0056735999532975,2,0.0028367999766487,True
4,LARGE_MAZE,3669,3669,7,6,6,5,greedy,16,0.0053682000143453,2,0.0026841000071726,True
4,LARGE_MAZE,3669,3669,7,6,6,5,beam_2,16,0.0056526000262238,2,0.0028263000131119,True
4,LARGE_MAZE,3669,3669,7,6,6,5,beam_3,16,0.0058616999885998,2,0.0029308499942999,True
4,LARGE_MAZE,3806,3806,7,10,6,9,greedy,16,0.0055667999549768,2,0.0027833999774884,True
4,LARGE_MAZE,3806,3806,7,10,6,9,beam_2,16,0.0049807999748736,2,0.0024903999874368,True
4,LARGE_MAZE,3806,3806,7,10,6,9,beam_3,16,0.0058284000260755,2,0.0029142000130377,True
4,LARGE_MAZE,1792,1792,1,2,1,5,greedy,16,0.0083883000188507,3,0.0027961000062835,True
4,LARGE_MAZE,1792,1792,1,2,1,5,beam_2,16,0.0083387000486254,3,0.0027795666828751,True
4,LARGE_MAZE,1792,1792,1,2,1,5,beam_3,16,0.0095263000112026,3,0.0031754333370675,True
4,LARGE_MAZE,1848,1848,1,3,3,2,greedy,16,0.048042099981103,16,0.0030026312488189,False
4,LARGE_MAZE,1848,1848,1,3,3,2,beam_2,16,0.0551707000122405,16,0.003448168750765,False
4,LARGE_MAZE,1848,1848,1,3,3,2,beam_3,16,0.0634888000204227,16,0.0039680500012764,False
4,LARGE_MAZE,1933,1933,1,5,2,3,greedy,16,0.0538946000160649,16,0.003368412501004,False
4,LARGE_MAZE,1933,1933,1,5,2,3,beam_2,16,0.0110229999991133,3,0.0036743333330377,True
4,LARGE_MAZE,1933,1933,1,5,2,3,beam_3,16,0.0119100000010803,3,0.0039700000003601,True
4,LARGE_MAZE,1988,1988,1,7,3,8,greedy,16,0.0552371999947354,16,0.0034523249996709,False
4,LARGE_MAZE,1988,1988,1,7,3,8,beam_2,16,0.0118537999805994,3,0.0039512666601998,True
4,LARGE_MAZE,1988,1988,1,7,3,8,beam_3,16,0.0119872000068426,3,0.0039957333356142,True
4,LARGE_MAZE,2109,2109,1,10,1,7,greedy,16,0.0092312999768182,3,0.0030770999922727,True
4,LARGE_MAZE,2109,2109,1,10,1,7,beam_2,16,0.0106248999945819,3,0.0035416333315273,True
4,LARGE_MAZE,2109,2109,1,10,1,7,beam_3,16,0.0097003999981097,3,0.0032334666660365,True
4,LARGE_MAZE,2174,2174,2,1,5,1,greedy,16,0.0529695999575778,16,0.0033105999973486,False
4,LARGE_MAZE,2174,2174,2,1,5,1,beam_2,16,0.0097716999589465,3,0.0032572333196488,True
4,LARGE_MAZE,2174,2174,2,1,5,1,beam_3,16,0.0104196000029332,3,0.0034732000009777,True
4,LARGE_MAZE,2257,2257,2,5,3,7,greedy,16,0.0080642999964766,3,0.0026880999988255,True
4,LARGE_MAZE,2257,2257,2,5,3,7,beam_2,16,0.0084125999710522,3,0.0028041999903507,True
4,LARGE_MAZE,2257,2257,2,5,3,7,beam_3,16,0.0112643999746069,3,0.0037547999915356,True
4,LARGE_MAZE,2335,2335,2,10,1,8,greedy,16,0.0486885999562218,16,0.0030430374972638,False
4,LARGE_MAZE,2335,2335,2,10,1,8,beam_2,16,0.0079645999940112,3,0.0026548666646704,True
4,LARGE_MAZE,2335,2335,2,10,1,8,beam_3,16,0.0087369999964721,3,0.0029123333321573,True
4,LARGE_MAZE,2400,2400,3,1,5,2,greedy,16,0.0076297999476082,3,0.0025432666492027,True
4,LARGE_MAZE,2400,2400,3,1,5,2,beam_2,16,0.0079642999917268,3,0.0026547666639089,True
4,LARGE_MAZE,2400,2400,3,1,5,2,beam_3,16,0.0085525999893434,3,0.0028508666631144,True
4,LARGE_MAZE,2467,2467,3,3,1,4,greedy,16,0.0072521999827586,3,0.0024173999942528,True
4,LARGE_MAZE,2467,2467,3,3,1,4,beam_2,16,0.0079535999684594,3,0.0026511999894864,True
4,LARGE_MAZE,2467,2467,3,3,1,4,beam_3,16,0.008144200022798,3,0.0027147333409326,True
4,LARGE_MAZE,2528,2528,3,5,3,8,greedy,16,0.0072308999951928,3,0.0024102999983976,True
4,LARGE_MAZE,2528,2528,3,5,3,8,beam_2,16,0.0077948999824002,3,0.0025982999941334,True
4,LARGE_MAZE,2528,2528,3,5,3,8,beam_3,16,0.0083197999629192,3,0.0027732666543064,True
4,LARGE_MAZE,2574,2574,3,6,3,9,greedy,16,0.0434513000072911,16,0.0027157062504556,False
4,LARGE_MAZE,2574,2574,3,6,3,9,beam_2,16,0.007743299996946,3,0.002581099998982,True
4,LARGE_MAZE,2574,2574,3,6,3,9,beam_3,16,0.0089264999842271,3,0.0029754999947423,True
4,LARGE_MAZE,2622,2622,3,7,4,5,greedy,16,0.0095373999793082,3,0.003179133326436,True
4,LARGE_MAZE,2622,2622,3,7,4,5,beam_2,16,0.0092841999721713,3,0.0030947333240571,True
4,LARGE_MAZE,2622,2622,3,7,4,5,beam_3,16,0.0086581999785266,3,0.0028860666595088,True
4,LARGE_MAZE,2697,2697,3,9,1,10,greedy,16,0.0075623999582603,3,0.0025207999860867,True
4,LARGE_MAZE,2697,2697,3,9,1,10,beam_2,16,0.0078951999894343,3,0.0026317333298114,True
4,LARGE_MAZE,2697,2697,3,9,1,10,beam_3,16,0.0091846999712288,3,0.0030615666570762,True
4,LARGE_MAZE,2753,2753,3,10,3,7,greedy,16,0.0455095000215806,15,0.0030339666681053,True
4,LARGE_MAZE,2753,2753,3,10,3,7,beam_2,16,0.0085304999956861,3,0.002843499998562,True
4,LARGE_MAZE,2753,2753,3,10,3,7,beam_3,16,0.0086660999804735,3,0.0028886999934911,True
4,LARGE_MAZE,2828,2828,4,5,1,5,greedy,16,0.0076111999806016,3,0.0025370666602005,True
4,LARGE_MAZE,2828,2828,4,5,1,5,beam_2,16,0.007835199998226,3,0.002611733332742,True
4,LARGE_MAZE,2828,2828,4,5,1,5,beam_3,16,0.0081144999712705,3,0.0027048333237568,True
4,LARGE_MAZE,2889,2889,4,10,3,8,greedy,16,0.0073545000050216,3,0.0024515000016738,True
4,LARGE_MAZE,2889,2889,4,10,3,8,beam_2,16,0.0081973999622277,3,0.0027324666540759,True
4,LARGE_MAZE,2889,2889,4,10,3,8,beam_3,16,0.0079503000015392,3,0.002650100000513,True
4,LARGE_MAZE,2947,2947,5,1,6,3,greedy,16,0.0446937000378966,16,0.0027933562523685,False
4,LARGE_MAZE,2947,2947,5,1,6,3,beam_2,16,0.0079332999885082,3,0.0026444333295027,True
4,LARGE_MAZE,2947,2947,5,1,6,3,beam_3,16,0.0088426999864168,3,0.0029475666621389,True
4,LARGE_MAZE,3028,3028,5,3,4,5,greedy,16,0.0086750999907962,3,0.002891699996932,True
4,LARGE_MAZE,3028,3028,5,3,4,5,beam_2,16,0.0077719999826513,3,0.0025906666608837,True
4,LARGE_MAZE,3028,3028,5,3,4,5,beam_3,16,0.0084606000455096,3,0.0028202000151698,True
4,LARGE_MAZE,3088,3088,5,4,7,3,greedy,16,0.0438487000064924,16,0.0027405437504057,False
4,LARGE_MAZE,3088,3088,5,4,7,3,beam_2,16,0.007656899979338,3,0.0025522999931126,True
4,LARGE_MAZE,3088,3088,5,4,7,3,beam_3,16,0.0094016000512056,3,0.0031338666837352,True
4,LARGE_MAZE,3127,3127,5,5,6,3,greedy,16,0.04374039999675,16,0.0027337749997968,False
4,LARGE_MAZE,3127,3127,5,5,6,3,beam_2,16,0.0083474999992176,3,0.0027824999997392,True
4,LARGE_MAZE,3127,3127,5,5,6,3,beam_3,16,0.0081890000146813,3,0.0027296666715604,True
4,LARGE_MAZE,3242,3242,5,10,2,10,greedy,16,0.0425165999913588,16,0.0026572874994599,False
4,LARGE_MAZE,3242,3242,5,10,2,10,beam_2,16,0.0079390999744646,3,0.0026463666581548,True
4,LARGE_MAZE,3242,3242,5,10,2,10,beam_3,16,0.0081885999534279,3,0.0027295333178093,True
4,LARGE_MAZE,3311,3311,6,3,7,1,greedy,16,0.0476157999946735,16,0.002975987499667,False
4,LARGE_MAZE,3311,3311,6,3,7,1,beam_2,16,0.0511889000190421,16,0.0031993062511901,False
4,LARGE_MAZE,3311,3311,6,3,7,1,beam_3,16,0.0526303999940864,16,0.0032893999996304,False
4,LARGE_MAZE,3434,3434,6,9,4,10,greedy,16,0.0070676999748684,3,0.0023558999916228,True
4,LARGE_MAZE,3434,3434,6,9,4,10,beam_2,16,0.0083427000208757,3,0.0027809000069585,True
4,LARGE_MAZE,3434,3434,6,9,4,10,beam_3,16,0.0082400999963283,3,0.0027466999987761,True
4,LARGE_MAZE,3613,3613,7,5,4,5,greedy,16,0.0078844999661669,3,0.0026281666553889,True
4,LARGE_MAZE,3613,3613,7,5,4,5,beam_2,16,0.0077444000053219,3,0.0025814666684406,True
4,LARGE_MAZE,3613,3613,7,5,4,5,beam_3,16,0.0085945000173524,3,0.0028648333391174,True
4,LARGE_MAZE,3714,3714,7,7,6,5,greedy,16,0.0079292000154964,3,0.0026430666718321,True
4,LARGE_MAZE,3714,3714,7,7,6,5,beam_2,16,0.007813400006853,3,0.002604466668951,True
4,LARGE_MAZE,3714,3714,7,7,6,5,beam_3,16,0.0092207999550737,3,0.0030735999850245,True
4,LARGE_MAZE,1769,1769,1,1,5,1,greedy,16,0.0444573999848216,16,0.0027785874990513,False
4,LARGE_MAZE,1769,1769,1,1,5,1,beam_2,16,0.0109531999914906,4,0.0027382999978726,True
4,LARGE_MAZE,1769,1769,1,1,5,1,beam_3,16,0.0113731999881565,4,0.0028432999970391,True
4,LARGE_MAZE,1850,1850,1,3,3,5,greedy,16,0.0093368000234477,4,0.0023342000058619,True
4,LARGE_MAZE,1850,1850,1,3,3,5,beam_2,16,0.0113289000000804,4,0.0028322250000201,True
4,LARGE_MAZE,1850,1850,1,3,3,5,beam_3,16,0.0117655000067316,4,0.0029413750016829,True
4,LARGE_MAZE,1924,1924,1,5,1,1,greedy,16,0.0325966000091284,12,0.002716383334094,True
4,LARGE_MAZE,1924,1924,1,5,1,1,beam_2,16,0.0140708000399172,4,0.0035177000099793,True
4,LARGE_MAZE,1924,1924,1,5,1,1,beam_3,16,0.0179609999759122,4,0.004490249993978,True
4,LARGE_MAZE,1985,1985,1,7,3,5,greedy,16,0.0142603999702259,4,0.0035650999925564,True
4,LARGE_MAZE,1985,1985,1,7,3,5,beam_2,16,0.0137812999892048,4,0.0034453249973012,True
4,LARGE_MAZE,1985,1985,1,7,3,5,beam_3,16,0.013805599999614,4,0.0034513999999035,True
4,LARGE_MAZE,2077,2077,1,9,3,7,greedy,16,0.0514290999853983,16,0.0032143187490873,False
4,LARGE_MAZE,2077,2077,1,9,3,7,beam_2,16,0.0115295000141486,4,0.0028823750035371,True
4,LARGE_MAZE,2077,2077,1,9,3,7,beam_3,16,0.0116837000241503,4,0.0029209250060375,True
4,LARGE_MAZE,2136,2136,1,10,5,10,greedy,16,0.0154155000345781,6,0.002569250005763,True
4,LARGE_MAZE,2136,2136,1,10,5,10,beam_2,16,0.0111964999814517,4,0.0027991249953629,True
4,LARGE_MAZE,2136,2136,1,10,5,10,beam_3,16,0.0135167999542318,4,0.0033791999885579,True
4,LARGE_MAZE,2204,2204,2,3,2,5,greedy,16,0.012624200026039,4,0.0031560500065097,True
4,LARGE_MAZE,2204,2204,2,3,2,5,beam_2,16,0.0155801000073552,4,0.0038950250018388,True
4,LARGE_MAZE,2204,2204,2,3,2,5,beam_3,16,0.0127266999916173,4,0.0031816749979043,True
4,LARGE_MAZE,2258,2258,2,5,3,8,greedy,16,0.0450011999928392,16,0.0028125749995524,False
4,LARGE_MAZE,2258,2258,2,5,3,8,beam_2,16,0.0135648000286892,4,0.0033912000071723,True
4,LARGE_MAZE,2258,2258,2,5,3,8,beam_3,16,0.0134032000205479,4,0.0033508000051369,True
4,LARGE_MAZE,2305,2305,2,7,3,10,greedy,16,0.0107322999974712,4,0.0026830749993678,True
4,LARGE_MAZE,2305,2305,2,7,3,10,beam_2,16,0.0111887999810278,4,0.0027971999952569,True
4,LARGE_MAZE,2305,2305,2,7,3,10,beam_3,16,0.0120236999937333,4,0.0030059249984333,True
4,LARGE_MAZE,2376,2376,3,1,1,3,greedy,16,0.009985200013034,4,0.0024963000032585,True
4,LARGE_MAZE,2376,2376,3,1,1,3,beam_2,16,0.0109927000012248,4,0.0027481750003062,True
4,LARGE_MAZE,2376,2376,3,1,1,3,beam_3,16,0.0127995000220835,4,0.0031998750055208,True
4,LARGE_MAZE,2464,2464,3,3,1,1,greedy,16,0.0435834000236354,16,0.0027239625014772,False
4,LARGE_MAZE,2464,2464,3,3,1,1,beam_2,16,0.0116654000012204,4,0.0029163500003051,True
4,LARGE_MAZE,2464,2464,3,3,1,1,beam_3,16,0.0122571000247262,4,0.0030642750061815,True
4,LARGE_MAZE,2529,2529,3,5,3,9,greedy,16,0.009730199992191,4,0.0024325499980477,True
4,LARGE_MAZE,2529,2529,3,5,3,9,beam_2,16,0.0105168999871239,4,0.0026292249967809,True
4,LARGE_MAZE,2529,2529,3,5,3,9,beam_3,16,0.0116098999860696,4,0.0029024749965174,True
4,LARGE_MAZE,2575,2575,3,6,3,10,greedy,16,0.009348299994599,4,0.0023370749986497,True
4,LARGE_MAZE,2575,2575,3,6,3,10,beam_2,16,0.0105100000509992,4,0.0026275000127498,True
4,LARGE_MAZE,2575,2575,3,6,3,10,beam_3,16,0.0112900999956764,4,0.0028225249989191,True
4,LARGE_MAZE,2612,2612,3,7,2,10,greedy,16,0.0100988000049255,4,0.0025247000012313,True
4,LARGE_MAZE,2612,2612,3,7,2,10,beam_2,16,0.0107335000066086,4,0.0026833750016521,True
4,LARGE_MAZE,2612,2612,3,7,2,10,beam_3,16,0.0129058999591507,4,0.0032264749897876,True
4,LARGE_MAZE,2655,2655,3,8,2,5,greedy,16,0.0096286999760195,4,0.0024071749940048,True
4,LARGE_MAZE,2655,2655,3,8,2,5,beam_2,16,0.0106555999955162,4,0.002663899998879,True
4,LARGE_MAZE,2655,2655,3,8,2,5,beam_3,16,0.0114240000257268,4,0.0028560000064317,True
4,LARGE_MAZE,2706,2706,3,9,3,5,greedy,16,0.0417099999613128,16,0.002606874997582,False
4,LARGE_MAZE,2706,2706,3,9,3,5,beam_2,16,0.0109841999947093,4,0.0027460499986773,True
4,LARGE_MAZE,2706,2706,3,9,3,5,beam_3,16,0.0114054000005126,4,0.0028513500001281,True
4,LARGE_MAZE,2770,2770,3,10,6,9,greedy,16,0.0431871000328101,16,0.0026991937520506,False
4,LARGE_MAZE,2770,2770,3,10,6,9,beam_2,16,0.0533103999914601,16,0.0033318999994662,False
4,LARGE_MAZE,2770,2770,3,10,6,9,beam_3,16,0.0113263999810442,4,0.002831599995261,True
4,LARGE_MAZE,2827,2827,4,5,1,4,greedy,16,0.0107094999984838,4,0.0026773749996209,True
4,LARGE_MAZE,2827,2827,4,5,1,4,beam_2,16,0.0107676000334322,4,0.002691900008358,True
4,LARGE_MAZE,2827,2827,4,5,1,4,beam_3,16,0.0119084000471048,4,0.0029771000117762,True
4,LARGE_MAZE,2865,2865,4,5,7,6,greedy,16,0.0440702999476343,16,0.0027543937467271,False
4,LARGE_MAZE,2865,2865,4,5,7,6,beam_2,16,0.0485565999988466,16,0.0030347874999279,False
4,LARGE_MAZE,2865,2865,4,5,7,6,beam_3,16,0.0512585000251419,16,0.0032036562515713,False
4,LARGE_MAZE,2930,2930,5,1,3,3,greedy,16,0.0450068000354804,16,0.0028129250022175,False
4,LARGE_MAZE,2930,2930,5,1,3,3,beam_2,16,0.0495722999912686,16,0.0030982687494542,False
4,LARGE_MAZE,2930,2930,5,1,3,3,beam_3,16,0.0116674999590031,4,0.0029168749897507,True
4,LARGE_MAZE,2983,2983,5,2,4,5,greedy,16,0.0107453999808058,4,0.0026863499952014,True
4,LARGE_MAZE,2983,2983,5,2,4,5,beam_2,16,0.0124625000171363,4,0.003115625004284,True
4,LARGE_MAZE,2983,2983,5,2,4,5,beam_3,16,0.0126926000230014,4,0.0031731500057503,True
4,LARGE_MAZE,3041,3041,5,3,7,1,greedy,16,0.0439484000089578,16,0.0027467750005598,False
4,LARGE_MAZE,3041,3041,5,3,7,1,beam_2,16,0.0121588999754749,4,0.0030397249938687,True
4,LARGE_MAZE,3041,3041,5,3,7,1,beam_3,16,0.0112998000113293,4,0.0028249500028323,True
4,LARGE_MAZE,3087,3087,5,4,7,2,greedy,16,0.0475497000152245,16,0.0029718562509515,False
4,LARGE_MAZE,3087,3087,5,4,7,2,beam_2,16,0.0111698000109754,4,0.0027924500027438,True
4,LARGE_MAZE,3087,3087,5,4,7,2,beam_3,16,0.0112882000394165,4,0.0028220500098541,True
4,LARGE_MAZE,3133,3133,5,5,7,3,greedy,16,0.0118984999717213,4,0.0029746249929303,True
4,LARGE_MAZE,3133,3133,5,5,7,3,beam_2,16,0.0148268999764695,4,0.0037067249941173,True
4,LARGE_MAZE,3133,3133,5,5,7,3,beam_3,16,0.0147144000511616,4,0.0036786000127904,True
4,LARGE_MAZE,3237,3237,5,10,1,10,greedy,16,0.012385899957735,4,0.0030964749894337,True
4,LARGE_MAZE,3237,3237,5,10,1,10,beam_2,16,0.0140323000377975,4,0.0035080750094493,True
4,LARGE_MAZE,3237,3237,5,10,1,10,beam_3,16,0.0189754000166431,4,0.0047438500041607,True
4,LARGE_MAZE,3308,3308,6,3,6,5,greedy,16,0.0565012000151909,16,0.0035313250009494,False
4,LARGE_MAZE,3308,3308,6,3,6,5,beam_2,16,0.012951000011526,4,0.0032377500028815,True
4,LARGE_MAZE,3308,3308,6,3,6,5,beam_3,16,0.0131173999980092,4,0.0032793499995023,True
4,LARGE_MAZE,3354,3354,6,5,6,7,greedy,16,0.0103644999908283,4,0.002591124997707,True
4,LARGE_MAZE,3354,3354,6,5,6,7,beam_2,16,0.0124579999828711,4,0.0031144999957177,True
4,LARGE_MAZE,3354,3354,6,5,6,7,beam_3,16,0.0121185000170953,4,0.0030296250042738,True
4,LARGE_MAZE,3528,3528,7,2,5,4,greedy,16,0.0112626999616622,4,0.0028156749904155,True
4,LARGE_MAZE,3528,3528,7,2,5,4,beam_2,16,0.0124911999446339,4,0.0031227999861584,True
4,LARGE_MAZE,3528,3528,7,2,5,4,beam_3,16,0.0131827000295743,4,0.0032956750073935,True
4,LARGE_MAZE,3620,3620,7,5,5,7,greedy,16,0.0454472000128589,16,0.0028404500008036,False
4,LARGE_MAZE,3620,3620,7,5,5,7,beam_2,16,0.0493688000133261,16,0.0030855500008328,False
4,LARGE_MAZE,3620,3620,7,5,5,7,beam_3,16,0.0120854999986477,4,0.0030213749996619,True
4,LARGE_MAZE,3802,3802,7,10,5,10,greedy,16,0.0095903999754227,4,0.0023975999938556,True
4,LARGE_MAZE,3802,3802,7,10,5,10,beam_2,16,0.0106679999735206,4,0.0026669999933801,True
4,LARGE_MAZE,3802,3802,7,10,5,10,beam_3,16,0.0104578000027686,4,0.0026144500006921,True
4,LARGE_MAZE,1851,1851,1,3,3,6,greedy,16,0.0121336000156588,5,0.0024267200031317,True
4,LARGE_MAZE,1851,1851,1,3,3,6,beam_2,16,0.0143311999854631,5,0.0028662399970926,True
4,LARGE_MAZE,1851,1851,1,3,3,6,beam_3,16,0.0149620000156573,5,0.0029924000031314,True
4,LARGE_MAZE,1908,1908,1,4,5,5,greedy,16,0.0421183999860659,16,0.0026323999991291,False
4,LARGE_MAZE,1908,1908,1,4,5,5,beam_2,16,0.0132175000035204,5,0.002643500000704,True
4,LARGE_MAZE,1908,1908,1,4,5,5,beam_3,16,0.0144375000381842,5,0.0028875000076368,True
4,LARGE_MAZE,1952,1952,1,5,5,4,greedy,16,0.0116961999447084,5,0.0023392399889416,True
4,LARGE_MAZE,1952,1952,1,5,5,4,beam_2,16,0.013339500001166,5,0.0026679000002332,True
4,LARGE_MAZE,1952,1952,1,5,5,4,beam_3,16,0.0183542000013403,5,0.003670840000268,True
4,LARGE_MAZE,2030,2030,1,8,3,5,greedy,16,0.0126702999696135,5,0.0025340599939227,True
4,LARGE_MAZE,2030,2030,1,8,3,5,beam_2,16,0.0134048999752849,5,0.0026809799950569,True
4,LARGE_MAZE,2030,2030,1,8,3,5,beam_3,16,0.0149119999841786,5,0.0029823999968357,True
4,LARGE_MAZE,2091,2091,1,9,5,10,greedy,16,0.0130002000369131,5,0.0026000400073826,True
4,LARGE_MAZE,2091,2091,1,9,5,10,beam_2,16,0.0144173000007867,5,0.0028834600001573,True
4,LARGE_MAZE,2091,2091,1,9,5,10,beam_3,16,0.0147404000163078,5,0.0029480800032615,True
4,LARGE_MAZE,2210,2210,2,3,3,5,greedy,16,0.0128866999875754,5,0.002577339997515,True
4,LARGE_MAZE,2210,2210,2,3,3,5,beam_2,16,0.0131492000073194,5,0.0026298400014638,True
4,LARGE_MAZE,2210,2210,2,3,3,5,beam_3,16,0.0146632999530993,5,0.0029326599906198,True
4,LARGE_MAZE,2259,2259,2,5,3,9,greedy,16,0.0127092999755404,5,0.002541859995108,True
4,LARGE_MAZE,2259,2259,2,5,3,9,beam_2,16,0.0134238000027835,5,0.0026847600005567,True
4,LARGE_MAZE,2259,2259,2,5,3,9,beam_3,16,0.015764899959322,5,0.0031529799918644,True
4,LARGE_MAZE,2308,2308,2,7,4,10,greedy,16,0.0124807000393047,5,0.0024961400078609,True
4,LARGE_MAZE,2308,2308,2,7,4,10,beam_2,16,0.0139583999989554,5,0.002791679999791,True
4,LARGE_MAZE,2308,2308,2,7,4,10,beam_3,16,0.0151720000430941,5,0.0030344000086188,True
4,LARGE_MAZE,2377,2377,3,1,1,4,greedy,16,0.0126510999980382,5,0.0025302199996076,True
4,LARGE_MAZE,2377,2377,3,1,1,4,beam_2,16,0.0131358000217005,5,0.0026271600043401,True
4,LARGE_MAZE,2377,2377,3,1,1,4,beam_3,16,0.0148472000146284,5,0.0029694400029256,True
4,LARGE_MAZE,2475,2475,3,3,2,5,greedy,16,0.0126613000174984,5,0.0025322600034996,True
4,LARGE_MAZE,2475,2475,3,3,2,5,beam_2,16,0.0133512999746017,5,0.0026702599949203,True
4,LARGE_MAZE,2475,2475,3,3,2,5,beam_3,16,0.0149224000051617,5,0.0029844800010323,True
4,LARGE_MAZE,2530,2530,3,5,3,10,greedy,16,0.0129456999711692,5,0.0025891399942338,True
4,LARGE_MAZE,2530,2530,3,5,3,10,beam_2,16,0.0157572999596595,5,0.0031514599919319,True
4,LARGE_MAZE,2530,2530,3,5,3,10,beam_3,16,0.0160308000049553,5,0.003206160000991,True
4,LARGE_MAZE,2561,2561,3,6,1,9,greedy,16,0.0177692000288516,7,0.0025384571469788,True
4,LARGE_MAZE,2561,2561,3,6,1,9,beam_2,16,0.0136754999984987,5,0.0027350999996997,True
4,LARGE_MAZE,2561,2561,3,6,1,9,beam_3,16,0.0147333000204525,5,0.0029466600040905,True
4,LARGE_MAZE,2602,2602,3,7,1,4,greedy,16,0.0127840000204741,5,0.0025568000040948,True
4,LARGE_MAZE,2602,2602,3,7,1,4,beam_2,16,0.0136723000323399,5,0.0027344600064679,True
4,LARGE_MAZE,2602,2602,3,7,1,4,beam_3,16,0.0147982999915257,5,0.0029596599983051,True
4,LARGE_MAZE,2648,2648,3,8,1,5,greedy,16,0.0124614999513141,5,0.0024922999902628,True
4,LARGE_MAZE,2648,2648,3,8,1,5,beam_2,16,0.0134859000099822,5,0.0026971800019964,True
4,LARGE_MAZE,2648,2648,3,8,1,5,beam_3,16,0.0176252999808639,5,0.0035250599961727,True
4,LARGE_MAZE,2700,2700,3,9,2,5,greedy,16,0.037224099971354,13,0.0028633923054887,True
4,LARGE_MAZE,2700,2700,3,9,2,5,beam_2,16,0.0136520999949425,5,0.0027304199989885,True
4,LARGE_MAZE,2700,2700,3,9,2,5,beam_3,16,0.0165452999644912,5,0.0033090599928982,True
4,LARGE_MAZE,2777,2777,3,10,7,9,greedy,16,0.0131331000011414,5,0.0026266200002282,True
4,LARGE_MAZE,2777,2777,3,10,7,9,beam_2,16,0.0158037000219337,5,0.0031607400043867,True
4,LARGE_MAZE,2777,2777,3,10,7,9,beam_3,16,0.0148936000186949,5,0.0029787200037389,True
4,LARGE_MAZE,2829,2829,4,5,1,7,greedy,16,0.0438296999782323,16,0.0027393562486395,False
4,LARGE_MAZE,2829,2829,4,5,1,7,beam_2,16,0.0138381000142544,5,0.0027676200028508,True
4,LARGE_MAZE,2829,2829,4,5,1,7,beam_3,16,0.0155971000203862,5,0.0031194200040772,True
4,LARGE_MAZE,2875,2875,4,10,1,8,greedy,16,0.0451697999960742,16,0.0028231124997546,False
4,LARGE_MAZE,2875,2875,4,10,1,8,beam_2,16,0.0147184999659657,5,0.0029436999931931,True
4,LARGE_MAZE,2875,2875,4,10,1,8,beam_3,16,0.0172331999638117,5,0.0034466399927623,True
4,LARGE_MAZE,2924,2924,5,1,2,3,greedy,16,0.0527768000029027,16,0.0032985500001814,False
4,LARGE_MAZE,2924,2924,5,1,2,3,beam_2,16,0.0616749000037089,16,0.0038546812502318,False
4,LARGE_MAZE,2924,2924,5,1,2,3,beam_3,16,0.0163213000050745,5,0.0032642600010149,True
4,LARGE_MAZE,2975,2975,5,2,3,3,greedy,16,0.0490514999837614,16,0.003065718748985,False
4,LARGE_MAZE,2975,2975,5,2,3,3,beam_2,16,0.0172852000105194,5,0.0034570400021038,True
4,LARGE_MAZE,2975,2975,5,2,3,3,beam_3,16,0.0162362999981269,5,0.0032472599996253,True
4,LARGE_MAZE,3015,3015,5,3,2,5,greedy,16,0.0446174000389874,16,0.0027885875024367,False
4,LARGE_MAZE,3015,3015,5,3,2,5,beam_2,16,0.0157683999859727,5,0.0031536799971945,True
4,LARGE_MAZE,3015,3015,5,3,2,5,beam_3,16,0.017076599993743,5,0.0034153199987486,True
4,LARGE_MAZE,3063,3063,5,4,3,1,greedy,16,0.0129536000313237,5,0.0025907200062647,True
4,LARGE_MAZE,3063,3063,5,4,3,1,beam_2,16,0.0335380000178702,11,0.0030489090925336,True
4,LARGE_MAZE,3063,3063,5,4,3,1,beam_3,16,0.0154826000216417,5,0.0030965200043283,True
4,LARGE_MAZE,3106,3106,5,5,2,7,greedy,16,0.0123158000060357,5,0.0024631600012071,True
4,LARGE_MAZE,3106,3106,5,5,2,7,beam_2,16,0.013838900020346,5,0.0027677800040692,True
4,LARGE_MAZE,3106,3106,5,5,2,7,beam_3,16,0.0144314999924972,5,0.0028862999984994,True
4,LARGE_MAZE,3173,3173,5,7,6,5,greedy,16,0.0129433000111021,5,0.0025886600022204,True
4,LARGE_MAZE,3173,3173,5,7,6,5,beam_2,16,0.0136183000286109,5,0.0027236600057221,True
4,LARGE_MAZE,3173,3173,5,7,6,5,beam_3,16,0.0148666000459343,5,0.0029733200091868,True
4,LARGE_MAZE,3288,3288,6,3,3,1,greedy,16,0.0437948000035248,16,0.0027371750002203,False
4,LARGE_MAZE,3288,3288,6,3,3,1,beam_2,16,0.0138490999815985,5,0.0027698199963197,True
4,LARGE_MAZE,3288,3288,6,3,3,1,beam_3,16,0.0141727000009268,5,0.0028345400001853,True
4,LARGE_MAZE,3345,3345,6,5,5,1,greedy,16,0.0120507000247016,5,0.0024101400049403,True
4,LARGE_MAZE,3345,3345,6,5,5,1,beam_2,16,0.0139756000135093,5,0.0027951200027018,True
4,LARGE_MAZE,3345,3345,6,5,5,1,beam_3,16,0.0147159999469295,5,0.0029431999893859,True
4,LARGE_MAZE,3430,3430,6,9,3,9,greedy,16,0.0127724999911151,5,0.002554499998223,True
4,LARGE_MAZE,3430,3430,6,9,3,9,beam_2,16,0.0147432999801822,5,0.0029486599960364,True
4,LARGE_MAZE,3430,3430,6,9,3,9,beam_3,16,0.0168510000221431,5,0.0033702000044286,True
4,LARGE_MAZE,3567,3567,7,3,4,1,greedy,16,0.0437165999901481,16,0.0027322874993842,False
4,LARGE_MAZE,3567,3567,7,3,4,1,beam_2,16,0.013686400023289,5,0.0027372800046578,True
4,LARGE_MAZE,3567,3567,7,3,4,1,beam_3,16,0.0140692999702878,5,0.0028138599940575,True
4,LARGE_MAZE,3616,3616,7,5,5,2,greedy,16,0.0122340000234544,5,0.0024468000046908,True
4,LARGE_MAZE,3616,3616,7,5,5,2,beam_2,16,0.0140174999833107,5,0.0028034999966621,True
4,LARGE_MAZE,3616,3616,7,5,5,2,beam_3,16,0.0148804999771527,5,0.0029760999954305,True
4,LARGE_MAZE,3708,3708,7,7,5,4,greedy,16,0.0124177999678067,5,0.0024835599935613,True
4,LARGE_MAZE,3708,3708,7,7,5,4,beam_2,16,0.014190400019288,5,0.0028380800038576,True
4,LARGE_MAZE,3708,3708,7,7,5,4,beam_3,16,0.0171365999849513,5,0.0034273199969902,True
4,LARGE_MAZE,1806,1806,1,2,3,6,greedy,16,0.0181188000133261,6,0.003019800002221,True
4,LARGE_MAZE,1806,1806,1,2,3,6,beam_2,16,0.0170022000093013,6,0.0028337000015502,True
4,LARGE_MAZE,1806,1806,1,2,3,6,beam_3,16,0.0194995999918319,6,0.0032499333319719,True
4,LARGE_MAZE,1863,1863,1,3,5,5,greedy,16,0.0159126999787986,6,0.0026521166631331,True
4,LARGE_MAZE,1863,1863,1,3,5,5,beam_2,16,0.0193577000172808,6,0.0032262833362134,True
4,LARGE_MAZE,1863,1863,1,3,5,5,beam_3,16,0.0189315000316128,6,0.0031552500052688,True
4,LARGE_MAZE,1913,1913,1,4,6,5,greedy,16,0.0148841000045649,6,0.0024806833340941,True
4,LARGE_MAZE,1913,1913,1,4,6,5,beam_2,16,0.0170506999711506,6,0.0028417833285251,True
4,LARGE_MAZE,1913,1913,1,4,6,5,beam_3,16,0.0189086999744176,6,0.0031514499957362,True
4,LARGE_MAZE,1964,1964,1,5,7,5,greedy,16,0.0440461999969556,16,0.0027528874998097,False
4,LARGE_MAZE,1964,1964,1,5,7,5,beam_2,16,0.0169114000163972,6,0.0028185666693995,True
4,LARGE_MAZE,1964,1964,1,5,7,5,beam_3,16,0.0181006000493653,6,0.0030167666748942,True
4,LARGE_MAZE,2037,2037,1,8,4,5,greedy,16,0.0151992000173777,6,0.0025332000028962,True
4,LARGE_MAZE,2037,2037,1,8,4,5,beam_2,16,0.0202815000084228,6,0.0033802500014038,True
4,LARGE_MAZE,2037,2037,1,8,4,5,beam_3,16,0.0197031000279821,6,0.0032838500046636,True
4,LARGE_MAZE,2140,2140,1,10,6,9,greedy,16,0.0460165999829769,16,0.002876037498936,False
4,LARGE_MAZE,2140,2140,1,10,6,9,beam_2,16,0.0238037999952211,8,0.0029754749994026,True
4,LARGE_MAZE,2140,2140,1,10,6,9,beam_3,16,0.0258309000055305,8,0.0032288625006913,True
4,LARGE_MAZE,2217,2217,2,3,4,5,greedy,16,0.0429350000340491,16,0.002683437502128,False
4,LARGE_MAZE,2217,2217,2,3,4,5,beam_2,16,0.0169333000085316,6,0.0028222166680886,True
4,LARGE_MAZE,2217,2217,2,3,4,5,beam_3,16,0.0226149999652989,6,0.0037691666608831,True
4,LARGE_MAZE,2260,2260,2,5,3,10,greedy,16,0.0192023000563494,6,0.0032003833427249,True
4,LARGE_MAZE,2260,2260,2,5,3,10,beam_2,16,0.0202255999902263,6,0.0033709333317043,True
4,LARGE_MAZE,2260,2260,2,5,3,10,beam_3,16,0.0228892000159248,6,0.0038148666693208,True
4,LARGE_MAZE,2312,2312,2,7,5,4,greedy,16,0.0204001999809406,6,0.0034000333301567,True
4,LARGE_MAZE,2312,2312,2,7,5,4,beam_2,16,0.0205199000192806,6,0.0034199833365467,True
4,LARGE_MAZE,2312,2312,2,7,5,4,beam_3,16,0.0224133000010624,6,0.003735550000177,True
4,LARGE_MAZE,2378,2378,3,1,1,5,greedy,16,0.0167137999669648,6,0.0027856333278274,True
4,LARGE_MAZE,2378,2378,3,1,1,5,beam_2,16,0.0181102999486029,6,0.0030183833247671,True
4,LARGE_MAZE,2378,2378,3,1,1,5,beam_3,16,0.0206007999950088,6,0.0034334666658348,True
4,LARGE_MAZE,2452,2452,3,2,6,3,greedy,16,0.0512444000341929,16,0.003202775002137,False
4,LARGE_MAZE,2452,2452,3,2,6,3,beam_2,16,0.0511910999775864,16,0.0031994437485991,False
4,LARGE_MAZE,2452,2452,3,2,6,3,beam_3,16,0.054242200043518,16,0.0033901375027198,False
4,LARGE_MAZE,2522,2522,3,5,2,10,greedy,16,0.015375800023321,6,0.0025626333372201,True
4,LARGE_MAZE,2522,2522,3,5,2,10,beam_2,16,0.020020600000862,6,0.0033367666668103,True
4,LARGE_MAZE,2522,2522,3,5,2,10,beam_3,16,0.0200720999855548,6,0.0033453499975924,True
4,LARGE_MAZE,2551,2551,3,5,7,7,greedy,16,0.0152396999765187,6,0.0025399499960864,True
4,LARGE_MAZE,2551,2551,3,5,7,7,beam_2,16,0.0172100999625399,6,0.0028683499937566,True
4,LARGE_MAZE,2551,2551,3,5,7,7,beam_3,16,0.018225000007078,6,0.0030375000011796,True
4,LARGE_MAZE,2586,2586,3,6,5,10,greedy,16,0.0162024000310339,6,0.0027004000051723,True
4,LARGE_MAZE,2586,2586,3,6,5,10,beam_2,16,0.0185658999835141,6,0.003094316663919,True
4,LARGE_MAZE,2586,2586,3,6,5,10,beam_3,16,0.0233051999821327,6,0.0038841999970221,True
4,LARGE_MAZE,2630,2630,3,7,5,9,greedy,16,0.0432998000178486,14,0.0030928428584177,True
4,LARGE_MAZE,2630,2630,3,7,5,9,beam_2,16,0.0184984999941661,6,0.003083083332361,True
4,LARGE_MAZE,2630,2630,3,7,5,9,beam_3,16,0.0198852999601513,6,0.0033142166600252,True
4,LARGE_MAZE,2680,2680,3,8,6,9,greedy,16,0.0494339999859221,16,0.0030896249991201,False
4,LARGE_MAZE,2680,2680,3,8,6,9,beam_2,16,0.0187815999961458,6,0.0031302666660243,True
4,LARGE_MAZE,2680,2680,3,8,6,9,beam_3,16,0.0193447999772615,6,0.0032241333295435,True
4,LARGE_MAZE,2757,2757,3,10,4,5,greedy,16,0.0164032999891787,6,0.0027338833315297,True
4,LARGE_MAZE,2757,2757,3,10,4,5,beam_2,16,0.0180292000295594,6,0.0030048666715932,True
4,LARGE_MAZE,2757,2757,3,10,4,5,beam_3,16,0.0196222999948076,6,0.0032703833324679,True
4,LARGE_MAZE,2817,2817,4,1,7,2,greedy,16,0.0476565000135451,16,0.0029785312508465,False
4,LARGE_MAZE,2817,2817,4,1,7,2,beam_2,16,0.0181628999998793,6,0.0030271499999798,True
4,LARGE_MAZE,2817,2817,4,1,7,2,beam_3,16,0.019256499945186,6,0.003209416657531,True
4,LARGE_MAZE,2847,2847,4,5,4,1,greedy,16,0.029347899951972,10,0.0029347899951972,True
4,LARGE_MAZE,2847,2847,4,5,4,1,beam_2,16,0.0323920999653637,10,0.0032392099965363,True
4,LARGE_MAZE,2847,2847,4,5,4,1,beam_3,16,0.0210544999572448,6,0.0035090833262074,True
4,LARGE_MAZE,2916,2916,5,1,1,3,greedy,16,0.0448533000308088,16,0.0028033312519255,False
4,LARGE_MAZE,2916,2916,5,1,1,3,beam_2,16,0.0166500000050291,6,0.0027750000008381,True
4,LARGE_MAZE,2916,2916,5,1,1,3,beam_3,16,0.0183766999980434,6,0.0030627833330072,True
4,LARGE_MAZE,2969,2969,5,2,2,3,greedy,16,0.04362500004936,16,0.002726562503085,False
4,LARGE_MAZE,2969,2969,5,2,2,3,beam_2,16,0.0296597999986261,10,0.0029659799998626,True
4,LARGE_MAZE,2969,2969,5,2,2,3,beam_3,16,0.0179402999929152,6,0.0029900499988192,True
4,LARGE_MAZE,3008,3008,5,3,1,5,greedy,16,0.0151904000085778,6,0.0025317333347629,True
4,LARGE_MAZE,3008,3008,5,3,1,5,beam_2,16,0.0179438000195659,6,0.0029906333365943,True
4,LARGE_MAZE,3008,3008,5,3,1,5,beam_3,16,0.0183588999789208,6,0.0030598166631534,True
4,LARGE_MAZE,3058,3058,5,4,2,1,greedy,16,0.0150628000264987,6,0.0025104666710831,True
4,LARGE_MAZE,3058,3058,5,4,2,1,beam_2,16,0.0175997000187635,6,0.0029332833364605,True
4,LARGE_MAZE,3058,3058,5,4,2,1,beam_3,16,0.0178645999985747,6,0.0029774333330957,True
4,LARGE_MAZE,3096,3096,5,5,1,3,greedy,16,0.014597000030335,6,0.0024328333383891,True
4,LARGE_MAZE,3096,3096,5,5,1,3,beam_2,16,0.0169903999776579,6,0.0028317333296096,True
4,LARGE_MAZE,3096,3096,5,5,1,3,beam_3,16,0.0228221000288613,6,0.0038036833381435,True
4,LARGE_MAZE,3131,3131,5,5,7,1,greedy,16,0.0535879000090062,16,0.0033492437505628,False
4,LARGE_MAZE,3131,3131,5,5,7,1,beam_2,16,0.0209231000044383,6,0.003487183334073,True
4,LARGE_MAZE,3131,3131,5,5,7,1,beam_3,16,0.0224049999960698,6,0.0037341666660116,True
4,LARGE_MAZE,3241,3241,5,10,2,7,greedy,16,0.0180259000044316,6,0.0030043166674052,True
4,LARGE_MAZE,3241,3241,5,10,2,7,beam_2,16,0.018603200034704,6,0.0031005333391173,True
4,LARGE_MAZE,3241,3241,5,10,2,7,beam_3,16,0.0219851000001654,6,0.0036641833333609,True
4,LARGE_MAZE,3292,3292,6,3,3,6,greedy,16,0.0190350000048056,6,0.0031725000008009,True
4,LARGE_MAZE,3292,3292,6,3,3,6,beam_2,16,0.0195024999557063,6,0.0032504166592843,True
4,LARGE_MAZE,3292,3292,6,3,3,6,beam_3,16,0.0189742000075057,6,0.0031623666679176,True
4,LARGE_MAZE,3342,3342,6,5,4,1,greedy,16,0.0159745999844744,6,0.0026624333307457,True
4,LARGE_MAZE,3342,3342,6,5,4,1,beam_2,16,0.0172842000029049,6,0.0028807000004841,True
4,LARGE_MAZE,3342,3342,6,5,4,1,beam_3,16,0.0179340000031515,6,0.0029890000005252,True
4,LARGE_MAZE,3429,3429,6,9,3,8,greedy,16,0.0158097999519668,6,0.0026349666586611,True
4,LARGE_MAZE,3429,3429,6,9,3,8,beam_2,16,0.0176885999972,6,0.0029480999995333,True
4,LARGE_MAZE,3429,3429,6,9,3,8,beam_3,16,0.0217536000418476,6,0.0036256000069746,True
4,LARGE_MAZE,3534,3534,7,2,6,5,greedy,16,0.0159120000316761,6,0.0026520000052793,True
4,LARGE_MAZE,3534,3534,7,2,6,5,beam_2,16,0.0169603999820537,6,0.0028267333303422,True
4,LARGE_MAZE,3534,3534,7,2,6,5,beam_3,16,0.0182979999808594,6,0.0030496666634765,True
4,LARGE_MAZE,3608,3608,7,5,3,7,greedy,16,0.017203299968969,6,0.0028672166614948,True
4,LARGE_MAZE,3608,3608,7,5,3,7,beam_2,16,0.0178849000367335,6,0.0029808166727889,True
4,LARGE_MAZE,3608,3608,7,5,3,7,beam_3,16,0.0197528999997302,6,0.003292149999955,True
4,LARGE_MAZE,3661,3661,7,6,5,2,greedy,16,0.0152984000160358,6,0.0025497333360059,True
4,LARGE_MAZE,3661,3661,7,6,5,2,beam_2,16,0.0176070000161416,6,0.0029345000026902,True
4,LARGE_MAZE,3661,3661,7,6,5,2,beam_3,16,0.018856200040318,6,0.0031427000067196,True
4,LARGE_MAZE,3745,3745,7,9,3,9,greedy,16,0.0151363000040873,6,0.0025227166673478,True
4,LARGE_MAZE,3745,3745,7,9,3,9,beam_2,16,0.0170202999725006,6,0.0028367166620834,True
4,LARGE_MAZE,3745,3745,7,9,3,9,beam_3,16,0.0176754999556578,6,0.0029459166592763,True
4,LARGE_MAZE,1777,1777,1,1,6,3,greedy,16,0.0439679999835789,16,0.0027479999989736,False
4,LARGE_MAZE,1777,1777,1,1,6,3,beam_2,16,0.0326133999624289,11,0.0029648545420389,True
4,LARGE_MAZE,1777,1777,1,1,6,3,beam_3,16,0.0516567999729886,16,0.0032285499983117,False
4,LARGE_MAZE,1853,1853,1,3,3,8,greedy,16,0.017621400009375,7,0.0025173428584821,True
4,LARGE_MAZE,1853,1853,1,3,3,8,beam_2,16,0.022572299989406,7,0.0032246142842008,True
4,LARGE_MAZE,1853,1853,1,3,3,8,beam_3,16,0.021965799969621,7,0.0031379714242315,True
4,LARGE_MAZE,1899,1899,1,4,3,9,greedy,16,0.0174488999764435,7,0.0024926999966347,True
4,LARGE_MAZE,1899,1899,1,4,3,9,beam_2,16,0.0208388000028207,7,0.0029769714289743,True
4,LARGE_MAZE,1899,1899,1,4,3,9,beam_3,16,0.0222606000024825,7,0.0031800857146403,True
4,LARGE_MAZE,1945,1945,1,5,3,10,greedy,16,0.0192712999996729,7,0.0027530428570961,True
4,LARGE_MAZE,1945,1945,1,5,3,10,beam_2,16,0.0231013000011444,7,0.0033001857144492,True
4,LARGE_MAZE,1945,1945,1,5,3,10,beam_3,16,0.0228432000149041,7,0.0032633142878434,True
4,LARGE_MAZE,1972,1972,1,7,1,4,greedy,16,0.0203052999568171,7,0.0029007571366881,True
4,LARGE_MAZE,1972,1972,1,7,1,4,beam_2,16,0.0223752000019885,7,0.0031964571431412,True
4,LARGE_MAZE,1972,1972,1,7,1,4,beam_3,16,0.0227756000240333,7,0.0032536571462904,True
4,LARGE_MAZE,2043,2043,1,8,5,5,greedy,16,0.0178955000010319,7,0.0025565000001474,True
4,LARGE_MAZE,2043,2043,1,8,5,5,beam_2,16,0.0215871999971568,7,0.0030838857138795,True
4,LARGE_MAZE,2043,2043,1,8,5,5,beam_3,16,0.0217537999851629,7,0.0031076857121661,True
4,LARGE_MAZE,2120,2120,1,10,3,5,greedy,16,0.0202286000130698,7,0.0028898000018671,True
4,LARGE_MAZE,2120,2120,1,10,3,5,beam_2,16,0.0203660000115633,7,0.0029094285730804,True
4,LARGE_MAZE,2120,2120,1,10,3,5,beam_3,16,0.0216720000025816,7,0.0030960000003688,True
4,LARGE_MAZE,2212,2212,2,3,3,7,greedy,16,0.017835600010585,7,0.002547942858655,True
4,LARGE_MAZE,2212,2212,2,3,3,7,beam_2,16,0.0199992000125348,7,0.0028570285732192,True
4,LARGE_MAZE,2212,2212,2,3,3,7,beam_3,16,0.0220546000055037,7,0.0031506571436433,True
4,LARGE_MAZE,2252,2252,2,5,3,1,greedy,16,0.0236539000179618,9,0.0026282111131068,True
4,LARGE_MAZE,2252,2252,2,5,3,1,beam_2,16,0.0202374000218696,7,0.0028910571459813,True
4,LARGE_MAZE,2252,2252,2,5,3,1,beam_3,16,0.0241323999944143,7,0.0034474857134877,True
4,LARGE_MAZE,2286,2286,2,7,1,3,greedy,16,0.0469302000128664,15,0.0031286800008577,True
4,LARGE_MAZE,2286,2286,2,7,1,3,beam_2,16,0.0241650000098161,7,0.0034521428585451,True
4,LARGE_MAZE,2286,2286,2,7,1,3,beam_3,16,0.0249251000350341,7,0.0035607285764334,True
4,LARGE_MAZE,2352,2352,2,10,4,5,greedy,16,0.0219721999601461,7,0.0031388857085923,True
4,LARGE_MAZE,2352,2352,2,10,4,5,beam_2,16,0.0258831999963149,7,0.0036975999994735,True
4,LARGE_MAZE,2352,2352,2,10,4,5,beam_3,16,0.0291116999578662,7,0.0041588142796951,True
4,LARGE_MAZE,2412,2412,3,1,7,2,greedy,16,0.020574799971655,7,0.0029392571388078,True
4,LARGE_MAZE,2412,2412,3,1,7,2,beam_2,16,0.0283017000183463,7,0.0040431000026209,True
4,LARGE_MAZE,2412,2412,3,1,7,2,beam_3,16,0.0272728000418283,7,0.0038961142916897,True
4,LARGE_MAZE,2487,2487,3,3,4,5,greedy,16,0.0461960000102408,16,0.00288725000064,False
4,LARGE_MAZE,2487,2487,3,3,4,5,beam_2,16,0.0513411000138148,16,0.0032088187508634,False
4,LARGE_MAZE,2487,2487,3,3,4,5,beam_3,16,0.0233260000240989,7,0.0033322857177284,True
4,LARGE_MAZE,2524,2524,3,5,3,2,greedy,16,0.0437547999899834,16,0.0027346749993739,False
4,LARGE_MAZE,2524,2524,3,5,3,2,beam_2,16,0.0207471000030636,7,0.002963871429009,True
4,LARGE_MAZE,2524,2524,3,5,3,2,beam_3,16,0.0214488999918103,7,0.0030641285702586,True
4,LARGE_MAZE,2554,2554,3,6,1,1,greedy,16,0.0179116000072099,7,0.0025588000010299,True
4,LARGE_MAZE,2554,2554,3,6,1,1,beam_2,16,0.0198893999913707,7,0.0028413428559101,True
4,LARGE_MAZE,2554,2554,3,6,1,1,beam_3,16,0.0213144000153988,7,0.0030449142879141,True
4,LARGE_MAZE,2596,2596,3,6,7,7,greedy,16,0.0440316000021994,16,0.0027519750001374,False
4,LARGE_MAZE,2596,2596,3,6,7,7,beam_2,16,0.0194394999998621,7,0.0027770714285517,True
4,LARGE_MAZE,2596,2596,3,6,7,7,beam_3,16,0.021169000014197,7,0.003024142859171,True
4,LARGE_MAZE,2635,2635,3,7,6,9,greedy,16,0.0431574000394903,16,0.0026973375024681,False
4,LARGE_MAZE,2635,2635,3,7,6,9,beam_2,16,0.0208082000026479,7,0.0029726000003782,True
4,LARGE_MAZE,2635,2635,3,7,6,9,beam_3,16,0.021525299991481,7,0.0030750428559258,True
4,LARGE_MAZE,2687,2687,3,8,7,9,greedy,16,0.0176967000006698,7,0.0025281000000956,True
4,LARGE_MAZE,2687,2687,3,8,7,9,beam_2,16,0.0198001000098884,7,0.0028285857156983,True
4,LARGE_MAZE,2687,2687,3,8,7,9,beam_3,16,0.0217552999965846,7,0.003107899999512,True
4,LARGE_MAZE,2738,2738,3,10,1,5,greedy,16,0.0345290999975986,13,0.0026560846151998,True
4,LARGE_MAZE,2738,2738,3,10,1,5,beam_2,16,0.0212040999904274,7,0.0030291571414896,True
4,LARGE_MAZE,2738,2738,3,10,1,5,beam_3,16,0.021204300050158,7,0.0030291857214511,True
4,LARGE_MAZE,2819,2819,4,1,7,5,greedy,16,0.017628000001423,7,0.002518285714489,True
4,LARGE_MAZE,2819,2819,4,1,7,5,beam_2,16,0.0194579000235535,7,0.0027797000033647,True
4,LARGE_MAZE,2819,2819,4,1,7,5,beam_3,16,0.0209354999824427,7,0.0029907857117775,True
4,LARGE_MAZE,2840,2840,4,5,3,3,greedy,16,0.0175350000499747,7,0.0025050000071392,True
4,LARGE_MAZE,2840,2840,4,5,3,3,beam_2,16,0.0204704999923706,7,0.0029243571417672,True
4,LARGE_MAZE,2840,2840,4,5,3,3,beam_3,16,0.0216130000189878,7,0.0030875714312839,True
4,LARGE_MAZE,2893,2893,4,10,4,5,greedy,16,0.0177382999681867,7,0.0025340428525981,True
4,LARGE_MAZE,2893,2893,4,10,4,5,beam_2,16,0.0206038999604061,7,0.002943414280058,True
4,LARGE_MAZE,2893,2893,4,10,4,5,beam_3,16,0.0250269999960437,7,0.0035752857137205,True
4,LARGE_MAZE,2961,2961,5,2,1,3,greedy,16,0.0233208999852649,9,0.0025912111094738,True
4,LARGE_MAZE,2961,2961,5,2,1,3,beam_2,16,0.0272879000403918,9,0.0030319888933768,True
4,LARGE_MAZE,2961,2961,5,2,1,3,beam_3,16,0.0219283000333234,7,0.0031326142904747,True
4,LARGE_MAZE,3007,3007,5,3,1,4,greedy,16,0.0454040999757126,16,0.002837756248482,False
4,LARGE_MAZE,3007,3007,5,3,1,4,beam_2,16,0.0205819000257179,7,0.0029402714322454,True
4,LARGE_MAZE,3007,3007,5,3,1,4,beam_3,16,0.0255658000241965,7,0.0036522571463137,True
4,LARGE_MAZE,3049,3049,5,4,1,1,greedy,16,0.0191945999977178,7,0.0027420857139596,True
4,LARGE_MAZE,3049,3049,5,4,1,1,beam_2,16,0.0279301000409759,9,0.0031033444489973,True
4,LARGE_MAZE,3049,3049,5,4,1,1,beam_3,16,0.023746500024572,7,0.0033923571463674,True
4,LARGE_MAZE,3079,3079,5,4,5,7,greedy,16,0.0471836000215262,16,0.0029489750013453,False
4,LARGE_MAZE,3079,3079,5,4,5,7,beam_2,16,0.0209805999766103,7,0.0029972285680871,True
4,LARGE_MAZE,3079,3079,5,4,5,7,beam_3,16,0.0218952999566681,7,0.0031278999938097,True
4,LARGE_MAZE,3109,3109,5,5,3,2,greedy,16,0.0446036999928765,16,0.0027877312495547,False
4,LARGE_MAZE,3109,3109,5,5,3,2,beam_2,16,0.0505389000172726,16,0.0031586812510795,False
4,LARGE_MAZE,3109,3109,5,5,3,2,beam_3,16,0.0221483000204898,7,0.0031640428600699,True
4,LARGE_MAZE,3196,3196,5,9,2,7,greedy,16,0.0198008000152185,7,0.0028286857164597,True
4,LARGE_MAZE,3196,3196,5,9,2,7,beam_2,16,0.0227767000324092,7,0.0032538142903441,True
4,LARGE_MAZE,3196,3196,5,9,2,7,beam_3,16,0.0225488999858498,7,0.0032212714265499,True
4,LARGE_MAZE,3278,3278,6,3,1,5,greedy,16,0.0472654000041075,16,0.0029540875002567,False
4,LARGE_MAZE,3278,3278,6,3,1,5,beam_2,16,0.0223853000206872,7,0.0031979000029553,True
4,LARGE_MAZE,3278,3278,6,3,1,5,beam_3,16,0.0251397999818436,7,0.0035913999974062,True
4,LARGE_MAZE,3324,3324,6,5,1,7,greedy,16,0.0630458000232465,16,0.0039403625014529,False
4,LARGE_MAZE,3324,3324,6,5,1,7,beam_2,16,0.0229437999660149,7,0.0032776857094307,True
4,LARGE_MAZE,3324,3324,6,5,1,7,beam_3,16,0.0224338000407442,7,0.0032048285772491,True
4,LARGE_MAZE,3392,3392,6,7,5,3,greedy,16,0.0197321000159718,7,0.0028188714308531,True
4,LARGE_MAZE,3392,3392,6,7,5,3,beam_2,16,0.023282799986191,7,0.0033261142837415,True
4,LARGE_MAZE,3392,3392,6,7,5,3,beam_3,16,0.0292547999997623,7,0.0041792571428231,True
4,LARGE_MAZE,3489,3489,7,1,6,5,greedy,16,0.0188687000190839,7,0.0026955285741548,True
4,LARGE_MAZE,3489,3489,7,1,6,5,beam_2,16,0.0218268000171519,7,0.0031181142881645,True
4,LARGE_MAZE,3489,3489,7,1,6,5,beam_3,16,0.0240053000161424,7,0.0034293285737346,True
4,LARGE_MAZE,3555,3555,7,3,2,5,greedy,16,0.0474401999963447,16,0.0029650124997715,False
4,LARGE_MAZE,3555,3555,7,3,2,5,beam_2,16,0.0220852000056765,7,0.0031550285722395,True
4,LARGE_MAZE,3555,3555,7,3,2,5,beam_3,16,0.0225632000365294,7,0.0032233142909327,True
4,LARGE_MAZE,3601,3601,7,5,2,7,greedy,16,0.0184198999777436,7,0.0026314142825348,True
4,LARGE_MAZE,3601,3601,7,5,2,7,beam_2,16,0.0206236999947577,7,0.0029462428563939,True
4,LARGE_MAZE,3601,3601,7,5,2,7,beam_3,16,0.0265457999776117,7,0.0037922571396588,True
4,LARGE_MAZE,3653,3653,7,6,3,7,greedy,16,0.0195761999930255,7,0.0027965999990036,True
4,LARGE_MAZE,3653,3653,7,6,3,7,beam_2,16,0.022788300004322,7,0.0032554714291888,True
4,LARGE_MAZE,3653,3653,7,6,3,7,beam_3,16,0.0228585000149905,7,0.0032655000021415,True
4,LARGE_MAZE,3706,3706,7,7,5,2,greedy,16,0.0464754999848082,16,0.0029047187490505,False
4,LARGE_MAZE,3706,3706,7,7,5,2,beam_2,16,0.0236337999813258,7,0.0033762571401894,True
4,LARGE_MAZE,3706,3706,7,7,5,2,beam_3,16,0.023665000044275,7,0.0033807142920392,True
4,LARGE_MAZE,3790,3790,7,10,3,9,greedy,16,0.017972000001464,7,0.0025674285716377,True
4,LARGE_MAZE,3790,3790,7,10,3,9,beam_2,16,0.0220806000288575,7,0.0031543714326939,True
4,LARGE_MAZE,3790,3790,7,10,3,9,beam_3,16,0.0232330000144429,7,0.0033190000020632,True
4,LARGE_MAZE,1808,1808,1,2,3,8,greedy,18,0.0207576000248081,8,0.002594700003101,True
4,LARGE_MAZE,1808,1808,1,2,3,8,beam_2,18,0.024927899998147,8,0.0031159874997683,True
4,LARGE_MAZE,1808,1808,1,2,3,8,beam_3,18,0.0252732000080868,8,0.0031591500010108,True
4,LARGE_MAZE,1854,1854,1,3,3,9,greedy,18,0.0226445999578572,8,0.0028305749947321,True
4,LARGE_MAZE,1854,1854,1,3,3,9,beam_2,18,0.0232634999556466,8,0.0029079374944558,True
4,LARGE_MAZE,1854,1854,1,3,3,9,beam_3,18,0.0238950999919325,8,0.0029868874989915,True
4,LARGE_MAZE,1905,1905,1,4,5,2,greedy,18,0.0207730999682098,8,0.0025966374960262,True
4,LARGE_MAZE,1905,1905,1,4,5,2,beam_2,18,0.0235700999619439,8,0.0029462624952429,True
4,LARGE_MAZE,1905,1905,1,4,5,2,beam_3,18,0.0241385999834164,8,0.003017324997927,True
4,LARGE_MAZE,1948,1948,1,5,4,10,greedy,18,0.0195492000202648,8,0.0024436500025331,True
4,LARGE_MAZE,1948,1948,1,5,4,10,beam_2,18,0.023097300028894,8,0.0028871625036117,True
4,LARGE_MAZE,1948,1948,1,5,4,10,beam_3,18,0.0249471999704837,8,0.0031183999963104,True
4,LARGE_MAZE,1996,1996,1,7,5,3,greedy,18,0.0230865000048652,8,0.0028858125006081,True
4,LARGE_MAZE,1996,1996,1,7,5,3,beam_2,18,0.0304128999705426,8,0.0038016124963178,True
4,LARGE_MAZE,1996,1996,1,7,5,3,beam_3,18,0.0326022999943234,8,0.0040752874992904,True
4,LARGE_MAZE,2048,2048,1,8,6,5,greedy,18,0.0709283999749459,18,0.0039404666652747,False
4,LARGE_MAZE,2048,2048,1,8,6,5,beam_2,18,0.0326854999875649,8,0.0040856874984456,True
4,LARGE_MAZE,2048,2048,1,8,6,5,beam_3,18,0.0331024000188335,8,0.0041378000023541,True
4,LARGE_MAZE,2114,2114,1,10,2,5,greedy,18,0.0289788999943994,8,0.0036223624992999,True
4,LARGE_MAZE,2114,2114,1,10,2,5,beam_2,18,0.035187599947676,8,0.0043984499934595,True
4,LARGE_MAZE,2114,2114,1,10,2,5,beam_3,18,0.0298011999693699,8,0.0037251499961712,True
4,LARGE_MAZE,2183,2183,2,1,6,5,greedy,18,0.0237692999653518,8,0.0029711624956689,True
4,LARGE_MAZE,2183,2183,2,1,6,5,beam_2,18,0.0275092999800108,8,0.0034386624975013,True
4,LARGE_MAZE,2183,2183,2,1,6,5,beam_3,18,0.0286822999478317,8,0.0035852874934789,True
4,LARGE_MAZE,2227,2227,2,3,6,3,greedy,18,0.0557997000287286,18,0.0030999833349293,False
4,LARGE_MAZE,2227,2227,2,3,6,3,beam_2,18,0.0344869999680668,10,0.0034486999968066,True
4,LARGE_MAZE,2227,2227,2,3,6,3,beam_3,18,0.0345454999478533,10,0.0034545499947853,True
4,LARGE_MAZE,2274,2274,2,5,6,7,greedy,18,0.0238310999702662,8,0.0029788874962832,True
4,LARGE_MAZE,2274,2274,2,5,6,7,beam_2,18,0.0265439000213518,8,0.0033179875026689,True
4,LARGE_MAZE,2274,2274,2,5,6,7,beam_3,18,0.0275381000246852,8,0.0034422625030856,True
4,LARGE_MAZE,2317,2317,2,7,6,3,greedy,18,0.0263634999864734,8,0.0032954374983091,True
4,LARGE_MAZE,2317,2317,2,7,6,3,beam_2,18,0.0345310000120662,8,0.0043163750015082,True
4,LARGE_MAZE,2317,2317,2,7,6,3,beam_3,18,0.0296898999949917,8,0.0037112374993739,True
4,LARGE_MAZE,2390,2390,3,1,3,5,greedy,18,0.0229229999822564,8,0.002865374997782,True
4,LARGE_MAZE,2390,2390,3,1,3,5,beam_2,18,0.0262041999958455,8,0.0032755249994806,True
4,LARGE_MAZE,2390,2390,3,1,3,5,beam_3,18,0.0272349999868311,8,0.0034043749983538,True
4,LARGE_MAZE,2453,2453,3,2,6,5,greedy,18,0.0533611999708227,18,0.0029645111094901,False
4,LARGE_MAZE,2453,2453,3,2,6,5,beam_2,18,0.0319390000076964,10,0.0031939000007696,True
4,LARGE_MAZE,2453,2453,3,2,6,5,beam_3,18,0.0276412999955937,8,0.0034551624994492,True
4,LARGE_MAZE,2523,2523,3,5,3,1,greedy,18,0.021833200007677,8,0.0027291500009596,True
4,LARGE_MAZE,2523,2523,3,5,3,1,beam_2,18,0.0247897999943234,8,0.0030987249992904,True
4,LARGE_MAZE,2523,2523,3,5,3,1,beam_3,18,0.0255747999763116,8,0.0031968499970389,True
4,LARGE_MAZE,2569,2569,3,6,3,2,greedy,18,0.0511170999961905,18,0.0028398388886772,False
4,LARGE_MAZE,2569,2569,3,6,3,2,beam_2,18,0.0239335999940522,8,0.0029916999992565,True
4,LARGE_MAZE,2569,2569,3,6,3,2,beam_3,18,0.0248367000021971,8,0.0031045875002746,True
4,LARGE_MAZE,2599,2599,3,7,1,1,greedy,18,0.0225045999977737,8,0.0028130749997217,True
4,LARGE_MAZE,2599,2599,3,7,1,1,beam_2,18,0.0234018000192008,8,0.0029252250024001,True
4,LARGE_MAZE,2599,2599,3,7,1,1,beam_3,18,0.0257327000144869,8,0.0032165875018108,True
4,LARGE_MAZE,2642,2642,3,7,7,9,greedy,18,0.0467327999649569,16,0.0029207999978098,True
4,LARGE_MAZE,2642,2642,3,7,7,9,beam_2,18,0.026221300009638,8,0.0032776625012047,True
4,LARGE_MAZE,2642,2642,3,7,7,9,beam_3,18,0.0288988000247627,8,0.0036123500030953,True
4,LARGE_MAZE,2685,2685,3,8,7,6,greedy,18,0.0734574999660253,18,0.0040809722203347,False
4,LARGE_MAZE,2685,2685,3,8,7,6,beam_2,18,0.0335892000002786,8,0.0041986500000348,True
4,LARGE_MAZE,2685,2685,3,8,7,6,beam_3,18,0.0319147999980486,8,0.003989349999756,True
4,LARGE_MAZE,2737,2737,3,10,1,4,greedy,18,0.0743471999885514,8,0.0092933999985689,True
4,LARGE_MAZE,2737,2737,3,10,1,4,beam_2,18,0.0300256999908015,8,0.0037532124988501,True
4,LARGE_MAZE,2737,2737,3,10,1,4,beam_3,18,0.0350588000146672,8,0.0043823500018334,True
4,LARGE_MAZE,2820,2820,4,1,7,6,greedy,18,0.0237950999871827,8,0.0029743874983978,True
4,LARGE_MAZE,2820,2820,4,1,7,6,beam_2,18,0.0277899000211618,8,0.0034737375026452,True
4,LARGE_MAZE,2820,2820,4,1,7,6,beam_3,18,0.0305188000202178,8,0.0038148500025272,True
4,LARGE_MAZE,2873,2873,4,10,1,5,greedy,18,0.0376247999956831,12,0.0031353999996402,True
4,LARGE_MAZE,2873,2873,4,10,1,5,beam_2,18,0.0323232000228017,8,0.0040404000028502,True
4,LARGE_MAZE,2873,2873,4,10,1,5,beam_3,18,0.0312923999736085,8,0.003911549996701,True
4,LARGE_MAZE,2962,2962,5,2,1,4,greedy,18,0.0581725999945774,18,0.0032318111108098,False
4,LARGE_MAZE,2962,2962,5,2,1,4,beam_2,18,0.0261315000243484,8,0.0032664375030435,True
4,LARGE_MAZE,2962,2962,5,2,1,4,beam_3,18,0.0272025999729521,8,0.003400324996619,True
4,LARGE_MAZE,3009,3009,5,3,1,7,greedy,18,0.0220930000068619,8,0.0027616250008577,True
4,LARGE_MAZE,3009,3009,5,3,1,7,beam_2,18,0.0253063000272959,8,0.0031632875034119,True
4,LARGE_MAZE,3009,3009,5,3,1,7,beam_3,18,0.0262706999783404,8,0.0032838374972925,True
4,LARGE_MAZE,3059,3059,5,4,2,3,greedy,18,0.0536580000189133,18,0.0029810000010507,False
4,LARGE_MAZE,3059,3059,5,4,2,3,beam_2,18,0.024614899943117,8,0.0030768624928896,True
4,LARGE_MAZE,3059,3059,5,4,2,3,beam_3,18,0.0263162999763153,8,0.0032895374970394,True
4,LARGE_MAZE,3110,3110,5,5,3,3,greedy,18,0.0216803000075742,8,0.0027100375009467,True
4,LARGE_MAZE,3110,3110,5,5,3,3,beam_2,18,0.0246861999621614,8,0.0030857749952701,True
4,LARGE_MAZE,3110,3110,5,5,3,3,beam_3,18,0.0289546999847516,8,0.0036193374980939,True
4,LARGE_MAZE,3201,3201,5,9,3,5,greedy,18,0.0291334000066854,8,0.0036416750008356,True
4,LARGE_MAZE,3201,3201,5,9,3,5,beam_2,18,0.0327071999781765,8,0.004088399997272,True
4,LARGE_MAZE,3201,3201,5,9,3,5,beam_3,18,0.0352310000453144,8,0.0044038750056643,True
4,LARGE_MAZE,3284,3284,6,3,2,3,greedy,18,0.0693612999748438,18,0.0038534055541579,False
4,LARGE_MAZE,3284,3284,6,3,2,3,beam_2,18,0.0392414999660104,10,0.003924149996601,True
4,LARGE_MAZE,3284,3284,6,3,2,3,beam_3,18,0.0424346000072546,10,0.0042434600007254,True
4,LARGE_MAZE,3325,3325,6,5,1,8,greedy,18,0.0293437000364065,8,0.0036679625045508,True
4,LARGE_MAZE,3325,3325,6,5,1,8,beam_2,18,0.0299162999726831,8,0.0037395374965853,True
4,LARGE_MAZE,3325,3325,6,5,1,8,beam_3,18,0.0277859000489115,8,0.0034732375061139,True
4,LARGE_MAZE,3375,3375,6,7,2,5,greedy,18,0.0569558000424876,18,0.0031642111134715,False
4,LARGE_MAZE,3375,3375,6,7,2,5,beam_2,18,0.0255651000188663,8,0.0031956375023582,True
4,LARGE_MAZE,3375,3375,6,7,2,5,beam_3,18,0.0311538000241853,8,0.0038942250030231,True
4,LARGE_MAZE,3421,3421,6,9,2,7,greedy,18,0.0605058000073768,18,0.0033614333337431,False
4,LARGE_MAZE,3421,3421,6,9,2,7,beam_2,18,0.0356215000501833,8,0.0044526875062729,True
4,LARGE_MAZE,3421,3421,6,9,2,7,beam_3,18,0.0371700999676249,8,0.0046462624959531,True
4,LARGE_MAZE,3508,3508,7,2,2,1,greedy,18,0.0267716999514959,8,0.0033464624939369,True
4,LARGE_MAZE,3508,3508,7,2,2,1,beam_2,18,0.0354380999924615,8,0.0044297624990576,True
4,LARGE_MAZE,3508,3508,7,2,2,1,beam_3,18,0.0362381999730132,8,0.0045297749966266,True
4,LARGE_MAZE,3544,3544,7,3,1,1,greedy,18,0.028446200012695,8,0.0035557750015868,True
4,LARGE_MAZE,3544,3544,7,3,1,1,beam_2,18,0.0277639999985694,8,0.0034704999998211,True
4,LARGE_MAZE,3544,3544,7,3,1,1,beam_3,18,0.030568599991966,8,0.0038210749989957,True
4,LARGE_MAZE,3591,3591,7,5,1,3,greedy,18,0.0244031999609433,8,0.0030503999951179,True
4,LARGE_MAZE,3591,3591,7,5,1,3,beam_2,18,0.0273815999971702,8,0.0034226999996462,True
4,LARGE_MAZE,3591,3591,7,5,1,3,beam_3,18,0.0293717999593354,8,0.0036714749949169,True
4,LARGE_MAZE,3637,3637,7,6,1,4,greedy,18,0.0567799999844282,18,0.0031544444435793,False
4,LARGE_MAZE,3637,3637,7,6,1,4,beam_2,18,0.0267345000174827,8,0.0033418125021853,True
4,LARGE_MAZE,3637,3637,7,6,1,4,beam_3,18,0.0284318999620154,8,0.0035539874952519,True
4,LARGE_MAZE,3683,3683,7,7,1,5,greedy,18,0.0550268000224605,18,0.0030570444456922,False
4,LARGE_MAZE,3683,3683,7,7,1,5,beam_2,18,0.0260155000141821,8,0.0032519375017727,True
4,LARGE_MAZE,3683,3683,7,7,1,5,beam_3,18,0.0286264000460505,8,0.0035783000057563,True
4,LARGE_MAZE,3743,3743,7,9,3,7,greedy,18,0.0274949999875389,8,0.0034368749984423,True
4,LARGE_MAZE,3743,3743,7,9,3,7,beam_2,18,0.0298282000003382,8,0.0037285250000422,True
4,LARGE_MAZE,3743,3743,7,9,3,7,beam_3,18,0.0345714999712072,8,0.0043214374964009,True
4,LARGE_MAZE,1778,1778,1,1,6,5,greedy,20,0.033786499989219,9,0.0037540555543576,True
4,LARGE_MAZE,1778,1778,1,1,6,5,beam_2,20,0.0375715999980457,9,0.004174622222005,True
4,LARGE_MAZE,1778,1778,1,1,6,5,beam_3,20,0.0351967000169679,9,0.0039107444463297,True
4,LARGE_MAZE,1829,1829,1,2,7,5,greedy,20,0.0329204999725334,9,0.0036578333302814,True
4,LARGE_MAZE,1829,1829,1,2,7,5,beam_2,20,0.0304621999966911,9,0.0033846888885212,True
4,LARGE_MAZE,1829,1829,1,2,7,5,beam_3,20,0.0328651999589055,9,0.0036516888843228,True
4,LARGE_MAZE,1885,1885,1,4,1,9,greedy,20,0.0277691999799571,9,0.0030854666644396,True
4,LARGE_MAZE,1885,1885,1,4,1,9,beam_2,20,0.0292865000083111,9,0.003254055556479,True
4,LARGE_MAZE,1885,1885,1,4,1,9,beam_3,20,0.0332004000083543,9,0.0036889333342615,True
4,LARGE_MAZE,1931,1931,1,5,1,10,greedy,20,0.0249133000033907,9,0.0027681444448211,True
4,LARGE_MAZE,1931,1931,1,5,1,10,beam_2,20,0.0303872000076808,9,0.0033763555564089,True
4,LARGE_MAZE,1931,1931,1,5,1,10,beam_3,20,0.0340612000436522,9,0.003784577782628,True
4,LARGE_MAZE,1978,1978,1,7,2,3,greedy,20,0.0299941999837756,9,0.0033326888870861,True
4,LARGE_MAZE,1978,1978,1,7,2,3,beam_2,20,0.0328416000120341,9,0.0036490666680037,True
4,LARGE_MAZE,1978,1978,1,7,2,3,beam_3,20,0.0323782000341452,9,0.0035975777815716,True
4,LARGE_MAZE,2016,2016,1,8,1,3,greedy,20,0.0276380000286735,9,0.0030708888920748,True
4,LARGE_MAZE,2016,2016,1,8,1,3,beam_2,20,0.0355466000037267,9,0.0039496222226363,True
4,LARGE_MAZE,2016,2016,1,8,1,3,beam_3,20,0.0389412999502383,9,0.004326811105582,True
4,LARGE_MAZE,2087,2087,1,9,5,4,greedy,20,0.0688053999911062,19,0.0036213368416371,False
4,LARGE_MAZE,2087,2087,1,9,5,4,beam_2,20,0.0382935999659821,9,0.0042548444406646,True
4,LARGE_MAZE,2087,2087,1,9,5,4,beam_3,20,0.0367329000146128,9,0.0040814333349569,True
4,LARGE_MAZE,2167,2167,2,1,3,7,greedy,20,0.0404884000308811,11,0.003680763639171,True
4,LARGE_MAZE,2167,2167,2,1,3,7,beam_2,20,0.0379687000531703,9,0.0042187444503522,True
4,LARGE_MAZE,2167,2167,2,1,3,7,beam_3,20,0.0376179000013507,9,0.0041797666668167,True
4,LARGE_MAZE,2233,2233,2,3,7,3,greedy,20,0.0305659999721683,9,0.0033962222191298,True
4,LARGE_MAZE,2233,2233,2,3,7,3,beam_2,20,0.0299816000042483,9,0.0033312888893609,True
4,LARGE_MAZE,2233,2233,2,3,7,3,beam_3,20,0.0328996999887749,9,0.0036555222209749,True
4,LARGE_MAZE,2284,2284,2,7,1,1,greedy,20,0.0274519000086002,9,0.0030502111120666,True
4,LARGE_MAZE,2284,2284,2,7,1,1,beam_2,20,0.0308357999892905,9,0.00342619999881,True
4,LARGE_MAZE,2284,2284,2,7,1,1,beam_3,20,0.0305952999624423,9,0.0033994777736047,True
4,LARGE_MAZE,2327,2327,2,7,7,9,greedy,20,0.0258054999867454,9,0.002867277776305,True
4,LARGE_MAZE,2327,2327,2,7,7,9,beam_2,20,0.0292832999839447,9,0.003253699998216,True
4,LARGE_MAZE,2327,2327,2,7,7,9,beam_3,20,0.0309122999897226,9,0.003434699998858,True
4,LARGE_MAZE,2415,2415,3,1,7,6,greedy,20,0.0587416000198572,19,0.0030916631589398,False
4,LARGE_MAZE,2415,2415,3,1,7,6,beam_2,20,0.0466569999698549,13,0.0035889999976811,True
4,LARGE_MAZE,2415,2415,3,1,7,6,beam_3,20,0.0396346000488847,9,0.004403844449876,True
4,LARGE_MAZE,2483,2483,3,3,3,8,greedy,20,0.0871033000294119,19,0.0045843842120743,False
4,LARGE_MAZE,2483,2483,3,3,3,8,beam_2,20,0.0443386000115424,9,0.0049265111123936,True
4,LARGE_MAZE,2483,2483,3,3,3,8,beam_3,20,0.0526060999836772,9,0.0058451222204085,True
4,LARGE_MAZE,2584,2584,3,6,5,7,greedy,20,0.0306311000022105,9,0.0034034555558011,True
4,LARGE_MAZE,2584,2584,3,6,5,7,beam_2,20,0.0363794000004418,9,0.0040421555556046,True
4,LARGE_MAZE,2584,2584,3,6,5,7,beam_3,20,0.0358710999717004,9,0.0039856777746333,True
4,LARGE_MAZE,2621,2621,3,7,4,1,greedy,20,0.0273909000097773,9,0.0030434333344197,True
4,LARGE_MAZE,2621,2621,3,7,4,1,beam_2,20,0.0310842999606393,9,0.0034538111067377,True
4,LARGE_MAZE,2621,2621,3,7,4,1,beam_3,20,0.0318319999496452,9,0.0035368888832939,True
4,LARGE_MAZE,2660,2660,3,8,3,3,greedy,20,0.0600586000364273,19,0.0031609789492856,False
4,LARGE_MAZE,2660,2660,3,8,3,3,beam_2,20,0.0293790999567136,9,0.0032643444396348,True
4,LARGE_MAZE,2660,2660,3,8,3,3,beam_3,20,0.029438899946399,9,0.0032709888829332,True
4,LARGE_MAZE,2699,2699,3,9,2,3,greedy,20,0.0252854999853298,9,0.0028094999983699,True
4,LARGE_MAZE,2699,2699,3,9,2,3,beam_2,20,0.0285666999989189,9,0.0031740777776576,True
4,LARGE_MAZE,2699,2699,3,9,2,3,beam_3,20,0.0287393000326119,9,0.0031932555591791,True
4,LARGE_MAZE,2761,2761,3,10,5,3,greedy,20,0.0235746999969705,9,0.0026194111107745,True
4,LARGE_MAZE,2761,2761,3,10,5,3,beam_2,20,0.0268475000048056,9,0.0029830555560895,True
4,LARGE_MAZE,2761,2761,3,10,5,3,beam_3,20,0.028733099985402,9,0.0031925666650446,True
4,LARGE_MAZE,2872,2872,4,10,1,4,greedy,20,0.0257544000050984,9,0.0028616000005664,True
4,LARGE_MAZE,2872,2872,4,10,1,4,beam_2,20,0.027491699962411,9,0.0030546333291567,True
4,LARGE_MAZE,2872,2872,4,10,1,4,beam_3,20,0.0287422999972477,9,0.003193588888583,True
4,LARGE_MAZE,2949,2949,5,1,6,7,greedy,20,0.0566071999492123,19,0.0029793263131164,False
4,LARGE_MAZE,2949,2949,5,1,6,7,beam_2,20,0.0289814000134356,9,0.0032201555570484,True
4,LARGE_MAZE,2949,2949,5,1,6,7,beam_3,20,0.0308671999955549,9,0.0034296888883949,True
4,LARGE_MAZE,3026,3026,5,3,3,10,greedy,20,0.0282094000140205,9,0.0031343777793356,True
4,LARGE_MAZE,3026,3026,5,3,3,10,beam_2,20,0.0306426999741233,9,0.0034047444415692,True
4,LARGE_MAZE,3026,3026,5,3,3,10,beam_3,20,0.0303523000329732,9,0.0033724777814414,True
4,LARGE_MAZE,3126,3126,5,5,5,10,greedy,20,0.0252567999996244,9,0.0028063111110693,True
4,LARGE_MAZE,3126,3126,5,5,5,10,beam_2,20,0.0282435999833978,9,0.003138177775933,True
4,LARGE_MAZE,3126,3126,5,5,5,10,beam_3,20,0.0299542000284418,9,0.0033282444476046,True
4,LARGE_MAZE,3195,3195,5,9,2,5,greedy,20,0.0267554000020027,9,0.0029728222224447,True
4,LARGE_MAZE,3195,3195,5,9,2,5,beam_2,20,0.0292238999973051,9,0.0032470999997005,True
4,LARGE_MAZE,3195,3195,5,9,2,5,beam_3,20,0.0299808999989181,9,0.0033312111109909,True
4,LARGE_MAZE,3279,3279,6,3,1,7,greedy,20,0.057696699979715,19,0.003036668419985,False
4,LARGE_MAZE,3279,3279,6,3,1,7,beam_2,20,0.0317203999729827,9,0.0035244888858869,True
4,LARGE_MAZE,3279,3279,6,3,1,7,beam_3,20,0.0312826999579556,9,0.0034758555508839,True
4,LARGE_MAZE,3332,3332,6,5,2,10,greedy,20,0.0276911999681033,9,0.0030767999964559,True
4,LARGE_MAZE,3332,3332,6,5,2,10,beam_2,20,0.0365992999868467,9,0.0040665888874274,True
4,LARGE_MAZE,3332,3332,6,5,2,10,beam_3,20,0.0362146999686956,9,0.0040238555520772,True
4,LARGE_MAZE,3390,3390,6,7,5,1,greedy,20,0.0303633000003173,9,0.0033737000000352,True
4,LARGE_MAZE,3390,3390,6,7,5,1,beam_2,20,0.0354876000201329,9,0.0039430666689036,True
4,LARGE_MAZE,3390,3390,6,7,5,1,beam_3,20,0.0350530999712646,9,0.003894788885696,True
4,LARGE_MAZE,3465,3465,7,1,2,5,greedy,20,0.0692506000050343,19,0.0036447684213175,False
4,LARGE_MAZE,3465,3465,7,1,2,5,beam_2,20,0.0354882000247016,9,0.0039431333360779,True
4,LARGE_MAZE,3465,3465,7,1,2,5,beam_3,20,0.0419093999662436,9,0.0046565999962492,True
4,LARGE_MAZE,3503,3503,7,2,1,5,greedy,20,0.0662031999672763,19,0.0034843789456461,False
4,LARGE_MAZE,3503,3503,7,2,1,5,beam_2,20,0.0396682000136934,9,0.0044075777792992,True
4,LARGE_MAZE,3503,3503,7,2,1,5,beam_3,20,0.0405751999933272,9,0.0045083555548141,True
4,LARGE_MAZE,3547,3547,7,3,1,4,greedy,20,0.0643385000294074,19,0.003386236843653,False
4,LARGE_MAZE,3547,3547,7,3,1,4,beam_2,20,0.0857175000128336,19,0.0045114473690965,False
4,LARGE_MAZE,3547,3547,7,3,1,4,beam_3,20,0.038993299996946,9,0.0043325888885495,True
4,LARGE_MAZE,3590,3590,7,5,1,2,greedy,20,0.0326622999855317,9,0.0036291444428368,True
4,LARGE_MAZE,3590,3590,7,5,1,2,beam_2,20,0.0335757000138983,9,0.0037306333348775,True
4,LARGE_MAZE,3590,3590,7,5,1,2,beam_3,20,0.0342740000342018,9,0.0038082222260224,True
4,LARGE_MAZE,3611,3611,7,5,3,10,greedy,20,0.0298855000291951,9,0.003320611114355,True
4,LARGE_MAZE,3611,3611,7,5,3,10,beam_2,20,0.0291070000384934,9,0.0032341111153881,True
4,LARGE_MAZE,3611,3611,7,5,3,10,beam_3,20,0.0316598999779671,9,0.0035177666642185,True
4,LARGE_MAZE,3672,3672,7,6,7,1,greedy,20,0.0537382999900728,17,0.0031610764700042,True
4,LARGE_MAZE,3672,3672,7,6,7,1,beam_2,20,0.0343536000000312,9,0.0038170666666701,True
4,LARGE_MAZE,3672,3672,7,6,7,1,beam_3,20,0.0351338000036776,9,0.0039037555559641,True
4,LARGE_MAZE,3718,3718,7,7,7,2,greedy,20,0.0645675000268966,19,0.0033982894750998,False
4,LARGE_MAZE,3718,3718,7,7,7,2,beam_2,20,0.0316116999601945,9,0.0035124111066882,True
4,LARGE_MAZE,3718,3718,7,7,7,2,beam_3,20,0.032943999976851,9,0.0036604444418723,True
4,LARGE_MAZE,3788,3788,7,10,3,7,greedy,20,0.0258064000518061,9,0.002867377783534,True
4,LARGE_MAZE,3788,3788,7,10,3,7,beam_2,20,0.0293918999959714,9,0.003265766666219,True
4,LARGE_MAZE,3788,3788,7,10,3,7,beam_3,20,0.0297152000130154,9,0.003301688890335,True
4,LARGE_MAZE,1794,1794,1,2,1,8,greedy,22,0.0329721000161953,10,0.0032972100016195,True
4,LARGE_MAZE,1794,1794,1,2,1,8,beam_2,22,0.0360621999716386,10,0.0036062199971638,True
4,LARGE_MAZE,1794,1794,1,2,1,8,beam_3,22,0.0378098000073805,10,0.003780980000738,True
4,LARGE_MAZE,1846,1846,1,3,2,10,greedy,22,0.033010299957823,10,0.0033010299957823,True
4,LARGE_MAZE,1846,1846,1,3,2,10,beam_2,22,0.0396480000345036,10,0.0039648000034503,True
4,LARGE_MAZE,1846,1846,1,3,2,10,beam_3,22,0.0386131000122986,10,0.0038613100012298,True
4,LARGE_MAZE,1911,1911,1,4,5,10,greedy,22,0.0367802000255323,10,0.0036780200025532,True
4,LARGE_MAZE,1911,1911,1,4,5,10,beam_2,22,0.038104600040242,10,0.0038104600040242,True
4,LARGE_MAZE,1911,1911,1,4,5,10,beam_3,22,0.0765347999986261,10,0.0076534799998626,True
4,LARGE_MAZE,1961,1961,1,5,7,1,greedy,22,0.060851200018078,10,0.0060851200018078,True
4,LARGE_MAZE,1961,1961,1,5,7,1,beam_2,22,0.039551299996674,10,0.0039551299996674,True
4,LARGE_MAZE,1961,1961,1,5,7,1,beam_3,22,0.0761306000058539,10,0.0076130600005853,True
4,LARGE_MAZE,2011,2011,1,7,7,7,greedy,22,0.0334165999665856,10,0.0033416599966585,True
4,LARGE_MAZE,2011,2011,1,7,7,7,beam_2,22,0.0410741999512538,10,0.0041074199951253,True
4,LARGE_MAZE,2011,2011,1,7,7,7,beam_3,22,0.0515513999853283,10,0.0051551399985328,True
4,LARGE_MAZE,2047,2047,1,8,6,3,greedy,22,0.0324835000210441,10,0.0032483500021044,True
4,LARGE_MAZE,2047,2047,1,8,6,3,beam_2,22,0.039661300019361,10,0.0039661300019361,True
4,LARGE_MAZE,2047,2047,1,8,6,3,beam_3,22,0.0384518000064417,10,0.0038451800006441,True
4,LARGE_MAZE,2099,2099,1,9,7,5,greedy,22,0.0355032999650575,10,0.0035503299965057,True
4,LARGE_MAZE,2099,2099,1,9,7,5,beam_2,22,0.0368229000014252,10,0.0036822900001425,True
4,LARGE_MAZE,2099,2099,1,9,7,5,beam_3,22,0.0348939000396057,10,0.0034893900039605,True
4,LARGE_MAZE,2168,2168,2,1,3,8,greedy,22,0.0360566999879665,12,0.0030047249989972,True
4,LARGE_MAZE,2168,2168,2,1,3,8,beam_2,22,0.0317045000265352,10,0.0031704500026535,True
4,LARGE_MAZE,2168,2168,2,1,3,8,beam_3,22,0.0353962000226601,10,0.003539620002266,True
4,LARGE_MAZE,2235,2235,2,3,7,6,greedy,22,0.0288701000390574,10,0.0028870100039057,True
4,LARGE_MAZE,2235,2235,2,3,7,6,beam_2,22,0.0332916000043042,10,0.0033291600004304,True
4,LARGE_MAZE,2235,2235,2,3,7,6,beam_3,22,0.0315738999634049,10,0.0031573899963404,True
4,LARGE_MAZE,2319,2319,2,7,6,7,greedy,22,0.0548167999950237,19,0.0028850947365801,False
4,LARGE_MAZE,2319,2319,2,7,6,7,beam_2,22,0.0303285000263713,10,0.0030328500026371,True
4,LARGE_MAZE,2319,2319,2,7,6,7,beam_3,22,0.0323549999739043,10,0.0032354999973904,True
4,LARGE_MAZE,2369,2369,2,10,7,5,greedy,22,0.0301333999959751,10,0.0030133399995975,True
4,LARGE_MAZE,2369,2369,2,10,7,5,beam_2,22,0.0318876999663189,10,0.0031887699966318,True
4,LARGE_MAZE,2369,2369,2,10,7,5,beam_3,22,0.034754000022076,10,0.0034754000022076,True
4,LARGE_MAZE,2460,2460,3,2,7,6,greedy,22,0.0687222999986261,19,0.0036169631578224,False
4,LARGE_MAZE,2460,2460,3,2,7,6,beam_2,22,0.0448376999702304,12,0.0037364749975192,True
4,LARGE_MAZE,2460,2460,3,2,7,6,beam_3,22,0.0399057000176981,10,0.0039905700017698,True
4,LARGE_MAZE,2552,2552,3,5,7,9,greedy,22,0.0615764999529346,19,0.0032408684185755,False
4,LARGE_MAZE,2552,2552,3,5,7,9,beam_2,22,0.0330819999799132,10,0.0033081999979913,True
4,LARGE_MAZE,2552,2552,3,5,7,9,beam_3,22,0.0368073999998159,10,0.0036807399999815,True
4,LARGE_MAZE,2653,2653,3,8,2,1,greedy,22,0.0284880999824963,10,0.0028488099982496,True
4,LARGE_MAZE,2653,2653,3,8,2,1,beam_2,22,0.0308729000389575,10,0.0030872900038957,True
4,LARGE_MAZE,2653,2653,3,8,2,1,beam_3,22,0.0321416999795474,10,0.0032141699979547,True
4,LARGE_MAZE,2689,2689,3,9,1,1,greedy,22,0.0256802000221796,10,0.0025680200022179,True
4,LARGE_MAZE,2689,2689,3,9,1,1,beam_2,22,0.0327909000334329,10,0.0032790900033432,True
4,LARGE_MAZE,2689,2689,3,9,1,1,beam_3,22,0.0305149999912828,10,0.0030514999991282,True
4,LARGE_MAZE,2735,2735,3,10,1,2,greedy,22,0.0302959000109694,10,0.0030295900010969,True
4,LARGE_MAZE,2735,2735,3,10,1,2,beam_2,22,0.0310431999969296,10,0.0031043199996929,True
4,LARGE_MAZE,2735,2735,3,10,1,2,beam_3,22,0.0311521000112406,10,0.003115210001124,True
4,LARGE_MAZE,2791,2791,4,1,2,7,greedy,22,0.0256213000393472,10,0.0025621300039347,True
4,LARGE_MAZE,2791,2791,4,1,2,7,beam_2,22,0.0292150999885052,10,0.0029215099988505,True
4,LARGE_MAZE,2791,2791,4,1,2,7,beam_3,22,0.0308232000097632,10,0.0030823200009763,True
4,LARGE_MAZE,2896,2896,4,10,5,3,greedy,22,0.025208500039298,10,0.0025208500039298,True
4,LARGE_MAZE,2896,2896,4,10,5,3,beam_2,22,0.0289423000067472,10,0.0028942300006747,True
4,LARGE_MAZE,2896,2896,4,10,5,3,beam_3,22,0.0333981999428942,10,0.0033398199942894,True
4,LARGE_MAZE,2965,2965,5,2,1,8,greedy,22,0.0285046999924816,10,0.0028504699992481,True
4,LARGE_MAZE,2965,2965,5,2,1,8,beam_2,22,0.0332163999555632,10,0.0033216399955563,True
4,LARGE_MAZE,2965,2965,5,2,1,8,beam_3,22,0.0346915000118315,10,0.0034691500011831,True
4,LARGE_MAZE,3057,3057,5,4,1,10,greedy,22,0.0282296000514179,10,0.0028229600051417,True
4,LARGE_MAZE,3057,3057,5,4,1,10,beam_2,22,0.0322106000385247,10,0.0032210600038524,True
4,LARGE_MAZE,3057,3057,5,4,1,10,beam_3,22,0.0345863999682478,10,0.0034586399968247,True
4,LARGE_MAZE,3165,3165,5,7,5,1,greedy,22,0.0296281999908387,10,0.0029628199990838,True
4,LARGE_MAZE,3165,3165,5,7,5,1,beam_2,22,0.0334341000416316,10,0.0033434100041631,True
4,LARGE_MAZE,3165,3165,5,7,5,1,beam_3,22,0.0341645000153221,10,0.0034164500015322,True
4,LARGE_MAZE,3258,3258,5,10,5,4,greedy,22,0.0283393000136129,10,0.0028339300013612,True
4,LARGE_MAZE,3258,3258,5,10,5,4,beam_2,22,0.0299427999998442,10,0.0029942799999844,True
4,LARGE_MAZE,3258,3258,5,10,5,4,beam_3,22,0.0320734999841079,10,0.0032073499984107,True
4,LARGE_MAZE,3352,3352,6,5,5,10,greedy,22,0.0281242000055499,10,0.0028124200005549,True
4,LARGE_MAZE,3352,3352,6,5,5,10,beam_2,22,0.029325500014238,10,0.0029325500014238,True
4,LARGE_MAZE,3352,3352,6,5,5,10,beam_3,22,0.0312191999983042,10,0.0031219199998304,True
4,LARGE_MAZE,3402,3402,6,7,7,2,greedy,22,0.0280803000205196,10,0.0028080300020519,True
4,LARGE_MAZE,3402,3402,6,7,7,2,beam_2,22,0.0316522000357508,10,0.003165220003575,True
4,LARGE_MAZE,3402,3402,6,7,7,2,beam_3,22,0.0481368000037036,10,0.0048136800003703,True
4,LARGE_MAZE,3470,3470,7,1,3,3,greedy,22,0.0611722000176087,16,0.0038232625011005,True
4,LARGE_MAZE,3470,3470,7,1,3,3,beam_2,22,0.0383956999867223,10,0.0038395699986722,True
4,LARGE_MAZE,3470,3470,7,1,3,3,beam_3,22,0.044273100036662,10,0.0044273100036662,True
4,LARGE_MAZE,3509,3509,7,2,2,3,greedy,22,0.0742088000406511,19,0.003905726317929,False
4,LARGE_MAZE,3509,3509,7,2,2,3,beam_2,22,0.0687762000015936,19,0.0036198000000838,False
4,LARGE_MAZE,3509,3509,7,2,2,3,beam_3,22,0.0447936999844387,12,0.0037328083320365,True
4,LARGE_MAZE,3549,3549,7,3,1,7,greedy,22,0.0632459999760612,19,0.0033287368408453,False
4,LARGE_MAZE,3549,3549,7,3,1,7,beam_2,22,0.0366166000021621,10,0.0036616600002162,True
4,LARGE_MAZE,3549,3549,7,3,1,7,beam_3,22,0.0374204000108875,10,0.0037420400010887,True
4,LARGE_MAZE,3602,3602,7,5,2,10,greedy,22,0.0313273000065237,10,0.0031327300006523,True
4,LARGE_MAZE,3602,3602,7,5,2,10,beam_2,22,0.0343169000116176,10,0.0034316900011617,True
4,LARGE_MAZE,3602,3602,7,5,2,10,beam_3,22,0.0355666999821551,10,0.0035566699982155,True
4,LARGE_MAZE,3643,3643,7,6,2,1,greedy,22,0.0297677999478764,10,0.0029767799947876,True
4,LARGE_MAZE,3643,3643,7,6,2,1,beam_2,22,0.0312058999552391,10,0.0031205899955239,True
4,LARGE_MAZE,3643,3643,7,6,2,1,beam_3,22,0.0336788999848067,10,0.0033678899984806,True
4,LARGE_MAZE,3684,3684,7,7,1,7,greedy,22,0.0644172999891452,19,0.003390384209955,False
4,LARGE_MAZE,3684,3684,7,7,1,7,beam_2,22,0.0334945000358857,10,0.0033494500035885,True
4,LARGE_MAZE,3684,3684,7,7,1,7,beam_3,22,0.0352625999948941,10,0.0035262599994894,True
4,LARGE_MAZE,3741,3741,7,9,3,5,greedy,22,0.031475500029046,10,0.0031475500029046,True
4,LARGE_MAZE,3741,3741,7,9,3,5,beam_2,22,0.033121199987363,10,0.0033121199987363,True
4,LARGE_MAZE,3741,3741,7,9,3,5,beam_3,22,0.0332505999831482,10,0.0033250599983148,True
4,LARGE_MAZE,1765,1765,1,1,3,10,greedy,24,0.0307602999964728,11,0.0027963909087702,True
4,LARGE_MAZE,1765,1765,1,1,3,10,beam_2,24,0.0365286000305786,11,0.0033207818209616,True
4,LARGE_MAZE,1765,1765,1,1,3,10,beam_3,24,0.0420682000112719,11,0.0038243818192065,True
4,LARGE_MAZE,1826,1826,1,2,7,1,greedy,24,0.0320995999500155,11,0.0029181454500014,True
4,LARGE_MAZE,1826,1826,1,2,7,1,beam_2,24,0.0335573999909684,11,0.0030506727264516,True
4,LARGE_MAZE,1826,1826,1,2,7,1,beam_3,24,0.0401348000159487,11,0.003648618183268,True
4,LARGE_MAZE,1872,1872,1,3,7,2,greedy,24,0.0320544999558478,11,0.0029140454505316,True
4,LARGE_MAZE,1872,1872,1,3,7,2,beam_2,24,0.0367975999834016,11,0.0033452363621274,True
4,LARGE_MAZE,1872,1872,1,3,7,2,beam_3,24,0.0401152000413276,11,0.0036468363673934,True
4,LARGE_MAZE,1977,1977,1,7,2,1,greedy,24,0.0379367000423371,11,0.0034487909129397,True
4,LARGE_MAZE,1977,1977,1,7,2,1,beam_2,24,0.0423199000069871,11,0.0038472636369988,True
4,LARGE_MAZE,1977,1977,1,7,2,1,beam_3,24,0.0438057000283151,11,0.0039823363662104,True
4,LARGE_MAZE,2013,2013,1,7,7,10,greedy,24,0.0336790999863296,11,0.0030617363623936,True
4,LARGE_MAZE,2013,2013,1,7,7,10,beam_2,24,0.0373104999889619,11,0.0033918636353601,True
4,LARGE_MAZE,2013,2013,1,7,7,10,beam_3,24,0.0385734000010415,11,0.0035066727273674,True
4,LARGE_MAZE,2056,2056,1,8,7,7,greedy,24,0.0567234000191092,19,0.0029854421062689,False
4,LARGE_MAZE,2056,2056,1,8,7,7,beam_2,24,0.0368408000213094,11,0.0033491636383008,True
4,LARGE_MAZE,2056,2056,1,8,7,7,beam_3,24,0.0364047000184655,11,0.0033095181834968,True
4,LARGE_MAZE,2100,2100,1,9,7,6,greedy,24,0.0305012000026181,11,0.0027728363638743,True
4,LARGE_MAZE,2100,2100,1,9,7,6,beam_2,24,0.0398399000405333,11,0.0036218090945939,True
4,LARGE_MAZE,2100,2100,1,9,7,6,beam_3,24,0.0377052999683655,11,0.0034277545425786,True
4,LARGE_MAZE,2169,2169,2,1,3,9,greedy,24,0.0449939999962225,13,0.0034610769227863,True
4,LARGE_MAZE,2169,2169,2,1,3,9,beam_2,24,0.0363175000529736,11,0.0033015909139066,True
4,LARGE_MAZE,2169,2169,2,1,3,9,beam_3,24,0.0371639999793842,11,0.0033785454526712,True
4,LARGE_MAZE,2231,2231,2,3,7,1,greedy,24,0.0322646999848075,11,0.0029331545440734,True
4,LARGE_MAZE,2231,2231,2,3,7,1,beam_2,24,0.042465100006666,13,0.0032665461543589,True
4,LARGE_MAZE,2231,2231,2,3,7,1,beam_3,24,0.0435639999923296,13,0.0033510769224868,True
4,LARGE_MAZE,2321,2321,2,7,7,1,greedy,24,0.0302030000020749,11,0.0027457272729159,True
4,LARGE_MAZE,2321,2321,2,7,7,1,beam_2,24,0.0376575000118464,11,0.003423409091986,True
4,LARGE_MAZE,2321,2321,2,7,7,1,beam_3,24,0.0370154999545775,11,0.0033650454504161,True
4,LARGE_MAZE,2370,2370,2,10,7,6,greedy,24,0.0536181999486871,19,0.0028220105236151,False
4,LARGE_MAZE,2370,2370,2,10,7,6,beam_2,24,0.0420054999995045,11,0.0038186818181367,True
4,LARGE_MAZE,2370,2370,2,10,7,6,beam_3,24,0.0553050999878905,11,0.0050277363625355,True
4,LARGE_MAZE,2439,2439,3,2,3,9,greedy,24,0.0411321999854408,11,0.0037392909077673,True
4,LARGE_MAZE,2439,2439,3,2,3,9,beam_2,24,0.0471823000116273,11,0.004289300001057,True
4,LARGE_MAZE,2439,2439,3,2,3,9,beam_3,24,0.0397442000103183,11,0.0036131090918471,True
4,LARGE_MAZE,2553,2553,3,5,7,10,greedy,24,0.0324100999860093,11,0.0029463727260008,True
4,LARGE_MAZE,2553,2553,3,5,7,10,beam_2,24,0.0366695999982766,11,0.0033335999998433,True
4,LARGE_MAZE,2553,2553,3,5,7,10,beam_3,24,0.0371071999543346,11,0.0033733818140304,True
4,LARGE_MAZE,2704,2704,3,9,3,2,greedy,24,0.0738588999956846,19,0.0038873105260886,False
4,LARGE_MAZE,2704,2704,3,9,3,2,beam_2,24,0.0446394000318832,11,0.0040581272756257,True
4,LARGE_MAZE,2704,2704,3,9,3,2,beam_3,24,0.0535359000205062,11,0.0048669000018642,True
4,LARGE_MAZE,2750,2750,3,10,3,3,greedy,24,0.0793988000368699,19,0.0041788842124668,False
4,LARGE_MAZE,2750,2750,3,10,3,3,beam_2,24,0.0483882999978959,11,0.004398936363445,True
4,LARGE_MAZE,2750,2750,3,10,3,3,beam_3,24,0.0467875000322237,11,0.0042534090938385,True
4,LARGE_MAZE,2800,2800,4,1,3,9,greedy,24,0.0377222999813966,11,0.0034292999983087,True
4,LARGE_MAZE,2800,2800,4,1,3,9,beam_2,24,0.0422976000118069,11,0.0038452363647097,True
4,LARGE_MAZE,2800,2800,4,1,3,9,beam_3,24,0.0436609000316821,11,0.0039691727301529,True
4,LARGE_MAZE,2895,2895,4,10,5,2,greedy,24,0.0392366999876685,11,0.0035669727261516,True
4,LARGE_MAZE,2895,2895,4,10,5,2,beam_2,24,0.0434783000382594,11,0.0039525727307508,True
4,LARGE_MAZE,2895,2895,4,10,5,2,beam_3,24,0.0488545999978669,11,0.0044413272725333,True
4,LARGE_MAZE,2966,2966,5,2,1,9,greedy,24,0.0440906999865546,13,0.003391592306658,True
4,LARGE_MAZE,2966,2966,5,2,1,9,beam_2,24,0.0490074999979697,11,0.0044552272725427,True
4,LARGE_MAZE,2966,2966,5,2,1,9,beam_3,24,0.0460958000039681,11,0.004190527273088,True
4,LARGE_MAZE,3080,3080,5,4,5,9,greedy,24,0.0410130000091157,11,0.0037284545462832,True
4,LARGE_MAZE,3080,3080,5,4,5,9,beam_2,24,0.0452753999852575,11,0.0041159454532052,True
4,LARGE_MAZE,3080,3080,5,4,5,9,beam_3,24,0.0436325000482611,11,0.0039665909134782,True
4,LARGE_MAZE,3162,3162,5,7,4,1,greedy,24,0.0345628999639302,11,0.0031420818149027,True
4,LARGE_MAZE,3162,3162,5,7,4,1,beam_2,24,0.0437587999622337,11,0.0039780727238394,True
4,LARGE_MAZE,3162,3162,5,7,4,1,beam_3,24,0.0401462000445462,11,0.0036496545495042,True
4,LARGE_MAZE,3231,3231,5,10,1,3,greedy,24,0.0313107999972999,11,0.0028464363633909,True
4,LARGE_MAZE,3231,3231,5,10,1,3,beam_2,24,0.036183499963954,11,0.0032894090876321,True
4,LARGE_MAZE,3231,3231,5,10,1,3,beam_3,24,0.0369544999557547,11,0.0033594999959777,True
4,LARGE_MAZE,3299,3299,6,3,4,10,greedy,24,0.0322907000081613,11,0.0029355181825601,True
4,LARGE_MAZE,3299,3299,6,3,4,10,beam_2,24,0.0355762999970465,11,0.0032342090906405,True
4,LARGE_MAZE,3299,3299,6,3,4,10,beam_3,24,0.0366478000069037,11,0.0033316181824457,True
4,LARGE_MAZE,3385,3385,6,7,3,9,greedy,24,0.0316437000292353,11,0.0028767000026577,True
4,LARGE_MAZE,3385,3385,6,7,3,9,beam_2,24,0.034423200006131,11,0.0031293818187391,True
4,LARGE_MAZE,3385,3385,6,7,3,9,beam_3,24,0.0463078999891877,11,0.0042098090899261,True
4,LARGE_MAZE,3457,3457,7,1,1,4,greedy,24,0.0735446999897249,19,0.0038707736836697,False
4,LARGE_MAZE,3457,3457,7,1,1,4,beam_2,24,0.0753581000026315,19,0.0039662157896121,False
4,LARGE_MAZE,3457,3457,7,1,1,4,beam_3,24,0.079040199983865,19,0.0041600105254665,False
4,LARGE_MAZE,3501,3501,7,2,1,3,greedy,24,0.0635972000309266,19,0.0033472210542592,False
4,LARGE_MAZE,3501,3501,7,2,1,3,beam_2,24,0.0375893000164069,11,0.0034172090924006,True
4,LARGE_MAZE,3501,3501,7,2,1,3,beam_3,24,0.0433071999577805,11,0.00393701817798,True
4,LARGE_MAZE,3566,3566,7,3,3,10,greedy,24,0.0333066000021062,11,0.0030278727274642,True
4,LARGE_MAZE,3566,3566,7,3,3,10,beam_2,24,0.0409632000373676,11,0.0037239272761243,True
4,LARGE_MAZE,3566,3566,7,3,3,10,beam_3,24,0.0420796000398695,11,0.0038254181854426,True
4,LARGE_MAZE,3647,3647,7,6,2,10,greedy,24,0.0335275999968871,11,0.0030479636360806,True
4,LARGE_MAZE,3647,3647,7,6,2,10,beam_2,24,0.040739600022789,11,0.0037036000020717,True
4,LARGE_MAZE,3647,3647,7,6,2,10,beam_3,24,0.0422428000019863,11,0.0038402545456351,True
4,LARGE_MAZE,3688,3688,7,7,2,1,greedy,24,0.0356451999978162,11,0.0032404727270742,True
4,LARGE_MAZE,3688,3688,7,7,2,1,beam_2,24,0.0381140000536106,11,0.0034649090957827,True
4,LARGE_MAZE,3688,3688,7,7,2,1,beam_3,24,0.0399086999823339,11,0.0036280636347576,True
4,LARGE_MAZE,3748,3748,7,9,4,5,greedy,24,0.0330054000369273,11,0.0030004909124479,True
4,LARGE_MAZE,3748,3748,7,9,4,5,beam_2,24,0.0345852999598719,11,0.0031441181781701,True
4,LARGE_MAZE,3748,3748,7,9,4,5,beam_3,24,0.0398747000144794,11,0.003624972728589,True
4,LARGE_MAZE,1768,1768,1,1,4,10,greedy,26,0.0351379999774508,12,0.0029281666647875,True
4,LARGE_MAZE,1768,1768,1,1,4,10,beam_2,26,0.040426799969282,12,0.0033688999974401,True
4,LARGE_MAZE,1768,1768,1,1,4,10,beam_3,26,0.0430409000255167,12,0.003586741668793,True
4,LARGE_MAZE,1864,1864,1,3,5,7,greedy,26,0.0363539999816566,12,0.0030294999984713,True
4,LARGE_MAZE,1864,1864,1,3,5,7,beam_2,26,0.0403351000277325,12,0.0033612583356443,True
4,LARGE_MAZE,1864,1864,1,3,5,7,beam_3,26,0.0415769999963231,12,0.0034647499996935,True
4,LARGE_MAZE,1982,1982,1,7,3,1,greedy,26,0.0354535999940708,12,0.0029544666661725,True
4,LARGE_MAZE,1982,1982,1,7,3,1,beam_2,26,0.0369539000093936,12,0.0030794916674494,True
4,LARGE_MAZE,1982,1982,1,7,3,1,beam_3,26,0.0376104000024497,12,0.0031342000002041,True
4,LARGE_MAZE,2036,2036,1,8,4,1,greedy,26,0.0311866999836638,12,0.0025988916653053,True
4,LARGE_MAZE,2036,2036,1,8,4,1,beam_2,26,0.0417391999508254,12,0.0034782666625687,True
4,LARGE_MAZE,2036,2036,1,8,4,1,beam_3,26,0.0547874000039882,12,0.004565616666999,True
4,LARGE_MAZE,2084,2084,1,9,5,1,greedy,26,0.0415795000153593,12,0.0034649583346132,True
4,LARGE_MAZE,2084,2084,1,9,5,1,beam_2,26,0.0476660000276751,12,0.0039721666689729,True
4,LARGE_MAZE,2084,2084,1,9,5,1,beam_3,26,0.0448010999825783,12,0.0037334249985481,True
4,LARGE_MAZE,2130,2130,1,10,5,2,greedy,26,0.036152199958451,12,0.0030126833298709,True
4,LARGE_MAZE,2130,2130,1,10,5,2,beam_2,26,0.0359020000323653,12,0.0029918333360304,True
4,LARGE_MAZE,2130,2130,1,10,5,2,beam_3,26,0.0390179000096395,12,0.0032514916674699,True
4,LARGE_MAZE,2184,2184,2,1,6,7,greedy,26,0.0521355000091716,19,0.0027439736846932,False
4,LARGE_MAZE,2184,2184,2,1,6,7,beam_2,26,0.0452952999621629,14,0.0032353785687259,True
4,LARGE_MAZE,2184,2184,2,1,6,7,beam_3,26,0.0445487999822944,12,0.0037123999985245,True
4,LARGE_MAZE,2329,2329,2,10,1,1,greedy,26,0.0394442999968305,12,0.0032870249997358,True
4,LARGE_MAZE,2329,2329,2,10,1,1,beam_2,26,0.0454206999856978,12,0.0037850583321414,True
4,LARGE_MAZE,2329,2329,2,10,1,1,beam_3,26,0.0475353999645449,12,0.0039612833303787,True
4,LARGE_MAZE,2379,2379,3,1,1,7,greedy,26,0.0420910999528132,12,0.0035075916627344,True
4,LARGE_MAZE,2379,2379,3,1,1,7,beam_2,26,0.0476156999939121,12,0.0039679749994926,True
4,LARGE_MAZE,2379,2379,3,1,1,7,beam_3,26,0.0480385000118985,12,0.0040032083343248,True
4,LARGE_MAZE,2454,2454,3,2,6,7,greedy,26,0.0581033000489696,19,0.0030580684236299,False
4,LARGE_MAZE,2454,2454,3,2,6,7,beam_2,26,0.0467296999995596,14,0.0033378357142542,True
4,LARGE_MAZE,2454,2454,3,2,6,7,beam_3,26,0.0415825999807566,12,0.003465216665063,True
4,LARGE_MAZE,2703,2703,3,9,3,1,greedy,26,0.0333525000023655,12,0.0027793750001971,True
4,LARGE_MAZE,2703,2703,3,9,3,1,beam_2,26,0.0363760999753139,12,0.0030313416646094,True
4,LARGE_MAZE,2703,2703,3,9,3,1,beam_3,26,0.0404450000496581,12,0.0033704166708048,True
4,LARGE_MAZE,2756,2756,3,10,4,1,greedy,26,0.0363623999874107,12,0.0030301999989508,True
4,LARGE_MAZE,2756,2756,3,10,4,1,beam_2,26,0.0489518999820575,12,0.0040793249985047,True
4,LARGE_MAZE,2756,2756,3,10,4,1,beam_3,26,0.0600564000196754,12,0.0050047000016396,True
4,LARGE_MAZE,2868,2868,4,5,7,10,greedy,26,0.0765239999745972,19,0.0040275789460314,False
4,LARGE_MAZE,2868,2868,4,5,7,10,beam_2,26,0.057914900011383,12,0.0048262416676152,True
4,LARGE_MAZE,2868,2868,4,5,7,10,beam_3,26,0.0547218999709002,12,0.0045601583309083,True
4,LARGE_MAZE,2911,2911,4,10,7,7,greedy,26,0.0708582999650389,19,0.0037293842086862,False
4,LARGE_MAZE,2911,2911,4,10,7,7,beam_2,26,0.0412625999888405,12,0.00343854999907,True
4,LARGE_MAZE,2911,2911,4,10,7,7,beam_3,26,0.04460929997731,12,0.0037174416647758,True
4,LARGE_MAZE,2991,2991,5,2,5,10,greedy,26,0.0586078999913297,19,0.0030846263153331,False
4,LARGE_MAZE,2991,2991,5,2,5,10,beam_2,26,0.0394157000118866,12,0.0032846416676572,True
4,LARGE_MAZE,2991,2991,5,2,5,10,beam_3,26,0.0433019999763928,12,0.0036084999980327,True
4,LARGE_MAZE,3144,3144,5,7,1,7,greedy,26,0.0347738999989815,12,0.0028978249999151,True
4,LARGE_MAZE,3144,3144,5,7,1,7,beam_2,26,0.0391364999813959,12,0.0032613749984496,True
4,LARGE_MAZE,3144,3144,5,7,1,7,beam_3,26,0.0408678000094369,12,0.0034056500007864,True
4,LARGE_MAZE,3212,3212,5,9,5,3,greedy,26,0.0373553999816067,12,0.0031129499984672,True
4,LARGE_MAZE,3212,3212,5,9,5,3,beam_2,26,0.0417425000341609,12,0.0034785416695134,True
4,LARGE_MAZE,3212,3212,5,9,5,3,beam_3,26,0.0405082000070251,12,0.0033756833339187,True
4,LARGE_MAZE,3262,3262,5,10,6,3,greedy,26,0.0357084000133909,12,0.0029757000011159,True
4,LARGE_MAZE,3262,3262,5,10,6,3,beam_2,26,0.0419687999528832,12,0.0034973999960736,True
4,LARGE_MAZE,3262,3262,5,10,6,3,beam_3,26,0.0386997999739833,12,0.0032249833311652,True
4,LARGE_MAZE,3365,3365,6,7,1,2,greedy,26,0.053753099986352,19,0.0028291105255974,False
4,LARGE_MAZE,3365,3365,6,7,1,2,beam_2,26,0.0404717000201344,12,0.0033726416683445,True
4,LARGE_MAZE,3365,3365,6,7,1,2,beam_3,26,0.0410879999981261,12,0.0034239999998438,True
4,LARGE_MAZE,3386,3386,6,7,3,10,greedy,26,0.0592843999620527,19,0.0031202315769501,False
4,LARGE_MAZE,3386,3386,6,7,3,10,beam_2,26,0.0386148000252433,12,0.0032179000021036,True
4,LARGE_MAZE,3386,3386,6,7,3,10,beam_3,26,0.040365400025621,12,0.0033637833354684,True
4,LARGE_MAZE,3459,3459,7,1,1,7,greedy,26,0.031367199961096,12,0.0026139333300913,True
4,LARGE_MAZE,3459,3459,7,1,1,7,beam_2,26,0.0355796999647282,12,0.0029649749970606,True
4,LARGE_MAZE,3459,3459,7,1,1,7,beam_3,26,0.039176300051622,12,0.0032646916709685,True
4,LARGE_MAZE,3551,3551,7,3,1,9,greedy,26,0.0384214000077918,14,0.0027443857148422,True
4,LARGE_MAZE,3551,3551,7,3,1,9,beam_2,26,0.0371709000319242,12,0.0030975750026603,True
4,LARGE_MAZE,3551,3551,7,3,1,9,beam_3,26,0.0413612000411376,12,0.0034467666700948,True
4,LARGE_MAZE,3667,3667,7,6,5,10,greedy,26,0.0634028000058606,19,0.0033369894739926,False
4,LARGE_MAZE,3667,3667,7,6,5,10,beam_2,26,0.0437695999862626,12,0.0036474666655218,True
4,LARGE_MAZE,3667,3667,7,6,5,10,beam_3,26,0.0450532999821007,12,0.003754441665175,True
4,LARGE_MAZE,3704,3704,7,7,4,10,greedy,26,0.0582962000044062,19,0.0030682210528634,False
4,LARGE_MAZE,3704,3704,7,7,4,10,beam_2,26,0.0368684999994002,12,0.00307237499995,True
4,LARGE_MAZE,3704,3704,7,7,4,10,beam_3,26,0.0402180000091902,12,0.0033515000007658,True
4,LARGE_MAZE,1751,1751,1,1,1,10,greedy,28,0.0412208999623544,13,0.0031708384586426,True
4,LARGE_MAZE,1751,1751,1,1,1,10,beam_2,28,0.0553085999563336,13,0.0042545076889487,True
4,LARGE_MAZE,1751,1751,1,1,1,10,beam_3,28,0.0539090999518521,13,0.0041468538424501,True
4,LARGE_MAZE,1870,1870,1,3,6,9,greedy,28,0.0477589999791234,13,0.0036737692291633,True
4,LARGE_MAZE,1870,1870,1,3,6,9,beam_2,28,0.0529145000036805,13,0.0040703461541292,True
4,LARGE_MAZE,1870,1870,1,3,6,9,beam_3,28,0.0486041000112891,13,0.0037387769239453,True
4,LARGE_MAZE,2051,2051,1,8,7,1,greedy,28,0.0392737000365741,13,0.0030210538489672,True
4,LARGE_MAZE,2051,2051,1,8,7,1,beam_2,28,0.0501703000045381,13,0.0038592538465029,True
4,LARGE_MAZE,2051,2051,1,8,7,1,beam_3,28,0.0485805999487638,13,0.0037369692268279,True
4,LARGE_MAZE,2097,2097,1,9,7,2,greedy,28,0.0397074000211432,13,0.0030544153862417,True
4,LARGE_MAZE,2097,2097,1,9,7,2,beam_2,28,0.0437578000128269,13,0.0033659846163713,True
4,LARGE_MAZE,2097,2097,1,9,7,2,beam_3,28,0.0447077000280842,13,0.0034390538483141,True
4,LARGE_MAZE,2146,2146,1,10,7,7,greedy,28,0.0384687000187113,13,0.0029591307706701,True
4,LARGE_MAZE,2146,2146,1,10,7,7,beam_2,28,0.0420320999692194,13,0.0032332384591707,True
4,LARGE_MAZE,2146,2146,1,10,7,7,beam_3,28,0.0426162999938242,13,0.0032781769226018,True
4,LARGE_MAZE,2224,2224,2,3,5,7,greedy,28,0.0422553999815136,15,0.0028170266654342,True
4,LARGE_MAZE,2224,2224,2,3,5,7,beam_2,28,0.045365700032562,13,0.003489669233274,True
4,LARGE_MAZE,2224,2224,2,3,5,7,beam_3,28,0.0420232000178657,13,0.0032325538475281,True
4,LARGE_MAZE,2364,2364,2,10,6,7,greedy,28,0.0347308000200428,13,0.0026716000015417,True
4,LARGE_MAZE,2364,2364,2,10,6,7,beam_2,28,0.0402576999622397,13,0.0030967461509415,True
4,LARGE_MAZE,2364,2364,2,10,6,7,beam_3,28,0.0423333999933674,13,0.0032564153841051,True
4,LARGE_MAZE,2432,2432,3,2,2,10,greedy,28,0.0614668999915011,19,0.0032350999995526,False
4,LARGE_MAZE,2432,2432,3,2,2,10,beam_2,28,0.0464513999759219,13,0.0035731846135324,True
4,LARGE_MAZE,2432,2432,3,2,2,10,beam_3,28,0.0447962000034749,13,0.0034458615387288,True
4,LARGE_MAZE,2499,2499,3,3,6,7,greedy,28,0.0370878999819979,13,0.0028529153832306,True
4,LARGE_MAZE,2499,2499,3,3,6,7,beam_2,28,0.0423247999860905,13,0.0032557538450838,True
4,LARGE_MAZE,2499,2499,3,3,6,7,beam_3,28,0.041454899997916,13,0.0031888384613781,True
4,LARGE_MAZE,2792,2792,4,1,2,10,greedy,28,0.0547710999962873,19,0.0028826894734888,False
4,LARGE_MAZE,2792,2792,4,1,2,10,beam_2,28,0.0471538000274449,13,0.0036272153867265,True
4,LARGE_MAZE,2792,2792,4,1,2,10,beam_3,28,0.0474267000099644,13,0.0036482076930741,True
4,LARGE_MAZE,2904,2904,4,10,6,7,greedy,28,0.0405510999844409,13,0.0031193153834185,True
4,LARGE_MAZE,2904,2904,4,10,6,7,beam_2,28,0.0429958999739028,13,0.0033073769210694,True
4,LARGE_MAZE,2904,2904,4,10,6,7,beam_3,28,0.0422150999656878,13,0.0032473153819759,True
4,LARGE_MAZE,3040,3040,5,3,6,9,greedy,28,0.0347818999434821,13,0.0026755307648832,True
4,LARGE_MAZE,3040,3040,5,3,6,9,beam_2,28,0.0401192999561317,13,0.0030860999966255,True
4,LARGE_MAZE,3040,3040,5,3,6,9,beam_3,28,0.0447460999712348,13,0.0034420076900949,True
4,LARGE_MAZE,3148,3148,5,7,2,1,greedy,28,0.0377089999965392,13,0.002900692307426,True
4,LARGE_MAZE,3148,3148,5,7,2,1,beam_2,28,0.0414549999986775,13,0.0031888461537444,True
4,LARGE_MAZE,3148,3148,5,7,2,1,beam_3,28,0.0415690999943763,13,0.0031976230764904,True
4,LARGE_MAZE,3194,3194,5,9,2,3,greedy,28,0.0521279999520629,19,0.0027435789448454,False
4,LARGE_MAZE,3194,3194,5,9,2,3,beam_2,28,0.0415242000017315,13,0.0031941692309024,True
4,LARGE_MAZE,3194,3194,5,9,2,3,beam_3,28,0.0443155000102706,13,0.0034088846161746,True
4,LARGE_MAZE,3245,3245,5,10,3,3,greedy,28,0.0580545999691821,19,0.0030555052615359,False
4,LARGE_MAZE,3245,3245,5,10,3,3,beam_2,28,0.0423022999893873,13,0.0032540230761067,True
4,LARGE_MAZE,3245,3245,5,10,3,3,beam_3,28,0.0435430000070482,13,0.0033494615390037,True
4,LARGE_MAZE,3362,3362,6,5,7,9,greedy,28,0.0350305999745614,13,0.0026946615365047,True
4,LARGE_MAZE,3362,3362,6,5,7,9,beam_2,28,0.0399489999981597,13,0.0030729999998584,True
4,LARGE_MAZE,3362,3362,6,5,7,9,beam_3,28,0.0399772000382654,13,0.0030751692337127,True
4,LARGE_MAZE,3389,3389,6,7,4,10,greedy,28,0.0390858000027947,13,0.0030066000002149,True
4,LARGE_MAZE,3389,3389,6,7,4,10,beam_2,28,0.050308900012169,13,0.0038699153855514,True
4,LARGE_MAZE,3389,3389,6,7,4,10,beam_3,28,0.0528527999995276,13,0.0040655999999636,True
4,LARGE_MAZE,3476,3476,7,1,3,10,greedy,28,0.0482332999818027,13,0.003710253844754,True
4,LARGE_MAZE,3476,3476,7,1,3,10,beam_2,28,0.051978500036057,13,0.0039983461566197,True
4,LARGE_MAZE,3476,3476,7,1,3,10,beam_3,28,0.0491295999963767,13,0.0037791999997212,True
4,LARGE_MAZE,3577,3577,7,3,5,10,greedy,28,0.0402686999877914,13,0.0030975923067531,True
4,LARGE_MAZE,3577,3577,7,3,5,10,beam_2,28,0.0417689000023528,13,0.0032129923078732,True
4,LARGE_MAZE,3577,3577,7,3,5,10,beam_3,28,0.0430122999823652,13,0.0033086384601819,True
4,LARGE_MAZE,3727,3727,7,9,1,4,greedy,28,0.0354636999545618,13,0.0027279769195816,True
4,LARGE_MAZE,3727,3727,7,9,1,4,beam_2,28,0.0402481000055559,13,0.003096007692735,True
4,LARGE_MAZE,3727,3727,7,9,1,4,beam_3,28,0.0435115000000223,13,0.0033470384615401,True
4,LARGE_MAZE,1774,1774,1,1,5,7,greedy,30,0.0407831000047735,14,0.0029130785717695,True
4,LARGE_MAZE,1774,1774,1,1,5,7,beam_2,30,0.0438412000075914,14,0.0031315142862565,True
4,LARGE_MAZE,1774,1774,1,1,5,7,beam_3,30,0.0477559000137262,14,0.0034111357152661,True
4,LARGE_MAZE,2072,2072,1,9,3,1,greedy,30,0.0416819999809376,14,0.0029772857129241,True
4,LARGE_MAZE,2072,2072,1,9,3,1,beam_2,30,0.0459536000271327,14,0.003282400001938,True
4,LARGE_MAZE,2072,2072,1,9,3,1,beam_3,30,0.0446158000268042,14,0.0031868428590574,True
4,LARGE_MAZE,2126,2126,1,10,4,1,greedy,30,0.0409707999788224,14,0.002926485712773,True
4,LARGE_MAZE,2126,2126,1,10,4,1,beam_2,30,0.0439958999631926,14,0.0031425642830851,True
4,LARGE_MAZE,2126,2126,1,10,4,1,beam_3,30,0.0447928999783471,14,0.0031994928555962,True
4,LARGE_MAZE,2230,2230,2,3,6,9,greedy,30,0.0371802999870851,14,0.0026557357133632,True
4,LARGE_MAZE,2230,2230,2,3,6,9,beam_2,30,0.04005439998582,14,0.0028610285704157,True
4,LARGE_MAZE,2230,2230,2,3,6,9,beam_3,30,0.0436225000303238,14,0.0031158928593088,True
4,LARGE_MAZE,2387,2387,3,1,2,10,greedy,30,0.0539968999801203,19,0.0028419421042168,False
4,LARGE_MAZE,2387,2387,3,1,2,10,beam_2,30,0.0584981000283733,19,0.0030788473699143,False
4,LARGE_MAZE,2387,2387,3,1,2,10,beam_3,30,0.0629588000010699,19,0.0033136210526878,False
4,LARGE_MAZE,2495,2495,3,3,5,9,greedy,30,0.0402129999711178,14,0.0028723571407941,True
4,LARGE_MAZE,2495,2495,3,3,5,9,beam_2,30,0.045786099974066,14,0.0032704357124332,True
4,LARGE_MAZE,2495,2495,3,3,5,9,beam_3,30,0.0452936000074259,14,0.0032352571433875,True
4,LARGE_MAZE,2906,2906,4,10,7,1,greedy,30,0.0553990000043995,19,0.0029157368423368,False
4,LARGE_MAZE,2906,2906,4,10,7,1,beam_2,30,0.0482054000021889,14,0.0034432428572992,True
4,LARGE_MAZE,2906,2906,4,10,7,1,beam_3,30,0.0519310000236146,14,0.0037093571445439,True
4,LARGE_MAZE,3139,3139,5,7,1,1,greedy,30,0.0409329999820329,14,0.0029237857130023,True
4,LARGE_MAZE,3139,3139,5,7,1,1,beam_2,30,0.0461322999908588,14,0.0032951642850613,True
4,LARGE_MAZE,3139,3139,5,7,1,1,beam_3,30,0.0438865000032819,14,0.0031347500002344,True
4,LARGE_MAZE,3184,3184,5,9,1,1,greedy,30,0.0385736000025644,14,0.0027552571430403,True
4,LARGE_MAZE,3184,3184,5,9,1,1,beam_2,30,0.0423920999746769,14,0.0030280071410483,True
4,LARGE_MAZE,3184,3184,5,9,1,1,beam_3,30,0.0444228999549523,14,0.0031730642824965,True
4,LARGE_MAZE,3238,3238,5,10,2,1,greedy,30,0.0372082999674603,14,0.0026577357119614,True
4,LARGE_MAZE,3238,3238,5,10,2,1,beam_2,30,0.0453047000337392,14,0.0032360500024099,True
4,LARGE_MAZE,3238,3238,5,10,2,1,beam_3,30,0.058404800016433,14,0.0041717714297452,True
4,LARGE_MAZE,3310,3310,6,3,6,9,greedy,30,0.0521158999763429,14,0.0037225642840244,True
4,LARGE_MAZE,3310,3310,6,3,6,9,beam_2,30,0.0560906000318937,14,0.0040064714308495,True
4,LARGE_MAZE,3310,3310,6,3,6,9,beam_3,30,0.0512204999686218,14,0.0036586071406158,True
4,LARGE_MAZE,3419,3419,6,9,2,3,greedy,30,0.0504856999614276,14,0.0036061214258162,True
4,LARGE_MAZE,3419,3419,6,9,2,3,beam_2,30,0.0595403000479564,14,0.004252878574854,True
4,LARGE_MAZE,3419,3419,6,9,2,3,beam_3,30,0.0672699999995529,14,0.004804999999968,True
4,LARGE_MAZE,3467,3467,7,1,2,10,greedy,30,0.0587053000344894,14,0.0041932357167492,True
4,LARGE_MAZE,3467,3467,7,1,2,10,beam_2,30,0.0729655000031925,14,0.0052118214287994,True
4,LARGE_MAZE,3467,3467,7,1,2,10,beam_3,30,0.0657768999808467,14,0.0046983499986319,True
4,LARGE_MAZE,3632,3632,7,5,7,9,greedy,30,0.0474667000235058,14,0.0033904785731075,True
4,LARGE_MAZE,3632,3632,7,5,7,9,beam_2,30,0.0504269999801181,14,0.0036019285700084,True
4,LARGE_MAZE,3632,3632,7,5,7,9,beam_3,30,0.0582530000247061,14,0.0041609285731932,True
4,LARGE_MAZE,3765,3765,7,9,7,5,greedy,30,0.0584659000160172,14,0.0041761357154298,True
4,LARGE_MAZE,3765,3765,7,9,7,5,beam_2,30,0.0697236999985762,14,0.0049802642856125,True
4,LARGE_MAZE,3765,3765,7,9,7,5,beam_3,30,0.0707625999930314,14,0.0050544714280736,True
4,LARGE_MAZE,1832,1832,1,2,7,9,greedy,32,0.0664981000008992,15,0.0044332066667266,True
4,LARGE_MAZE,1832,1832,1,2,7,9,beam_2,32,0.061324100010097,15,0.0040882733340064,True
4,LARGE_MAZE,1832,1832,1,2,7,9,beam_3,32,0.0621260000043548,15,0.0041417333336236,True
4,LARGE_MAZE,2180,2180,2,1,5,9,greedy,32,0.0458232999662868,15,0.0030548866644191,True
4,LARGE_MAZE,2180,2180,2,1,5,9,beam_2,32,0.0529490999761037,15,0.0035299399984069,True
4,LARGE_MAZE,2180,2180,2,1,5,9,beam_3,32,0.0542473999666981,15,0.0036164933311132,True
4,LARGE_MAZE,2500,2500,3,3,6,9,greedy,32,0.0516711000236682,15,0.0034447400015778,True
4,LARGE_MAZE,2500,2500,3,3,6,9,beam_2,32,0.0735105000203475,15,0.0049007000013565,True
4,LARGE_MAZE,2500,2500,3,3,6,9,beam_3,32,0.0721021000063046,15,0.0048068066670869,True
4,LARGE_MAZE,3147,3147,5,7,1,10,greedy,32,0.0613015000126324,15,0.0040867666675088,True
4,LARGE_MAZE,3147,3147,5,7,1,10,beam_2,32,0.064317500044126,15,0.004287833336275,True
4,LARGE_MAZE,3147,3147,5,7,1,10,beam_3,32,0.0611601000418886,15,0.0040773400027925,True
4,LARGE_MAZE,3219,3219,5,9,6,7,greedy,32,0.0510079000378027,15,0.0034005266691868,True
4,LARGE_MAZE,3219,3219,5,9,6,7,beam_2,32,0.051630700007081,15,0.0034420466671387,True
4,LARGE_MAZE,3219,3219,5,9,6,7,beam_3,32,0.0545706000411883,15,0.0036380400027458,True
4,LARGE_MAZE,3317,3317,6,3,7,9,greedy,32,0.0439720000140368,15,0.0029314666676024,True
4,LARGE_MAZE,3317,3317,6,3,7,9,beam_2,32,0.0478770000045187,15,0.0031918000003012,True
4,LARGE_MAZE,3317,3317,6,3,7,9,beam_3,32,0.0510885000112466,15,0.0034059000007497,True
4,LARGE_MAZE,3448,3448,6,9,7,3,greedy,32,0.0431102999718859,15,0.0028740199981257,True
4,LARGE_MAZE,3448,3448,6,9,7,3,beam_2,32,0.0540065999957732,15,0.0036004399997182,True
4,LARGE_MAZE,3448,3448,6,9,7,3,beam_3,32,0.0732346000149846,15,0.0048823066676656,True
4,LARGE_MAZE,3581,3581,7,3,6,9,greedy,32,0.0605484999832697,15,0.0040365666655513,True
4,LARGE_MAZE,3581,3581,7,3,6,9,beam_2,32,0.0699076000018976,15,0.0046605066667931,True
4,LARGE_MAZE,3581,3581,7,3,6,9,beam_3,32,0.0673121999716386,15,0.0044874799981092,True
4,LARGE_MAZE,3734,3734,7,9,2,3,greedy,32,0.0472776999813504,15,0.0031518466654233,True
4,LARGE_MAZE,3734,3734,7,9,2,3,beam_2,32,0.0610977999749593,15,0.0040731866649972,True
4,LARGE_MAZE,3734,3734,7,9,2,3,beam_3,32,0.0576681999955326,15,0.0038445466663688,True
4,LARGE_MAZE,3797,3797,7,10,5,3,greedy,32,0.046000099973753,15,0.0030666733315835,True
4,LARGE_MAZE,3797,3797,7,10,5,3,beam_2,32,0.048913300037384,15,0.0032608866691589,True
4,LARGE_MAZE,3797,3797,7,10,5,3,beam_3,32,0.0504319000174291,15,0.0033621266678286,True
4,LARGE_MAZE,2238,2238,2,3,7,10,greedy,34,0.0527408000198192,19,0.0027758315799904,False
4,LARGE_MAZE,2238,2238,2,3,7,10,beam_2,34,0.0484129000105895,16,0.0030258062506618,True
4,LARGE_MAZE,2238,2238,2,3,7,10,beam_3,34,0.0547537999809719,16,0.0034221124988107,True
4,LARGE_MAZE,2957,2957,5,1,7,9,greedy,34,0.0491653000353835,16,0.0030728312522114,True
4,LARGE_MAZE,2957,2957,5,1,7,9,beam_2,34,0.0672519000363536,16,0.0042032437522721,True
4,LARGE_MAZE,2957,2957,5,1,7,9,beam_3,34,0.0716386999702081,16,0.004477418748138,True
4,LARGE_MAZE,3221,3221,5,9,7,1,greedy,34,0.0575809000292792,16,0.0035988062518299,True
4,LARGE_MAZE,3221,3221,5,9,7,1,beam_2,34,0.0534694999805651,16,0.0033418437487853,True
4,LARGE_MAZE,3221,3221,5,9,7,1,beam_3,34,0.0575689999968744,16,0.0035980624998046,True
4,LARGE_MAZE,3432,3432,6,9,4,1,greedy,34,0.0457942000357434,16,0.0028621375022339,True
4,LARGE_MAZE,3432,3432,6,9,4,1,beam_2,34,0.0513561000116169,16,0.003209756250726,True
4,LARGE_MAZE,3432,3432,6,9,4,1,beam_3,34,0.0576248999568633,16,0.0036015562473039,True
4,LARGE_MAZE,3587,3587,7,3,7,9,greedy,34,0.0633642000029794,16,0.0039602625001862,True
4,LARGE_MAZE,3587,3587,7,3,7,9,beam_2,34,0.0660074999905191,16,0.0041254687494074,True
4,LARGE_MAZE,3587,3587,7,3,7,9,beam_3,34,0.0652513999957591,16,0.0040782124997349,True
4,LARGE_MAZE,3750,3750,7,9,5,1,greedy,34,0.0505774999619461,16,0.0031610937476216,True
4,LARGE_MAZE,3750,3750,7,9,5,1,beam_2,34,0.0545065999613143,16,0.0034066624975821,True
4,LARGE_MAZE,3750,3750,7,9,5,1,beam_3,34,0.0589592000469565,16,0.0036849500029347,True
4,LARGE_MAZE,3796,3796,7,10,5,2,greedy,34,0.0463170000002719,16,0.0028948125000169,True
4,LARGE_MAZE,3796,3796,7,10,5,2,beam_2,34,0.0499457999831065,16,0.0031216124989441,True
4,LARGE_MAZE,3796,3796,7,10,5,2,beam_3,34,0.0518304000142961,16,0.0032394000008935,True
4,LARGE_MAZE,2410,2410,3,1,6,9,greedy,36,0.046569800004363,17,0.0027394000002566,True
4,LARGE_MAZE,2410,2410,3,1,6,9,beam_2,36,0.0549328999477438,17,0.0032313470557496,True
4,LARGE_MAZE,2410,2410,3,1,6,9,beam_3,36,0.0570085999788716,17,0.0033534470575806,True
4,LARGE_MAZE,3175,3175,5,7,6,9,greedy,36,0.0526578999706544,19,0.0027714684195081,False
4,LARGE_MAZE,3175,3175,5,7,6,9,beam_2,36,0.0548506000195629,17,0.0032265058835037,True
4,LARGE_MAZE,3175,3175,5,7,6,9,beam_3,36,0.0580095999757759,17,0.0034123294103397,True
4,LARGE_MAZE,3491,3491,7,1,6,9,greedy,36,0.0462261000066064,17,0.0027191823533297,True
4,LARGE_MAZE,3491,3491,7,1,6,9,beam_2,36,0.0514662000350654,17,0.0030274235314744,True
4,LARGE_MAZE,3491,3491,7,1,6,9,beam_3,36,0.0564298999961465,17,0.0033194058821262,True
4,LARGE_MAZE,3739,3739,7,9,3,2,greedy,36,0.0549469999969005,19,0.0028919473682579,False
4,LARGE_MAZE,3739,3739,7,9,3,2,beam_2,36,0.0579412000370211,17,0.0034083058845306,True
4,LARGE_MAZE,3739,3739,7,9,3,2,beam_3,36,0.0609319999930448,17,0.0035842352937085,True
4,LARGE_MAZE,3785,3785,7,10,3,3,greedy,36,0.0525908999843522,19,0.0027679421044395,False
4,LARGE_MAZE,3785,3785,7,10,3,3,beam_2,36,0.0660721000167541,17,0.0038865941186325,True
4,LARGE_MAZE,3785,3785,7,10,3,3,beam_3,36,0.0682044000132009,17,0.0040120235301882,True
4,LARGE_MAZE,2417,2417,3,1,7,9,greedy,38,0.0562129999743774,18,0.0031229444430209,True
4,LARGE_MAZE,2417,2417,3,1,7,9,beam_2,38,0.0598859000019729,18,0.003326994444554,True
4,LARGE_MAZE,2417,2417,3,1,7,9,beam_3,38,0.0627598999999463,18,0.0034866611111081,True
4,LARGE_MAZE,3497,3497,7,1,7,9,greedy,38,0.0507014000322669,18,0.002816744446237,True
4,LARGE_MAZE,3497,3497,7,1,7,9,beam_2,38,0.0563026000163517,18,0.0031279222231306,True
4,LARGE_MAZE,3497,3497,7,1,7,9,beam_3,38,0.0592407999793067,18,0.0032911555544059,True
4,LARGE_MAZE,3778,3778,7,10,2,1,greedy,38,0.0563023000140674,18,0.003127905556337,True
4,LARGE_MAZE,3778,3778,7,10,2,1,beam_2,38,0.0577028000261634,18,0.0032057111125646,True
4,LARGE_MAZE,3778,3778,7,10,2,1,beam_3,38,0.0609323999960906,18,0.0033851333331161,True
4,LARGE_MAZE,2418,2418,3,1,7,10,greedy,40,0.0531759000150486,19,0.0027987315797394,True
4,LARGE_MAZE,2418,2418,3,1,7,10,beam_2,40,0.061519099981524,19,0.0032378473674486,True
4,LARGE_MAZE,2418,2418,3,1,7,10,beam_3,40,0.065884499985259,19,0.003467605262382,True
4,LARGE_MAZE,3807,3807,7,10,7,1,greedy,40,0.0594846000312827,19,0.003130768422699,False
4,LARGE_MAZE,3807,3807,7,10,7,1,beam_2,40,0.0637042999733239,19,0.0033528578933328,True
4,LARGE_MAZE,3807,3807,7,10,7,1,beam_3,40,0.0627301000058651,19,0.003301584210835,True
