cv_fold,maze_name,episode_id,query_index,start_x,start_y,goal_x,goal_y,strategy,requested_steps,compute_seconds,steps_until_stop,seconds_per_step,goal_reached
1,OPEN,3,3,2,2,3,2,greedy,16,0.06384249997790903,16,0.003990156248619314,False
1,OPEN,3,3,2,2,3,2,beam_2,16,0.0031135999597609043,1,0.0031135999597609043,True
1,OPEN,3,3,2,2,3,2,beam_3,16,0.002746199956163764,1,0.002746199956163764,True
1,OPEN,32,32,2,4,2,5,greedy,16,0.0032253999961540103,1,0.0032253999961540103,True
1,OPEN,32,32,2,4,2,5,beam_2,16,0.0031617999775335193,1,0.0031617999775335193,True
1,OPEN,32,32,2,4,2,5,beam_3,16,0.002963899984024465,1,0.002963899984024465,True
1,OPEN,64,64,3,2,3,3,greedy,16,0.0030851999763399363,1,0.0030851999763399363,True
1,OPEN,64,64,3,2,3,3,beam_2,16,0.0029030999867245555,1,0.0029030999867245555,True
1,OPEN,64,64,3,2,3,3,beam_3,16,0.0028023000340908766,1,0.0028023000340908766,True
1,OPEN,83,83,3,3,4,3,greedy,16,0.05560269998386502,16,0.003475168748991564,False
1,OPEN,83,83,3,3,4,3,beam_2,16,0.0029728999943472445,1,0.0029728999943472445,True
1,OPEN,83,83,3,3,4,3,beam_3,16,0.0028879999881610274,1,0.0028879999881610274,True
1,OPEN,108,108,3,5,2,5,greedy,16,0.00884680001763627,3,0.0029489333392120898,True
1,OPEN,108,108,3,5,2,5,beam_2,16,0.0026285999920219183,1,0.0026285999920219183,True
1,OPEN,108,108,3,5,2,5,beam_3,16,0.0031350000062957406,1,0.0031350000062957406,True
1,OPEN,131,131,4,2,5,2,greedy,16,0.04264950001379475,13,0.003280730770291904,True
1,OPEN,131,131,4,2,5,2,beam_2,16,0.0028540000203065574,1,0.0028540000203065574,True
1,OPEN,131,131,4,2,5,2,beam_3,16,0.0023573999642394483,1,0.0023573999642394483,True
1,OPEN,156,156,4,4,3,4,greedy,16,0.0022384999901987612,1,0.0022384999901987612,True
1,OPEN,156,156,4,4,3,4,beam_2,16,0.0020693999831564724,1,0.0020693999831564724,True
1,OPEN,156,156,4,4,3,4,beam_3,16,0.0021644999505952,1,0.0021644999505952,True
1,OPEN,175,175,4,5,4,4,greedy,16,0.05040280002867803,16,0.003150175001792377,False
1,OPEN,175,175,4,5,4,4,beam_2,16,0.0031769000343047082,1,0.0031769000343047082,True
1,OPEN,175,175,4,5,4,4,beam_3,16,0.002814800012856722,1,0.002814800012856722,True
1,OPEN,207,207,5,3,5,2,greedy,16,0.003092800034210086,1,0.003092800034210086,True
1,OPEN,207,207,5,3,5,2,beam_2,16,0.0035796999582089484,1,0.0035796999582089484,True
1,OPEN,207,207,5,3,5,2,beam_3,16,0.0030396999791264534,1,0.0030396999791264534,True
1,OPEN,236,236,5,5,4,5,greedy,16,0.052563500008545816,16,0.0032852187505341135,False
1,OPEN,236,236,5,5,4,5,beam_2,16,0.0026310000102967024,1,0.0026310000102967024,True
1,OPEN,236,236,5,5,4,5,beam_3,16,0.002499599999282509,1,0.002499599999282509,True
1,OPEN,17,17,2,3,2,5,greedy,16,0.010712500021327287,4,0.0026781250053318217,True
1,OPEN,17,17,2,3,2,5,beam_2,16,0.012181899975985289,4,0.003045474993996322,True
1,OPEN,17,17,2,3,2,5,beam_3,16,0.006103099964093417,2,0.0030515499820467085,True
1,OPEN,34,34,2,4,3,3,greedy,16,0.0476889000274241,16,0.002980556251714006,False
1,OPEN,34,34,2,4,3,3,beam_2,16,0.005063900025561452,2,0.002531950012780726,True
1,OPEN,34,34,2,4,3,3,beam_3,16,0.0057465999852865934,2,0.0028732999926432967,True
1,OPEN,55,55,2,5,4,5,greedy,16,0.00512929999968037,2,0.002564649999840185,True
1,OPEN,55,55,2,5,4,5,beam_2,16,0.005147899966686964,2,0.002573949983343482,True
1,OPEN,55,55,2,5,4,5,beam_3,16,0.005765300011262298,2,0.002882650005631149,True
1,OPEN,75,75,3,3,2,2,greedy,16,0.0274078999646008,10,0.0027407899964600802,True
1,OPEN,75,75,3,3,2,2,beam_2,16,0.032393099972978234,10,0.0032393099972978234,True
1,OPEN,75,75,3,3,2,2,beam_3,16,0.03777149994857609,10,0.003777149994857609,True
1,OPEN,87,87,3,3,5,3,greedy,16,0.01562049996573478,6,0.0026034166609557965,True
1,OPEN,87,87,3,3,5,3,beam_2,16,0.005004199978429824,2,0.002502099989214912,True
1,OPEN,87,87,3,3,5,3,beam_3,16,0.005611200002022088,2,0.002805600001011044,True
1,OPEN,100,100,3,4,4,5,greedy,16,0.005288399988785386,2,0.002644199994392693,True
1,OPEN,100,100,3,4,4,5,beam_2,16,0.005495599994901568,2,0.002747799997450784,True
1,OPEN,100,100,3,4,4,5,beam_3,16,0.005572599999140948,2,0.002786299999570474,True
1,OPEN,119,119,3,5,5,5,greedy,16,0.01592109998455271,6,0.0026535166640921184,True
1,OPEN,119,119,3,5,5,5,beam_2,16,0.011557399993762374,4,0.0028893499984405935,True
1,OPEN,119,119,3,5,5,5,beam_3,16,0.0057690999819897115,2,0.0028845499909948558,True
1,OPEN,136,136,4,3,2,3,greedy,16,0.005065000033937395,2,0.0025325000169686973,True
1,OPEN,136,136,4,3,2,3,beam_2,16,0.004924800014123321,2,0.0024624000070616603,True
1,OPEN,136,136,4,3,2,3,beam_3,16,0.00561970000853762,2,0.00280985000426881,True
1,OPEN,148,148,4,3,5,4,greedy,16,0.004981599980965257,2,0.0024907999904826283,True
1,OPEN,148,148,4,3,5,4,beam_2,16,0.004636900033801794,2,0.002318450016900897,True
1,OPEN,148,148,4,3,5,4,beam_3,16,0.0058713999460451305,2,0.0029356999730225652,True
1,OPEN,162,162,4,4,5,3,greedy,16,0.004545500036329031,2,0.0022727500181645155,True
1,OPEN,162,162,4,4,5,3,beam_2,16,0.005051699990872294,2,0.002525849995436147,True
1,OPEN,162,162,4,4,5,3,beam_3,16,0.005647299985866994,2,0.002823649992933497,True
1,OPEN,178,178,4,5,5,4,greedy,16,0.020493999996688217,8,0.002561749999586027,True
1,OPEN,178,178,4,5,5,4,beam_2,16,0.00535900000249967,2,0.002679500001249835,True
1,OPEN,178,178,4,5,5,4,beam_3,16,0.005319599993526936,2,0.002659799996763468,True
1,OPEN,203,203,5,3,4,2,greedy,16,0.004480899951886386,2,0.002240449975943193,True
1,OPEN,203,203,5,3,4,2,beam_2,16,0.00501080002868548,2,0.00250540001434274,True
1,OPEN,203,203,5,3,4,2,beam_3,16,0.00510270002996549,2,0.002551350014982745,True
1,OPEN,221,221,5,4,4,5,greedy,16,0.004676400043535978,2,0.002338200021767989,True
1,OPEN,221,221,5,4,4,5,beam_2,16,0.0047294000396505,2,0.00236470001982525,True
1,OPEN,221,221,5,4,4,5,beam_3,16,0.005329700012225658,2,0.002664850006112829,True
1,OPEN,2,2,2,2,2,5,greedy,16,0.007104399963282049,3,0.002368133321094016,True
1,OPEN,2,2,2,2,2,5,beam_2,16,0.007847499975468963,3,0.0026158333251563213,True
1,OPEN,2,2,2,2,2,5,beam_3,16,0.008279900008346885,3,0.002759966669448962,True
1,OPEN,22,22,2,3,4,2,greedy,16,0.007245499989949167,3,0.002415166663316389,True
1,OPEN,22,22,2,3,4,2,beam_2,16,0.007817400037311018,3,0.002605800012437006,True
1,OPEN,22,22,2,3,4,2,beam_3,16,0.008748100022785366,3,0.0029160333409284553,True
1,OPEN,40,40,2,4,4,5,greedy,16,0.007122299983166158,3,0.0023740999943887195,True
1,OPEN,40,40,2,4,4,5,beam_2,16,0.008315000042784959,3,0.0027716666809283197,True
1,OPEN,40,40,2,4,4,5,beam_3,16,0.008815200009848922,3,0.002938400003282974,True
1,OPEN,59,59,2,5,5,5,greedy,16,0.0120145000400953,5,0.0024029000080190597,True
1,OPEN,59,59,2,5,5,5,beam_2,16,0.008285699994303286,3,0.002761899998101095,True
1,OPEN,59,59,2,5,5,5,beam_3,16,0.009244300017599016,3,0.003081433339199672,True
1,OPEN,78,78,3,3,2,5,greedy,16,0.008450400026049465,3,0.002816800008683155,True
1,OPEN,78,78,3,3,2,5,beam_2,16,0.008079599996563047,3,0.002693199998854349,True
1,OPEN,78,78,3,3,2,5,beam_3,16,0.00867479998851195,3,0.0028915999961706498,True
1,OPEN,97,97,3,4,4,2,greedy,16,0.017533699981868267,7,0.0025048142831240383,True
1,OPEN,97,97,3,4,4,2,beam_2,16,0.008063600049354136,3,0.0026878666831180453,True
1,OPEN,97,97,3,4,4,2,beam_3,16,0.008505100035108626,3,0.0028350333450362086,True
1,OPEN,113,113,3,5,4,3,greedy,16,0.007240200007800013,3,0.0024134000026000044,True
1,OPEN,113,113,3,5,4,3,beam_2,16,0.0077265999861992896,3,0.0025755333287330964,True
1,OPEN,113,113,3,5,4,3,beam_3,16,0.008850599988363683,3,0.0029501999961212277,True
1,OPEN,133,133,4,2,5,4,greedy,16,0.0073901999858208,3,0.0024633999952736,True
1,OPEN,133,133,4,2,5,4,beam_2,16,0.007967300014570355,3,0.002655766671523452,True
1,OPEN,133,133,4,2,5,4,beam_3,16,0.008221200027037412,3,0.0027404000090124705,True
1,OPEN,151,151,4,4,2,3,greedy,16,0.03622249996988103,13,0.00278634615152931,True
1,OPEN,151,151,4,4,2,3,beam_2,16,0.01637620001565665,5,0.00327524000313133,True
1,OPEN,151,151,4,4,2,3,beam_3,16,0.017207800003234297,5,0.0034415600006468595,True
1,OPEN,170,170,4,5,3,3,greedy,16,0.053817200008779764,16,0.0033635750005487353,False
1,OPEN,170,170,4,5,3,3,beam_2,16,0.010386299982201308,3,0.0034620999940671027,True
1,OPEN,170,170,4,5,3,3,beam_3,16,0.010782299970742315,3,0.003594099990247438,True
1,OPEN,190,190,5,2,4,4,greedy,16,0.010773999965749681,3,0.00359133332191656,True
1,OPEN,190,190,5,2,4,4,beam_2,16,0.011190099990926683,3,0.003730033330308894,True
1,OPEN,190,190,5,2,4,4,beam_3,16,0.009818799968343228,3,0.003272933322781076,True
1,OPEN,206,206,5,3,4,5,greedy,16,0.007747499970719218,3,0.0025824999902397394,True
1,OPEN,206,206,5,3,4,5,beam_2,16,0.008914000005461276,3,0.0029713333351537585,True
1,OPEN,206,206,5,3,4,5,beam_3,16,0.009221900021657348,3,0.0030739666738857827,True
1,OPEN,228,228,5,5,2,5,greedy,16,0.008243799966294318,3,0.002747933322098106,True
1,OPEN,228,228,5,5,2,5,beam_2,16,0.009799999999813735,3,0.0032666666666045785,True
1,OPEN,228,228,5,5,2,5,beam_3,16,0.010626300005242229,3,0.0035421000017474094,True
1,OPEN,9,9,2,2,4,4,greedy,16,0.04552360001252964,16,0.0028452250007831026,False
1,OPEN,9,9,2,2,4,4,beam_2,16,0.011028199980501086,4,0.0027570499951252714,True
1,OPEN,9,9,2,2,4,4,beam_3,16,0.011565099994186312,4,0.002891274998546578,True
1,OPEN,37,37,2,4,4,2,greedy,16,0.009379399998579174,4,0.0023448499996447936,True
1,OPEN,37,37,2,4,4,2,beam_2,16,0.01126469997689128,4,0.00281617499422282,True
1,OPEN,37,37,2,4,4,2,beam_3,16,0.013144199969246984,4,0.003286049992311746,True
1,OPEN,58,58,2,5,5,4,greedy,16,0.015523099980782717,6,0.0025871833301304528,True
1,OPEN,58,58,2,5,5,4,beam_2,16,0.010634500009473413,4,0.0026586250023683533,True
1,OPEN,58,58,2,5,5,4,beam_3,16,0.012380399974063039,4,0.0030950999935157597,True
1,OPEN,101,101,3,4,5,2,greedy,16,0.009717700013425201,4,0.0024294250033563003,True
1,OPEN,101,101,3,4,5,2,beam_2,16,0.011297599994577467,4,0.002824399998644367,True
1,OPEN,101,101,3,4,5,2,beam_3,16,0.012597399996593595,4,0.0031493499991483986,True
1,OPEN,127,127,4,2,3,5,greedy,16,0.009649900021031499,4,0.0024124750052578747,True
1,OPEN,127,127,4,2,3,5,beam_2,16,0.010969399998430163,4,0.0027423499996075407,True
1,OPEN,127,127,4,2,3,5,beam_3,16,0.011912899964954704,4,0.002978224991238676,True
1,OPEN,169,169,4,5,3,2,greedy,16,0.04263189999619499,16,0.0026644937497621868,False
1,OPEN,169,169,4,5,3,2,beam_2,16,0.018018700007814914,6,0.0030031166679691523,True
1,OPEN,169,169,4,5,3,2,beam_3,16,0.017910099995788187,6,0.002985016665964698,True
1,OPEN,195,195,5,3,2,2,greedy,16,0.04300969996256754,16,0.002688106247660471,False
1,OPEN,195,195,5,3,2,2,beam_2,16,0.050702700042165816,16,0.0031689187526353635,False
1,OPEN,195,195,5,3,2,2,beam_3,16,0.012572099978569895,4,0.0031430249946424738,True
1,OPEN,214,214,5,4,3,2,greedy,16,0.009558099962305278,4,0.0023895249905763194,True
1,OPEN,214,214,5,4,3,2,beam_2,16,0.011119999981019646,4,0.0027799999952549115,True
1,OPEN,214,214,5,4,3,2,beam_3,16,0.012092800054233521,4,0.0030232000135583803,True
1,OPEN,13,13,2,2,5,4,greedy,16,0.014386900002136827,5,0.0028773800004273653,True
1,OPEN,13,13,2,2,5,4,beam_2,16,0.014073400001507252,5,0.0028146800003014507,True
1,OPEN,13,13,2,2,5,4,beam_3,16,0.014819599979091436,5,0.002963919995818287,True
1,OPEN,74,74,3,2,5,5,greedy,16,0.012534700043033808,5,0.0025069400086067616,True
1,OPEN,74,74,3,2,5,5,beam_2,16,0.013985899975523353,5,0.0027971799951046704,True
1,OPEN,74,74,3,2,5,5,beam_3,16,0.014530499989632517,5,0.0029060999979265032,True
1,OPEN,187,187,5,2,3,5,greedy,16,0.012304000032600015,5,0.0024608000065200033,True
1,OPEN,187,187,5,2,3,5,beam_2,16,0.013340100005734712,5,0.0026680200011469425,True
1,OPEN,187,187,5,2,3,5,beam_3,16,0.015020799997728318,5,0.0030041599995456634,True
1,OPEN,14,14,2,2,5,5,greedy,16,0.014632800011895597,6,0.0024388000019825995,True
1,OPEN,14,14,2,2,5,5,beam_2,16,0.016669899981934577,6,0.002778316663655763,True
1,OPEN,14,14,2,2,5,5,beam_3,16,0.018206199980340898,6,0.00303436666339015,True
1,U_MAZE,243,243,2,2,3,2,greedy,16,0.01784600003156811,7,0.0025494285759383012,True
1,U_MAZE,243,243,2,2,3,2,beam_2,16,0.0020275000133551657,1,0.0020275000133551657,True
1,U_MAZE,243,243,2,2,3,2,beam_3,16,0.002106199972331524,1,0.002106199972331524,True
1,U_MAZE,269,269,2,5,2,4,greedy,16,0.0024181000189855695,1,0.0024181000189855695,True
1,U_MAZE,269,269,2,5,2,4,beam_2,16,0.0026165000163018703,1,0.0026165000163018703,True
1,U_MAZE,269,269,2,5,2,4,beam_3,16,0.0023151999921537936,1,0.0023151999921537936,True
1,U_MAZE,299,299,5,2,4,2,greedy,16,0.0025319999549537897,1,0.0025319999549537897,True
1,U_MAZE,299,299,5,2,4,2,beam_2,16,0.0023645999608561397,1,0.0023645999608561397,True
1,U_MAZE,299,299,5,2,4,2,beam_3,16,0.0022170000011101365,1,0.0022170000011101365,True
1,U_MAZE,320,320,5,4,5,5,greedy,16,0.0023035999620333314,1,0.0023035999620333314,True
1,U_MAZE,320,320,5,4,5,5,beam_2,16,0.0025372999953106046,1,0.0025372999953106046,True
1,U_MAZE,320,320,5,4,5,5,beam_3,16,0.0021421000128611922,1,0.0021421000128611922,True
1,U_MAZE,252,252,2,3,3,2,greedy,16,0.0048679999890737236,2,0.0024339999945368618,True
1,U_MAZE,252,252,2,3,3,2,beam_2,16,0.004807599994819611,2,0.0024037999974098057,True
1,U_MAZE,252,252,2,3,3,2,beam_3,16,0.005439299973659217,2,0.0027196499868296087,True
1,U_MAZE,285,285,4,2,2,2,greedy,16,0.02630590001353994,10,0.002630590001353994,True
1,U_MAZE,285,285,4,2,2,2,beam_2,16,0.005139399960171431,2,0.0025696999800857157,True
1,U_MAZE,285,285,4,2,2,2,beam_3,16,0.004780700022820383,2,0.0023903500114101917,True
1,U_MAZE,311,311,5,3,5,5,greedy,16,0.00456630002008751,2,0.002283150010043755,True
1,U_MAZE,311,311,5,3,5,5,beam_2,16,0.004893000004813075,2,0.0024465000024065375,True
1,U_MAZE,311,311,5,3,5,5,beam_3,16,0.00488490000134334,2,0.00244245000067167,True
1,U_MAZE,253,253,2,3,4,2,greedy,16,0.006987200002186,3,0.0023290666673953333,True
1,U_MAZE,253,253,2,3,4,2,beam_2,16,0.00781399995321408,3,0.00260466665107136,True
1,U_MAZE,253,253,2,3,4,2,beam_3,16,0.007769000018015504,3,0.0025896666726718345,True
1,U_MAZE,286,286,4,2,2,3,greedy,16,0.02706590003799647,11,0.002460536367090588,True
1,U_MAZE,286,286,4,2,2,3,beam_2,16,0.007626499980688095,3,0.002542166660229365,True
1,U_MAZE,286,286,4,2,2,3,beam_3,16,0.008063499990385026,3,0.002687833330128342,True
1,U_MAZE,317,317,5,4,4,2,greedy,16,0.007061499985866249,3,0.0023538333286220827,True
1,U_MAZE,317,317,5,4,4,2,beam_2,16,0.007437199994456023,3,0.0024790666648186743,True
1,U_MAZE,317,317,5,4,4,2,beam_3,16,0.008290800033137202,3,0.002763600011045734,True
1,U_MAZE,270,270,2,5,3,2,greedy,16,0.010662899992894381,4,0.0026657249982235953,True
1,U_MAZE,270,270,2,5,3,2,beam_2,16,0.012152800045441836,4,0.003038200011360459,True
1,U_MAZE,270,270,2,5,3,2,beam_3,16,0.011429699952714145,4,0.0028574249881785363,True
1,U_MAZE,295,295,5,2,2,3,greedy,16,0.025044600013643503,10,0.0025044600013643505,True
1,U_MAZE,295,295,5,2,2,3,beam_2,16,0.010868399986065924,4,0.002717099996516481,True
1,U_MAZE,295,295,5,2,2,3,beam_3,16,0.012305499985814095,4,0.0030763749964535236,True
1,U_MAZE,255,255,2,3,5,3,greedy,16,0.014070499979425222,5,0.002814099995885044,True
1,U_MAZE,255,255,2,3,5,3,beam_2,16,0.016864700010046363,5,0.0033729400020092726,True
1,U_MAZE,255,255,2,3,5,3,beam_3,16,0.017181499977596104,5,0.0034362999955192207,True
1,U_MAZE,296,296,5,2,2,4,greedy,16,0.029693299962673336,11,0.002699390905697576,True
1,U_MAZE,296,296,5,2,2,4,beam_2,16,0.015392700035590678,5,0.0030785400071181358,True
1,U_MAZE,296,296,5,2,2,4,beam_3,16,0.015331099973991513,5,0.0030662199947983026,True
1,U_MAZE,256,256,2,3,5,4,greedy,16,0.015466100012417883,6,0.0025776833354029804,True
1,U_MAZE,256,256,2,3,5,4,beam_2,16,0.019184799981303513,6,0.0031974666635505855,True
1,U_MAZE,256,256,2,3,5,4,beam_3,16,0.020698699983768165,6,0.0034497833306280277,True
1,U_MAZE,313,313,5,4,2,3,greedy,16,0.017637800017837435,6,0.002939633336306239,True
1,U_MAZE,313,313,5,4,2,3,beam_2,16,0.020812999980989844,6,0.003468833330164974,True
1,U_MAZE,313,313,5,4,2,3,beam_3,16,0.02259900001809001,6,0.0037665000030150018,True
1,U_MAZE,306,306,5,3,2,5,greedy,16,0.05155740003101528,16,0.003222337501938455,False
1,U_MAZE,306,306,5,3,2,5,beam_2,16,0.022448600037023425,7,0.003206942862431918,True
1,U_MAZE,306,306,5,3,2,5,beam_3,16,0.02596970001468435,7,0.003709957144954907,True
1,U_MAZE,315,315,5,4,2,5,greedy,18,0.02533069998025894,8,0.0031663374975323677,True
1,U_MAZE,315,315,5,4,2,5,beam_2,18,0.024083100026473403,8,0.0030103875033091754,True
1,U_MAZE,315,315,5,4,2,5,beam_3,18,0.024832600029185414,8,0.003104075003648177,True
1,SMALL_MAZE,423,423,2,3,2,2,greedy,16,0.002572899975348264,1,0.002572899975348264,True
1,SMALL_MAZE,423,423,2,3,2,2,beam_2,16,0.0022086999961175025,1,0.0022086999961175025,True
1,SMALL_MAZE,423,423,2,3,2,2,beam_3,16,0.002918300044257194,1,0.002918300044257194,True
1,SMALL_MAZE,432,432,5,2,5,3,greedy,16,0.0026997000095434487,1,0.0026997000095434487,True
1,SMALL_MAZE,432,432,5,2,5,3,beam_2,16,0.0025050000404007733,1,0.0025050000404007733,True
1,SMALL_MAZE,432,432,5,2,5,3,beam_3,16,0.002401100005954504,1,0.002401100005954504,True
1,SMALL_MAZE,443,443,5,5,5,4,greedy,16,0.002952700015157461,1,0.002952700015157461,True
1,SMALL_MAZE,443,443,5,5,5,4,beam_2,16,0.0022487000096589327,1,0.0022487000096589327,True
1,SMALL_MAZE,443,443,5,5,5,4,beam_3,16,0.002415599999949336,1,0.002415599999949336,True
1,SMALL_MAZE,433,433,5,2,5,4,greedy,16,0.0051018999656662345,2,0.0025509499828331172,True
1,SMALL_MAZE,433,433,5,2,5,4,beam_2,16,0.0052226000116206706,2,0.0026113000058103353,True
1,SMALL_MAZE,433,433,5,2,5,4,beam_3,16,0.004729999986011535,2,0.0023649999930057675,True
1,SMALL_MAZE,429,429,2,5,2,2,greedy,16,0.008337600040249527,3,0.0027792000134165087,True
1,SMALL_MAZE,429,429,2,5,2,2,beam_2,16,0.008554000000003725,3,0.002851333333334575,True
1,SMALL_MAZE,429,429,2,5,2,2,beam_3,16,0.008030100027099252,3,0.002676700009033084,True
1,MEDIUM_MAZE,447,447,1,1,2,1,greedy,16,0.002611299976706505,1,0.002611299976706505,True
1,MEDIUM_MAZE,447,447,1,1,2,1,beam_2,16,0.00211719999788329,1,0.00211719999788329,True
1,MEDIUM_MAZE,447,447,1,1,2,1,beam_3,16,0.00272910000057891,1,0.00272910000057891,True
1,MEDIUM_MAZE,521,521,1,6,1,5,greedy,16,0.002123100042808801,1,0.002123100042808801,True
1,MEDIUM_MAZE,521,521,1,6,1,5,beam_2,16,0.002166000020224601,1,0.002166000020224601,True
1,MEDIUM_MAZE,521,521,1,6,1,5,beam_3,16,0.0024957999703474343,1,0.0024957999703474343,True
1,MEDIUM_MAZE,573,573,2,2,2,1,greedy,16,0.04358180001145229,16,0.002723862500715768,False
1,MEDIUM_MAZE,573,573,2,2,2,1,beam_2,16,0.002241100009996444,1,0.002241100009996444,True
1,MEDIUM_MAZE,573,573,2,2,2,1,beam_3,16,0.0021496000117622316,1,0.0021496000117622316,True
1,MEDIUM_MAZE,626,626,2,5,2,6,greedy,16,0.035350099962670356,13,0.0027192384586669505,True
1,MEDIUM_MAZE,626,626,2,5,2,6,beam_2,16,0.0031749000190757215,1,0.0031749000190757215,True
1,MEDIUM_MAZE,626,626,2,5,2,6,beam_3,16,0.0023110000183805823,1,0.0023110000183805823,True
1,MEDIUM_MAZE,678,678,3,3,3,4,greedy,16,0.002894699980970472,1,0.002894699980970472,True
1,MEDIUM_MAZE,678,678,3,3,3,4,beam_2,16,0.0021315999911166728,1,0.0021315999911166728,True
1,MEDIUM_MAZE,678,678,3,3,3,4,beam_3,16,0.0020583999576047063,1,0.0020583999576047063,True
1,MEDIUM_MAZE,729,729,3,5,3,4,greedy,16,0.002792599960230291,1,0.002792599960230291,True
1,MEDIUM_MAZE,729,729,3,5,3,4,beam_2,16,0.0024488000199198723,1,0.0024488000199198723,True
1,MEDIUM_MAZE,729,729,3,5,3,4,beam_3,16,0.0022841999889351428,1,0.0022841999889351428,True
1,MEDIUM_MAZE,782,782,4,2,4,3,greedy,16,0.0026360999909229577,1,0.0026360999909229577,True
1,MEDIUM_MAZE,782,782,4,2,4,3,beam_2,16,0.0021995999850332737,1,0.0021995999850332737,True
1,MEDIUM_MAZE,782,782,4,2,4,3,beam_3,16,0.0021900999709032476,1,0.0021900999709032476,True
1,MEDIUM_MAZE,834,834,4,5,4,6,greedy,16,0.02433220000239089,9,0.002703577778043432,True
1,MEDIUM_MAZE,834,834,4,5,4,6,beam_2,16,0.0021152999834157526,1,0.0021152999834157526,True
1,MEDIUM_MAZE,834,834,4,5,4,6,beam_3,16,0.0025118999765254557,1,0.0025118999765254557,True
1,MEDIUM_MAZE,908,908,5,3,4,3,greedy,16,0.041534500021953136,16,0.002595906251372071,False
1,MEDIUM_MAZE,908,908,5,3,4,3,beam_2,16,0.0021250999998301268,1,0.0021250999998301268,True
1,MEDIUM_MAZE,908,908,5,3,4,3,beam_3,16,0.0020906999707221985,1,0.0020906999707221985,True
1,MEDIUM_MAZE,968,968,5,6,6,6,greedy,16,0.002328299975488335,1,0.002328299975488335,True
1,MEDIUM_MAZE,968,968,5,6,6,6,beam_2,16,0.002378300006967038,1,0.002378300006967038,True
1,MEDIUM_MAZE,968,968,5,6,6,6,beam_3,16,0.0023808999685570598,1,0.0023808999685570598,True
1,MEDIUM_MAZE,1042,1042,6,4,6,5,greedy,16,0.002084399980958551,1,0.002084399980958551,True
1,MEDIUM_MAZE,1042,1042,6,4,6,5,beam_2,16,0.002431500004604459,1,0.002431500004604459,True
1,MEDIUM_MAZE,1042,1042,6,4,6,5,beam_3,16,0.0022664000280201435,1,0.0022664000280201435,True
1,MEDIUM_MAZE,448,448,1,1,2,2,greedy,16,0.00441970000974834,2,0.00220985000487417,True
1,MEDIUM_MAZE,448,448,1,1,2,2,beam_2,16,0.005064300028607249,2,0.0025321500143036246,True
1,MEDIUM_MAZE,448,448,1,1,2,2,beam_3,16,0.005252100003417581,2,0.0026260500017087907,True
1,MEDIUM_MAZE,525,525,1,6,2,5,greedy,16,0.004328000009991229,2,0.0021640000049956143,True
1,MEDIUM_MAZE,525,525,1,6,2,5,beam_2,16,0.0051327000255696476,2,0.0025663500127848238,True
1,MEDIUM_MAZE,525,525,1,6,2,5,beam_3,16,0.0051043000421486795,2,0.0025521500210743397,True
1,MEDIUM_MAZE,595,595,2,3,1,2,greedy,16,0.04315579996909946,16,0.0026972374980687164,False
1,MEDIUM_MAZE,595,595,2,3,1,2,beam_2,16,0.04801299999235198,16,0.0030008124995219987,False
1,MEDIUM_MAZE,595,595,2,3,1,2,beam_3,16,0.0055044000037014484,2,0.0027522000018507242,True
1,MEDIUM_MAZE,628,628,2,5,3,4,greedy,16,0.004980999976396561,2,0.0024904999881982803,True
1,MEDIUM_MAZE,628,628,2,5,3,4,beam_2,16,0.00527149997651577,2,0.002635749988257885,True
1,MEDIUM_MAZE,628,628,2,5,3,4,beam_3,16,0.00532039999961853,2,0.002660199999809265,True
1,MEDIUM_MAZE,679,679,3,3,3,5,greedy,16,0.005379799986258149,2,0.0026898999931290746,True
1,MEDIUM_MAZE,679,679,3,3,3,5,beam_2,16,0.004731299995910376,2,0.002365649997955188,True
1,MEDIUM_MAZE,679,679,3,3,3,5,beam_3,16,0.005098800000268966,2,0.002549400000134483,True
1,MEDIUM_MAZE,707,707,3,4,4,3,greedy,16,0.004502800002228469,2,0.0022514000011142343,True
1,MEDIUM_MAZE,707,707,3,4,4,3,beam_2,16,0.005125599971506745,2,0.0025627999857533723,True
1,MEDIUM_MAZE,707,707,3,4,4,3,beam_3,16,0.005110999976750463,2,0.0025554999883752316,True
1,MEDIUM_MAZE,734,734,3,5,4,6,greedy,16,0.004439300042577088,2,0.002219650021288544,True
1,MEDIUM_MAZE,734,734,3,5,4,6,beam_2,16,0.004668899986427277,2,0.0023344499932136387,True
1,MEDIUM_MAZE,734,734,3,5,4,6,beam_3,16,0.0050956999766640365,2,0.0025478499883320183,True
1,MEDIUM_MAZE,786,786,4,2,5,3,greedy,16,0.004223399970214814,2,0.002111699985107407,True
1,MEDIUM_MAZE,786,786,4,2,5,3,beam_2,16,0.005018400028347969,2,0.0025092000141739845,True
1,MEDIUM_MAZE,786,786,4,2,5,3,beam_3,16,0.004672000010032207,2,0.0023360000050161034,True
1,MEDIUM_MAZE,826,826,4,5,2,5,greedy,16,0.00468340003862977,2,0.002341700019314885,True
1,MEDIUM_MAZE,826,826,4,5,2,5,beam_2,16,0.005089699989184737,2,0.0025448499945923686,True
1,MEDIUM_MAZE,826,826,4,5,2,5,beam_3,16,0.004869399999734014,2,0.002434699999867007,True
1,MEDIUM_MAZE,882,882,5,1,4,2,greedy,16,0.004699199984315783,2,0.0023495999921578914,True
1,MEDIUM_MAZE,882,882,5,1,4,2,beam_2,16,0.0046888000215403736,2,0.0023444000107701868,True
1,MEDIUM_MAZE,882,882,5,1,4,2,beam_3,16,0.0056841999758034945,2,0.0028420999879017472,True
1,MEDIUM_MAZE,933,933,5,4,4,3,greedy,16,0.005107599950861186,2,0.002553799975430593,True
1,MEDIUM_MAZE,933,933,5,4,4,3,beam_2,16,0.0047491000150330365,2,0.0023745500075165182,True
1,MEDIUM_MAZE,933,933,5,4,4,3,beam_3,16,0.006665300054010004,2,0.003332650027005002,True
1,MEDIUM_MAZE,1011,1011,6,2,5,1,greedy,16,0.0073111000237986445,2,0.0036555500118993223,True
1,MEDIUM_MAZE,1011,1011,6,2,5,1,beam_2,16,0.006651299947407097,2,0.0033256499737035483,True
1,MEDIUM_MAZE,1011,1011,6,2,5,1,beam_3,16,0.00566849997267127,2,0.002834249986335635,True
1,MEDIUM_MAZE,1085,1085,6,6,4,6,greedy,16,0.04220790002727881,16,0.0026379937517049257,False
1,MEDIUM_MAZE,1085,1085,6,6,4,6,beam_2,16,0.004946700006257743,2,0.0024733500031288713,True
1,MEDIUM_MAZE,1085,1085,6,6,4,6,beam_3,16,0.005907599988859147,2,0.0029537999944295734,True
1,MEDIUM_MAZE,508,508,1,5,4,5,greedy,16,0.010090099996887147,3,0.0033633666656290493,True
1,MEDIUM_MAZE,508,508,1,5,4,5,beam_2,16,0.0123164999531582,3,0.004105499984386067,True
1,MEDIUM_MAZE,508,508,1,5,4,5,beam_3,16,0.008894900034647435,3,0.0029649666782158115,True
1,MEDIUM_MAZE,594,594,2,3,1,1,greedy,16,0.04535760002909228,16,0.0028348500018182676,False
1,MEDIUM_MAZE,594,594,2,3,1,1,beam_2,16,0.008364600013010204,3,0.0027882000043367348,True
1,MEDIUM_MAZE,594,594,2,3,1,1,beam_3,16,0.010016700020059943,3,0.003338900006686648,True
1,MEDIUM_MAZE,634,634,2,5,4,6,greedy,16,0.008118199999444187,3,0.0027060666664813957,True
1,MEDIUM_MAZE,634,634,2,5,4,6,beam_2,16,0.008989299996756017,3,0.0029964333322520056,True
1,MEDIUM_MAZE,634,634,2,5,4,6,beam_3,16,0.010882800037506968,3,0.0036276000125023224,True
1,MEDIUM_MAZE,676,676,3,3,2,5,greedy,16,0.008477499999571592,3,0.0028258333331905305,True
1,MEDIUM_MAZE,676,676,3,3,2,5,beam_2,16,0.008464300015475601,3,0.002821433338491867,True
1,MEDIUM_MAZE,676,676,3,3,2,5,beam_3,16,0.008607399999164045,3,0.0028691333330546818,True
1,MEDIUM_MAZE,699,699,3,4,2,2,greedy,16,0.053852499986533076,16,0.0033657812491583172,False
1,MEDIUM_MAZE,699,699,3,4,2,2,beam_2,16,0.009699799993541092,3,0.0032332666645136974,True
1,MEDIUM_MAZE,699,699,3,4,2,2,beam_3,16,0.010263900039717555,3,0.003421300013239185,True
1,MEDIUM_MAZE,722,722,3,5,1,6,greedy,16,0.008758199983276427,3,0.0029193999944254756,True
1,MEDIUM_MAZE,722,722,3,5,1,6,beam_2,16,0.009465600014664233,3,0.0031552000048880777,True
1,MEDIUM_MAZE,722,722,3,5,1,6,beam_3,16,0.011339400021824986,3,0.003779800007274995,True
1,MEDIUM_MAZE,761,761,4,1,5,3,greedy,16,0.05456620000768453,16,0.003410387500480283,False
1,MEDIUM_MAZE,761,761,4,1,5,3,beam_2,16,0.010125499975401908,3,0.0033751666584673026,True
1,MEDIUM_MAZE,761,761,4,1,5,3,beam_3,16,0.010625399998389184,3,0.0035417999994630613,True
1,MEDIUM_MAZE,789,789,4,2,6,1,greedy,16,0.05688069999450818,16,0.003555043749656761,False
1,MEDIUM_MAZE,789,789,4,2,6,1,beam_2,16,0.010519700008444488,3,0.003506566669481496,True
1,MEDIUM_MAZE,789,789,4,2,6,1,beam_3,16,0.0105978999636136,3,0.0035326333212045333,True
1,MEDIUM_MAZE,821,821,4,5,1,5,greedy,16,0.008928299997933209,3,0.0029760999993110695,True
1,MEDIUM_MAZE,821,821,4,5,1,5,beam_2,16,0.009487500006798655,3,0.0031625000022662184,True
1,MEDIUM_MAZE,821,821,4,5,1,5,beam_3,16,0.010681699961423874,3,0.003560566653807958,True
1,MEDIUM_MAZE,854,854,4,6,3,4,greedy,16,0.023321599990595132,7,0.0033316571415135904,True
1,MEDIUM_MAZE,854,854,4,6,3,4,beam_2,16,0.010033699974883348,3,0.003344566658294449,True
1,MEDIUM_MAZE,854,854,4,6,3,4,beam_3,16,0.008967700006905943,3,0.0029892333356353142,True
1,MEDIUM_MAZE,906,906,5,3,4,1,greedy,16,0.05409900000086054,16,0.003381187500053784,False
1,MEDIUM_MAZE,906,906,5,3,4,1,beam_2,16,0.01122899999609217,3,0.0037429999986973903,True
1,MEDIUM_MAZE,906,906,5,3,4,1,beam_3,16,0.009539299993775785,3,0.0031797666645919285,True
1,MEDIUM_MAZE,955,955,5,6,3,5,greedy,16,0.008741899975575507,3,0.002913966658525169,True
1,MEDIUM_MAZE,955,955,5,6,3,5,beam_2,16,0.008260699978563935,3,0.0027535666595213115,True
1,MEDIUM_MAZE,955,955,5,6,3,5,beam_3,16,0.009135000000242144,3,0.0030450000000807145,True
1,MEDIUM_MAZE,1039,1039,6,4,5,6,greedy,16,0.00792949995957315,3,0.00264316665319105,True
1,MEDIUM_MAZE,1039,1039,6,4,5,6,beam_2,16,0.008807100006379187,3,0.0029357000021263957,True
1,MEDIUM_MAZE,1039,1039,6,4,5,6,beam_3,16,0.008999900019261986,3,0.0029999666730873287,True
1,MEDIUM_MAZE,452,452,1,1,3,3,greedy,16,0.010479099990334362,4,0.0026197749975835904,True
1,MEDIUM_MAZE,452,452,1,1,3,3,beam_2,16,0.012504899990744889,4,0.003126224997686222,True
1,MEDIUM_MAZE,452,452,1,1,3,3,beam_3,16,0.0114987000124529,4,0.002874675003113225,True
1,MEDIUM_MAZE,528,528,1,6,3,4,greedy,16,0.0116291000158526,4,0.00290727500396315,True
1,MEDIUM_MAZE,528,528,1,6,3,4,beam_2,16,0.011744400020688772,4,0.002936100005172193,True
1,MEDIUM_MAZE,528,528,1,6,3,4,beam_3,16,0.012016199994832277,4,0.0030040499987080693,True
1,MEDIUM_MAZE,581,581,2,2,4,2,greedy,16,0.010085699963383377,4,0.002521424990845844,True
1,MEDIUM_MAZE,581,581,2,2,4,2,beam_2,16,0.010893600003328174,4,0.0027234000008320436,True
1,MEDIUM_MAZE,581,581,2,2,4,2,beam_3,16,0.011417599976994097,4,0.0028543999942485243,True
1,MEDIUM_MAZE,612,612,2,3,5,4,greedy,16,0.009964900033082813,4,0.0024912250082707033,True
1,MEDIUM_MAZE,612,612,2,3,5,4,beam_2,16,0.010401500039733946,4,0.0026003750099334866,True
1,MEDIUM_MAZE,612,612,2,3,5,4,beam_3,16,0.01139790000161156,4,0.00284947500040289,True
1,MEDIUM_MAZE,659,659,2,6,4,6,greedy,16,0.010451900016050786,4,0.0026129750040126964,True
1,MEDIUM_MAZE,659,659,2,6,4,6,beam_2,16,0.011364499980118126,4,0.0028411249950295314,True
1,MEDIUM_MAZE,659,659,2,6,4,6,beam_3,16,0.011771299992688,4,0.002942824998172,True
1,MEDIUM_MAZE,685,685,3,3,5,1,greedy,16,0.010006500000599772,4,0.002501625000149943,True
1,MEDIUM_MAZE,685,685,3,3,5,1,beam_2,16,0.012391800002660602,4,0.0030979500006651506,True
1,MEDIUM_MAZE,685,685,3,3,5,1,beam_3,16,0.013281299965456128,4,0.003320324991364032,True
1,MEDIUM_MAZE,705,705,3,4,4,1,greedy,16,0.009567200031597167,4,0.002391800007899292,True
1,MEDIUM_MAZE,705,705,3,4,4,1,beam_2,16,0.010795200010761619,4,0.0026988000026904047,True
1,MEDIUM_MAZE,705,705,3,4,4,1,beam_3,16,0.011378300026990473,4,0.0028445750067476183,True
1,MEDIUM_MAZE,736,736,3,5,5,3,greedy,16,0.010368700022809207,4,0.002592175005702302,True
1,MEDIUM_MAZE,736,736,3,5,5,3,beam_2,16,0.01162760000443086,4,0.002906900001107715,True
1,MEDIUM_MAZE,736,736,3,5,5,3,beam_3,16,0.01265429996419698,4,0.003163574991049245,True
1,MEDIUM_MAZE,774,774,4,2,2,2,greedy,16,0.04972070001531392,16,0.00310754375095712,False
1,MEDIUM_MAZE,774,774,4,2,2,2,beam_2,16,0.05701399996178225,16,0.0035633749976113904,False
1,MEDIUM_MAZE,774,774,4,2,2,2,beam_3,16,0.011822299973573536,4,0.002955574993393384,True
1,MEDIUM_MAZE,798,798,4,3,2,1,greedy,16,0.013272600015625358,4,0.0033181500039063394,True
1,MEDIUM_MAZE,798,798,4,3,2,1,beam_2,16,0.013637600000947714,4,0.0034094000002369285,True
1,MEDIUM_MAZE,798,798,4,3,2,1,beam_3,16,0.012077399995177984,4,0.003019349998794496,True
1,MEDIUM_MAZE,822,822,4,5,1,6,greedy,16,0.010083200002554804,4,0.002520800000638701,True
1,MEDIUM_MAZE,822,822,4,5,1,6,beam_2,16,0.01143800001591444,4,0.00285950000397861,True
1,MEDIUM_MAZE,822,822,4,5,1,6,beam_3,16,0.011817499995231628,4,0.002954374998807907,True
1,MEDIUM_MAZE,852,852,4,6,2,6,greedy,16,0.01448859996162355,4,0.0036221499904058874,True
1,MEDIUM_MAZE,852,852,4,6,2,6,beam_2,16,0.013346599997021258,4,0.0033366499992553145,True
1,MEDIUM_MAZE,852,852,4,6,2,6,beam_3,16,0.012457899982109666,4,0.0031144749955274165,True
1,MEDIUM_MAZE,899,899,5,3,2,2,greedy,16,0.04423360002692789,16,0.002764600001682993,False
1,MEDIUM_MAZE,899,899,5,3,2,2,beam_2,16,0.011617899988777936,4,0.002904474997194484,True
1,MEDIUM_MAZE,899,899,5,3,2,2,beam_3,16,0.011637099960353225,4,0.0029092749900883064,True
1,MEDIUM_MAZE,929,929,5,4,3,4,greedy,16,0.05029039998771623,16,0.0031431499992322642,False
1,MEDIUM_MAZE,929,929,5,4,3,4,beam_2,16,0.023546500015072525,8,0.0029433125018840656,True
1,MEDIUM_MAZE,929,929,5,4,3,4,beam_3,16,0.01194299996132031,4,0.0029857499903300777,True
1,MEDIUM_MAZE,963,963,5,6,5,4,greedy,16,0.020596400019712746,8,0.0025745500024640933,True
1,MEDIUM_MAZE,963,963,5,6,5,4,beam_2,16,0.010213800007477403,4,0.0025534500018693507,True
1,MEDIUM_MAZE,963,963,5,6,5,4,beam_3,16,0.011475300008896738,4,0.0028688250022241846,True
1,MEDIUM_MAZE,1035,1035,6,4,4,6,greedy,16,0.009736000036355108,4,0.002434000009088777,True
1,MEDIUM_MAZE,1035,1035,6,4,4,6,beam_2,16,0.010319599998183548,4,0.002579899999545887,True
1,MEDIUM_MAZE,1035,1035,6,4,4,6,beam_3,16,0.011396299989428371,4,0.002849074997357093,True
1,MEDIUM_MAZE,453,453,1,1,3,4,greedy,16,0.012961999978870153,5,0.0025923999957740305,True
1,MEDIUM_MAZE,453,453,1,1,3,4,beam_2,16,0.014656500017736107,5,0.0029313000035472215,True
1,MEDIUM_MAZE,453,453,1,1,3,4,beam_3,16,0.01855129998875782,5,0.0037102599977515637,True
1,MEDIUM_MAZE,499,499,1,5,2,3,greedy,16,0.05110149999381974,16,0.003193843749613734,False
1,MEDIUM_MAZE,499,499,1,5,2,3,beam_2,16,0.01582650002092123,5,0.003165300004184246,True
1,MEDIUM_MAZE,499,499,1,5,2,3,beam_3,16,0.016055400017648935,5,0.003211080003529787,True
1,MEDIUM_MAZE,554,554,2,1,3,5,greedy,16,0.018605699995532632,7,0.0026579571422189474,True
1,MEDIUM_MAZE,554,554,2,1,3,5,beam_2,16,0.014734899974428117,5,0.0029469799948856233,True
1,MEDIUM_MAZE,554,554,2,1,3,5,beam_3,16,0.01637029997073114,5,0.0032740599941462277,True
1,MEDIUM_MAZE,583,583,2,2,4,5,greedy,16,0.016063900024164468,5,0.003212780004832894,True
1,MEDIUM_MAZE,583,583,2,2,4,5,beam_2,16,0.014498300035484135,5,0.002899660007096827,True
1,MEDIUM_MAZE,583,583,2,2,4,5,beam_3,16,0.01525009999750182,5,0.003050019999500364,True
1,MEDIUM_MAZE,610,610,2,3,5,1,greedy,16,0.01663540001027286,5,0.0033270800020545723,True
1,MEDIUM_MAZE,610,610,2,3,5,1,beam_2,16,0.021089599991682917,5,0.004217919998336583,True
1,MEDIUM_MAZE,610,610,2,3,5,1,beam_3,16,0.018450699979439378,5,0.0036901399958878755,True
1,MEDIUM_MAZE,643,643,2,5,6,6,greedy,16,0.013964900048449636,5,0.0027929800096899273,True
1,MEDIUM_MAZE,643,643,2,5,6,6,beam_2,16,0.016169500013347715,5,0.003233900002669543,True
1,MEDIUM_MAZE,643,643,2,5,6,6,beam_3,16,0.01797019998775795,5,0.00359403999755159,True
1,MEDIUM_MAZE,688,688,3,3,5,6,greedy,16,0.01610209996579215,5,0.00322041999315843,True
1,MEDIUM_MAZE,688,688,3,3,5,6,beam_2,16,0.018199600046500564,5,0.003639920009300113,True
1,MEDIUM_MAZE,688,688,3,3,5,6,beam_3,16,0.01659239997388795,5,0.00331847999477759,True
1,MEDIUM_MAZE,716,716,3,4,6,4,greedy,16,0.0134781000087969,5,0.00269562000175938,True
1,MEDIUM_MAZE,716,716,3,4,6,4,beam_2,16,0.01677170000039041,5,0.003354340000078082,True
1,MEDIUM_MAZE,716,716,3,4,6,4,beam_3,16,0.017686599981971085,5,0.003537319996394217,True
1,MEDIUM_MAZE,737,737,3,5,5,4,greedy,16,0.02008480002405122,7,0.002869257146293031,True
1,MEDIUM_MAZE,737,737,3,5,5,4,beam_2,16,0.014520399970933795,5,0.002904079994186759,True
1,MEDIUM_MAZE,737,737,3,5,5,4,beam_3,16,0.014701000007335097,5,0.0029402000014670192,True
1,MEDIUM_MAZE,770,770,4,2,1,2,greedy,16,0.012924399983603507,5,0.0025848799967207016,True
1,MEDIUM_MAZE,770,770,4,2,1,2,beam_2,16,0.014400999993085861,5,0.0028801999986171724,True
1,MEDIUM_MAZE,770,770,4,2,1,2,beam_3,16,0.014699599996674806,5,0.002939919999334961,True
1,MEDIUM_MAZE,794,794,4,3,1,1,greedy,16,0.012251200038008392,5,0.002450240007601678,True
1,MEDIUM_MAZE,794,794,4,3,1,1,beam_2,16,0.01497620000736788,5,0.0029952400014735757,True
1,MEDIUM_MAZE,794,794,4,3,1,1,beam_3,16,0.014048799988813698,5,0.00280975999776274,True
1,MEDIUM_MAZE,818,818,4,3,6,6,greedy,16,0.012090999982319772,5,0.0024181999964639545,True
1,MEDIUM_MAZE,818,818,4,3,6,6,beam_2,16,0.013886399974580854,5,0.002777279994916171,True
1,MEDIUM_MAZE,818,818,4,3,6,6,beam_3,16,0.01448259997414425,5,0.00289651999482885,True
1,MEDIUM_MAZE,847,847,4,6,1,6,greedy,16,0.013569000002462417,5,0.0027138000004924834,True
1,MEDIUM_MAZE,847,847,4,6,1,6,beam_2,16,0.014541200012899935,5,0.002908240002579987,True
1,MEDIUM_MAZE,847,847,4,6,1,6,beam_3,16,0.01412710000295192,5,0.002825420000590384,True
1,MEDIUM_MAZE,879,879,5,1,3,4,greedy,16,0.013144200027454644,5,0.002628840005490929,True
1,MEDIUM_MAZE,879,879,5,1,3,4,beam_2,16,0.01667240000097081,5,0.0033344800001941623,True
1,MEDIUM_MAZE,879,879,5,1,3,4,beam_3,16,0.01840900001116097,5,0.003681800002232194,True
1,MEDIUM_MAZE,909,909,5,3,4,5,greedy,16,0.018897399946581572,7,0.0026996285637973677,True
1,MEDIUM_MAZE,909,909,5,3,4,5,beam_2,16,0.013296399964019656,5,0.002659279992803931,True
1,MEDIUM_MAZE,909,909,5,3,4,5,beam_3,16,0.01613589999033138,5,0.0032271799980662765,True
1,MEDIUM_MAZE,935,935,5,4,4,6,greedy,16,0.013238399988040328,5,0.0026476799976080656,True
1,MEDIUM_MAZE,935,935,5,4,4,6,beam_2,16,0.01446179999038577,5,0.002892359998077154,True
1,MEDIUM_MAZE,935,935,5,4,4,6,beam_3,16,0.014295800006948411,5,0.002859160001389682,True
1,MEDIUM_MAZE,962,962,5,6,5,3,greedy,16,0.04196100000990555,16,0.0026225625006190967,False
1,MEDIUM_MAZE,962,962,5,6,5,3,beam_2,16,0.02111440000589937,7,0.0030163428579856244,True
1,MEDIUM_MAZE,962,962,5,6,5,3,beam_3,16,0.01614789996528998,5,0.003229579993057996,True
1,MEDIUM_MAZE,1029,1029,6,4,3,4,greedy,16,0.03939559997525066,15,0.0026263733316833774,True
1,MEDIUM_MAZE,1029,1029,6,4,3,4,beam_2,16,0.013517500017769635,5,0.002703500003553927,True
1,MEDIUM_MAZE,1029,1029,6,4,3,4,beam_3,16,0.014227500010747463,5,0.0028455000021494923,True
1,MEDIUM_MAZE,1057,1057,6,5,4,2,greedy,16,0.04265099996700883,16,0.002665687497938052,False
1,MEDIUM_MAZE,1057,1057,6,5,4,2,beam_2,16,0.04787069995654747,16,0.002991918747284217,False
1,MEDIUM_MAZE,1057,1057,6,5,4,2,beam_3,16,0.014399499981664121,5,0.0028798999963328244,True
1,MEDIUM_MAZE,456,456,1,1,4,2,greedy,16,0.017795099993236363,6,0.002965849998872727,True
1,MEDIUM_MAZE,456,456,1,1,4,2,beam_2,16,0.01946550002321601,6,0.0032442500038693347,True
1,MEDIUM_MAZE,456,456,1,1,4,2,beam_3,16,0.018290200037881732,6,0.0030483666729802885,True
1,MEDIUM_MAZE,487,487,1,2,5,4,greedy,16,0.015870500006712973,6,0.002645083334452162,True
1,MEDIUM_MAZE,487,487,1,2,5,4,beam_2,16,0.01979150000261143,6,0.0032985833337685713,True
1,MEDIUM_MAZE,487,487,1,2,5,4,beam_3,16,0.01856439997209236,6,0.0030940666620153934,True
1,MEDIUM_MAZE,524,524,1,6,2,3,greedy,16,0.04273380001541227,16,0.002670862500963267,False
1,MEDIUM_MAZE,524,524,1,6,2,3,beam_2,16,0.017536600003950298,6,0.0029227666673250496,True
1,MEDIUM_MAZE,524,524,1,6,2,3,beam_3,16,0.017621100007090718,6,0.0029368500011817864,True
1,MEDIUM_MAZE,558,558,2,1,4,5,greedy,16,0.04503579996526241,16,0.002814737497828901,False
1,MEDIUM_MAZE,558,558,2,1,4,5,beam_2,16,0.017473399988375604,6,0.002912233331395934,True
1,MEDIUM_MAZE,558,558,2,1,4,5,beam_3,16,0.017822499969042838,6,0.0029704166615071395,True
1,MEDIUM_MAZE,585,585,2,2,5,1,greedy,16,0.015639399993233383,6,0.0026065666655388973,True
1,MEDIUM_MAZE,585,585,2,2,5,1,beam_2,16,0.019302800006698817,6,0.003217133334449803,True
1,MEDIUM_MAZE,585,585,2,2,5,1,beam_3,16,0.019307699985802174,6,0.0032179499976336956,True
1,MEDIUM_MAZE,617,617,2,3,6,5,greedy,16,0.015372599998954684,6,0.0025620999998257807,True
1,MEDIUM_MAZE,617,617,2,3,6,5,beam_2,16,0.01680750004015863,6,0.0028012500066931048,True
1,MEDIUM_MAZE,617,617,2,3,6,5,beam_3,16,0.019148799998220056,6,0.0031914666663700095,True
1,MEDIUM_MAZE,642,642,2,5,6,5,greedy,16,0.015673600020818412,6,0.002612266670136402,True
1,MEDIUM_MAZE,642,642,2,5,6,5,beam_2,16,0.017412399989552796,6,0.002902066664925466,True
1,MEDIUM_MAZE,642,642,2,5,6,5,beam_3,16,0.019988999993074685,6,0.0033314999988457807,True
1,MEDIUM_MAZE,690,690,3,3,6,2,greedy,16,0.05436319997534156,16,0.0033976999984588474,False
1,MEDIUM_MAZE,690,690,3,3,6,2,beam_2,16,0.02013799996348098,6,0.00335633332724683,True
1,MEDIUM_MAZE,690,690,3,3,6,2,beam_3,16,0.022084399999585003,6,0.003680733333264167,True
1,MEDIUM_MAZE,735,735,3,5,5,1,greedy,16,0.02009230002295226,6,0.0033487166704920432,True
1,MEDIUM_MAZE,735,735,3,5,5,1,beam_2,16,0.020753999997396022,6,0.0034589999995660037,True
1,MEDIUM_MAZE,735,735,3,5,5,1,beam_3,16,0.019343399966601282,6,0.003223899994433547,True
1,MEDIUM_MAZE,758,758,4,1,4,5,greedy,16,0.01834089995827526,6,0.0030568166597125432,True
1,MEDIUM_MAZE,758,758,4,1,4,5,beam_2,16,0.018079600005876273,6,0.0030132666676460453,True
1,MEDIUM_MAZE,758,758,4,1,4,5,beam_3,16,0.021503500000108033,6,0.0035839166666846722,True
1,MEDIUM_MAZE,784,784,4,2,4,6,greedy,16,0.016598699963651597,6,0.002766449993941933,True
1,MEDIUM_MAZE,784,784,4,2,4,6,beam_2,16,0.016787400003522635,6,0.0027979000005871058,True
1,MEDIUM_MAZE,784,784,4,2,4,6,beam_3,16,0.019191800034604967,6,0.003198633339100828,True
1,MEDIUM_MAZE,823,823,4,5,2,1,greedy,16,0.016495799995027483,6,0.0027492999991712472,True
1,MEDIUM_MAZE,823,823,4,5,2,1,beam_2,16,0.017449900042265654,6,0.0029083166737109423,True
1,MEDIUM_MAZE,823,823,4,5,2,1,beam_3,16,0.01825490000192076,6,0.00304248333365346,True
1,MEDIUM_MAZE,861,861,4,6,5,3,greedy,16,0.015328000008594245,6,0.0025546666680990406,True
1,MEDIUM_MAZE,861,861,4,6,5,3,beam_2,16,0.019874799996614456,6,0.0033124666661024094,True
1,MEDIUM_MAZE,861,861,4,6,5,3,beam_3,16,0.01768320001428947,6,0.002947200002381578,True
1,MEDIUM_MAZE,896,896,5,3,1,5,greedy,16,0.02628369996091351,10,0.002628369996091351,True
1,MEDIUM_MAZE,896,896,5,3,1,5,beam_2,16,0.01712580001913011,6,0.0028543000031883516,True
1,MEDIUM_MAZE,896,896,5,3,1,5,beam_3,16,0.017403199977707118,6,0.002900533329617853,True
1,MEDIUM_MAZE,923,923,5,4,2,1,greedy,16,0.014468899986241013,6,0.0024114833310401687,True
1,MEDIUM_MAZE,923,923,5,4,2,1,beam_2,16,0.016453999967779964,6,0.0027423333279633275,True
1,MEDIUM_MAZE,923,923,5,4,2,1,beam_3,16,0.018447999958880246,6,0.0030746666598133743,True
1,MEDIUM_MAZE,950,950,5,6,2,3,greedy,16,0.014382799970917404,6,0.002397133328486234,True
1,MEDIUM_MAZE,950,950,5,6,2,3,beam_2,16,0.01744880003388971,6,0.0029081333389816186,True
1,MEDIUM_MAZE,950,950,5,6,2,3,beam_3,16,0.017861600033938885,6,0.0029769333389898143,True
1,MEDIUM_MAZE,1003,1003,6,2,3,3,greedy,16,0.014931300014723092,6,0.0024885500024538487,True
1,MEDIUM_MAZE,1003,1003,6,2,3,3,beam_2,16,0.016408199968282133,6,0.0027346999947136887,True
1,MEDIUM_MAZE,1003,1003,6,2,3,3,beam_3,16,0.020216799981426448,6,0.0033694666635710746,True
1,MEDIUM_MAZE,1050,1050,6,5,2,3,greedy,16,0.018883800017647445,6,0.003147300002941241,True
1,MEDIUM_MAZE,1050,1050,6,5,2,3,beam_2,16,0.017247900017537177,6,0.0028746500029228628,True
1,MEDIUM_MAZE,1050,1050,6,5,2,3,beam_3,16,0.02202870004111901,6,0.0036714500068531684,True
1,MEDIUM_MAZE,1077,1077,6,6,2,6,greedy,16,0.021406800020486116,8,0.0026758500025607646,True
1,MEDIUM_MAZE,1077,1077,6,6,2,6,beam_2,16,0.017504199990071356,6,0.0029173666650118926,True
1,MEDIUM_MAZE,1077,1077,6,6,2,6,beam_3,16,0.01833180000539869,6,0.003055300000899782,True
1,MEDIUM_MAZE,458,458,1,1,4,5,greedy,16,0.0179274000111036,7,0.0025610571444433716,True
1,MEDIUM_MAZE,458,458,1,1,4,5,beam_2,16,0.02581990003818646,7,0.0036885571483123514,True
1,MEDIUM_MAZE,458,458,1,1,4,5,beam_3,16,0.024743799993302673,7,0.0035348285704718103,True
1,MEDIUM_MAZE,485,485,1,2,5,1,greedy,16,0.017119399970397353,7,0.002445628567199622,True
1,MEDIUM_MAZE,485,485,1,2,5,1,beam_2,16,0.020048399979714304,7,0.0028640571399591863,True
1,MEDIUM_MAZE,485,485,1,2,5,1,beam_3,16,0.020959199988283217,7,0.0029941714268976022,True
1,MEDIUM_MAZE,512,512,1,5,5,4,greedy,16,0.022956500004511327,9,0.0025507222227234808,True
1,MEDIUM_MAZE,512,512,1,5,5,4,beam_2,16,0.019455600006040186,7,0.0027793714294343124,True
1,MEDIUM_MAZE,512,512,1,5,5,4,beam_3,16,0.02134969999315217,7,0.0030499571418788817,True
1,MEDIUM_MAZE,543,543,1,6,6,6,greedy,16,0.01807410002220422,7,0.0025820142888863173,True
1,MEDIUM_MAZE,543,543,1,6,6,6,beam_2,16,0.019869000010658056,7,0.002838428572951151,True
1,MEDIUM_MAZE,543,543,1,6,6,6,beam_3,16,0.02089200000045821,7,0.0029845714286368874,True
1,MEDIUM_MAZE,566,566,2,1,6,4,greedy,16,0.02373080002143979,9,0.0026367555579377543,True
1,MEDIUM_MAZE,566,566,2,1,6,4,beam_2,16,0.01942820003023371,7,0.0027754571471762446,True
1,MEDIUM_MAZE,566,566,2,1,6,4,beam_3,16,0.023202900018077344,7,0.0033147000025824775,True
1,MEDIUM_MAZE,615,615,2,3,6,2,greedy,16,0.04320819996064529,16,0.0027005124975403305,False
1,MEDIUM_MAZE,615,615,2,3,6,2,beam_2,16,0.020209499984048307,7,0.002887071426292615,True
1,MEDIUM_MAZE,615,615,2,3,6,2,beam_3,16,0.021181600051932037,7,0.0030259428645617197,True
1,MEDIUM_MAZE,645,645,2,6,1,2,greedy,16,0.01773170003434643,7,0.002533100004906633,True
1,MEDIUM_MAZE,645,645,2,6,1,2,beam_2,16,0.019772400031797588,7,0.002824628575971084,True
1,MEDIUM_MAZE,645,645,2,6,1,2,beam_3,16,0.022660700022242963,7,0.0032372428603204234,True
1,MEDIUM_MAZE,715,715,3,4,6,2,greedy,16,0.04522329999599606,16,0.0028264562497497536,False
1,MEDIUM_MAZE,715,715,3,4,6,2,beam_2,16,0.027332199970260262,7,0.003904599995751466,True
1,MEDIUM_MAZE,715,715,3,4,6,2,beam_3,16,0.027798999974038452,7,0.003971285710576922,True
1,MEDIUM_MAZE,759,759,4,1,4,6,greedy,16,0.05902849999256432,16,0.00368928124953527,False
1,MEDIUM_MAZE,759,759,4,1,4,6,beam_2,16,0.024789399991277605,7,0.0035413428558968008,True
1,MEDIUM_MAZE,759,759,4,1,4,6,beam_3,16,0.026473800011444837,7,0.003781971430206405,True
1,MEDIUM_MAZE,835,835,4,5,5,1,greedy,16,0.02252330002374947,7,0.0032176142891070674,True
1,MEDIUM_MAZE,835,835,4,5,5,1,beam_2,16,0.021580200002063066,7,0.003082885714580438,True
1,MEDIUM_MAZE,835,835,4,5,5,1,beam_3,16,0.023469400010071695,7,0.0033527714300102423,True
1,MEDIUM_MAZE,873,873,5,1,2,1,greedy,16,0.01899130002129823,7,0.002713042860185461,True
1,MEDIUM_MAZE,873,873,5,1,2,1,beam_2,16,0.020585699996445328,7,0.0029408142852064756,True
1,MEDIUM_MAZE,873,873,5,1,2,1,beam_3,16,0.021498900023289025,7,0.003071271431898432,True
1,MEDIUM_MAZE,919,919,5,4,1,1,greedy,16,0.018739000021014363,7,0.002677000003002052,True
1,MEDIUM_MAZE,919,919,5,4,1,1,beam_2,16,0.019977199961431324,7,0.0028538857087759034,True
1,MEDIUM_MAZE,919,919,5,4,1,1,beam_3,16,0.022236899996642023,7,0.003176699999520289,True
1,MEDIUM_MAZE,957,957,5,6,4,2,greedy,16,0.04420209996169433,16,0.0027626312476058956,False
1,MEDIUM_MAZE,957,957,5,6,4,2,beam_2,16,0.01999249996151775,7,0.0028560714230739643,True
1,MEDIUM_MAZE,957,957,5,6,4,2,beam_3,16,0.02612220001174137,7,0.0037317428588201956,True
1,MEDIUM_MAZE,1004,1004,6,2,3,4,greedy,16,0.01750189997255802,7,0.002500271424651146,True
1,MEDIUM_MAZE,1004,1004,6,2,3,4,beam_2,16,0.0194844999932684,7,0.002783499999038343,True
1,MEDIUM_MAZE,1004,1004,6,2,3,4,beam_3,16,0.020633200008887798,7,0.002947600001269685,True
1,MEDIUM_MAZE,1040,1040,6,4,6,1,greedy,16,0.020328800019342452,7,0.0029041142884774934,True
1,MEDIUM_MAZE,1040,1040,6,4,6,1,beam_2,16,0.02236040000570938,7,0.0031943428579584827,True
1,MEDIUM_MAZE,1040,1040,6,4,6,1,beam_3,16,0.022625700046774,7,0.0032322428638248573,True
1,MEDIUM_MAZE,1072,1072,6,6,1,6,greedy,16,0.03305430000182241,11,0.0030049363638020373,True
1,MEDIUM_MAZE,1072,1072,6,6,1,6,beam_2,16,0.02046270004939288,7,0.0029232428641989827,True
1,MEDIUM_MAZE,1072,1072,6,6,1,6,beam_3,16,0.021809700003359467,7,0.0031156714290513526,True
1,MEDIUM_MAZE,459,459,1,1,4,6,greedy,18,0.020648199948482215,8,0.002581024993560277,True
1,MEDIUM_MAZE,459,459,1,1,4,6,beam_2,18,0.024476799997501075,8,0.0030595999996876344,True
1,MEDIUM_MAZE,459,459,1,1,4,6,beam_3,18,0.027182099991478026,8,0.0033977624989347532,True
1,MEDIUM_MAZE,489,489,1,2,6,1,greedy,18,0.024596399976871908,8,0.0030745499971089885,True
1,MEDIUM_MAZE,489,489,1,2,6,1,beam_2,18,0.02388940000673756,8,0.002986175000842195,True
1,MEDIUM_MAZE,489,489,1,2,6,1,beam_3,18,0.02438129996880889,8,0.003047662496101111,True
1,MEDIUM_MAZE,520,520,1,6,1,2,greedy,18,0.05487209995044395,18,0.003048449997246886,False
1,MEDIUM_MAZE,520,520,1,6,1,2,beam_2,18,0.02484820003155619,8,0.0031060250039445236,True
1,MEDIUM_MAZE,520,520,1,6,1,2,beam_3,18,0.027086400019470602,8,0.0033858000024338253,True
1,MEDIUM_MAZE,547,547,2,1,1,6,greedy,18,0.05110799998510629,18,0.002839333332505905,False
1,MEDIUM_MAZE,547,547,2,1,1,6,beam_2,18,0.023905200010631233,8,0.002988150001328904,True
1,MEDIUM_MAZE,547,547,2,1,1,6,beam_3,18,0.031649200012907386,8,0.003956150001613423,True
1,MEDIUM_MAZE,593,593,2,2,6,6,greedy,18,0.02365839999401942,8,0.0029572999992524274,True
1,MEDIUM_MAZE,593,593,2,2,6,6,beam_2,18,0.026498100021854043,8,0.0033122625027317554,True
1,MEDIUM_MAZE,593,593,2,2,6,6,beam_3,18,0.02915029996074736,8,0.00364378749509342,True
1,MEDIUM_MAZE,740,740,3,5,6,2,greedy,18,0.03805049997754395,14,0.0027178928555388537,True
1,MEDIUM_MAZE,740,740,3,5,6,2,beam_2,18,0.023334799974691123,8,0.0029168499968363903,True
1,MEDIUM_MAZE,740,740,3,5,6,2,beam_3,18,0.02544530003797263,8,0.0031806625047465786,True
1,MEDIUM_MAZE,860,860,4,6,5,1,greedy,18,0.02264779998222366,8,0.0028309749977779575,True
1,MEDIUM_MAZE,860,860,4,6,5,1,beam_2,18,0.02239419997204095,8,0.002799274996505119,True
1,MEDIUM_MAZE,860,860,4,6,5,1,beam_3,18,0.02579179999884218,8,0.0032239749998552725,True
1,MEDIUM_MAZE,893,893,5,1,6,6,greedy,18,0.0610535999876447,18,0.0033918666659802613,False
1,MEDIUM_MAZE,893,893,5,1,6,6,beam_2,18,0.03049709997139871,8,0.003812137496424839,True
1,MEDIUM_MAZE,893,893,5,1,6,6,beam_3,18,0.028300500009208918,8,0.0035375625011511147,True
1,MEDIUM_MAZE,970,970,6,1,1,2,greedy,18,0.024103200004901737,8,0.003012900000612717,True
1,MEDIUM_MAZE,970,970,6,1,1,2,beam_2,18,0.024448900017887354,8,0.0030561125022359192,True
1,MEDIUM_MAZE,970,970,6,1,1,2,beam_3,18,0.03018469997914508,8,0.003773087497393135,True
1,MEDIUM_MAZE,999,999,6,2,2,2,greedy,18,0.058248599991202354,18,0.0032360333328445754,False
1,MEDIUM_MAZE,999,999,6,2,2,2,beam_2,18,0.061774600006174296,18,0.003431922222565239,True
1,MEDIUM_MAZE,999,999,6,2,2,2,beam_3,18,0.026745599985588342,8,0.0033431999981985427,True
1,MEDIUM_MAZE,1027,1027,6,4,2,6,greedy,18,0.02186099998652935,8,0.002732624998316169,True
1,MEDIUM_MAZE,1027,1027,6,4,2,6,beam_2,18,0.023678600031416863,8,0.002959825003927108,True
1,MEDIUM_MAZE,1027,1027,6,4,2,6,beam_3,18,0.02444200002355501,8,0.0030552500029443763,True
1,MEDIUM_MAZE,1065,1065,6,5,6,1,greedy,18,0.03143990004900843,12,0.0026199916707507023,True
1,MEDIUM_MAZE,1065,1065,6,5,6,1,beam_2,18,0.03521349997026846,12,0.002934458330855705,True
1,MEDIUM_MAZE,1065,1065,6,5,6,1,beam_3,18,0.023840099980589002,8,0.0029800124975736253,True
1,MEDIUM_MAZE,464,464,1,1,6,1,greedy,20,0.05031940003391355,19,0.0026483894754691342,False
1,MEDIUM_MAZE,464,464,1,1,6,1,beam_2,20,0.025851900049019605,9,0.002872433338779956,True
1,MEDIUM_MAZE,464,464,1,1,6,1,beam_3,20,0.028013900038786232,9,0.003112655559865137,True
1,MEDIUM_MAZE,519,519,1,6,1,1,greedy,20,0.022753699973691255,9,0.002528188885965695,True
1,MEDIUM_MAZE,519,519,1,6,1,1,beam_2,20,0.02759169996716082,9,0.003065744440795647,True
1,MEDIUM_MAZE,519,519,1,6,1,1,beam_3,20,0.02951349999057129,9,0.0032792777767301435,True
1,MEDIUM_MAZE,640,640,2,5,6,2,greedy,20,0.05121150001650676,19,0.0026953421061319347,False
1,MEDIUM_MAZE,640,640,2,5,6,2,beam_2,20,0.034699800016824156,9,0.003855533335202684,True
1,MEDIUM_MAZE,640,640,2,5,6,2,beam_3,20,0.029544299992267042,9,0.0032826999991407823,True
1,MEDIUM_MAZE,888,888,5,1,5,6,greedy,20,0.024465099966619164,9,0.0027183444407354626,True
1,MEDIUM_MAZE,888,888,5,1,5,6,beam_2,20,0.02831520000472665,9,0.0031461333338585165,True
1,MEDIUM_MAZE,888,888,5,1,5,6,beam_3,20,0.026998899993486702,9,0.002999877777054078,True
1,MEDIUM_MAZE,977,977,6,1,2,6,greedy,20,0.03473519999533892,13,0.0026719384611799167,True
1,MEDIUM_MAZE,977,977,6,1,2,6,beam_2,20,0.027399900020100176,9,0.0030444333355666865,True
1,MEDIUM_MAZE,977,977,6,1,2,6,beam_3,20,0.027534599998034537,9,0.003059399999781615,True
1,MEDIUM_MAZE,1001,1001,6,2,2,5,greedy,20,0.02500359999248758,9,0.0027781777769430643,True
1,MEDIUM_MAZE,1001,1001,6,2,2,5,beam_2,20,0.025353899982292205,9,0.0028170999980324674,True
1,MEDIUM_MAZE,1001,1001,6,2,2,5,beam_3,20,0.029143899970222265,9,0.003238211107802474,True
1,MEDIUM_MAZE,1066,1066,6,5,6,2,greedy,20,0.05194690002826974,19,0.0027340473699089336,False
1,MEDIUM_MAZE,1066,1066,6,5,6,2,beam_2,20,0.05806589999701828,19,0.0030560999998430673,False
1,MEDIUM_MAZE,1066,1066,6,5,6,2,beam_3,20,0.04554939997615293,13,0.0035037999981656098,True
1,MEDIUM_MAZE,468,468,1,1,6,6,greedy,22,0.029775300004985183,10,0.0029775300004985183,True
1,MEDIUM_MAZE,468,468,1,1,6,6,beam_2,22,0.035676400002557784,10,0.0035676400002557784,True
1,MEDIUM_MAZE,468,468,1,1,6,6,beam_3,22,0.04134070000145584,10,0.004134070000145584,True
1,MEDIUM_MAZE,964,964,5,6,6,1,greedy,22,0.030458200024440885,10,0.0030458200024440886,True
1,MEDIUM_MAZE,964,964,5,6,6,1,beam_2,22,0.03227550000883639,10,0.0032275500008836387,True
1,MEDIUM_MAZE,964,964,5,6,6,1,beam_3,22,0.03313729999354109,10,0.003313729999354109,True
1,MEDIUM_MAZE,1002,1002,6,2,2,6,greedy,22,0.02777740004239604,10,0.002777740004239604,True
1,MEDIUM_MAZE,1002,1002,6,2,2,6,beam_2,22,0.029948100040201098,10,0.00299481000402011,True
1,MEDIUM_MAZE,1002,1002,6,2,2,6,beam_3,22,0.03078060003463179,10,0.003078060003463179,True
1,MEDIUM_MAZE,540,540,1,6,6,2,greedy,24,0.05567299999529496,19,0.0029301578944892085,False
1,MEDIUM_MAZE,540,540,1,6,6,2,beam_2,24,0.0323047999991104,11,0.0029367999999191275,True
1,MEDIUM_MAZE,540,540,1,6,6,2,beam_3,24,0.036460000032093376,11,0.0033145454574630344,True
1,LARGE_MAZE,1752,1752,1,1,2,1,greedy,16,0.002478799957316369,1,0.002478799957316369,True
1,LARGE_MAZE,1752,1752,1,1,2,1,beam_2,16,0.002592400007415563,1,0.002592400007415563,True
1,LARGE_MAZE,1752,1752,1,1,2,1,beam_3,16,0.002227499964646995,1,0.002227499964646995,True
1,LARGE_MAZE,1843,1843,1,3,2,3,greedy,16,0.04294759995536879,16,0.002684224997210549,False
1,LARGE_MAZE,1843,1843,1,3,2,3,beam_2,16,0.04852529999334365,16,0.003032831249583978,False
1,LARGE_MAZE,1843,1843,1,3,2,3,beam_3,16,0.0021241000504232943,1,0.0021241000504232943,True
1,LARGE_MAZE,1974,1974,1,7,1,8,greedy,16,0.002543399983551353,1,0.002543399983551353,True
1,LARGE_MAZE,1974,1974,1,7,1,8,beam_2,16,0.0023333000135608017,1,0.0023333000135608017,True
1,LARGE_MAZE,1974,1974,1,7,1,8,beam_3,16,0.0021362999686971307,1,0.0021362999686971307,True
1,LARGE_MAZE,2066,2066,1,9,1,10,greedy,16,0.0024627999518997967,1,0.0024627999518997967,True
1,LARGE_MAZE,2066,2066,1,9,1,10,beam_2,16,0.0024605999933555722,1,0.0024605999933555722,True
1,LARGE_MAZE,2066,2066,1,9,1,10,beam_3,16,0.0020982000278308988,1,0.0020982000278308988,True
1,LARGE_MAZE,2196,2196,2,3,1,3,greedy,16,0.003003799996804446,1,0.003003799996804446,True
1,LARGE_MAZE,2196,2196,2,3,1,3,beam_2,16,0.002740599971730262,1,0.002740599971730262,True
1,LARGE_MAZE,2196,2196,2,3,1,3,beam_3,16,0.00283880002098158,1,0.00283880002098158,True
1,LARGE_MAZE,2302,2302,2,7,3,7,greedy,16,0.003956300031859428,1,0.003956300031859428,True
1,LARGE_MAZE,2302,2302,2,7,3,7,beam_2,16,0.003897799993865192,1,0.003897799993865192,True
1,LARGE_MAZE,2302,2302,2,7,3,7,beam_3,16,0.004069799964781851,1,0.004069799964781851,True
1,LARGE_MAZE,2396,2396,3,1,4,1,greedy,16,0.05402559996582568,16,0.003376599997864105,False
1,LARGE_MAZE,2396,2396,3,1,4,1,beam_2,16,0.055316700018011034,16,0.0034572937511256896,False
1,LARGE_MAZE,2396,2396,3,1,4,1,beam_3,16,0.0024213999859057367,1,0.0024213999859057367,True
1,LARGE_MAZE,2520,2520,3,5,2,5,greedy,16,0.04565710003953427,16,0.002853568752470892,False
1,LARGE_MAZE,2520,2520,3,5,2,5,beam_2,16,0.050999100029002875,16,0.0031874437518126797,False
1,LARGE_MAZE,2520,2520,3,5,2,5,beam_3,16,0.0021932999952696264,1,0.0021932999952696264,True
1,LARGE_MAZE,2611,2611,3,7,2,7,greedy,16,0.042661999992560595,16,0.002666374999535037,False
1,LARGE_MAZE,2611,2611,3,7,2,7,beam_2,16,0.0025295999948866665,1,0.0025295999948866665,True
1,LARGE_MAZE,2611,2611,3,7,2,7,beam_3,16,0.0021754999761469662,1,0.0021754999761469662,True
1,LARGE_MAZE,2709,2709,3,9,3,8,greedy,16,0.0427977999788709,16,0.002674862498679431,False
1,LARGE_MAZE,2709,2709,3,9,3,8,beam_2,16,0.0021425000159069896,1,0.0021425000159069896,True
1,LARGE_MAZE,2709,2709,3,9,3,8,beam_3,16,0.002765999990515411,1,0.002765999990515411,True
1,LARGE_MAZE,2793,2793,4,1,3,1,greedy,16,0.04230249999091029,16,0.0026439062494318932,False
1,LARGE_MAZE,2793,2793,4,1,3,1,beam_2,16,0.0022080999915488064,1,0.0022080999915488064,True
1,LARGE_MAZE,2793,2793,4,1,3,1,beam_3,16,0.0022208000300452113,1,0.0022208000300452113,True
1,LARGE_MAZE,2901,2901,4,10,5,10,greedy,16,0.029240700008813292,11,0.0026582454553466628,True
1,LARGE_MAZE,2901,2901,4,10,5,10,beam_2,16,0.002057399949990213,1,0.002057399949990213,True
1,LARGE_MAZE,2901,2901,4,10,5,10,beam_3,16,0.002053599979262799,1,0.002053599979262799,True
1,LARGE_MAZE,3031,3031,5,3,5,2,greedy,16,0.002602500026114285,1,0.002602500026114285,True
1,LARGE_MAZE,3031,3031,5,3,5,2,beam_2,16,0.0021163999917916954,1,0.0021163999917916954,True
1,LARGE_MAZE,3031,3031,5,3,5,2,beam_3,16,0.00209939997876063,1,0.00209939997876063,True
1,LARGE_MAZE,3118,3118,5,5,4,5,greedy,16,0.0024246000102721155,1,0.0024246000102721155,True
1,LARGE_MAZE,3118,3118,5,5,4,5,beam_2,16,0.0022211999748833477,1,0.0022211999748833477,True
1,LARGE_MAZE,3118,3118,5,5,4,5,beam_3,16,0.0020677000284194946,1,0.0020677000284194946,True
1,LARGE_MAZE,3220,3220,5,9,6,9,greedy,16,0.04640779999317601,16,0.002900487499573501,False
1,LARGE_MAZE,3220,3220,5,9,6,9,beam_2,16,0.002247900003567338,1,0.002247900003567338,True
1,LARGE_MAZE,3220,3220,5,9,6,9,beam_3,16,0.0027900999994017184,1,0.0027900999994017184,True
1,LARGE_MAZE,3349,3349,6,5,5,5,greedy,16,0.039153499994426966,15,0.002610233332961798,True
1,LARGE_MAZE,3349,3349,6,5,5,5,beam_2,16,0.002155299996957183,1,0.002155299996957183,True
1,LARGE_MAZE,3349,3349,6,5,5,5,beam_3,16,0.002506999997422099,1,0.002506999997422099,True
1,LARGE_MAZE,3452,3452,6,9,7,9,greedy,16,0.042856200016103685,16,0.0026785125010064803,False
1,LARGE_MAZE,3452,3452,6,9,7,9,beam_2,16,0.0024643000215291977,1,0.0024643000215291977,True
1,LARGE_MAZE,3452,3452,6,9,7,9,beam_3,16,0.0038719000294804573,1,0.0038719000294804573,True
1,LARGE_MAZE,3583,3583,7,3,7,2,greedy,16,0.036505900032352656,13,0.0028081461563348197,True
1,LARGE_MAZE,3583,3583,7,3,7,2,beam_2,16,0.002127200015820563,1,0.002127200015820563,True
1,LARGE_MAZE,3583,3583,7,3,7,2,beam_3,16,0.002419100026600063,1,0.002419100026600063,True
1,LARGE_MAZE,3715,3715,7,7,6,7,greedy,16,0.04343600000720471,16,0.0027147500004502945,False
1,LARGE_MAZE,3715,3715,7,7,6,7,beam_2,16,0.002272399957291782,1,0.002272399957291782,True
1,LARGE_MAZE,3715,3715,7,7,6,7,beam_3,16,0.002110100002028048,1,0.002110100002028048,True
1,LARGE_MAZE,1745,1745,1,1,1,3,greedy,16,0.005061300005763769,2,0.0025306500028818846,True
1,LARGE_MAZE,1745,1745,1,1,1,3,beam_2,16,0.005004499980714172,2,0.002502249990357086,True
1,LARGE_MAZE,1745,1745,1,1,1,3,beam_3,16,0.005021699995268136,2,0.002510849997634068,True
1,LARGE_MAZE,1834,1834,1,3,1,1,greedy,16,0.005093099956866354,2,0.002546549978433177,True
1,LARGE_MAZE,1834,1834,1,3,1,1,beam_2,16,0.004863600013777614,2,0.002431800006888807,True
1,LARGE_MAZE,1834,1834,1,3,1,1,beam_3,16,0.005391000013332814,2,0.002695500006666407,True
1,LARGE_MAZE,1889,1889,1,4,2,5,greedy,16,0.005354700027965009,2,0.0026773500139825046,True
1,LARGE_MAZE,1889,1889,1,4,2,5,beam_2,16,0.00563170004170388,2,0.00281585002085194,True
1,LARGE_MAZE,1889,1889,1,4,2,5,beam_3,16,0.0063176999683491886,2,0.0031588499841745943,True
1,LARGE_MAZE,2021,2021,1,8,1,10,greedy,16,0.006416000018361956,2,0.003208000009180978,True
1,LARGE_MAZE,2021,2021,1,8,1,10,beam_2,16,0.008528399979695678,2,0.004264199989847839,True
1,LARGE_MAZE,2021,2021,1,8,1,10,beam_3,16,0.007581199984997511,2,0.0037905999924987555,True
1,LARGE_MAZE,2125,2125,1,10,3,10,greedy,16,0.05135270004393533,16,0.003209543752745958,False
1,LARGE_MAZE,2125,2125,1,10,3,10,beam_2,16,0.00625239999499172,2,0.00312619999749586,True
1,LARGE_MAZE,2125,2125,1,10,3,10,beam_3,16,0.006507600017357618,2,0.003253800008678809,True
1,LARGE_MAZE,2197,2197,2,3,1,4,greedy,16,0.007550299982540309,2,0.0037751499912701547,True
1,LARGE_MAZE,2197,2197,2,3,1,4,beam_2,16,0.01681449997704476,2,0.00840724998852238,True
1,LARGE_MAZE,2197,2197,2,3,1,4,beam_3,16,0.021414100017864257,2,0.010707050008932129,True
1,LARGE_MAZE,2290,2290,2,7,1,8,greedy,16,0.08150180004304275,16,0.005093862502690172,False
1,LARGE_MAZE,2290,2290,2,7,1,8,beam_2,16,0.006264699972234666,2,0.003132349986117333,True
1,LARGE_MAZE,2290,2290,2,7,1,8,beam_3,16,0.006786199985072017,2,0.0033930999925360084,True
1,LARGE_MAZE,2353,2353,2,10,4,10,greedy,16,0.0058188000111840665,2,0.0029094000055920333,True
1,LARGE_MAZE,2353,2353,2,10,4,10,beam_2,16,0.005495099991094321,2,0.0027475499955471605,True
1,LARGE_MAZE,2353,2353,2,10,4,10,beam_3,16,0.006280000030528754,2,0.003140000015264377,True
1,LARGE_MAZE,2429,2429,3,2,2,3,greedy,16,0.05337219999637455,16,0.0033357624997734092,False
1,LARGE_MAZE,2429,2429,3,2,2,3,beam_2,16,0.0058942000032402575,2,0.0029471000016201288,True
1,LARGE_MAZE,2429,2429,3,2,2,3,beam_3,16,0.006327000039163977,2,0.0031635000195819885,True
1,LARGE_MAZE,2527,2527,3,5,3,7,greedy,16,0.005620999960228801,2,0.0028104999801144004,True
1,LARGE_MAZE,2527,2527,3,5,3,7,beam_2,16,0.005334799992851913,2,0.0026673999964259565,True
1,LARGE_MAZE,2527,2527,3,5,3,7,beam_3,16,0.0063032000325620174,2,0.0031516000162810087,True
1,LARGE_MAZE,2577,2577,3,6,4,5,greedy,16,0.005621800024528056,2,0.002810900012264028,True
1,LARGE_MAZE,2577,2577,3,6,4,5,beam_2,16,0.005498000013176352,2,0.002749000006588176,True
1,LARGE_MAZE,2577,2577,3,6,4,5,beam_3,16,0.006429400003980845,2,0.0032147000019904226,True
1,LARGE_MAZE,2662,2662,3,8,3,6,greedy,16,0.0062476000166498125,2,0.0031238000083249062,True
1,LARGE_MAZE,2662,2662,3,8,3,6,beam_2,16,0.006831299979239702,2,0.003415649989619851,True
1,LARGE_MAZE,2662,2662,3,8,3,6,beam_3,16,0.005835699965246022,2,0.002917849982623011,True
1,LARGE_MAZE,2742,2742,3,10,1,10,greedy,16,0.05023870000150055,16,0.003139918750093784,False
1,LARGE_MAZE,2742,2742,3,10,1,10,beam_2,16,0.05417309998301789,16,0.0033858187489386182,False
1,LARGE_MAZE,2742,2742,3,10,1,10,beam_3,16,0.005528800014872104,2,0.002764400007436052,True
1,LARGE_MAZE,2805,2805,4,1,5,2,greedy,16,0.004699199984315783,2,0.0023495999921578914,True
1,LARGE_MAZE,2805,2805,4,1,5,2,beam_2,16,0.005970400001388043,2,0.0029852000006940216,True
1,LARGE_MAZE,2805,2805,4,1,5,2,beam_3,16,0.005772100004833192,2,0.002886050002416596,True
1,LARGE_MAZE,2882,2882,4,10,2,10,greedy,16,0.04585509997559711,16,0.0028659437484748196,False
1,LARGE_MAZE,2882,2882,4,10,2,10,beam_2,16,0.005831400048919022,2,0.002915700024459511,True
1,LARGE_MAZE,2882,2882,4,10,2,10,beam_3,16,0.006065200024750084,2,0.003032600012375042,True
1,LARGE_MAZE,2982,2982,5,2,4,1,greedy,16,0.005130100005771965,2,0.0025650500028859824,True
1,LARGE_MAZE,2982,2982,5,2,4,1,beam_2,16,0.0049434000393375754,2,0.0024717000196687877,True
1,LARGE_MAZE,2982,2982,5,2,4,1,beam_3,16,0.005728400021325797,2,0.0028642000106628984,True
1,LARGE_MAZE,3043,3043,5,3,7,3,greedy,16,0.0063436999917030334,2,0.0031718499958515167,True
1,LARGE_MAZE,3043,3043,5,3,7,3,beam_2,16,0.006254200008697808,2,0.003127100004348904,True
1,LARGE_MAZE,3043,3043,5,3,7,3,beam_3,16,0.005769899988081306,2,0.002884949994040653,True
1,LARGE_MAZE,3111,3111,5,5,3,5,greedy,16,0.005192500015255064,2,0.002596250007627532,True
1,LARGE_MAZE,3111,3111,5,5,3,5,beam_2,16,0.005296999996062368,2,0.002648499998031184,True
1,LARGE_MAZE,3111,3111,5,5,3,5,beam_3,16,0.005391500017140061,2,0.0026957500085700303,True
1,LARGE_MAZE,3227,3227,5,9,7,9,greedy,16,0.04453110002214089,16,0.0027831937513838056,False
1,LARGE_MAZE,3227,3227,5,9,7,9,beam_2,16,0.004883799992967397,2,0.0024418999964836985,True
1,LARGE_MAZE,3227,3227,5,9,7,9,beam_3,16,0.005637000023853034,2,0.002818500011926517,True
1,LARGE_MAZE,3312,3312,6,3,7,2,greedy,16,0.044391100003849715,16,0.002774443750240607,False
1,LARGE_MAZE,3312,3312,6,3,7,2,beam_2,16,0.028647699975408614,10,0.002864769997540861,True
1,LARGE_MAZE,3312,3312,6,3,7,2,beam_3,16,0.006805899960454553,2,0.0034029499802272767,True
1,LARGE_MAZE,3442,3442,6,9,5,10,greedy,16,0.006215200002770871,2,0.0031076000013854355,True
1,LARGE_MAZE,3442,3442,6,9,5,10,beam_2,16,0.006215200002770871,2,0.0031076000013854355,True
1,LARGE_MAZE,3442,3442,6,9,5,10,beam_3,16,0.005764300003647804,2,0.002882150001823902,True
1,LARGE_MAZE,3582,3582,7,3,7,1,greedy,16,0.04252960003213957,16,0.002658100002008723,False
1,LARGE_MAZE,3582,3582,7,3,7,1,beam_2,16,0.004659999976865947,2,0.0023299999884329736,True
1,LARGE_MAZE,3582,3582,7,3,7,1,beam_3,16,0.005287299980409443,2,0.0026436499902047217,True
1,LARGE_MAZE,3710,3710,7,7,5,7,greedy,16,0.04560479999054223,16,0.0028502999994088896,False
1,LARGE_MAZE,3710,3710,7,7,5,7,beam_2,16,0.005720400018617511,2,0.0028602000093087554,True
1,LARGE_MAZE,3710,3710,7,7,5,7,beam_3,16,0.005788500013295561,2,0.0028942500066477805,True
1,LARGE_MAZE,1753,1753,1,1,2,3,greedy,16,0.04837849998148158,16,0.003023656248842599,False
1,LARGE_MAZE,1753,1753,1,1,2,3,beam_2,16,0.013117099995724857,5,0.0026234199991449713,True
1,LARGE_MAZE,1753,1753,1,1,2,3,beam_3,16,0.008283400034997612,3,0.002761133344999204,True
1,LARGE_MAZE,1804,1804,1,2,3,3,greedy,16,0.044023700000252575,16,0.002751481250015786,False
1,LARGE_MAZE,1804,1804,1,2,3,3,beam_2,16,0.0540039999759756,16,0.003375249998498475,False
1,LARGE_MAZE,1804,1804,1,2,3,3,beam_3,16,0.008856500033289194,3,0.002952166677763065,True
1,LARGE_MAZE,1894,1894,1,4,3,3,greedy,16,0.04444110003532842,16,0.002777568752208026,False
1,LARGE_MAZE,1894,1894,1,4,3,3,beam_2,16,0.051261399989016354,16,0.003203837499313522,False
1,LARGE_MAZE,1894,1894,1,4,3,3,beam_3,16,0.008558999979868531,3,0.0028529999932895103,True
1,LARGE_MAZE,1947,1947,1,5,4,5,greedy,16,0.007626999984495342,3,0.002542333328165114,True
1,LARGE_MAZE,1947,1947,1,5,4,5,beam_2,16,0.007979500049259514,3,0.002659833349753171,True
1,LARGE_MAZE,1947,1947,1,5,4,5,beam_3,16,0.008201199991162866,3,0.002733733330387622,True
1,LARGE_MAZE,2032,2032,1,8,3,7,greedy,16,0.04371150000952184,16,0.002731968750595115,False
1,LARGE_MAZE,2032,2032,1,8,3,7,beam_2,16,0.007886500039603561,3,0.0026288333465345204,True
1,LARGE_MAZE,2032,2032,1,8,3,7,beam_3,16,0.008092300035059452,3,0.0026974333450198174,True
1,LARGE_MAZE,2128,2128,1,10,4,10,greedy,16,0.05122989998199046,16,0.0032018687488744035,False
1,LARGE_MAZE,2128,2128,1,10,4,10,beam_2,16,0.06708820001222193,16,0.004193012500763871,False
1,LARGE_MAZE,2128,2128,1,10,4,10,beam_3,16,0.01305150002008304,3,0.004350500006694347,True
1,LARGE_MAZE,2198,2198,2,3,1,5,greedy,16,0.010053500009234995,3,0.003351166669744998,True
1,LARGE_MAZE,2198,2198,2,3,1,5,beam_2,16,0.01064679998671636,3,0.0035489333289054534,True
1,LARGE_MAZE,2198,2198,2,3,1,5,beam_3,16,0.0111639000242576,3,0.003721300008085867,True
1,LARGE_MAZE,2291,2291,2,7,1,9,greedy,16,0.007827099994756281,3,0.0026090333315854273,True
1,LARGE_MAZE,2291,2291,2,7,1,9,beam_2,16,0.009402399999089539,3,0.003134133333029846,True
1,LARGE_MAZE,2291,2291,2,7,1,9,beam_3,16,0.009871499962173402,3,0.0032904999873911342,True
1,LARGE_MAZE,2361,2361,2,10,5,10,greedy,16,0.00809989997651428,3,0.0026999666588380933,True
1,LARGE_MAZE,2361,2361,2,10,5,10,beam_2,16,0.009469300042837858,3,0.0031564333476126194,True
1,LARGE_MAZE,2361,2361,2,10,5,10,beam_3,16,0.010262200026772916,3,0.003420733342257639,True
1,LARGE_MAZE,2421,2421,3,2,1,3,greedy,16,0.009923500008881092,3,0.0033078333362936974,True
1,LARGE_MAZE,2421,2421,3,2,1,3,beam_2,16,0.010410200047772378,3,0.0034700666825907924,True
1,LARGE_MAZE,2421,2421,3,2,1,3,beam_3,16,0.00913280004169792,3,0.0030442666805659733,True
1,LARGE_MAZE,2486,2486,3,3,4,1,greedy,16,0.018385900009889156,7,0.0026265571442698793,True
1,LARGE_MAZE,2486,2486,3,3,4,1,beam_2,16,0.007871100038755685,3,0.0026237000129185617,True
1,LARGE_MAZE,2486,2486,3,3,4,1,beam_3,16,0.00843609997536987,3,0.00281203332512329,True
1,LARGE_MAZE,2543,2543,3,5,6,5,greedy,16,0.007654700020793825,3,0.0025515666735979417,True
1,LARGE_MAZE,2543,2543,3,5,6,5,beam_2,16,0.008291999984066933,3,0.002763999994688978,True
1,LARGE_MAZE,2543,2543,3,5,6,5,beam_3,16,0.00862440001219511,3,0.0028748000040650368,True
1,LARGE_MAZE,2605,2605,3,7,1,8,greedy,16,0.048696600017137825,16,0.003043537501071114,False
1,LARGE_MAZE,2605,2605,3,7,1,8,beam_2,16,0.0079058000119403,3,0.0026352666706467667,True
1,LARGE_MAZE,2605,2605,3,7,1,8,beam_3,16,0.008275400032289326,3,0.0027584666774297753,True
1,LARGE_MAZE,2657,2657,3,8,2,10,greedy,16,0.04467350000049919,16,0.0027920937500311993,False
1,LARGE_MAZE,2657,2657,3,8,2,10,beam_2,16,0.008782099990639836,3,0.002927366663546612,True
1,LARGE_MAZE,2657,2657,3,8,2,10,beam_3,16,0.008823300013318658,3,0.0029411000044395528,True
1,LARGE_MAZE,2707,2707,3,9,3,6,greedy,16,0.04401900002267212,16,0.0027511875014170073,False
1,LARGE_MAZE,2707,2707,3,9,3,6,beam_2,16,0.008238899987190962,3,0.0027462999957303205,True
1,LARGE_MAZE,2707,2707,3,9,3,6,beam_3,16,0.008412199968006462,3,0.002804066656002154,True
1,LARGE_MAZE,2779,2779,4,1,1,1,greedy,16,0.044267899997066706,16,0.002766743749816669,False
1,LARGE_MAZE,2779,2779,4,1,1,1,beam_2,16,0.007623700017575175,3,0.002541233339191725,True
1,LARGE_MAZE,2779,2779,4,1,1,1,beam_3,16,0.00803329999325797,3,0.002677766664419323,True
1,LARGE_MAZE,2851,2851,4,5,5,3,greedy,16,0.03353430004790425,13,0.002579561542146481,True
1,LARGE_MAZE,2851,2851,4,5,5,3,beam_2,16,0.008733699971344322,3,0.0029112333237814405,True
1,LARGE_MAZE,2851,2851,4,5,5,3,beam_3,16,0.008660299994517118,3,0.002886766664839039,True
1,LARGE_MAZE,2923,2923,5,1,2,1,greedy,16,0.044731699978001416,16,0.0027957312486250885,False
1,LARGE_MAZE,2923,2923,5,1,2,1,beam_2,16,0.00792209996143356,3,0.00264069998714452,True
1,LARGE_MAZE,2923,2923,5,1,2,1,beam_3,16,0.00830719998339191,3,0.002769066661130637,True
1,LARGE_MAZE,2988,2988,5,2,5,5,greedy,16,0.007371200015768409,3,0.002457066671922803,True
1,LARGE_MAZE,2988,2988,5,2,5,5,beam_2,16,0.007733699982054532,3,0.002577899994018177,True
1,LARGE_MAZE,2988,2988,5,2,5,5,beam_3,16,0.008547600009478629,3,0.002849200003159543,True
1,LARGE_MAZE,3042,3042,5,3,7,2,greedy,16,0.043880100012756884,16,0.0027425062507973053,False
1,LARGE_MAZE,3042,3042,5,3,7,2,beam_2,16,0.008038200030568987,3,0.0026794000101896622,True
1,LARGE_MAZE,3042,3042,5,3,7,2,beam_3,16,0.008206400030758232,3,0.0027354666769194105,True
1,LARGE_MAZE,3105,3105,5,5,2,5,greedy,16,0.047665600024629384,16,0.0029791000015393365,False
1,LARGE_MAZE,3105,3105,5,5,2,5,beam_2,16,0.007746800023596734,3,0.0025822666745322445,True
1,LARGE_MAZE,3105,3105,5,5,2,5,beam_3,16,0.008272700011730194,3,0.0027575666705767312,True
1,LARGE_MAZE,3180,3180,5,7,7,6,greedy,16,0.007499500003177673,3,0.0024998333343925574,True
1,LARGE_MAZE,3180,3180,5,7,7,6,beam_2,16,0.007728500000666827,3,0.0025761666668889425,True
1,LARGE_MAZE,3180,3180,5,7,7,6,beam_3,16,0.007670000020880252,3,0.0025566666736267507,True
1,LARGE_MAZE,3272,3272,5,10,7,9,greedy,16,0.04225729999598116,16,0.0026410812497488223,False
1,LARGE_MAZE,3272,3272,5,10,7,9,beam_2,16,0.04751810000743717,16,0.002969881250464823,False
1,LARGE_MAZE,3272,3272,5,10,7,9,beam_3,16,0.008278799999970943,3,0.0027595999999903142,True
1,LARGE_MAZE,3347,3347,6,5,5,3,greedy,16,0.009649900021031499,3,0.003216633340343833,True
1,LARGE_MAZE,3347,3347,6,5,5,3,beam_2,16,0.011410399980377406,3,0.003803466660125802,True
1,LARGE_MAZE,3347,3347,6,5,5,3,beam_3,16,0.009432399994693696,3,0.0031441333315645656,True
1,LARGE_MAZE,3527,3527,7,2,5,3,greedy,16,0.008290499972645193,3,0.0027634999908817313,True
1,LARGE_MAZE,3527,3527,7,2,5,3,beam_2,16,0.009161899972241372,3,0.0030539666574137905,True
1,LARGE_MAZE,3527,3527,7,2,5,3,beam_3,16,0.008770500018727034,3,0.0029235000062423446,True
1,LARGE_MAZE,3625,3625,7,5,6,7,greedy,16,0.04591470002196729,16,0.0028696687513729557,False
1,LARGE_MAZE,3625,3625,7,5,6,7,beam_2,16,0.06187879998469725,16,0.0038674249990435783,False
1,LARGE_MAZE,3625,3625,7,5,6,7,beam_3,16,0.027876899985130876,7,0.0039824142835901254,True
1,LARGE_MAZE,3801,3801,7,10,5,9,greedy,16,0.009135900007095188,3,0.0030453000023650625,True
1,LARGE_MAZE,3801,3801,7,10,5,9,beam_2,16,0.010964999964926392,3,0.003654999988308797,True
1,LARGE_MAZE,3801,3801,7,10,5,9,beam_3,16,0.010589999961666763,3,0.0035299999872222543,True
1,LARGE_MAZE,1803,1803,1,2,3,2,greedy,16,0.05511309998109937,16,0.0034445687488187104,False
1,LARGE_MAZE,1803,1803,1,2,3,2,beam_2,16,0.07099340000422671,16,0.00443708750026417,False
1,LARGE_MAZE,1803,1803,1,2,3,2,beam_3,16,0.015100200020242482,4,0.0037750500050606206,True
1,LARGE_MAZE,1893,1893,1,4,3,2,greedy,16,0.06567549996543676,16,0.004104718747839797,False
1,LARGE_MAZE,1893,1893,1,4,3,2,beam_2,16,0.02572969999164343,6,0.004288283331940572,True
1,LARGE_MAZE,1893,1893,1,4,3,2,beam_3,16,0.023402900027576834,6,0.0039004833379294723,True
1,LARGE_MAZE,1942,1942,1,5,3,7,greedy,16,0.013122099975589663,4,0.0032805249938974157,True
1,LARGE_MAZE,1942,1942,1,5,3,7,beam_2,16,0.015311800001654774,4,0.0038279500004136935,True
1,LARGE_MAZE,1942,1942,1,5,3,7,beam_3,16,0.016078700020443648,4,0.004019675005110912,True
1,LARGE_MAZE,2031,2031,1,8,3,6,greedy,16,0.01418200001353398,4,0.003545500003383495,True
1,LARGE_MAZE,2031,2031,1,8,3,6,beam_2,16,0.013637600000947714,4,0.0034094000002369285,True
1,LARGE_MAZE,2031,2031,1,8,3,6,beam_3,16,0.014097100007347763,4,0.0035242750018369406,True
1,LARGE_MAZE,2083,2083,1,9,4,10,greedy,16,0.05538520001573488,16,0.00346157500098343,False
1,LARGE_MAZE,2083,2083,1,9,4,10,beam_2,16,0.013490199984516948,4,0.003372549996129237,True
1,LARGE_MAZE,2083,2083,1,9,4,10,beam_3,16,0.014490999979898334,4,0.0036227499949745834,True
1,LARGE_MAZE,2158,2158,2,1,2,3,greedy,16,0.05560140003217384,16,0.003475087502010865,False
1,LARGE_MAZE,2158,2158,2,1,2,3,beam_2,16,0.014896999986376613,4,0.0037242499965941533,True
1,LARGE_MAZE,2158,2158,2,1,2,3,beam_3,16,0.01580699998885393,4,0.003951749997213483,True
1,LARGE_MAZE,2240,2240,2,5,1,2,greedy,16,0.04688060004264116,14,0.003348614288760083,True
1,LARGE_MAZE,2240,2240,2,5,1,2,beam_2,16,0.05027250002603978,12,0.004189375002169982,True
1,LARGE_MAZE,2240,2240,2,5,1,2,beam_3,16,0.04470849997596815,12,0.0037257083313306794,True
1,LARGE_MAZE,2273,2273,2,5,6,5,greedy,16,0.012007499986793846,4,0.0030018749966984615,True
1,LARGE_MAZE,2273,2273,2,5,6,5,beam_2,16,0.017773800005670637,4,0.004443450001417659,True
1,LARGE_MAZE,2273,2273,2,5,6,5,beam_3,16,0.012920000008307397,4,0.0032300000020768493,True
1,LARGE_MAZE,2334,2334,2,10,1,7,greedy,16,0.052397900028154254,16,0.003274868751759641,False
1,LARGE_MAZE,2334,2334,2,10,1,7,beam_2,16,0.020416099985595793,6,0.003402683330932632,True
1,LARGE_MAZE,2334,2334,2,10,1,7,beam_3,16,0.022016300004906952,6,0.0036693833341511586,True
1,LARGE_MAZE,2420,2420,3,2,1,2,greedy,16,0.056039400049485266,16,0.003502462503092829,False
1,LARGE_MAZE,2420,2420,3,2,1,2,beam_2,16,0.0642181999864988,16,0.004013637499156175,False
1,LARGE_MAZE,2420,2420,3,2,1,2,beam_3,16,0.015156299981754273,4,0.0037890749954385683,True
1,LARGE_MAZE,2489,2489,3,3,5,1,greedy,16,0.013322299986612052,4,0.003330574996653013,True
1,LARGE_MAZE,2489,2489,3,3,5,1,beam_2,16,0.014538499992340803,4,0.003634624998085201,True
1,LARGE_MAZE,2489,2489,3,3,5,1,beam_3,16,0.014865899982396513,4,0.0037164749955991283,True
1,LARGE_MAZE,2549,2549,3,5,7,5,greedy,16,0.05448940000496805,16,0.003405587500310503,False
1,LARGE_MAZE,2549,2549,3,5,7,5,beam_2,16,0.013299999991431832,4,0.003324999997857958,True
1,LARGE_MAZE,2549,2549,3,5,7,5,beam_3,16,0.014244400023017079,4,0.0035611000057542697,True
1,LARGE_MAZE,2588,2588,3,6,6,5,greedy,16,0.01214030000846833,4,0.0030350750021170825,True
1,LARGE_MAZE,2588,2588,3,6,6,5,beam_2,16,0.013142899959348142,4,0.0032857249898370355,True
1,LARGE_MAZE,2588,2588,3,6,6,5,beam_3,16,0.013452799990773201,4,0.0033631999976933002,True
1,LARGE_MAZE,2628,2628,3,7,5,5,greedy,16,0.014038899971637875,4,0.0035097249929094687,True
1,LARGE_MAZE,2628,2628,3,7,5,5,beam_2,16,0.012022899987641722,4,0.0030057249969104305,True
1,LARGE_MAZE,2628,2628,3,7,5,5,beam_3,16,0.013769900018814951,4,0.003442475004703738,True
1,LARGE_MAZE,2676,2676,3,8,5,10,greedy,16,0.010814499983098358,4,0.0027036249957745895,True
1,LARGE_MAZE,2676,2676,3,8,5,10,beam_2,16,0.012761900026816875,4,0.0031904750067042187,True
1,LARGE_MAZE,2676,2676,3,8,5,10,beam_3,16,0.013201900001149625,4,0.003300475000287406,True
1,LARGE_MAZE,2740,2740,3,10,1,8,greedy,16,0.05032710003433749,16,0.003145443752146093,False
1,LARGE_MAZE,2740,2740,3,10,1,8,beam_2,16,0.0554134999983944,16,0.00346334374989965,False
1,LARGE_MAZE,2740,2740,3,10,1,8,beam_3,16,0.01872440002625808,6,0.00312073333770968,True
1,LARGE_MAZE,2789,2789,4,1,2,3,greedy,16,0.010715699987486005,4,0.002678924996871501,True
1,LARGE_MAZE,2789,2789,4,1,2,3,beam_2,16,0.012225100013893098,4,0.0030562750034732744,True
1,LARGE_MAZE,2789,2789,4,1,2,3,beam_3,16,0.015185199968982488,4,0.003796299992245622,True
1,LARGE_MAZE,2844,2844,4,5,3,8,greedy,16,0.012160700047388673,4,0.003040175011847168,True
1,LARGE_MAZE,2844,2844,4,5,3,8,beam_2,16,0.014821399992797524,4,0.003705349998199381,True
1,LARGE_MAZE,2844,2844,4,5,3,8,beam_3,16,0.014286399993579835,4,0.0035715999983949587,True
1,LARGE_MAZE,2888,2888,4,10,3,7,greedy,16,0.011768900032620877,4,0.0029422250081552193,True
1,LARGE_MAZE,2888,2888,4,10,3,7,beam_2,16,0.013804999995045364,4,0.003451249998761341,True
1,LARGE_MAZE,2888,2888,4,10,3,7,beam_3,16,0.01428569998824969,4,0.0035714249970624223,True
1,LARGE_MAZE,2953,2953,5,1,7,3,greedy,16,0.055448300030548126,16,0.003465518751909258,False
1,LARGE_MAZE,2953,2953,5,1,7,3,beam_2,16,0.06225219997577369,16,0.0038907624984858558,True
1,LARGE_MAZE,2953,2953,5,1,7,3,beam_3,16,0.015960299992002547,4,0.003990074998000637,True
1,LARGE_MAZE,2997,2997,5,2,7,2,greedy,16,0.011934799957089126,4,0.0029836999892722815,True
1,LARGE_MAZE,2997,2997,5,2,7,2,beam_2,16,0.015159300004597753,4,0.0037898250011494383,True
1,LARGE_MAZE,2997,2997,5,2,7,2,beam_3,16,0.014141399995423853,4,0.0035353499988559633,True
1,LARGE_MAZE,3060,3060,5,4,2,5,greedy,16,0.05645079998066649,16,0.0035281749987916555,False
1,LARGE_MAZE,3060,3060,5,4,2,5,beam_2,16,0.013207599986344576,4,0.003301899996586144,True
1,LARGE_MAZE,3060,3060,5,4,2,5,beam_3,16,0.014869100006762892,4,0.003717275001690723,True
1,LARGE_MAZE,3098,3098,5,5,1,5,greedy,16,0.012365199974738061,4,0.0030912999936845154,True
1,LARGE_MAZE,3098,3098,5,5,1,5,beam_2,16,0.013503699970897287,4,0.0033759249927243218,True
1,LARGE_MAZE,3098,3098,5,5,1,5,beam_3,16,0.015018399979453534,4,0.0037545999948633835,True
1,LARGE_MAZE,3179,3179,5,7,7,5,greedy,16,0.012233300018124282,4,0.0030583250045310706,True
1,LARGE_MAZE,3179,3179,5,7,7,5,beam_2,16,0.01312089996645227,4,0.0032802249916130677,True
1,LARGE_MAZE,3179,3179,5,7,7,5,beam_3,16,0.013905500003602356,4,0.003476375000900589,True
1,LARGE_MAZE,3273,3273,5,10,7,10,greedy,16,0.05043780000414699,16,0.003152362500259187,False
1,LARGE_MAZE,3273,3273,5,10,7,10,beam_2,16,0.058105000003706664,16,0.0036315625002316665,False
1,LARGE_MAZE,3273,3273,5,10,7,10,beam_3,16,0.015960699995048344,4,0.003990174998762086,True
1,LARGE_MAZE,3337,3337,6,5,3,6,greedy,16,0.04886069998610765,16,0.003053793749131728,False
1,LARGE_MAZE,3337,3337,6,5,3,6,beam_2,16,0.07962390000466257,14,0.00568742142890447,True
1,LARGE_MAZE,3337,3337,6,5,3,6,beam_3,16,0.030559899983927608,4,0.007639974995981902,True
1,LARGE_MAZE,3431,3431,6,9,3,10,greedy,16,0.01711839996278286,4,0.004279599990695715,True
1,LARGE_MAZE,3431,3431,6,9,3,10,beam_2,16,0.018940000038128346,4,0.0047350000095320866,True
1,LARGE_MAZE,3431,3431,6,9,3,10,beam_3,16,0.0224253999767825,4,0.005606349994195625,True
1,LARGE_MAZE,3574,3574,7,3,5,5,greedy,16,0.02090840000892058,4,0.005227100002230145,True
1,LARGE_MAZE,3574,3574,7,3,5,5,beam_2,16,0.014331399986986071,4,0.0035828499967465177,True
1,LARGE_MAZE,3574,3574,7,3,5,5,beam_3,16,0.02277959999628365,4,0.005694899999070913,True
1,LARGE_MAZE,3663,3663,7,6,5,4,greedy,16,0.017837599967606366,4,0.004459399991901591,True
1,LARGE_MAZE,3663,3663,7,6,5,4,beam_2,16,0.016498000011779368,4,0.004124500002944842,True
1,LARGE_MAZE,3663,3663,7,6,5,4,beam_3,16,0.012899199966341257,4,0.0032247999915853143,True
1,LARGE_MAZE,1770,1770,1,1,5,2,greedy,16,0.013817700033541769,5,0.0027635400067083536,True
1,LARGE_MAZE,1770,1770,1,1,5,2,beam_2,16,0.01642489997902885,5,0.0032849799958057702,True
1,LARGE_MAZE,1770,1770,1,1,5,2,beam_3,16,0.019864399975631386,5,0.003972879995126277,True
1,LARGE_MAZE,1857,1857,1,3,4,5,greedy,16,0.014943699992727488,5,0.002988739998545498,True
1,LARGE_MAZE,1857,1857,1,3,4,5,beam_2,16,0.01757319999160245,5,0.00351463999832049,True
1,LARGE_MAZE,1857,1857,1,3,4,5,beam_3,16,0.017974299960769713,5,0.0035948599921539425,True
1,LARGE_MAZE,1935,1935,1,5,2,7,greedy,16,0.016412800003308803,5,0.0032825600006617605,True
1,LARGE_MAZE,1935,1935,1,5,2,7,beam_2,16,0.018515900010243058,5,0.0037031800020486116,True
1,LARGE_MAZE,1935,1935,1,5,2,7,beam_3,16,0.01953210000647232,5,0.0039064200012944635,True
1,LARGE_MAZE,1979,1979,1,7,2,5,greedy,16,0.01487529999576509,5,0.002975059999153018,True
1,LARGE_MAZE,1979,1979,1,7,2,5,beam_2,16,0.01596260000951588,5,0.0031925200019031763,True
1,LARGE_MAZE,1979,1979,1,7,2,5,beam_3,16,0.01714830001583323,5,0.003429660003166646,True
1,LARGE_MAZE,2038,2038,1,8,4,10,greedy,16,0.0200862999772653,7,0.002869471425323614,True
1,LARGE_MAZE,2038,2038,1,8,4,10,beam_2,16,0.024464900023303926,7,0.0034949857176148464,True
1,LARGE_MAZE,2038,2038,1,8,4,10,beam_3,16,0.016981700027827173,5,0.0033963400055654347,True
1,LARGE_MAZE,2135,2135,1,10,5,9,greedy,16,0.05098749999888241,16,0.003186718749930151,False
1,LARGE_MAZE,2135,2135,1,10,5,9,beam_2,16,0.057601300009991974,16,0.0036000812506244984,False
1,LARGE_MAZE,2135,2135,1,10,5,9,beam_3,16,0.031369399977847934,7,0.004481342853978276,True
1,LARGE_MAZE,2239,2239,2,5,1,1,greedy,16,0.04078370000934228,11,0.0037076090917583892,True
1,LARGE_MAZE,2239,2239,2,5,1,1,beam_2,16,0.021591799973975867,5,0.004318359994795173,True
1,LARGE_MAZE,2239,2239,2,5,1,1,beam_3,16,0.022143300040625036,5,0.004428660008125007,True
1,LARGE_MAZE,2279,2279,2,5,7,5,greedy,16,0.01727840001694858,5,0.003455680003389716,True
1,LARGE_MAZE,2279,2279,2,5,7,5,beam_2,16,0.01889800000935793,5,0.003779600001871586,True
1,LARGE_MAZE,2279,2279,2,5,7,5,beam_3,16,0.020869100000709295,5,0.004173820000141859,True
1,LARGE_MAZE,2341,2341,2,10,2,7,greedy,16,0.016625699994619936,5,0.0033251399989239873,True
1,LARGE_MAZE,2341,2341,2,10,2,7,beam_2,16,0.018389400036539882,5,0.0036778800073079764,True
1,LARGE_MAZE,2341,2341,2,10,2,7,beam_3,16,0.019482400035485625,5,0.003896480007097125,True
1,LARGE_MAZE,2407,2407,3,1,6,3,greedy,16,0.05384750000666827,16,0.003365468750416767,False
1,LARGE_MAZE,2407,2407,3,1,6,3,beam_2,16,0.06638949998887256,16,0.004149343749304535,False
1,LARGE_MAZE,2407,2407,3,1,6,3,beam_3,16,0.061333100020419806,16,0.003833318751276238,False
1,LARGE_MAZE,2510,2510,3,5,1,2,greedy,16,0.04810650000581518,16,0.0030066562503634486,False
1,LARGE_MAZE,2510,2510,3,5,1,2,beam_2,16,0.037424599984660745,11,0.0034022363622418857,True
1,LARGE_MAZE,2510,2510,3,5,1,2,beam_3,16,0.037840799952391535,11,0.003440072722944685,True
1,LARGE_MAZE,2542,2542,3,5,6,3,greedy,16,0.013933800044469535,5,0.002786760008893907,True
1,LARGE_MAZE,2542,2542,3,5,6,3,beam_2,16,0.014459499972872436,5,0.0028918999945744873,True
1,LARGE_MAZE,2542,2542,3,5,6,3,beam_3,16,0.016108199954032898,5,0.0032216399908065797,True
1,LARGE_MAZE,2578,2578,3,6,4,10,greedy,16,0.012730499962344766,5,0.002546099992468953,True
1,LARGE_MAZE,2578,2578,3,6,4,10,beam_2,16,0.014610699960030615,5,0.002922139992006123,True
1,LARGE_MAZE,2578,2578,3,6,4,10,beam_3,16,0.01566480001201853,5,0.0031329600024037063,True
1,LARGE_MAZE,2627,2627,3,7,5,4,greedy,16,0.0129624999826774,5,0.00259249999653548,True
1,LARGE_MAZE,2627,2627,3,7,5,4,beam_2,16,0.014121700020041317,5,0.002824340004008263,True
1,LARGE_MAZE,2627,2627,3,7,5,4,beam_3,16,0.014770600013434887,5,0.0029541200026869776,True
1,LARGE_MAZE,2673,2673,3,8,5,5,greedy,16,0.012425900029484183,5,0.0024851800058968364,True
1,LARGE_MAZE,2673,2673,3,8,5,5,beam_2,16,0.013668400002643466,5,0.002733680000528693,True
1,LARGE_MAZE,2673,2673,3,8,5,5,beam_3,16,0.01454650005325675,5,0.00290930001065135,True
1,LARGE_MAZE,2725,2725,3,9,6,9,greedy,16,0.012255899957381189,5,0.002451179991476238,True
1,LARGE_MAZE,2725,2725,3,9,6,9,beam_2,16,0.013630499946884811,5,0.0027260999893769624,True
1,LARGE_MAZE,2725,2725,3,9,6,9,beam_3,16,0.014429600036237389,5,0.002885920007247478,True
1,LARGE_MAZE,2808,2808,4,1,5,5,greedy,16,0.012505999999120831,5,0.002501199999824166,True
1,LARGE_MAZE,2808,2808,4,1,5,5,beam_2,16,0.01420570001937449,5,0.002841140003874898,True
1,LARGE_MAZE,2808,2808,4,1,5,5,beam_3,16,0.01634380000177771,5,0.003268760000355542,True
1,LARGE_MAZE,2849,2849,4,5,5,1,greedy,16,0.027824300050269812,11,0.0025294818227518012,True
1,LARGE_MAZE,2849,2849,4,5,5,1,beam_2,16,0.033861499978229403,11,0.0030783181798390365,True
1,LARGE_MAZE,2849,2849,4,5,5,1,beam_3,16,0.014559300034306943,5,0.0029118600068613887,True
1,LARGE_MAZE,2887,2887,4,10,3,6,greedy,16,0.01418930001091212,5,0.002837860002182424,True
1,LARGE_MAZE,2887,2887,4,10,3,6,beam_2,16,0.014106999966315925,5,0.002821399993263185,True
1,LARGE_MAZE,2887,2887,4,10,3,6,beam_3,16,0.014357900014147162,5,0.0028715800028294323,True
1,LARGE_MAZE,2948,2948,5,1,6,5,greedy,16,0.013172600010875612,5,0.0026345200021751225,True
1,LARGE_MAZE,2948,2948,5,1,6,5,beam_2,16,0.014788299973588437,5,0.002957659994717687,True
1,LARGE_MAZE,2948,2948,5,1,6,5,beam_3,16,0.01511089998530224,5,0.003022179997060448,True
1,LARGE_MAZE,2996,2996,5,2,7,1,greedy,16,0.01283370004966855,5,0.00256674000993371,True
1,LARGE_MAZE,2996,2996,5,2,7,1,beam_2,16,0.014779399964027107,5,0.0029558799928054214,True
1,LARGE_MAZE,2996,2996,5,2,7,1,beam_3,16,0.01583230000687763,5,0.0031664600013755263,True
1,LARGE_MAZE,3022,3022,5,3,3,6,greedy,16,0.014024700038135052,5,0.0028049400076270103,True
1,LARGE_MAZE,3022,3022,5,3,3,6,beam_2,16,0.01505310001084581,5,0.003010620002169162,True
1,LARGE_MAZE,3022,3022,5,3,3,6,beam_3,16,0.016073099977802485,5,0.003214619995560497,True
1,LARGE_MAZE,3086,3086,5,4,7,1,greedy,16,0.013447599951177835,5,0.002689519990235567,True
1,LARGE_MAZE,3086,3086,5,4,7,1,beam_2,16,0.014323299983516335,5,0.002864659996703267,True
1,LARGE_MAZE,3086,3086,5,4,7,1,beam_3,16,0.01601319998735562,5,0.003202639997471124,True
1,LARGE_MAZE,3117,3117,5,5,4,1,greedy,16,0.03182619996368885,11,0.0028932909057898955,True
1,LARGE_MAZE,3117,3117,5,5,4,1,beam_2,16,0.016692599980160594,5,0.0033385199960321186,True
1,LARGE_MAZE,3117,3117,5,5,4,1,beam_3,16,0.01845329999923706,5,0.003690659999847412,True
1,LARGE_MAZE,3204,3204,5,9,3,8,greedy,16,0.018750399991404265,5,0.003750079998280853,True
1,LARGE_MAZE,3204,3204,5,9,3,8,beam_2,16,0.018132900004275143,5,0.0036265800008550286,True
1,LARGE_MAZE,3204,3204,5,9,3,8,beam_3,16,0.01731700001982972,5,0.003463400003965944,True
1,LARGE_MAZE,3314,3314,6,3,7,5,greedy,16,0.06699510000180453,16,0.004187193750112783,False
1,LARGE_MAZE,3314,3314,6,3,7,5,beam_2,16,0.02658599999267608,5,0.005317199998535216,True
1,LARGE_MAZE,3314,3314,6,3,7,5,beam_3,16,0.026207199960481375,5,0.0052414399920962754,True
1,LARGE_MAZE,3358,3358,6,5,7,3,greedy,16,0.0823380000074394,16,0.005146125000464963,False
1,LARGE_MAZE,3358,3358,6,5,7,3,beam_2,16,0.022365099983289838,5,0.004473019996657968,True
1,LARGE_MAZE,3358,3358,6,5,7,3,beam_3,16,0.028403500036802143,5,0.005680700007360429,True
1,LARGE_MAZE,3483,3483,7,1,5,4,greedy,16,0.01704900001641363,5,0.003409800003282726,True
1,LARGE_MAZE,3483,3483,7,1,5,4,beam_2,16,0.020102899987250566,5,0.004020579997450114,True
1,LARGE_MAZE,3483,3483,7,1,5,4,beam_3,16,0.0294378999969922,5,0.00588757999939844,True
1,LARGE_MAZE,3579,3579,7,3,6,5,greedy,16,0.02171760000055656,5,0.004343520000111312,True
1,LARGE_MAZE,3579,3579,7,3,6,5,beam_2,16,0.02386130002560094,5,0.004772260005120188,True
1,LARGE_MAZE,3579,3579,7,3,6,5,beam_3,16,0.023881300003267825,5,0.004776260000653565,True
1,LARGE_MAZE,3651,3651,7,6,3,5,greedy,16,0.020437900035176426,5,0.004087580007035285,True
1,LARGE_MAZE,3651,3651,7,6,3,5,beam_2,16,0.02326990000437945,5,0.00465398000087589,True
1,LARGE_MAZE,3651,3651,7,6,3,5,beam_3,16,0.020248199987690896,5,0.0040496399975381795,True
1,LARGE_MAZE,3794,3794,7,10,4,10,greedy,16,0.02033949998440221,5,0.004067899996880442,True
1,LARGE_MAZE,3794,3794,7,10,4,10,beam_2,16,0.023216899950057268,5,0.0046433799900114535,True
1,LARGE_MAZE,3794,3794,7,10,4,10,beam_3,16,0.13186180003685877,5,0.026372360007371753,True
1,LARGE_MAZE,1815,1815,1,2,5,2,greedy,16,0.04813720000674948,6,0.00802286666779158,True
1,LARGE_MAZE,1815,1815,1,2,5,2,beam_2,16,0.03833329997723922,6,0.00638888332953987,True
1,LARGE_MAZE,1815,1815,1,2,5,2,beam_3,16,0.04801179998321459,6,0.008001966663869098,True
1,LARGE_MAZE,1898,1898,1,4,3,8,greedy,16,0.02785000001313165,6,0.004641666668855275,True
1,LARGE_MAZE,1898,1898,1,4,3,8,beam_2,16,0.02696250000735745,6,0.004493750001226242,True
1,LARGE_MAZE,1898,1898,1,4,3,8,beam_3,16,0.026078399969264865,6,0.004346399994877477,True
1,LARGE_MAZE,1937,1937,1,5,3,1,greedy,16,0.03674840001622215,10,0.003674840001622215,True
1,LARGE_MAZE,1937,1937,1,5,3,1,beam_2,16,0.047507200040854514,10,0.0047507200040854515,True
1,LARGE_MAZE,1937,1937,1,5,3,1,beam_3,16,0.03168580000055954,6,0.005280966666759923,True
1,LARGE_MAZE,1993,1993,1,7,4,10,greedy,16,0.02278979995753616,6,0.0037982999929226935,True
1,LARGE_MAZE,1993,1993,1,7,4,10,beam_2,16,0.026639999996405095,6,0.004439999999400849,True
1,LARGE_MAZE,1993,1993,1,7,4,10,beam_3,16,0.026702500006649643,6,0.004450416667774941,True
1,LARGE_MAZE,2075,2075,1,9,3,5,greedy,16,0.022684199968352914,6,0.003780699994725486,True
1,LARGE_MAZE,2075,2075,1,9,3,5,beam_2,16,0.025004299997817725,6,0.004167383332969621,True
1,LARGE_MAZE,2075,2075,1,9,3,5,beam_3,16,0.030130899976938963,6,0.00502181666282316,True
1,LARGE_MAZE,2177,2177,2,1,5,4,greedy,16,0.06692870002007112,16,0.004183043751254445,False
1,LARGE_MAZE,2177,2177,2,1,5,4,beam_2,16,0.027096100035123527,6,0.004516016672520588,True
1,LARGE_MAZE,2177,2177,2,1,5,4,beam_3,16,0.031112700002267957,6,0.005185450000377993,True
1,LARGE_MAZE,2245,2245,2,5,1,8,greedy,16,0.023578799969982356,6,0.003929799994997059,True
1,LARGE_MAZE,2245,2245,2,5,1,8,beam_2,16,0.02612649998627603,6,0.004354416664379339,True
1,LARGE_MAZE,2245,2245,2,5,1,8,beam_3,16,0.027872500009834766,6,0.004645416668305795,True
1,LARGE_MAZE,2272,2272,2,5,6,3,greedy,16,0.029587999975774437,6,0.0049313333292957395,True
1,LARGE_MAZE,2272,2272,2,5,6,3,beam_2,16,0.02649710001423955,6,0.004416183335706592,True
1,LARGE_MAZE,2272,2272,2,5,6,3,beam_3,16,0.03237709996756166,6,0.005396183327926944,True
1,LARGE_MAZE,2318,2318,2,7,6,5,greedy,16,0.02582420001272112,6,0.0043040333354535205,True
1,LARGE_MAZE,2318,2318,2,7,6,5,beam_2,16,0.02846000000135973,6,0.0047433333335599554,True
1,LARGE_MAZE,2318,2318,2,7,6,5,beam_3,16,0.03244819998508319,6,0.005408033330847199,True
1,LARGE_MAZE,2413,2413,3,1,7,3,greedy,16,0.02207130001625046,6,0.0036785500027084104,True
1,LARGE_MAZE,2413,2413,3,1,7,3,beam_2,16,0.024860400008037686,6,0.004143400001339614,True
1,LARGE_MAZE,2413,2413,3,1,7,3,beam_3,16,0.027283400006126612,6,0.004547233334354435,True
1,LARGE_MAZE,2491,2491,3,3,5,3,greedy,16,0.058220500010065734,16,0.0036387812506291084,False
1,LARGE_MAZE,2491,2491,3,3,5,3,beam_2,16,0.024283200036734343,6,0.004047200006122391,True
1,LARGE_MAZE,2491,2491,3,3,5,3,beam_3,16,0.024108199984766543,6,0.004018033330794424,True
1,LARGE_MAZE,2533,2533,3,5,4,10,greedy,16,0.022589300002437085,6,0.003764883333739514,True
1,LARGE_MAZE,2533,2533,3,5,4,10,beam_2,16,0.023469100007787347,6,0.003911516667964558,True
1,LARGE_MAZE,2533,2533,3,5,4,10,beam_3,16,0.022538399964105338,6,0.0037563999940175563,True
1,LARGE_MAZE,2562,2562,3,6,1,10,greedy,16,0.019525000010617077,6,0.0032541666684361794,True
1,LARGE_MAZE,2562,2562,3,6,1,10,beam_2,16,0.028027000022120774,6,0.004671166670353462,True
1,LARGE_MAZE,2562,2562,3,6,1,10,beam_3,16,0.025835399981588125,6,0.0043058999969313545,True
1,LARGE_MAZE,2595,2595,3,6,7,6,greedy,16,0.020811200025491416,6,0.0034685333375819027,True
1,LARGE_MAZE,2595,2595,3,6,7,6,beam_2,16,0.024076999980024993,6,0.004012833330004166,True
1,LARGE_MAZE,2595,2595,3,6,7,6,beam_3,16,0.023913400014862418,6,0.003985566669143736,True
1,LARGE_MAZE,2647,2647,3,8,1,4,greedy,16,0.021206700010225177,6,0.003534450001704196,True
1,LARGE_MAZE,2647,2647,3,8,1,4,beam_2,16,0.02431030001025647,6,0.004051716668376078,True
1,LARGE_MAZE,2647,2647,3,8,1,4,beam_3,16,0.023027500021271408,6,0.0038379166702119014,True
1,LARGE_MAZE,2718,2718,3,9,5,5,greedy,16,0.06242189998738468,16,0.0039013687492115423,False
1,LARGE_MAZE,2718,2718,3,9,5,5,beam_2,16,0.020395599945914,6,0.0033992666576523334,True
1,LARGE_MAZE,2718,2718,3,9,5,5,beam_3,16,0.020451200020033866,6,0.003408533336672311,True
1,LARGE_MAZE,2782,2782,4,1,1,4,greedy,16,0.01647509995382279,6,0.0027458499923037985,True
1,LARGE_MAZE,2782,2782,4,1,1,4,beam_2,16,0.01866659999359399,6,0.003111099998932332,True
1,LARGE_MAZE,2782,2782,4,1,1,4,beam_3,16,0.02283299999544397,6,0.0038054999992406615,True
1,LARGE_MAZE,2830,2830,4,5,1,8,greedy,16,0.04989189998013899,16,0.0031182437487586867,False
1,LARGE_MAZE,2830,2830,4,5,1,8,beam_2,16,0.023713400005362928,6,0.003952233334227155,True
1,LARGE_MAZE,2830,2830,4,5,1,8,beam_3,16,0.0210728999809362,6,0.0035121499968227,True
1,LARGE_MAZE,2862,2862,4,5,7,2,greedy,16,0.057915400015190244,16,0.0036197125009493902,False
1,LARGE_MAZE,2862,2862,4,5,7,2,beam_2,16,0.06415370001923293,16,0.004009606251202058,False
1,LARGE_MAZE,2862,2862,4,5,7,2,beam_3,16,0.023800100025255233,6,0.0039666833375425386,True
1,LARGE_MAZE,2951,2951,5,1,7,1,greedy,16,0.057616100006271154,16,0.003601006250391947,False
1,LARGE_MAZE,2951,2951,5,1,7,1,beam_2,16,0.02071269997395575,6,0.0034521166623259583,True
1,LARGE_MAZE,2951,2951,5,1,7,1,beam_3,16,0.029711399984080344,6,0.004951899997346724,True
1,LARGE_MAZE,2977,2977,5,2,3,6,greedy,16,0.0328319999971427,6,0.005471999999523784,True
1,LARGE_MAZE,2977,2977,5,2,3,6,beam_2,16,0.02452779997838661,6,0.004087966663064435,True
1,LARGE_MAZE,2977,2977,5,2,3,6,beam_3,16,0.024282500031404197,6,0.004047083338567366,True
1,LARGE_MAZE,3023,3023,5,3,3,7,greedy,16,0.01860890001989901,6,0.003101483336649835,True
1,LARGE_MAZE,3023,3023,5,3,3,7,beam_2,16,0.022921499970834702,6,0.003820249995139117,True
1,LARGE_MAZE,3023,3023,5,3,3,7,beam_3,16,0.024772100034169853,6,0.004128683339028309,True
1,LARGE_MAZE,3064,3064,5,4,3,2,greedy,16,0.02329660003306344,6,0.0038827666721772403,True
1,LARGE_MAZE,3064,3064,5,4,3,2,beam_2,16,0.025773300032597035,6,0.0042955500054328395,True
1,LARGE_MAZE,3064,3064,5,4,3,2,beam_3,16,0.028480299981310964,6,0.004746716663551827,True
1,LARGE_MAZE,3108,3108,5,5,3,1,greedy,16,0.1348613000009209,16,0.008428831250057556,False
1,LARGE_MAZE,3108,3108,5,5,3,1,beam_2,16,0.0534205999574624,10,0.00534205999574624,True
1,LARGE_MAZE,3108,3108,5,5,3,1,beam_3,16,0.030766499985475093,6,0.0051277499975791825,True
1,LARGE_MAZE,3191,3191,5,9,1,9,greedy,16,0.08740660001058131,16,0.005462912500661332,False
1,LARGE_MAZE,3191,3191,5,9,1,9,beam_2,16,0.035562300006859004,6,0.005927050001143168,True
1,LARGE_MAZE,3191,3191,5,9,1,9,beam_3,16,0.03528260003076866,6,0.005880433338461444,True
1,LARGE_MAZE,3283,3283,6,3,2,1,greedy,16,0.03041760000633076,6,0.005069600001055126,True
1,LARGE_MAZE,3283,3283,6,3,2,1,beam_2,16,0.051769500016234815,6,0.008628250002705803,True
1,LARGE_MAZE,3283,3283,6,3,2,1,beam_3,16,0.044397199992090464,6,0.0073995333320150776,True
1,LARGE_MAZE,3322,3322,6,5,1,4,greedy,16,0.06116400001337752,6,0.010194000002229586,True
1,LARGE_MAZE,3322,3322,6,5,1,4,beam_2,16,0.04310000000987202,6,0.00718333333497867,True
1,LARGE_MAZE,3322,3322,6,5,1,4,beam_3,16,0.040342100022826344,6,0.006723683337137724,True
1,LARGE_MAZE,3388,3388,6,7,4,5,greedy,16,0.03643359994748607,6,0.006072266657914345,True
1,LARGE_MAZE,3388,3388,6,7,4,5,beam_2,16,0.027816399990115315,6,0.004636066665019219,True
1,LARGE_MAZE,3388,3388,6,7,4,5,beam_3,16,0.0322852999670431,6,0.005380883327840517,True
1,LARGE_MAZE,3484,3484,7,1,5,5,greedy,16,0.023414399998728186,6,0.003902399999788031,True
1,LARGE_MAZE,3484,3484,7,1,5,5,beam_2,16,0.02453560003777966,6,0.0040892666729632765,True
1,LARGE_MAZE,3484,3484,7,1,5,5,beam_3,16,0.02529239997966215,6,0.004215399996610358,True
1,LARGE_MAZE,3561,3561,7,3,3,5,greedy,16,0.023251199978403747,6,0.0038751999964006245,True
1,LARGE_MAZE,3561,3561,7,3,3,5,beam_2,16,0.026368499966338277,6,0.004394749994389713,True
1,LARGE_MAZE,3561,3561,7,3,3,5,beam_3,16,0.02554889995371923,6,0.004258149992286538,True
1,LARGE_MAZE,3629,3629,7,5,7,3,greedy,16,0.024278099997900426,6,0.004046349999650071,True
1,LARGE_MAZE,3629,3629,7,5,7,3,beam_2,16,0.02452070004073903,6,0.004086783340123172,True
1,LARGE_MAZE,3629,3629,7,5,7,3,beam_3,16,0.02213519997894764,6,0.0036891999964912734,True
1,LARGE_MAZE,3696,3696,7,7,3,5,greedy,16,0.018534300033934414,6,0.0030890500056557357,True
1,LARGE_MAZE,3696,3696,7,7,3,5,beam_2,16,0.02149800001643598,6,0.0035830000027393303,True
1,LARGE_MAZE,3696,3696,7,7,3,5,beam_3,16,0.02623350004432723,6,0.004372250007387872,True
1,LARGE_MAZE,1761,1761,1,1,3,6,greedy,16,0.02511589997448027,7,0.0035879857106400387,True
1,LARGE_MAZE,1761,1761,1,1,3,6,beam_2,16,0.0261117999907583,7,0.0037302571415369,True
1,LARGE_MAZE,1761,1761,1,1,3,6,beam_3,16,0.028203200025018305,7,0.004029028575002615,True
1,LARGE_MAZE,1816,1816,1,2,5,3,greedy,16,0.058605699974577874,16,0.003662856248411117,False
1,LARGE_MAZE,1816,1816,1,2,5,3,beam_2,16,0.03472309996141121,7,0.0049604428516301724,True
1,LARGE_MAZE,1816,1816,1,2,5,3,beam_3,16,0.03126359998714179,7,0.004466228569591684,True
1,LARGE_MAZE,1862,1862,1,3,5,4,greedy,16,0.06539389997487888,16,0.00408711874842993,False
1,LARGE_MAZE,1862,1862,1,3,5,4,beam_2,16,0.0378828999819234,7,0.005411842854560486,True
1,LARGE_MAZE,1862,1862,1,3,5,4,beam_3,16,0.030466999975033104,7,0.004352428567861872,True
1,LARGE_MAZE,1906,1906,1,4,5,3,greedy,16,0.023437100055161864,7,0.003348157150737409,True
1,LARGE_MAZE,1906,1906,1,4,5,3,beam_2,16,0.034497099986765534,7,0.004928157140966505,True
1,LARGE_MAZE,1906,1906,1,4,5,3,beam_3,16,0.028336800052784383,7,0.004048114293254912,True
1,LARGE_MAZE,1950,1950,1,5,5,2,greedy,16,0.05828469997504726,16,0.0036427937484404538,False
1,LARGE_MAZE,1950,1950,1,5,5,2,beam_2,16,0.028456199972424656,7,0.004065171424632094,True
1,LARGE_MAZE,1950,1950,1,5,5,2,beam_3,16,0.02620960003696382,7,0.003744228576709117,True
1,LARGE_MAZE,2001,2001,1,7,5,10,greedy,16,0.019967200001701713,7,0.002852457143100245,True
1,LARGE_MAZE,2001,2001,1,7,5,10,beam_2,16,0.023519899987149984,7,0.0033599857124499977,True
1,LARGE_MAZE,2001,2001,1,7,5,10,beam_3,16,0.02467320003779605,7,0.0035247428625422928,True
1,LARGE_MAZE,2069,2069,1,9,2,5,greedy,16,0.020751899981405586,7,0.002964557140200798,True
1,LARGE_MAZE,2069,2069,1,9,2,5,beam_2,16,0.023099300044123083,7,0.0032999000063032974,True
1,LARGE_MAZE,2069,2069,1,9,2,5,beam_3,16,0.025266200012993068,7,0.0036094571447132955,True
1,LARGE_MAZE,2165,2165,2,1,3,5,greedy,16,0.01925509999273345,7,0.0027507285703904927,True
1,LARGE_MAZE,2165,2165,2,1,3,5,beam_2,16,0.022752199962269515,7,0.0032503142803242163,True
1,LARGE_MAZE,2165,2165,2,1,3,5,beam_3,16,0.03521329996874556,7,0.0050304714241065085,True
1,LARGE_MAZE,2223,2223,2,3,5,5,greedy,16,0.028733399987686425,9,0.003192599998631825,True
1,LARGE_MAZE,2223,2223,2,3,5,5,beam_2,16,0.020593900000676513,7,0.002941985714382359,True
1,LARGE_MAZE,2223,2223,2,3,5,5,beam_3,16,0.022901899996213615,7,0.003271699999459088,True
1,LARGE_MAZE,2264,2264,2,5,5,1,greedy,16,0.021339100028853863,7,0.003048442861264838,True
1,LARGE_MAZE,2264,2264,2,5,5,1,beam_2,16,0.02165369997965172,7,0.003093385711378817,True
1,LARGE_MAZE,2264,2264,2,5,5,1,beam_3,16,0.0283075999468565,7,0.004043942849550929,True
1,LARGE_MAZE,2315,2315,2,7,5,9,greedy,16,0.02826170000480488,7,0.004037385714972126,True
1,LARGE_MAZE,2315,2315,2,7,5,9,beam_2,16,0.02532830002019182,7,0.003618328574313117,True
1,LARGE_MAZE,2315,2315,2,7,5,9,beam_3,16,0.027590900019276887,7,0.003941557145610984,True
1,LARGE_MAZE,2385,2385,3,1,2,5,greedy,16,0.0230718000093475,7,0.0032959714299067855,True
1,LARGE_MAZE,2385,2385,3,1,2,5,beam_2,16,0.028291700000409037,7,0.004041671428629863,True
1,LARGE_MAZE,2385,2385,3,1,2,5,beam_3,16,0.02694180002436042,7,0.003848828574908631,True
1,LARGE_MAZE,2448,2448,3,2,5,5,greedy,16,0.030878700024913996,9,0.0034309666694348883,True
1,LARGE_MAZE,2448,2448,3,2,5,5,beam_2,16,0.024595299968495965,7,0.0035136142812137094,True
1,LARGE_MAZE,2448,2448,3,2,5,5,beam_3,16,0.025802700023632497,7,0.003686100003376071,True
1,LARGE_MAZE,2497,2497,3,3,6,3,greedy,16,0.02402439998695627,7,0.0034320571409937528,True
1,LARGE_MAZE,2497,2497,3,3,6,3,beam_2,16,0.026804800028912723,7,0.003829257146987532,True
1,LARGE_MAZE,2497,2497,3,3,6,3,beam_3,16,0.02708199998596683,7,0.0038688571408524047,True
1,LARGE_MAZE,2541,2541,3,5,5,10,greedy,16,0.02421669999603182,7,0.0034595285708616886,True
1,LARGE_MAZE,2541,2541,3,5,5,10,beam_2,16,0.03688939998392016,7,0.005269914283417165,True
1,LARGE_MAZE,2541,2541,3,5,5,10,beam_3,16,0.046370299998670816,7,0.006624328571238688,True
1,LARGE_MAZE,2579,2579,3,6,5,1,greedy,16,0.09237430000212044,16,0.005773393750132527,False
1,LARGE_MAZE,2579,2579,3,6,5,1,beam_2,16,0.05955869995523244,7,0.008508385707890349,True
1,LARGE_MAZE,2579,2579,3,6,5,1,beam_3,16,0.079750899982173,7,0.011392985711738999,True
1,LARGE_MAZE,2609,2609,3,7,2,3,greedy,16,0.04186749999644235,7,0.005981071428063193,True
1,LARGE_MAZE,2609,2609,3,7,2,3,beam_2,16,0.03472029999829829,7,0.004960042856899756,True
1,LARGE_MAZE,2609,2609,3,7,2,3,beam_3,16,0.03990739997243509,7,0.005701057138919298,True
1,LARGE_MAZE,2646,2646,3,8,1,3,greedy,16,0.024577700009103864,7,0.003511100001300552,True
1,LARGE_MAZE,2646,2646,3,8,1,3,beam_2,16,0.025661099993158132,7,0.003665871427594019,True
1,LARGE_MAZE,2646,2646,3,8,1,3,beam_3,16,0.030265500012319535,7,0.004323642858902791,True
1,LARGE_MAZE,2717,2717,3,9,5,4,greedy,16,0.02374879998387769,7,0.003392685711982527,True
1,LARGE_MAZE,2717,2717,3,9,5,4,beam_2,16,0.025593600003048778,7,0.0036562285718641113,True
1,LARGE_MAZE,2717,2717,3,9,5,4,beam_3,16,0.02848380000796169,7,0.00406911428685167,True
1,LARGE_MAZE,2783,2783,4,1,1,5,greedy,16,0.024027500010561198,7,0.0034325000015087426,True
1,LARGE_MAZE,2783,2783,4,1,1,5,beam_2,16,0.02752519998466596,7,0.0039321714263808516,True
1,LARGE_MAZE,2783,2783,4,1,1,5,beam_3,16,0.028156000014860183,7,0.004022285716408598,True
1,LARGE_MAZE,2831,2831,4,5,1,9,greedy,16,0.02106120000826195,7,0.0030087428583231357,True
1,LARGE_MAZE,2831,2831,4,5,1,9,beam_2,16,0.026935199974104762,7,0.0038478857105863945,True
1,LARGE_MAZE,2831,2831,4,5,1,9,beam_3,16,0.027493099973071367,7,0.003927585710438767,True
1,LARGE_MAZE,2854,2854,4,5,5,7,greedy,16,0.023072200012393296,7,0.0032960285731990424,True
1,LARGE_MAZE,2854,2854,4,5,5,7,beam_2,16,0.03973060002317652,7,0.005675800003310931,True
1,LARGE_MAZE,2854,2854,4,5,5,7,beam_3,16,0.02796669997042045,7,0.003995242852917207,True
1,LARGE_MAZE,2925,2925,5,1,2,5,greedy,16,0.055024400004185736,16,0.0034390250002616085,False
1,LARGE_MAZE,2925,2925,5,1,2,5,beam_2,16,0.022484400018583983,7,0.003212057145511998,True
1,LARGE_MAZE,2925,2925,5,1,2,5,beam_3,16,0.023344799992628396,7,0.0033349714275183423,True
1,LARGE_MAZE,2978,2978,5,2,3,7,greedy,16,0.02094560000114143,7,0.0029922285715916325,True
1,LARGE_MAZE,2978,2978,5,2,3,7,beam_2,16,0.0246538000064902,7,0.0035219714294986,True
1,LARGE_MAZE,2978,2978,5,2,3,7,beam_3,16,0.02488189999712631,7,0.003554557142446616,True
1,LARGE_MAZE,3016,3016,5,3,2,7,greedy,16,0.02044909994583577,7,0.002921299992262253,True
1,LARGE_MAZE,3016,3016,5,3,2,7,beam_2,16,0.025510900013614446,7,0.0036444142876592067,True
1,LARGE_MAZE,3016,3016,5,3,2,7,beam_3,16,0.02486110001336783,7,0.0035515857161954045,True
1,LARGE_MAZE,3054,3054,5,4,1,7,greedy,16,0.01969370001461357,7,0.002813385716373367,True
1,LARGE_MAZE,3054,3054,5,4,1,7,beam_2,16,0.022832499991636723,7,0.0032617857130909605,True
1,LARGE_MAZE,3054,3054,5,4,1,7,beam_3,16,0.02916809997987002,7,0.004166871425695717,True
1,LARGE_MAZE,3100,3100,5,5,1,8,greedy,16,0.019862799963448197,7,0.002837542851921171,True
1,LARGE_MAZE,3100,3100,5,5,1,8,beam_2,16,0.02243289997568354,7,0.00320469999652622,True
1,LARGE_MAZE,3100,3100,5,5,1,8,beam_3,16,0.026198700012173504,7,0.0037426714303105007,True
1,LARGE_MAZE,3163,3163,5,7,4,5,greedy,16,0.025089799950364977,7,0.0035842571357664254,True
1,LARGE_MAZE,3163,3163,5,7,4,5,beam_2,16,0.025186099985148758,7,0.00359801428359268,True
1,LARGE_MAZE,3163,3163,5,7,4,5,beam_3,16,0.022808699985034764,7,0.0032583857121478233,True
1,LARGE_MAZE,3234,3234,5,10,1,7,greedy,16,0.047501099994406104,16,0.0029688187496503815,False
1,LARGE_MAZE,3234,3234,5,10,1,7,beam_2,16,0.02336499997181818,7,0.0033378571388311684,True
1,LARGE_MAZE,3234,3234,5,10,1,7,beam_3,16,0.031520600023213774,7,0.0045029428604591104,True
1,LARGE_MAZE,3293,3293,6,3,3,7,greedy,16,0.024460299988277256,7,0.003494328569753894,True
1,LARGE_MAZE,3293,3293,6,3,3,7,beam_2,16,0.03004830004647374,7,0.004292614292353392,True
1,LARGE_MAZE,3293,3293,6,3,3,7,beam_3,16,0.03291419998276979,7,0.004702028568967113,True
1,LARGE_MAZE,3340,3340,6,5,3,9,greedy,16,0.027707100030966103,7,0.003958157147280872,True
1,LARGE_MAZE,3340,3340,6,5,3,9,beam_2,16,0.032357599993702024,7,0.004622514284814575,True
1,LARGE_MAZE,3340,3340,6,5,3,9,beam_3,16,0.029984300024807453,7,0.00428347143211535,True
1,LARGE_MAZE,3428,3428,6,9,3,7,greedy,16,0.025949399976525456,7,0.0037070571395036367,True
1,LARGE_MAZE,3428,3428,6,9,3,7,beam_2,16,0.02795949997380376,7,0.003994214281971965,True
1,LARGE_MAZE,3428,3428,6,9,3,7,beam_3,16,0.03920220001600683,7,0.005600314288000975,True
1,LARGE_MAZE,3516,3516,7,2,3,5,greedy,16,0.022230999951716512,7,0.0031758571359595017,True
1,LARGE_MAZE,3516,3516,7,2,3,5,beam_2,16,0.026509999996051192,7,0.003787142856578742,True
1,LARGE_MAZE,3516,3516,7,2,3,5,beam_3,16,0.02833689999533817,7,0.004048128570762596,True
1,LARGE_MAZE,3562,3562,7,3,3,6,greedy,16,0.021889900031965226,7,0.0031271285759950323,True
1,LARGE_MAZE,3562,3562,7,3,3,6,beam_2,16,0.02262409997638315,7,0.00323201428234045,True
1,LARGE_MAZE,3562,3562,7,3,3,6,beam_3,16,0.02534280001418665,7,0.003620400002026664,True
1,LARGE_MAZE,3612,3612,7,5,4,1,greedy,16,0.02229970000917092,7,0.0031856714298815598,True
1,LARGE_MAZE,3612,3612,7,5,4,1,beam_2,16,0.025710599962621927,7,0.0036729428518031326,True
1,LARGE_MAZE,3612,3612,7,5,4,1,beam_3,16,0.026767099974676967,7,0.0038238714249538524,True
1,LARGE_MAZE,3674,3674,7,6,7,3,greedy,16,0.02153639995958656,7,0.003076628565655223,True
1,LARGE_MAZE,3674,3674,7,6,7,3,beam_2,16,0.0242687999852933,7,0.0034669714264704715,True
1,LARGE_MAZE,3674,3674,7,6,7,3,beam_3,16,0.026254699972923845,7,0.0037506714247034063,True
1,LARGE_MAZE,3732,3732,7,9,1,10,greedy,16,0.054926800017710775,16,0.0034329250011069234,False
1,LARGE_MAZE,3732,3732,7,9,1,10,beam_2,16,0.025294699997175485,7,0.003613528571025069,True
1,LARGE_MAZE,3732,3732,7,9,1,10,beam_3,16,0.02411879994906485,7,0.003445542849866407,True
1,LARGE_MAZE,1773,1773,1,1,5,5,greedy,18,0.022021900047548115,8,0.0027527375059435144,True
1,LARGE_MAZE,1773,1773,1,1,5,5,beam_2,18,0.028468099946621805,8,0.0035585124933277257,True
1,LARGE_MAZE,1773,1773,1,1,5,5,beam_3,18,0.035362399998120964,8,0.0044202999997651204,True
1,LARGE_MAZE,1822,1822,1,2,6,3,greedy,18,0.027505300007760525,8,0.0034381625009700656,True
1,LARGE_MAZE,1822,1822,1,2,6,3,beam_2,18,0.030907400010619313,8,0.003863425001327414,True
1,LARGE_MAZE,1822,1822,1,2,6,3,beam_3,18,0.035793199960608035,8,0.004474149995076004,True
1,LARGE_MAZE,1874,1874,1,3,7,5,greedy,18,0.028065300022717565,8,0.0035081625028396957,True
1,LARGE_MAZE,1874,1874,1,3,7,5,beam_2,18,0.03775119996862486,8,0.0047188999960781075,True
1,LARGE_MAZE,1874,1874,1,3,7,5,beam_3,18,0.035157900012563914,8,0.004394737501570489,True
1,LARGE_MAZE,1920,1920,1,4,7,6,greedy,18,0.030082099954597652,8,0.0037602624943247065,True
1,LARGE_MAZE,1920,1920,1,4,7,6,beam_2,18,0.03297939995536581,8,0.004122424994420726,True
1,LARGE_MAZE,1920,1920,1,4,7,6,beam_3,18,0.03672200004803017,8,0.004590250006003771,True
1,LARGE_MAZE,1963,1963,1,5,7,3,greedy,18,0.07703630003379658,18,0.004279794446322032,False
1,LARGE_MAZE,1963,1963,1,5,7,3,beam_2,18,0.036369600042235106,8,0.004546200005279388,True
1,LARGE_MAZE,1963,1963,1,5,7,3,beam_3,18,0.03225860005477443,8,0.004032325006846804,True
1,LARGE_MAZE,2009,2009,1,7,7,5,greedy,18,0.027750800014473498,8,0.0034688500018091872,True
1,LARGE_MAZE,2009,2009,1,7,7,5,beam_2,18,0.03211489995010197,8,0.0040143624937627465,True
1,LARGE_MAZE,2009,2009,1,7,7,5,beam_3,18,0.029316899948753417,8,0.003664612493594177,True
1,LARGE_MAZE,2063,2063,1,9,1,5,greedy,18,0.02374740003142506,8,0.0029684250039281324,True
1,LARGE_MAZE,2063,2063,1,9,1,5,beam_2,18,0.033811100001912564,8,0.0042263875002390705,True
1,LARGE_MAZE,2063,2063,1,9,1,5,beam_3,18,0.037796499964315444,8,0.0047245624955394305,True
1,LARGE_MAZE,2148,2148,1,10,7,10,greedy,18,0.07301120000192896,18,0.004056177777884942,False
1,LARGE_MAZE,2148,2148,1,10,7,10,beam_2,18,0.0702494999859482,18,0.003902749999219345,False
1,LARGE_MAZE,2148,2148,1,10,7,10,beam_3,18,0.05689840001286939,14,0.0040641714294906706,True
1,LARGE_MAZE,2205,2205,2,3,2,7,greedy,18,0.030244400026276708,10,0.003024440002627671,True
1,LARGE_MAZE,2205,2205,2,3,2,7,beam_2,18,0.02641280001262203,8,0.0033016000015777536,True
1,LARGE_MAZE,2205,2205,2,3,2,7,beam_3,18,0.030508900003042072,8,0.003813612500380259,True
1,LARGE_MAZE,2247,2247,2,5,1,10,greedy,18,0.05412789998808876,18,0.0030071055548938196,False
1,LARGE_MAZE,2247,2247,2,5,1,10,beam_2,18,0.029489499982446432,8,0.003686187497805804,True
1,LARGE_MAZE,2247,2247,2,5,1,10,beam_3,18,0.02730889996746555,8,0.0034136124959331937,True
1,LARGE_MAZE,2285,2285,2,7,1,2,greedy,18,0.02247169998008758,8,0.0028089624975109473,True
1,LARGE_MAZE,2285,2285,2,7,1,2,beam_2,18,0.026771600008942187,8,0.0033464500011177734,True
1,LARGE_MAZE,2285,2285,2,7,1,2,beam_3,18,0.03166159999091178,8,0.003957699998863973,True
1,LARGE_MAZE,2325,2325,2,7,7,6,greedy,18,0.021356299985200167,8,0.002669537498150021,True
1,LARGE_MAZE,2325,2325,2,7,7,6,beam_2,18,0.02986920002149418,8,0.0037336500026867725,True
1,LARGE_MAZE,2325,2325,2,7,7,6,beam_3,18,0.027471499983221292,8,0.0034339374979026616,True
1,LARGE_MAZE,2414,2414,3,1,7,5,greedy,18,0.05508119997102767,18,0.003060066665057093,False
1,LARGE_MAZE,2414,2414,3,1,7,5,beam_2,18,0.025809900020249188,8,0.0032262375025311485,True
1,LARGE_MAZE,2414,2414,3,1,7,5,beam_3,18,0.025478900002781302,8,0.0031848625003476627,True
1,LARGE_MAZE,2482,2482,3,3,3,7,greedy,18,0.023397799988742918,8,0.0029247249985928647,True
1,LARGE_MAZE,2482,2482,3,3,3,7,beam_2,18,0.025267699966207147,8,0.0031584624957758933,True
1,LARGE_MAZE,2482,2482,3,3,3,7,beam_3,18,0.025534399959724396,8,0.0031917999949655496,True
1,LARGE_MAZE,2540,2540,3,5,5,9,greedy,18,0.020585099991876632,8,0.002573137498984579,True
1,LARGE_MAZE,2540,2540,3,5,5,9,beam_2,18,0.02546849998179823,8,0.003183562497724779,True
1,LARGE_MAZE,2540,2540,3,5,5,9,beam_3,18,0.026409100042656064,8,0.003301137505332008,True
1,LARGE_MAZE,2589,2589,3,6,6,7,greedy,18,0.020925900025758892,8,0.0026157375032198615,True
1,LARGE_MAZE,2589,2589,3,6,6,7,beam_2,18,0.024779500032309443,8,0.0030974375040386803,True
1,LARGE_MAZE,2589,2589,3,6,6,7,beam_3,18,0.029716100019868463,8,0.003714512502483558,True
1,LARGE_MAZE,2624,2624,3,7,5,1,greedy,18,0.05415349995018914,18,0.003008527775010508,False
1,LARGE_MAZE,2624,2624,3,7,5,1,beam_2,18,0.028690100007224828,8,0.0035862625009031035,True
1,LARGE_MAZE,2624,2624,3,7,5,1,beam_3,18,0.027974600030574948,8,0.0034968250038218684,True
1,LARGE_MAZE,2654,2654,3,8,2,3,greedy,18,0.02275750000262633,8,0.002844687500328291,True
1,LARGE_MAZE,2654,2654,3,8,2,3,beam_2,18,0.026066999998874962,8,0.0032583749998593703,True
1,LARGE_MAZE,2654,2654,3,8,2,3,beam_3,18,0.027338200015947223,8,0.003417275001993403,True
1,LARGE_MAZE,2691,2691,3,9,1,3,greedy,18,0.05128129996592179,18,0.002848961109217877,False
1,LARGE_MAZE,2691,2691,3,9,1,3,beam_2,18,0.022874100017361343,8,0.002859262502170168,True
1,LARGE_MAZE,2691,2691,3,9,1,3,beam_3,18,0.025681700033601373,8,0.0032102125042001717,True
1,LARGE_MAZE,2768,2768,3,10,6,5,greedy,18,0.058038000017404556,18,0.003224333334300253,False
1,LARGE_MAZE,2768,2768,3,10,6,5,beam_2,18,0.028563499974552542,8,0.0035704374968190677,True
1,LARGE_MAZE,2768,2768,3,10,6,5,beam_3,18,0.0339553999947384,8,0.0042444249993423,True
1,LARGE_MAZE,2833,2833,4,5,2,1,greedy,18,0.06769180000992492,18,0.00376065555610694,False
1,LARGE_MAZE,2833,2833,4,5,2,1,beam_2,18,0.02977870003087446,8,0.0037223375038593076,True
1,LARGE_MAZE,2833,2833,4,5,2,1,beam_3,18,0.02954489999683574,8,0.0036931124996044673,True
1,LARGE_MAZE,2918,2918,5,1,1,5,greedy,18,0.0631701999809593,18,0.003509455554497739,False
1,LARGE_MAZE,2918,2918,5,1,1,5,beam_2,18,0.025334600009955466,8,0.0031668250012444332,True
1,LARGE_MAZE,2918,2918,5,1,1,5,beam_3,18,0.027115799952298403,8,0.0033894749940373003,True
1,LARGE_MAZE,2979,2979,5,2,3,8,greedy,18,0.02376359998015687,8,0.0029704499975196086,True
1,LARGE_MAZE,2979,2979,5,2,3,8,beam_2,18,0.030349700013175607,8,0.003793712501646951,True
1,LARGE_MAZE,2979,2979,5,2,3,8,beam_3,18,0.07590210001217201,8,0.009487762501521502,True
1,LARGE_MAZE,3034,3034,5,3,5,7,greedy,18,0.06797729997197166,18,0.0037765166651095366,False
1,LARGE_MAZE,3034,3034,5,3,5,7,beam_2,18,0.02752960001816973,8,0.0034412000022712164,True
1,LARGE_MAZE,3034,3034,5,3,5,7,beam_3,18,0.029324799950700253,8,0.0036655999938375317,True
1,LARGE_MAZE,3094,3094,5,5,1,1,greedy,18,0.025573200022336096,8,0.003196650002792012,True
1,LARGE_MAZE,3094,3094,5,5,1,1,beam_2,18,0.025958499987609684,8,0.0032448124984512106,True
1,LARGE_MAZE,3094,3094,5,5,1,1,beam_3,18,0.02849409996997565,8,0.0035617624962469563,True
1,LARGE_MAZE,3156,3156,5,7,3,5,greedy,18,0.024832600029185414,8,0.003104075003648177,True
1,LARGE_MAZE,3156,3156,5,7,3,5,beam_2,18,0.026044500002171844,8,0.0032555625002714805,True
1,LARGE_MAZE,3156,3156,5,7,3,5,beam_3,18,0.026160100009292364,8,0.0032700125011615455,True
1,LARGE_MAZE,3253,3253,5,10,4,5,greedy,18,0.02451729995664209,8,0.0030646624945802614,True
1,LARGE_MAZE,3253,3253,5,10,4,5,beam_2,18,0.02807800000300631,8,0.0035097500003757887,True
1,LARGE_MAZE,3253,3253,5,10,4,5,beam_3,18,0.02891950000775978,8,0.0036149375009699725,True
1,LARGE_MAZE,3294,3294,6,3,3,8,greedy,18,0.022791300027165562,8,0.0028489125033956952,True
1,LARGE_MAZE,3294,3294,6,3,3,8,beam_2,18,0.025230499973986298,8,0.0031538124967482872,True
1,LARGE_MAZE,3294,3294,6,3,3,8,beam_3,18,0.027357100043445826,8,0.003419637505430728,True
1,LARGE_MAZE,3329,3329,6,5,2,3,greedy,18,0.02205080003477633,8,0.0027563500043470412,True
1,LARGE_MAZE,3329,3329,6,5,2,3,beam_2,18,0.023929699964355677,8,0.0029912124955444597,True
1,LARGE_MAZE,3329,3329,6,5,2,3,beam_3,18,0.02996080002048984,8,0.00374510000256123,True
1,LARGE_MAZE,3391,3391,6,7,5,2,greedy,18,0.05799150001257658,18,0.0032217500006986987,False
1,LARGE_MAZE,3391,3391,6,7,5,2,beam_2,18,0.02601990004768595,8,0.003252487505960744,True
1,LARGE_MAZE,3391,3391,6,7,5,2,beam_3,18,0.027339599968399853,8,0.0034174499960499816,True
1,LARGE_MAZE,3468,3468,7,1,3,1,greedy,18,0.05739159998483956,18,0.0031884222213799753,False
1,LARGE_MAZE,3468,3468,7,1,3,1,beam_2,18,0.027513800014276057,8,0.003439225001784507,True
1,LARGE_MAZE,3468,3468,7,1,3,1,beam_3,18,0.026898200041614473,8,0.003362275005201809,True
1,LARGE_MAZE,3514,3514,7,2,3,2,greedy,18,0.023079599952325225,8,0.002884949994040653,True
1,LARGE_MAZE,3514,3514,7,2,3,2,beam_2,18,0.031938100000843406,8,0.003992262500105426,True
1,LARGE_MAZE,3514,3514,7,2,3,2,beam_3,18,0.03516129998024553,8,0.004395162497530691,True
1,LARGE_MAZE,3560,3560,7,3,3,3,greedy,18,0.026588000007905066,8,0.0033235000009881333,True
1,LARGE_MAZE,3560,3560,7,3,3,3,beam_2,18,0.030941299977712333,8,0.0038676624972140417,True
1,LARGE_MAZE,3560,3560,7,3,3,3,beam_3,18,0.03335499996319413,8,0.0041693749953992665,True
1,LARGE_MAZE,3603,3603,7,5,3,1,greedy,18,0.06414969998877496,18,0.0035638722215986084,False
1,LARGE_MAZE,3603,3603,7,5,3,1,beam_2,18,0.042958699981682,12,0.003579891665140167,True
1,LARGE_MAZE,3603,3603,7,5,3,1,beam_3,18,0.028389299986883998,8,0.0035486624983604997,True
1,LARGE_MAZE,3654,3654,7,6,3,8,greedy,18,0.02276920003350824,8,0.00284615000418853,True
1,LARGE_MAZE,3654,3654,7,6,3,8,beam_2,18,0.024706800002604723,8,0.0030883500003255904,True
1,LARGE_MAZE,3654,3654,7,6,3,8,beam_3,18,0.026137300010304898,8,0.0032671625012881123,True
1,LARGE_MAZE,3705,3705,7,7,5,1,greedy,18,0.02305509999860078,8,0.0028818874998250976,True
1,LARGE_MAZE,3705,3705,7,7,5,1,beam_2,18,0.02545079996343702,8,0.0031813499954296276,True
1,LARGE_MAZE,3705,3705,7,7,5,1,beam_3,18,0.027647899987641722,8,0.0034559874984552152,True
1,LARGE_MAZE,3789,3789,7,10,3,8,greedy,18,0.023348199960310012,8,0.0029185249950387515,True
1,LARGE_MAZE,3789,3789,7,10,3,8,beam_2,18,0.02638160000788048,8,0.00329770000098506,True
1,LARGE_MAZE,3789,3789,7,10,3,8,beam_3,18,0.024931600026320666,8,0.0031164500032900833,True
1,LARGE_MAZE,1793,1793,1,2,1,7,greedy,20,0.02866889996221289,9,0.0031854333291347656,True
1,LARGE_MAZE,1793,1793,1,2,1,7,beam_2,20,0.03138360002776608,9,0.0034870666697517866,True
1,LARGE_MAZE,1793,1793,1,2,1,7,beam_3,20,0.030050800007302314,9,0.003338977778589146,True
1,LARGE_MAZE,1855,1855,1,3,3,10,greedy,20,0.026863299950491637,9,0.002984811105610182,True
1,LARGE_MAZE,1855,1855,1,3,3,10,beam_2,20,0.030539400002453476,9,0.0033932666669392753,True
1,LARGE_MAZE,1855,1855,1,3,3,10,beam_3,20,0.029838600021321326,9,0.0033154000023690364,True
1,LARGE_MAZE,1903,1903,1,4,4,10,greedy,20,0.025429200031794608,9,0.0028254666701994008,True
1,LARGE_MAZE,1903,1903,1,4,4,10,beam_2,20,0.029043000016827136,9,0.0032270000018696818,True
1,LARGE_MAZE,1903,1903,1,4,4,10,beam_3,20,0.029862400027923286,9,0.0033180444475470316,True
1,LARGE_MAZE,1959,1959,1,5,6,7,greedy,20,0.025947799964342266,9,0.0028830888849269184,True
1,LARGE_MAZE,1959,1959,1,5,6,7,beam_2,20,0.028749599994625896,9,0.0031943999994028774,True
1,LARGE_MAZE,1959,1959,1,5,6,7,beam_3,20,0.030304100015200675,9,0.003367122223911186,True
1,LARGE_MAZE,2002,2002,1,7,6,3,greedy,20,0.02749410003889352,9,0.0030549000043215025,True
1,LARGE_MAZE,2002,2002,1,7,6,3,beam_2,20,0.03361580002820119,9,0.0037350888920223545,True
1,LARGE_MAZE,2002,2002,1,7,6,3,beam_3,20,0.030506899987813085,9,0.003389655554201454,True
1,LARGE_MAZE,2054,2054,1,8,7,5,greedy,20,0.030747000011615455,9,0.0034163333346239394,True
1,LARGE_MAZE,2054,2054,1,8,7,5,beam_2,20,0.03769970004213974,9,0.0041888555602377486,True
1,LARGE_MAZE,2054,2054,1,8,7,5,beam_3,20,0.03626690001692623,9,0.004029655557436247,True
1,LARGE_MAZE,2103,2103,1,9,7,10,greedy,20,0.027607300027739257,9,0.0030674777808599174,True
1,LARGE_MAZE,2103,2103,1,9,7,10,beam_2,20,0.0344397000153549,9,0.0038266333350394336,True
1,LARGE_MAZE,2103,2103,1,9,7,10,beam_3,20,0.033578199974726886,9,0.003730911108302987,True
1,LARGE_MAZE,2189,2189,2,1,7,5,greedy,20,0.03415239998139441,11,0.0031047636346722193,True
1,LARGE_MAZE,2189,2189,2,1,7,5,beam_2,20,0.04211010003928095,11,0.003828190912661905,True
1,LARGE_MAZE,2189,2189,2,1,7,5,beam_3,20,0.0349848999758251,9,0.0038872111084250114,True
1,LARGE_MAZE,2269,2269,2,5,5,7,greedy,20,0.034569500014185905,9,0.0038410555571317673,True
1,LARGE_MAZE,2269,2269,2,5,5,7,beam_2,20,0.03915249998681247,9,0.0043502777763124965,True
1,LARGE_MAZE,2269,2269,2,5,5,7,beam_3,20,0.038663199986331165,9,0.004295911109592352,True
1,LARGE_MAZE,2309,2309,2,7,5,1,greedy,20,0.08322870003757998,19,0.004380457896714736,False
1,LARGE_MAZE,2309,2309,2,7,5,1,beam_2,20,0.04024500004015863,9,0.004471666671128737,True
1,LARGE_MAZE,2309,2309,2,7,5,1,beam_3,20,0.030081900011282414,9,0.003342433334586935,True
1,LARGE_MAZE,2357,2357,2,10,5,4,greedy,20,0.02831480000168085,9,0.00314608888907565,True
1,LARGE_MAZE,2357,2357,2,10,5,4,beam_2,20,0.032201799971517175,9,0.0035779777746130195,True
1,LARGE_MAZE,2357,2357,2,10,5,4,beam_3,20,0.0335266999900341,9,0.003725188887781567,True
1,LARGE_MAZE,2456,2456,3,2,7,1,greedy,20,0.02577830001246184,9,0.0028642555569402045,True
1,LARGE_MAZE,2456,2456,3,2,7,1,beam_2,20,0.02906460000667721,9,0.003229400000741912,True
1,LARGE_MAZE,2456,2456,3,2,7,1,beam_3,20,0.03449869999894872,9,0.00383318888877208,True
1,LARGE_MAZE,2502,2502,3,3,7,2,greedy,20,0.026565900014247745,9,0.0029517666682497496,True
1,LARGE_MAZE,2502,2502,3,3,7,2,beam_2,20,0.029603399976622313,9,0.003289266664069146,True
1,LARGE_MAZE,2502,2502,3,3,7,2,beam_3,20,0.030853800009936094,9,0.0034282000011040103,True
1,LARGE_MAZE,2597,2597,3,6,7,9,greedy,20,0.06660359998932108,9,0.007400399998813454,True
1,LARGE_MAZE,2597,2597,3,6,7,9,beam_2,20,0.028629400010686368,9,0.003181044445631819,True
1,LARGE_MAZE,2597,2597,3,6,7,9,beam_3,20,0.03522330004489049,9,0.003913700004987832,True
1,LARGE_MAZE,2637,2637,3,7,7,2,greedy,20,0.02751939999870956,9,0.0030577111109677288,True
1,LARGE_MAZE,2637,2637,3,7,7,2,beam_2,20,0.029984000022523105,9,0.0033315555580581226,True
1,LARGE_MAZE,2637,2637,3,7,7,2,beam_3,20,0.03346659999806434,9,0.003718511110896038,True
1,LARGE_MAZE,2683,2683,3,8,7,3,greedy,20,0.028968799975700676,9,0.003218755552855631,True
1,LARGE_MAZE,2683,2683,3,8,7,3,beam_2,20,0.02951050002593547,9,0.0032789444473261633,True
1,LARGE_MAZE,2683,2683,3,8,7,3,beam_3,20,0.030356900009792298,9,0.003372988889976922,True
1,LARGE_MAZE,2722,2722,3,9,6,3,greedy,20,0.02554140001302585,9,0.00283793333478065,True
1,LARGE_MAZE,2722,2722,3,9,6,3,beam_2,20,0.026462299982085824,9,0.0029402555535650915,True
1,LARGE_MAZE,2722,2722,3,9,6,3,beam_3,20,0.02933869999833405,9,0.00325985555537045,True
1,LARGE_MAZE,2798,2798,4,1,3,7,greedy,20,0.025778900017030537,9,0.002864322224114504,True
1,LARGE_MAZE,2798,2798,4,1,3,7,beam_2,20,0.027176000003237277,9,0.0030195555559152532,True
1,LARGE_MAZE,2798,2798,4,1,3,7,beam_3,20,0.028970399987883866,9,0.003218933331987096,True
1,LARGE_MAZE,2903,2903,4,10,6,5,greedy,20,0.05417909997049719,19,0.002851531577394589,False
1,LARGE_MAZE,2903,2903,4,10,6,5,beam_2,20,0.026396700006444007,9,0.0029329666673826673,True
1,LARGE_MAZE,2903,2903,4,10,6,5,beam_3,20,0.027448999986518174,9,0.0030498888873909083,True
1,LARGE_MAZE,2980,2980,5,2,3,9,greedy,20,0.02307470003142953,9,0.0025638555590477255,True
1,LARGE_MAZE,2980,2980,5,2,3,9,beam_2,20,0.028100900002755225,9,0.0031223222225283584,True
1,LARGE_MAZE,2980,2980,5,2,3,9,beam_3,20,0.03095649997703731,9,0.003439611108559701,True
1,LARGE_MAZE,3062,3062,5,4,2,10,greedy,20,0.06146029999945313,19,0.0032347526315501646,False
1,LARGE_MAZE,3062,3062,5,4,2,10,beam_2,20,0.036215600033756346,9,0.00402395555930626,True
1,LARGE_MAZE,3062,3062,5,4,2,10,beam_3,20,0.04456249997019768,9,0.0049513888855775194,True
1,LARGE_MAZE,3157,3157,5,7,3,6,greedy,20,0.06713119999039918,19,0.003533221052126273,False
1,LARGE_MAZE,3157,3157,5,7,3,6,beam_2,20,0.030199199973139912,9,0.0033554666636822126,True
1,LARGE_MAZE,3157,3157,5,7,3,6,beam_3,20,0.031333899998571724,9,0.003481544444285747,True
1,LARGE_MAZE,3233,3233,5,10,1,5,greedy,20,0.026145500014536083,9,0.002905055557170676,True
1,LARGE_MAZE,3233,3233,5,10,1,5,beam_2,20,0.03031069994904101,9,0.0033678555498934453,True
1,LARGE_MAZE,3233,3233,5,10,1,5,beam_3,20,0.03179849998559803,9,0.0035331666650664476,True
1,LARGE_MAZE,3305,3305,6,3,5,7,greedy,20,0.057121100020594895,19,0.003006373685294468,False
1,LARGE_MAZE,3305,3305,6,3,5,7,beam_2,20,0.036008400027640164,9,0.004000933336404462,True
1,LARGE_MAZE,3305,3305,6,3,5,7,beam_3,20,0.0317341000190936,9,0.0035260111132326224,True
1,LARGE_MAZE,3344,3344,6,5,4,10,greedy,20,0.026368499966338277,9,0.002929833329593142,True
1,LARGE_MAZE,3344,3344,6,5,4,10,beam_2,20,0.03075499995611608,9,0.003417222217346231,True
1,LARGE_MAZE,3344,3344,6,5,4,10,beam_3,20,0.029692000010982156,9,0.003299111112331351,True
1,LARGE_MAZE,3414,3414,6,9,1,7,greedy,20,0.056466099980752915,19,0.0029718999989869956,False
1,LARGE_MAZE,3414,3414,6,9,1,7,beam_2,20,0.058472400007303804,19,0.003077494737226516,False
1,LARGE_MAZE,3414,3414,6,9,1,7,beam_3,20,0.027471599983982742,9,0.0030523999982203045,True
1,LARGE_MAZE,3472,3472,7,1,3,6,greedy,20,0.027064999972935766,9,0.0030072222192150853,True
1,LARGE_MAZE,3472,3472,7,1,3,6,beam_2,20,0.027342699992004782,9,0.00303807777688942,True
1,LARGE_MAZE,3472,3472,7,1,3,6,beam_3,20,0.02652640000451356,9,0.0029473777782792845,True
1,LARGE_MAZE,3518,3518,7,2,3,7,greedy,20,0.024863399972673506,9,0.0027625999969637226,True
1,LARGE_MAZE,3518,3518,7,2,3,7,beam_2,20,0.02823360002366826,9,0.0031370666692964733,True
1,LARGE_MAZE,3518,3518,7,2,3,7,beam_3,20,0.03283380001084879,9,0.003648200001205421,True
1,LARGE_MAZE,3556,3556,7,3,2,7,greedy,20,0.05575959995621815,19,0.0029347157871693766,False
1,LARGE_MAZE,3556,3556,7,3,2,7,beam_2,20,0.027870999998413026,9,0.0030967777776014474,True
1,LARGE_MAZE,3556,3556,7,3,2,7,beam_3,20,0.03344999998807907,9,0.003716666665342119,True
1,LARGE_MAZE,3598,3598,7,5,2,1,greedy,20,0.024678700021468103,9,0.0027420777801631224,True
1,LARGE_MAZE,3598,3598,7,5,2,1,beam_2,20,0.02666909998515621,9,0.002963233331684023,True
1,LARGE_MAZE,3598,3598,7,5,2,1,beam_3,20,0.030259899969678372,9,0.0033622111077420413,True
1,LARGE_MAZE,3639,3639,7,6,1,7,greedy,20,0.05770850001135841,19,0.0030372894742820215,False
1,LARGE_MAZE,3639,3639,7,6,1,7,beam_2,20,0.02672379999421537,9,0.0029693111104683746,True
1,LARGE_MAZE,3639,3639,7,6,1,7,beam_3,20,0.028243399981874973,9,0.0031381555535416636,True
1,LARGE_MAZE,3691,3691,7,7,2,7,greedy,20,0.023384800006169826,9,0.0025983111117966473,True
1,LARGE_MAZE,3691,3691,7,7,2,7,beam_2,20,0.02582749997964129,9,0.0028697222199601433,True
1,LARGE_MAZE,3691,3691,7,7,2,7,beam_3,20,0.029394499957561493,9,0.003266055550840166,True
1,LARGE_MAZE,3736,3736,7,9,2,7,greedy,20,0.0646295000333339,19,0.003401552633333363,False
1,LARGE_MAZE,3736,3736,7,9,2,7,beam_2,20,0.04053390002809465,9,0.0045037666697882945,True
1,LARGE_MAZE,3736,3736,7,9,2,7,beam_3,20,0.043142199981957674,9,0.0047935777757730745,True
1,LARGE_MAZE,1764,1764,1,1,3,9,greedy,22,0.04263300000457093,10,0.004263300000457093,True
1,LARGE_MAZE,1764,1764,1,1,3,9,beam_2,22,0.04356540000298992,10,0.004356540000298992,True
1,LARGE_MAZE,1764,1764,1,1,3,9,beam_3,22,0.040962699975352734,10,0.004096269997535274,True
1,LARGE_MAZE,1827,1827,1,2,7,2,greedy,22,0.029218300012871623,10,0.0029218300012871625,True
1,LARGE_MAZE,1827,1827,1,2,7,2,beam_2,22,0.03231260000029579,10,0.003231260000029579,True
1,LARGE_MAZE,1827,1827,1,2,7,2,beam_3,22,0.03622979996725917,10,0.0036229799967259168,True
1,LARGE_MAZE,1873,1873,1,3,7,3,greedy,22,0.028188499971292913,10,0.0028188499971292915,True
1,LARGE_MAZE,1873,1873,1,3,7,3,beam_2,22,0.03151489997981116,10,0.003151489997981116,True
1,LARGE_MAZE,1873,1873,1,3,7,3,beam_3,22,0.03331359999720007,10,0.003331359999720007,True
1,LARGE_MAZE,1917,1917,1,4,7,2,greedy,22,0.06814119999762625,19,0.0035863789472434866,False
1,LARGE_MAZE,1917,1917,1,4,7,2,beam_2,22,0.03835709998384118,10,0.003835709998384118,True
1,LARGE_MAZE,1917,1917,1,4,7,2,beam_3,22,0.04350470000645146,10,0.004350470000645146,True
1,LARGE_MAZE,1984,1984,1,7,3,3,greedy,22,0.07022210001014173,19,0.003695900000533775,False
1,LARGE_MAZE,1984,1984,1,7,3,3,beam_2,22,0.03216679999604821,10,0.0032166799996048213,True
1,LARGE_MAZE,1984,1984,1,7,3,3,beam_3,22,0.03615240001818165,10,0.003615240001818165,True
1,LARGE_MAZE,2015,2015,1,8,1,2,greedy,22,0.028033100010361522,10,0.0028033100010361523,True
1,LARGE_MAZE,2015,2015,1,8,1,2,beam_2,22,0.04144910001195967,10,0.004144910001195967,True
1,LARGE_MAZE,2015,2015,1,8,1,2,beam_3,22,0.04436330002499744,10,0.004436330002499744,True
1,LARGE_MAZE,2058,2058,1,8,7,10,greedy,22,0.03645670000696555,10,0.003645670000696555,True
1,LARGE_MAZE,2058,2058,1,8,7,10,beam_2,22,0.03469130001030862,10,0.0034691300010308624,True
1,LARGE_MAZE,2058,2058,1,8,7,10,beam_3,22,0.037328400008846074,10,0.0037328400008846073,True
1,LARGE_MAZE,2132,2132,1,10,5,4,greedy,22,0.0292821999755688,10,0.00292821999755688,True
1,LARGE_MAZE,2132,2132,1,10,5,4,beam_2,22,0.034005200024694204,10,0.0034005200024694203,True
1,LARGE_MAZE,2132,2132,1,10,5,4,beam_3,22,0.03750989999389276,10,0.003750989999389276,True
1,LARGE_MAZE,2200,2200,2,3,1,8,greedy,22,0.031133499986026436,10,0.0031133499986026438,True
1,LARGE_MAZE,2200,2200,2,3,1,8,beam_2,22,0.03665009996620938,10,0.003665009996620938,True
1,LARGE_MAZE,2200,2200,2,3,1,8,beam_3,22,0.049508800031617284,10,0.004950880003161728,True
1,LARGE_MAZE,2293,2293,2,7,2,1,greedy,22,0.033603699994273484,10,0.0033603699994273484,True
1,LARGE_MAZE,2293,2293,2,7,2,1,beam_2,22,0.04157389997271821,10,0.004157389997271821,True
1,LARGE_MAZE,2293,2293,2,7,2,1,beam_3,22,0.047733500017784536,10,0.004773350001778453,True
1,LARGE_MAZE,2328,2328,2,7,7,10,greedy,22,0.037523800041526556,10,0.0037523800041526557,True
1,LARGE_MAZE,2328,2328,2,7,7,10,beam_2,22,0.04301209998084232,10,0.004301209998084232,True
1,LARGE_MAZE,2328,2328,2,7,7,10,beam_3,22,0.04240049998043105,10,0.004240049998043105,True
1,LARGE_MAZE,2416,2416,3,1,7,7,greedy,22,0.05343379999976605,14,0.0038166999999832895,True
1,LARGE_MAZE,2416,2416,3,1,7,7,beam_2,22,0.03665240004193038,10,0.0036652400041930376,True
1,LARGE_MAZE,2416,2416,3,1,7,7,beam_3,22,0.03788590000476688,10,0.0037885900004766882,True
1,LARGE_MAZE,2484,2484,3,3,3,9,greedy,22,0.03288529999554157,10,0.0032885299995541574,True
1,LARGE_MAZE,2484,2484,3,3,3,9,beam_2,22,0.037051799998153,10,0.0037051799998153003,True
1,LARGE_MAZE,2484,2484,3,3,3,9,beam_3,22,0.0454170000157319,10,0.0045417000015731904,True
1,LARGE_MAZE,2613,2613,3,7,3,1,greedy,22,0.03288389998488128,10,0.003288389998488128,True
1,LARGE_MAZE,2613,2613,3,7,3,1,beam_2,22,0.04155940003693104,10,0.0041559400036931034,True
1,LARGE_MAZE,2613,2613,3,7,3,1,beam_3,22,0.03857229999266565,10,0.0038572299992665647,True
1,LARGE_MAZE,2666,2666,3,8,4,1,greedy,22,0.03164850000757724,10,0.003164850000757724,True
1,LARGE_MAZE,2666,2666,3,8,4,1,beam_2,22,0.03555520001100376,10,0.0035555200011003762,True
1,LARGE_MAZE,2666,2666,3,8,4,1,beam_3,22,0.03717920003691688,10,0.003717920003691688,True
1,LARGE_MAZE,2714,2714,3,9,5,1,greedy,22,0.03008240001508966,10,0.0030082400015089663,True
1,LARGE_MAZE,2714,2714,3,9,5,1,beam_2,22,0.032601899991277605,10,0.0032601899991277607,True
1,LARGE_MAZE,2714,2714,3,9,5,1,beam_3,22,0.03434170002583414,10,0.0034341700025834142,True
1,LARGE_MAZE,2760,2760,3,10,5,2,greedy,22,0.027262100018560886,10,0.002726210001856089,True
1,LARGE_MAZE,2760,2760,3,10,5,2,beam_2,22,0.031305500015150756,10,0.0031305500015150756,True
1,LARGE_MAZE,2760,2760,3,10,5,2,beam_3,22,0.03266610001446679,10,0.0032666100014466792,True
1,LARGE_MAZE,2814,2814,4,1,6,7,greedy,22,0.03285900002811104,10,0.0032859000028111042,True
1,LARGE_MAZE,2814,2814,4,1,6,7,beam_2,22,0.03683420002926141,10,0.003683420002926141,True
1,LARGE_MAZE,2814,2814,4,1,6,7,beam_3,22,0.0466197999776341,10,0.00466197999776341,True
1,LARGE_MAZE,2919,2919,5,1,1,7,greedy,22,0.07747530000051484,19,0.004077647368448149,False
1,LARGE_MAZE,2919,2919,5,1,1,7,beam_2,22,0.03960599994752556,10,0.003960599994752556,True
1,LARGE_MAZE,2919,2919,5,1,1,7,beam_3,22,0.044841700000688434,10,0.004484170000068843,True
1,LARGE_MAZE,3011,3011,5,3,1,9,greedy,22,0.04345689999172464,10,0.004345689999172464,True
1,LARGE_MAZE,3011,3011,5,3,1,9,beam_2,22,0.0392866000183858,10,0.00392866000183858,True
1,LARGE_MAZE,3011,3011,5,3,1,9,beam_3,22,0.039527699991595,10,0.0039527699991595,True
1,LARGE_MAZE,3125,3125,5,5,5,9,greedy,22,0.033729500020854175,10,0.0033729500020854173,True
1,LARGE_MAZE,3125,3125,5,5,5,9,beam_2,22,0.04292670002905652,10,0.004292670002905652,True
1,LARGE_MAZE,3125,3125,5,5,5,9,beam_3,22,0.045250299968756735,10,0.004525029996875674,True
1,LARGE_MAZE,3188,3188,5,9,1,5,greedy,22,0.03783559997100383,10,0.003783559997100383,True
1,LARGE_MAZE,3188,3188,5,9,1,5,beam_2,22,0.041979099973104894,10,0.004197909997310489,True
1,LARGE_MAZE,3188,3188,5,9,1,5,beam_3,22,0.039429399999789894,10,0.00394293999997899,True
1,LARGE_MAZE,3280,3280,6,3,1,8,greedy,22,0.03655830002389848,10,0.0036558300023898484,True
1,LARGE_MAZE,3280,3280,6,3,1,8,beam_2,22,0.03731579997111112,10,0.003731579997111112,True
1,LARGE_MAZE,3280,3280,6,3,1,8,beam_3,22,0.04079729999648407,10,0.004079729999648407,True
1,LARGE_MAZE,3376,3376,6,7,2,7,greedy,22,0.03433619998395443,10,0.003433619998395443,True
1,LARGE_MAZE,3376,3376,6,7,2,7,beam_2,22,0.03659380000317469,10,0.0036593800003174694,True
1,LARGE_MAZE,3376,3376,6,7,2,7,beam_3,22,0.040275299979839474,10,0.004027529997983947,True
1,LARGE_MAZE,3433,3433,6,9,4,5,greedy,22,0.035513199982233346,10,0.0035513199982233346,True
1,LARGE_MAZE,3433,3433,6,9,4,5,beam_2,22,0.08507269999245182,10,0.008507269999245181,True
1,LARGE_MAZE,3433,3433,6,9,4,5,beam_3,22,0.04826210002647713,10,0.004826210002647713,True
1,LARGE_MAZE,3496,3496,7,1,7,7,greedy,22,0.03693950001616031,10,0.0036939500016160308,True
1,LARGE_MAZE,3496,3496,7,1,7,7,beam_2,22,0.04257419996429235,10,0.004257419996429234,True
1,LARGE_MAZE,3496,3496,7,1,7,7,beam_3,22,0.04323740000836551,10,0.004323740000836551,True
1,LARGE_MAZE,3519,3519,7,2,3,8,greedy,22,0.03531060001114383,10,0.0035310600011143833,True
1,LARGE_MAZE,3519,3519,7,2,3,8,beam_2,22,0.036852600052952766,10,0.0036852600052952765,True
1,LARGE_MAZE,3519,3519,7,2,3,8,beam_3,22,0.052479400008451194,10,0.0052479400008451195,True
1,LARGE_MAZE,3575,3575,7,3,5,7,greedy,22,0.06985070003429428,19,0.0036763526333839095,False
1,LARGE_MAZE,3575,3575,7,3,5,7,beam_2,22,0.04067140002734959,10,0.004067140002734959,True
1,LARGE_MAZE,3575,3575,7,3,5,7,beam_3,22,0.04041369998594746,10,0.004041369998594746,True
1,LARGE_MAZE,3614,3614,7,5,4,10,greedy,22,0.03427810000721365,10,0.003427810000721365,True
1,LARGE_MAZE,3614,3614,7,5,4,10,beam_2,22,0.03724889998557046,10,0.003724889998557046,True
1,LARGE_MAZE,3614,3614,7,5,4,10,beam_3,22,0.03903750004246831,10,0.003903750004246831,True
1,LARGE_MAZE,3649,3649,7,6,3,2,greedy,22,0.06815439998172224,19,0.0035870736832485386,False
1,LARGE_MAZE,3649,3649,7,6,3,2,beam_2,22,0.07530590001260862,19,0.003963468421716243,False
1,LARGE_MAZE,3649,3649,7,6,3,2,beam_3,22,0.05085419997340068,10,0.005085419997340068,True
1,LARGE_MAZE,3700,3700,7,7,3,9,greedy,22,0.038473399996291846,10,0.0038473399996291845,True
1,LARGE_MAZE,3700,3700,7,7,3,9,beam_2,22,0.041529999987687916,10,0.004152999998768792,True
1,LARGE_MAZE,3700,3700,7,7,3,9,beam_3,22,0.044358499988447875,10,0.004435849998844788,True
1,LARGE_MAZE,3781,3781,7,10,2,7,greedy,22,0.06921310001052916,19,0.0036427947373962716,False
1,LARGE_MAZE,3781,3781,7,10,2,7,beam_2,22,0.037116300023626536,10,0.0037116300023626535,True
1,LARGE_MAZE,3781,3781,7,10,2,7,beam_3,22,0.03679969999939203,10,0.0036799699999392034,True
1,LARGE_MAZE,1795,1795,1,2,1,9,greedy,24,0.03388860000995919,11,0.003080781819087199,True
1,LARGE_MAZE,1795,1795,1,2,1,9,beam_2,24,0.045118600013665855,11,0.004101690910333259,True
1,LARGE_MAZE,1795,1795,1,2,1,9,beam_3,24,0.04446429997915402,11,0.004042209089014002,True
1,LARGE_MAZE,1841,1841,1,3,1,10,greedy,24,0.06506950000766665,19,0.003424710526719297,False
1,LARGE_MAZE,1841,1841,1,3,1,10,beam_2,24,0.037108799966517836,11,0.0033735272696834395,True
1,LARGE_MAZE,1841,1841,1,3,1,10,beam_3,24,0.03840360004687682,11,0.0034912363678978927,True
1,LARGE_MAZE,1910,1910,1,4,5,9,greedy,24,0.03431439999258146,11,0.003119490908416496,True
1,LARGE_MAZE,1910,1910,1,4,5,9,beam_2,24,0.03713650000281632,11,0.0033760454548014836,True
1,LARGE_MAZE,1910,1910,1,4,5,9,beam_3,24,0.040478200011420995,11,0.003679836364674636,True
1,LARGE_MAZE,1991,1991,1,7,4,1,greedy,24,0.03880760003812611,13,0.0029852000029327776,True
1,LARGE_MAZE,1991,1991,1,7,4,1,beam_2,24,0.03714840003522113,11,0.0033771272759291937,True
1,LARGE_MAZE,1991,1991,1,7,4,1,beam_3,24,0.03925189998699352,11,0.0035683545442721384,True
1,LARGE_MAZE,2029,2029,1,8,3,3,greedy,24,0.058436600025743246,19,0.003075610527670697,False
1,LARGE_MAZE,2029,2029,1,8,3,3,beam_2,24,0.03616610000608489,11,0.0032878272732804444,True
1,LARGE_MAZE,2029,2029,1,8,3,3,beam_3,24,0.03968190000159666,11,0.0036074454546906054,True
1,LARGE_MAZE,2068,2068,1,9,2,3,greedy,24,0.03381609998177737,11,0.003074190907434306,True
1,LARGE_MAZE,2068,2068,1,9,2,3,beam_2,24,0.03606759995454922,11,0.0032788727231408384,True
1,LARGE_MAZE,2068,2068,1,9,2,3,beam_3,24,0.04343880002852529,11,0.003948981820775027,True
1,LARGE_MAZE,2131,2131,1,10,5,3,greedy,24,0.03303869999945164,11,0.0030035181817683306,True
1,LARGE_MAZE,2131,2131,1,10,5,3,beam_2,24,0.03520419995766133,11,0.003200381814332848,True
1,LARGE_MAZE,2131,2131,1,10,5,3,beam_3,24,0.03938560001552105,11,0.0035805090923200955,True
1,LARGE_MAZE,2201,2201,2,3,1,9,greedy,24,0.03201149997767061,11,0.002910136361606419,True
1,LARGE_MAZE,2201,2201,2,3,1,9,beam_2,24,0.03605629998492077,11,0.0032778454531746156,True
1,LARGE_MAZE,2201,2201,2,3,1,9,beam_3,24,0.04344410001067445,11,0.003949463637334041,True
1,LARGE_MAZE,2282,2282,2,5,7,9,greedy,24,0.038836400024592876,11,0.0035305818204175343,True
1,LARGE_MAZE,2282,2282,2,5,7,9,beam_2,24,0.04134900000644848,11,0.0037590000005862253,True
1,LARGE_MAZE,2282,2282,2,5,7,9,beam_3,24,0.05251829995540902,11,0.004774390905037184,True
1,LARGE_MAZE,2339,2339,2,10,2,3,greedy,24,0.03856610000366345,11,0.003506009091242132,True
1,LARGE_MAZE,2339,2339,2,10,2,3,beam_2,24,0.048023899958934635,11,0.004365809087175876,True
1,LARGE_MAZE,2339,2339,2,10,2,3,beam_3,24,0.04122020001523197,11,0.003747290910475633,True
1,LARGE_MAZE,2393,2393,3,1,3,8,greedy,24,0.033436099998652935,11,0.003039645454422994,True
1,LARGE_MAZE,2393,2393,3,1,3,8,beam_2,24,0.038855999999213964,11,0.0035323636362921784,True
1,LARGE_MAZE,2393,2393,3,1,3,8,beam_3,24,0.042734999966342,11,0.003884999996940182,True
1,LARGE_MAZE,2470,2470,3,3,1,8,greedy,24,0.03419259999645874,11,0.003108418181496249,True
1,LARGE_MAZE,2470,2470,3,3,1,8,beam_2,24,0.0379883999703452,11,0.003453490906395018,True
1,LARGE_MAZE,2470,2470,3,3,1,8,beam_3,24,0.04136910004308447,11,0.0037608272766440427,True
1,LARGE_MAZE,2674,2674,3,8,5,7,greedy,24,0.05928169999970123,19,0.003120089473668486,False
1,LARGE_MAZE,2674,2674,3,8,5,7,beam_2,24,0.038215700013097376,11,0.0034741545466452158,True
1,LARGE_MAZE,2674,2674,3,8,5,7,beam_3,24,0.040120999969076365,11,0.003647363633552397,True
1,LARGE_MAZE,2724,2724,3,9,6,7,greedy,24,0.06187030003638938,19,0.003256331580862599,False
1,LARGE_MAZE,2724,2724,3,9,6,7,beam_2,24,0.04287269996711984,11,0.0038975181788290765,True
1,LARGE_MAZE,2724,2724,3,9,6,7,beam_3,24,0.08096340001793578,11,0.007360309092539616,True
1,LARGE_MAZE,2773,2773,3,10,7,3,greedy,24,0.04325420001987368,11,0.003932200001806698,True
1,LARGE_MAZE,2773,2773,3,10,7,3,beam_2,24,0.04763349995482713,11,0.004330318177711557,True
1,LARGE_MAZE,2773,2773,3,10,7,3,beam_3,24,0.04372529999818653,11,0.003975027272562412,True
1,LARGE_MAZE,2867,2867,4,5,7,9,greedy,24,0.06965899997157976,19,0.003666263156398935,False
1,LARGE_MAZE,2867,2867,4,5,7,9,beam_2,24,0.04069069999968633,11,0.00369915454542603,True
1,LARGE_MAZE,2867,2867,4,5,7,9,beam_3,24,0.04388959996867925,11,0.003989963633516295,True
1,LARGE_MAZE,2910,2910,4,10,7,6,greedy,24,0.04101430001901463,11,0.0037285727290013297,True
1,LARGE_MAZE,2910,2910,4,10,7,6,beam_2,24,0.04395359999034554,11,0.00399578181730414,True
1,LARGE_MAZE,2910,2910,4,10,7,6,beam_3,24,0.044949700008146465,11,0.004086336364376952,True
1,LARGE_MAZE,2984,2984,5,2,4,10,greedy,24,0.03604490001453087,11,0.003276809092230079,True
1,LARGE_MAZE,2984,2984,5,2,4,10,beam_2,24,0.042137299955356866,11,0.00383066363230517,True
1,LARGE_MAZE,2984,2984,5,2,4,10,beam_3,24,0.044628200004808605,11,0.004057109091346237,True
1,LARGE_MAZE,3142,3142,5,7,1,4,greedy,24,0.03984640003181994,11,0.0036224000028927217,True
1,LARGE_MAZE,3142,3142,5,7,1,4,beam_2,24,0.040450300031807274,11,0.0036773000028915703,True
1,LARGE_MAZE,3142,3142,5,7,1,4,beam_3,24,0.045186900009866804,11,0.004107900000896982,True
1,LARGE_MAZE,3187,3187,5,9,1,4,greedy,24,0.03784910001559183,11,0.0034408272741447117,True
1,LARGE_MAZE,3187,3187,5,9,1,4,beam_2,24,0.04048219998367131,11,0.0036801999985155735,True
1,LARGE_MAZE,3187,3187,5,9,1,4,beam_3,24,0.04670050001004711,11,0.004245500000913374,True
1,LARGE_MAZE,3269,3269,5,10,7,5,greedy,24,0.03495890001067892,11,0.0031780818191526287,True
1,LARGE_MAZE,3269,3269,5,10,7,5,beam_2,24,0.03939310001442209,11,0.0035811909104020083,True
1,LARGE_MAZE,3269,3269,5,10,7,5,beam_3,24,0.040369800000917166,11,0.003669981818265197,True
1,LARGE_MAZE,3366,3366,6,7,1,3,greedy,24,0.040341699961572886,13,0.0031032076893517603,True
1,LARGE_MAZE,3366,3366,6,7,1,3,beam_2,24,0.03786560002481565,11,0.003442327274983241,True
1,LARGE_MAZE,3366,3366,6,7,1,3,beam_3,24,0.04191189998527989,11,0.0038101727259345353,True
1,LARGE_MAZE,3413,3413,6,9,1,5,greedy,24,0.03251039999304339,11,0.00295549090845849,True
1,LARGE_MAZE,3413,3413,6,9,1,5,beam_2,24,0.03582049999386072,11,0.0032564090903509746,True
1,LARGE_MAZE,3413,3413,6,9,1,5,beam_3,24,0.041974499996285886,11,0.0038158636360259898,True
1,LARGE_MAZE,3466,3466,7,1,2,7,greedy,24,0.035953099955804646,11,0.0032684636323458767,True
1,LARGE_MAZE,3466,3466,7,1,2,7,beam_2,24,0.04002110002329573,11,0.003638281820299612,True
1,LARGE_MAZE,3466,3466,7,1,2,7,beam_3,24,0.039094600011594594,11,0.0035540545465085993,True
1,LARGE_MAZE,3520,3520,7,2,3,9,greedy,24,0.03277200000593439,11,0.002979272727812217,True
1,LARGE_MAZE,3520,3520,7,2,3,9,beam_2,24,0.042149499990046024,11,0.0038317727263678203,True
1,LARGE_MAZE,3520,3520,7,2,3,9,beam_3,24,0.04253259999677539,11,0.0038665999997068534,True
1,LARGE_MAZE,3622,3622,7,5,5,10,greedy,24,0.03706220001913607,11,0.003369290910830552,True
1,LARGE_MAZE,3622,3622,7,5,5,10,beam_2,24,0.04220660001737997,11,0.0038369636379436338,True
1,LARGE_MAZE,3622,3622,7,5,5,10,beam_3,24,0.04800120001891628,11,0.0043637454562651164,True
1,LARGE_MAZE,3659,3659,7,6,4,10,greedy,24,0.034408000006806105,11,0.003128000000618737,True
1,LARGE_MAZE,3659,3659,7,6,4,10,beam_2,24,0.039815799973439425,11,0.0036196181794035842,True
1,LARGE_MAZE,3659,3659,7,6,4,10,beam_3,24,0.040769799961708486,11,0.003706345451064408,True
1,LARGE_MAZE,3694,3694,7,7,3,2,greedy,24,0.082059099979233,19,0.004318899998907,False
1,LARGE_MAZE,3694,3694,7,7,3,2,beam_2,24,0.10468910000054166,19,0.005509952631607456,False
1,LARGE_MAZE,3694,3694,7,7,3,2,beam_3,24,0.055624699976760894,11,0.005056790906978263,True
1,LARGE_MAZE,3786,3786,7,10,3,5,greedy,24,0.04203900002175942,11,0.0038217272747054017,True
1,LARGE_MAZE,3786,3786,7,10,3,5,beam_2,24,0.049237300001550466,11,0.004476118181959133,True
1,LARGE_MAZE,3786,3786,7,10,3,5,beam_3,24,0.05681779998121783,11,0.005165254543747075,True
1,LARGE_MAZE,1796,1796,1,2,1,10,greedy,26,0.07279659999767318,19,0.003831399999877536,False
1,LARGE_MAZE,1796,1796,1,2,1,10,beam_2,26,0.0468947000335902,12,0.00390789166946585,True
1,LARGE_MAZE,1796,1796,1,2,1,10,beam_3,26,0.057289699965622276,12,0.004774141663801856,True
1,LARGE_MAZE,1871,1871,1,3,7,1,greedy,26,0.07895699999062344,19,0.0041556315784538654,False
1,LARGE_MAZE,1871,1871,1,3,7,1,beam_2,26,0.14194070000667125,12,0.011828391667222604,True
1,LARGE_MAZE,1871,1871,1,3,7,1,beam_3,26,0.053237799962516874,12,0.0044364833302097395,True
1,LARGE_MAZE,2006,2006,1,7,7,1,greedy,26,0.046411999966949224,12,0.0038676666639124355,True
1,LARGE_MAZE,2006,2006,1,7,7,1,beam_2,26,0.04954959999304265,12,0.004129133332753554,True
1,LARGE_MAZE,2006,2006,1,7,7,1,beam_3,26,0.0490900999866426,12,0.00409084166555355,True
1,LARGE_MAZE,2052,2052,1,8,7,2,greedy,26,0.04337269999086857,12,0.003614391665905714,True
1,LARGE_MAZE,2052,2052,1,8,7,2,beam_2,26,0.047826800029724836,12,0.003985566669143736,True
1,LARGE_MAZE,2052,2052,1,8,7,2,beam_3,26,0.04868840001290664,12,0.00405736666774222,True
1,LARGE_MAZE,2101,2101,1,9,7,7,greedy,26,0.039341699972283095,12,0.003278474997690258,True
1,LARGE_MAZE,2101,2101,1,9,7,7,beam_2,26,0.042816100001800805,12,0.0035680083334834003,True
1,LARGE_MAZE,2101,2101,1,9,7,7,beam_3,26,0.04415169998537749,12,0.003679308332114791,True
1,LARGE_MAZE,2145,2145,1,10,7,6,greedy,26,0.03918209997937083,12,0.003265174998280903,True
1,LARGE_MAZE,2145,2145,1,10,7,6,beam_2,26,0.043644499965012074,12,0.003637041663751006,True
1,LARGE_MAZE,2145,2145,1,10,7,6,beam_3,26,0.044516799971461296,12,0.003709733330955108,True
1,LARGE_MAZE,2226,2226,2,3,5,10,greedy,26,0.05259819998173043,14,0.0037570142844093163,True
1,LARGE_MAZE,2226,2226,2,3,5,10,beam_2,26,0.053291100019123405,12,0.004440925001593617,True
1,LARGE_MAZE,2226,2226,2,3,5,10,beam_3,26,0.049674700014293194,12,0.004139558334524433,True
1,LARGE_MAZE,2354,2354,2,10,5,1,greedy,26,0.0691025999840349,19,0.003636978946528152,False
1,LARGE_MAZE,2354,2354,2,10,5,1,beam_2,26,0.04509560001315549,12,0.0037579666677629575,True
1,LARGE_MAZE,2354,2354,2,10,5,1,beam_3,26,0.048560400027781725,12,0.004046700002315144,True
1,LARGE_MAZE,2404,2404,3,1,5,7,greedy,26,0.06540080002741888,19,0.0034421473698641515,False
1,LARGE_MAZE,2404,2404,3,1,5,7,beam_2,26,0.04306280001765117,12,0.0035885666681375974,True
1,LARGE_MAZE,2404,2404,3,1,5,7,beam_3,26,0.04413550003664568,12,0.00367795833638714,True
1,LARGE_MAZE,2477,2477,3,3,2,10,greedy,26,0.06055070000002161,19,0.0031868789473695584,False
1,LARGE_MAZE,2477,2477,3,3,2,10,beam_2,26,0.04142560000764206,12,0.003452133333970172,True
1,LARGE_MAZE,2477,2477,3,3,2,10,beam_3,26,0.04412669996963814,12,0.0036772249974698448,True
1,LARGE_MAZE,2726,2726,3,9,7,1,greedy,26,0.0410478999838233,12,0.003420658331985275,True
1,LARGE_MAZE,2726,2726,3,9,7,1,beam_2,26,0.04535659996327013,12,0.003779716663605844,True
1,LARGE_MAZE,2726,2726,3,9,7,1,beam_3,26,0.046671400021295995,12,0.0038892833351079994,True
1,LARGE_MAZE,2772,2772,3,10,7,2,greedy,26,0.03792620002059266,12,0.0031605166683827215,True
1,LARGE_MAZE,2772,2772,3,10,7,2,beam_2,26,0.041124100040178746,12,0.003427008336681562,True
1,LARGE_MAZE,2772,2772,3,10,7,2,beam_3,26,0.042657599959056824,12,0.0035547999965880686,True
1,LARGE_MAZE,2885,2885,4,10,3,3,greedy,26,0.06607150001218542,19,0.0034774473690623907,False
1,LARGE_MAZE,2885,2885,4,10,3,3,beam_2,26,0.03963040001690388,12,0.0033025333347419896,True
1,LARGE_MAZE,2885,2885,4,10,3,3,beam_3,26,0.042244200012646616,12,0.0035203500010538846,True
1,LARGE_MAZE,2927,2927,5,1,2,10,greedy,26,0.06488960003480315,19,0.0034152421070949026,False
1,LARGE_MAZE,2927,2927,5,1,2,10,beam_2,26,0.04296389996306971,12,0.0035803249969224757,True
1,LARGE_MAZE,2927,2927,5,1,2,10,beam_3,26,0.04689009999856353,12,0.003907508333213627,True
1,LARGE_MAZE,3085,3085,5,4,6,9,greedy,26,0.042568799981381744,12,0.0035473999984484785,True
1,LARGE_MAZE,3085,3085,5,4,6,9,beam_2,26,0.056319700030144304,12,0.004693308335845359,True
1,LARGE_MAZE,3085,3085,5,4,6,9,beam_3,26,0.07177929999306798,12,0.005981608332755665,True
1,LARGE_MAZE,3160,3160,5,7,3,9,greedy,26,0.06264939997345209,12,0.005220783331121008,True
1,LARGE_MAZE,3160,3160,5,7,3,9,beam_2,26,0.07156130002113059,12,0.005963441668427549,True
1,LARGE_MAZE,3160,3160,5,7,3,9,beam_3,26,0.05755409999983385,12,0.004796174999986154,True
1,LARGE_MAZE,3230,3230,5,10,1,2,greedy,26,0.047265400004107505,12,0.003938783333675626,True
1,LARGE_MAZE,3230,3230,5,10,1,2,beam_2,26,0.051085100043565035,12,0.004257091670297086,True
1,LARGE_MAZE,3230,3230,5,10,1,2,beam_3,26,0.05046619998756796,12,0.004205516665630664,True
1,LARGE_MAZE,3282,3282,6,3,1,10,greedy,26,0.0675020000198856,19,0.0035527368431518738,False
1,LARGE_MAZE,3282,3282,6,3,1,10,beam_2,26,0.046532100008334965,12,0.0038776750006945804,True
1,LARGE_MAZE,3282,3282,6,3,1,10,beam_3,26,0.047160400019492954,12,0.003930033334957746,True
1,LARGE_MAZE,3373,3373,6,7,2,1,greedy,26,0.04514750000089407,14,0.0032248214286352906,True
1,LARGE_MAZE,3373,3373,6,7,2,1,beam_2,26,0.05112990003544837,14,0.003652135716817741,True
1,LARGE_MAZE,3373,3373,6,7,2,1,beam_3,26,0.04460540000582114,12,0.0037171166671517617,True
1,LARGE_MAZE,3438,3438,6,9,5,4,greedy,26,0.0631944999913685,19,0.0033260263153351843,False
1,LARGE_MAZE,3438,3438,6,9,5,4,beam_2,26,0.04617109999526292,12,0.00384759166627191,True
1,LARGE_MAZE,3438,3438,6,9,5,4,beam_3,26,0.046985199966002256,12,0.003915433330500188,True
1,LARGE_MAZE,3485,3485,7,1,5,7,greedy,26,0.040508999954909086,12,0.003375749996242424,True
1,LARGE_MAZE,3485,3485,7,1,5,7,beam_2,26,0.038642300001811236,12,0.003220191666817603,True
1,LARGE_MAZE,3485,3485,7,1,5,7,beam_3,26,0.04276749998098239,12,0.0035639583317485326,True
1,LARGE_MAZE,3569,3569,7,3,4,10,greedy,26,0.03893530002096668,12,0.0032446083350805566,True
1,LARGE_MAZE,3569,3569,7,3,4,10,beam_2,26,0.044029599986970425,12,0.0036691333322475352,True
1,LARGE_MAZE,3569,3569,7,3,4,10,beam_3,26,0.04587219998938963,12,0.003822683332449136,True
1,LARGE_MAZE,3686,3686,7,7,1,9,greedy,26,0.060448499978519976,19,0.0031814999988694723,False
1,LARGE_MAZE,3686,3686,7,7,1,9,beam_2,26,0.04441120004048571,12,0.0037009333367071426,True
1,LARGE_MAZE,3686,3686,7,7,1,9,beam_3,26,0.04046530002960935,12,0.0033721083358007795,True
1,LARGE_MAZE,3754,3754,7,9,5,5,greedy,26,0.036824400012847036,12,0.0030687000010705865,True
1,LARGE_MAZE,3754,3754,7,9,5,5,beam_2,26,0.04757840000092983,12,0.003964866666744153,True
1,LARGE_MAZE,3754,3754,7,9,5,5,beam_3,26,0.053249699994921684,12,0.004437474999576807,True
1,LARGE_MAZE,1779,1779,1,1,6,7,greedy,28,0.04192460002377629,13,0.0032249692325981762,True
1,LARGE_MAZE,1779,1779,1,1,6,7,beam_2,28,0.043490500014740974,13,0.003345423078056998,True
1,LARGE_MAZE,1779,1779,1,1,6,7,beam_3,28,0.053191700018942356,13,0.004091669232226335,True
1,LARGE_MAZE,1968,1968,1,5,7,10,greedy,28,0.035394600010477006,13,0.002722661539267462,True
1,LARGE_MAZE,1968,1968,1,5,7,10,beam_2,28,0.046001599985174835,13,0.003538584614244218,True
1,LARGE_MAZE,1968,1968,1,5,7,10,beam_3,28,0.05046660004882142,13,0.0038820461576016476,True
1,LARGE_MAZE,2073,2073,1,9,3,2,greedy,28,0.04042839998146519,13,0.0031098769216511687,True
1,LARGE_MAZE,2073,2073,1,9,3,2,beam_2,28,0.048684899986255914,13,0.00374499230663507,True
1,LARGE_MAZE,2073,2073,1,9,3,2,beam_3,28,0.0485628999886103,13,0.0037356076914315615,True
1,LARGE_MAZE,2119,2119,1,10,3,3,greedy,28,0.06336520001059398,19,0.003335010526873367,False
1,LARGE_MAZE,2119,2119,1,10,3,3,beam_2,28,0.06763710000086576,13,0.005202853846220443,True
1,LARGE_MAZE,2119,2119,1,10,3,3,beam_3,28,0.05526639998424798,13,0.0042512615372498445,True
1,LARGE_MAZE,2161,2161,2,1,2,10,greedy,28,0.07239129999652505,19,0.0038100684208697395,False
1,LARGE_MAZE,2161,2161,2,1,2,10,beam_2,28,0.052993300021626055,13,0.004076407693971235,True
1,LARGE_MAZE,2161,2161,2,1,2,10,beam_3,28,0.052396300015971065,13,0.004030484616613159,True
1,LARGE_MAZE,2338,2338,2,10,2,1,greedy,28,0.039731400029268116,13,0.003056261540712932,True
1,LARGE_MAZE,2338,2338,2,10,2,1,beam_2,28,0.047797099978197366,13,0.0036766999983228743,True
1,LARGE_MAZE,2338,2338,2,10,2,1,beam_3,28,0.05992369999876246,13,0.004609515384520189,True
1,LARGE_MAZE,2380,2380,3,1,1,8,greedy,28,0.04885160003323108,13,0.0037578153871716214,True
1,LARGE_MAZE,2380,2380,3,1,1,8,beam_2,28,0.054075000050943345,13,0.0041596153885341035,True
1,LARGE_MAZE,2380,2380,3,1,1,8,beam_3,28,0.0589866999653168,13,0.004537438458870524,True
1,LARGE_MAZE,2449,2449,3,2,5,7,greedy,28,0.09477030002744868,19,0.004987910527760457,False
1,LARGE_MAZE,2449,2449,3,2,5,7,beam_2,28,0.09961829998064786,19,0.005243068420034098,False
1,LARGE_MAZE,2449,2449,3,2,5,7,beam_3,28,0.06845229997998103,13,0.0052655615369216185,True
1,LARGE_MAZE,2764,2764,3,10,5,7,greedy,28,0.0626413999707438,13,0.004818569228518754,True
1,LARGE_MAZE,2764,2764,3,10,5,7,beam_2,28,0.057112300011795014,13,0.004393253847061155,True
1,LARGE_MAZE,2764,2764,3,10,5,7,beam_3,28,0.06274540000595152,13,0.00482656923122704,True
1,LARGE_MAZE,2878,2878,4,10,2,1,greedy,28,0.05714280001120642,13,0.004395600000862032,True
1,LARGE_MAZE,2878,2878,4,10,2,1,beam_2,28,0.0679039999959059,13,0.0052233846150696855,True
1,LARGE_MAZE,2878,2878,4,10,2,1,beam_3,28,0.07207880000350997,13,0.005544523077193075,True
1,LARGE_MAZE,2922,2922,5,1,1,10,greedy,28,0.07814579998375848,19,0.004112936841250446,False
1,LARGE_MAZE,2922,2922,5,1,1,10,beam_2,28,0.07797739998204634,13,0.005998261537080487,True
1,LARGE_MAZE,2922,2922,5,1,1,10,beam_3,28,0.07148959999904037,13,0.0054991999999261815,True
1,LARGE_MAZE,3138,3138,5,5,7,10,greedy,28,0.09102120000170544,19,0.00479058947377397,False
1,LARGE_MAZE,3138,3138,5,5,7,10,beam_2,28,0.07469239999772981,13,0.0057455692305946006,True
1,LARGE_MAZE,3138,3138,5,5,7,10,beam_3,28,0.060339399962686,13,0.004641492304822,True
1,LARGE_MAZE,3154,3154,5,7,3,2,greedy,28,0.07114070001989603,19,0.003744247369468212,False
1,LARGE_MAZE,3154,3154,5,7,3,2,beam_2,28,0.08578640001360327,19,0.004515073684926488,False
1,LARGE_MAZE,3154,3154,5,7,3,2,beam_3,28,0.05699819995788857,13,0.004384476919837583,True
1,LARGE_MAZE,3217,3217,5,9,6,3,greedy,28,0.055457500042393804,13,0.0042659615417226,True
1,LARGE_MAZE,3217,3217,5,9,6,3,beam_2,28,0.06429180002305657,13,0.004945523078696659,True
1,LARGE_MAZE,3217,3217,5,9,6,3,beam_3,28,0.07694200001424178,13,0.005918615385710906,True
1,LARGE_MAZE,3268,3268,5,10,7,3,greedy,28,0.05934729997534305,13,0.004565176921180234,True
1,LARGE_MAZE,3268,3268,5,10,7,3,beam_2,28,0.07335640001110733,13,0.005642800000854409,True
1,LARGE_MAZE,3268,3268,5,10,7,3,beam_3,28,0.07540560001507401,13,0.0058004307703903085,True
1,LARGE_MAZE,3371,3371,6,7,1,9,greedy,28,0.08967629994731396,19,0.004719805260384946,False
1,LARGE_MAZE,3371,3371,6,7,1,9,beam_2,28,0.06111760000931099,13,0.004701353846870076,True
1,LARGE_MAZE,3371,3371,6,7,1,9,beam_3,28,0.06179200002225116,13,0.0047532307709423965,True
1,LARGE_MAZE,3437,3437,6,9,5,3,greedy,28,0.05308179999701679,13,0.004083215384385907,True
1,LARGE_MAZE,3437,3437,6,9,5,3,beam_2,28,0.05532719998154789,13,0.004255938460119069,True
1,LARGE_MAZE,3437,3437,6,9,5,3,beam_3,28,0.05708619998767972,13,0.00439124615289844,True
1,LARGE_MAZE,3512,3512,7,2,2,10,greedy,28,0.06910520000383258,19,0.003637115789675399,False
1,LARGE_MAZE,3512,3512,7,2,2,10,beam_2,28,0.05200860003242269,13,0.004000661540955592,True
1,LARGE_MAZE,3512,3512,7,2,2,10,beam_3,28,0.052654200000688434,13,0.004050323076976033,True
1,LARGE_MAZE,3666,3666,7,6,5,9,greedy,28,0.04463380004744977,13,0.0034333692344192127,True
1,LARGE_MAZE,3666,3666,7,6,5,9,beam_2,28,0.048072800040245056,13,0.003697907695403466,True
1,LARGE_MAZE,3666,3666,7,6,5,9,beam_3,28,0.059592299978248775,13,0.004584023075249906,True
1,LARGE_MAZE,3759,3759,7,9,6,5,greedy,28,0.04715980001492426,13,0.003627676924224943,True
1,LARGE_MAZE,3759,3759,7,9,6,5,beam_2,28,0.05621599999722093,13,0.004324307692093918,True
1,LARGE_MAZE,3759,3759,7,9,6,5,beam_3,28,0.06522170000243932,13,0.005017053846341486,True
1,LARGE_MAZE,1825,1825,1,2,6,9,greedy,30,0.0894067999906838,19,0.004705621052141252,False
1,LARGE_MAZE,1825,1825,1,2,6,9,beam_2,30,0.06634700001450256,14,0.0047390714296073255,True
1,LARGE_MAZE,1825,1825,1,2,6,9,beam_3,30,0.06392190000042319,14,0.004565850000030228,True
1,LARGE_MAZE,2096,2096,1,9,7,1,greedy,30,0.07109089998994023,19,0.0037416263152600117,False
1,LARGE_MAZE,2096,2096,1,9,7,1,beam_2,30,0.05909830000018701,14,0.004221307142870501,True
1,LARGE_MAZE,2096,2096,1,9,7,1,beam_3,30,0.05768359999638051,14,0.004120257142598608,True
1,LARGE_MAZE,2142,2142,1,10,7,2,greedy,30,0.04607169999508187,14,0.0032908357139344196,True
1,LARGE_MAZE,2142,2142,1,10,7,2,beam_2,30,0.05728670000098646,14,0.004091907142927604,True
1,LARGE_MAZE,2142,2142,1,10,7,2,beam_3,30,0.058116799977142364,14,0.004151199998367312,True
1,LARGE_MAZE,2359,2359,2,10,5,7,greedy,30,0.04831029998604208,14,0.00345073571328872,True
1,LARGE_MAZE,2359,2359,2,10,5,7,beam_2,30,0.052896799985319376,14,0.003778342856094241,True
1,LARGE_MAZE,2359,2359,2,10,5,7,beam_3,30,0.05766550003318116,14,0.004118964288084369,True
1,LARGE_MAZE,2427,2427,3,2,1,10,greedy,30,0.06091810000361875,19,0.0032062157896641445,False
1,LARGE_MAZE,2427,2427,3,2,1,10,beam_2,30,0.04890300001716241,14,0.0034930714297973153,True
1,LARGE_MAZE,2427,2427,3,2,1,10,beam_3,30,0.053208099969197065,14,0.0038005785692283617,True
1,LARGE_MAZE,2811,2811,4,1,5,10,greedy,30,0.055039600003510714,14,0.003931400000250765,True
1,LARGE_MAZE,2811,2811,4,1,5,10,beam_2,30,0.05449219996808097,14,0.003892299997720069,True
1,LARGE_MAZE,2811,2811,4,1,5,10,beam_3,30,0.05638409999664873,14,0.004027435714046338,True
1,LARGE_MAZE,2995,2995,5,2,6,9,greedy,30,0.04309280001325533,14,0.003078057143803952,True
1,LARGE_MAZE,2995,2995,5,2,6,9,beam_2,30,0.04842080001253635,14,0.0034586285723240246,True
1,LARGE_MAZE,2995,2995,5,2,6,9,beam_3,30,0.058245800028089434,14,0.004160414287720674,True
1,LARGE_MAZE,3152,3152,5,7,2,10,greedy,30,0.07153509999625385,19,0.003765005262960729,False
1,LARGE_MAZE,3152,3152,5,7,2,10,beam_2,30,0.07621389999985695,14,0.005443849999989782,True
1,LARGE_MAZE,3152,3152,5,7,2,10,beam_3,30,0.0664478000253439,14,0.004746271430381707,True
1,LARGE_MAZE,3210,3210,5,9,5,1,greedy,30,0.05653200001688674,14,0.004038000001206196,True
1,LARGE_MAZE,3210,3210,5,9,5,1,beam_2,30,0.05869200004963204,14,0.00419228571783086,True
1,LARGE_MAZE,3210,3210,5,9,5,1,beam_3,30,0.059620199957862496,14,0.004258585711275893,True
1,LARGE_MAZE,3252,3252,5,10,4,1,greedy,30,0.06604820000939071,19,0.003476221053125827,False
1,LARGE_MAZE,3252,3252,5,10,4,1,beam_2,30,0.06398800003807992,14,0.0045705714312914225,True
1,LARGE_MAZE,3252,3252,5,10,4,1,beam_3,30,0.06243940000422299,14,0.004459957143158785,True
1,LARGE_MAZE,3372,3372,6,7,1,10,greedy,30,0.06053509999765083,19,0.0031860578946132016,False
1,LARGE_MAZE,3372,3372,6,7,1,10,beam_2,30,0.04860960005316883,14,0.0034721142895120594,True
1,LARGE_MAZE,3372,3372,6,7,1,10,beam_3,30,0.06269079999765381,14,0.004477914285546701,True
1,LARGE_MAZE,3443,3443,6,9,6,3,greedy,30,0.052790199988521636,14,0.0037707285706086884,True
1,LARGE_MAZE,3443,3443,6,9,6,3,beam_2,30,0.04930479999165982,14,0.0035217714279757012,True
1,LARGE_MAZE,3443,3443,6,9,6,3,beam_3,30,0.051933899987488985,14,0.0037095642848206417,True
1,LARGE_MAZE,3507,3507,7,2,1,10,greedy,30,0.06127479998394847,19,0.0032249894728393932,False
1,LARGE_MAZE,3507,3507,7,2,1,10,beam_2,30,0.05023550003534183,14,0.0035882500025244163,True
1,LARGE_MAZE,3507,3507,7,2,1,10,beam_3,30,0.05224590003490448,14,0.003731850002493177,True
1,LARGE_MAZE,3711,3711,7,7,5,9,greedy,30,0.042140599980484694,14,0.0030100428557489067,True
1,LARGE_MAZE,3711,3711,7,7,5,9,beam_2,30,0.049450899998191744,14,0.0035322071427279817,True
1,LARGE_MAZE,3711,3711,7,7,5,9,beam_3,30,0.05300099996384233,14,0.0037857857117030236,True
1,LARGE_MAZE,3798,3798,7,10,5,4,greedy,30,0.05768490000627935,19,0.0030360473687515445,False
1,LARGE_MAZE,3798,3798,7,10,5,4,beam_2,30,0.05356279999250546,14,0.0038259142851789613,True
1,LARGE_MAZE,3798,3798,7,10,5,4,beam_3,30,0.07172900001751259,14,0.005123500001250899,True
1,LARGE_MAZE,2117,2117,1,10,3,1,greedy,32,0.06735339999431744,15,0.0044902266662878295,True
1,LARGE_MAZE,2117,2117,1,10,3,1,beam_2,32,0.07386599999153987,15,0.004924399999435991,True
1,LARGE_MAZE,2117,2117,1,10,3,1,beam_3,32,0.06269309995695949,15,0.004179539997130633,True
1,LARGE_MAZE,2382,2382,3,1,1,10,greedy,32,0.07297359994845465,19,0.003840715786760771,False
1,LARGE_MAZE,2382,2382,3,1,1,10,beam_2,32,0.0923853000276722,19,0.004862384211982747,False
1,LARGE_MAZE,2382,2382,3,1,1,10,beam_3,32,0.0760770000051707,15,0.005071800000344713,True
1,LARGE_MAZE,2950,2950,5,1,6,9,greedy,32,0.05588490003719926,15,0.0037256600024799507,True
1,LARGE_MAZE,2950,2950,5,1,6,9,beam_2,32,0.06224220001604408,15,0.004149480001069605,True
1,LARGE_MAZE,2950,2950,5,1,6,9,beam_3,32,0.06503459997475147,15,0.004335639998316765,True
1,LARGE_MAZE,3193,3193,5,9,2,1,greedy,32,0.054419899999629706,15,0.003627993333308647,True
1,LARGE_MAZE,3193,3193,5,9,2,1,beam_2,32,0.06621029996313155,15,0.0044140199975421035,True
1,LARGE_MAZE,3193,3193,5,9,2,1,beam_3,32,0.06262019998393953,15,0.004174679998929302,True
1,LARGE_MAZE,3243,3243,5,10,3,1,greedy,32,0.05139500001678243,15,0.0034263333344521623,True
1,LARGE_MAZE,3243,3243,5,10,3,1,beam_2,32,0.05417449999367818,15,0.003611633332911879,True
1,LARGE_MAZE,3243,3243,5,10,3,1,beam_3,32,0.0713485999731347,15,0.004756573331542313,True
1,LARGE_MAZE,3409,3409,6,9,1,1,greedy,32,0.049791699973866343,15,0.003319446664924423,True
1,LARGE_MAZE,3409,3409,6,9,1,1,beam_2,32,0.06047329999273643,15,0.004031553332849095,True
1,LARGE_MAZE,3409,3409,6,9,1,1,beam_3,32,0.07137740001780912,15,0.004758493334520608,True
1,LARGE_MAZE,3462,3462,7,1,1,10,greedy,32,0.09537390002515167,19,0.005019678948692193,False
1,LARGE_MAZE,3462,3462,7,1,1,10,beam_2,32,0.08414150000317022,15,0.005609433333544681,True
1,LARGE_MAZE,3462,3462,7,1,1,10,beam_3,32,0.10233000002335757,15,0.006822000001557171,True
1,LARGE_MAZE,3677,3677,7,6,7,9,greedy,32,0.0549680000403896,15,0.0036645333360259733,True
1,LARGE_MAZE,3677,3677,7,6,7,9,beam_2,32,0.06647889997111633,15,0.004431926664741089,True
1,LARGE_MAZE,3677,3677,7,6,7,9,beam_3,32,0.07861840003170073,15,0.005241226668780049,True
1,LARGE_MAZE,3758,3758,7,9,6,3,greedy,32,0.10514820000389591,19,0.005534115789678732,False
1,LARGE_MAZE,3758,3758,7,9,6,3,beam_2,32,0.125836800027173,15,0.008389120001811533,True
1,LARGE_MAZE,3758,3758,7,9,6,3,beam_3,32,0.06577610003296286,15,0.004385073335530857,True
1,LARGE_MAZE,1787,1787,1,1,7,9,greedy,34,0.05944899999303743,16,0.0037155624995648395,True
1,LARGE_MAZE,1787,1787,1,1,7,9,beam_2,34,0.0647095000022091,16,0.004044343750138069,True
1,LARGE_MAZE,1787,1787,1,1,7,9,beam_3,34,0.07112880004569888,16,0.00444555000285618,True
1,LARGE_MAZE,2455,2455,3,2,6,9,greedy,34,0.06232960004126653,19,0.0032805052653298175,False
1,LARGE_MAZE,2455,2455,3,2,6,9,beam_2,34,0.056627499987371266,16,0.003539218749210704,True
1,LARGE_MAZE,2455,2455,3,2,6,9,beam_3,34,0.061958500009495765,16,0.0038724062505934853,True
1,LARGE_MAZE,3170,3170,5,7,5,9,greedy,34,0.06502109998837113,16,0.004063818749273196,True
1,LARGE_MAZE,3170,3170,5,7,5,9,beam_2,34,0.06813539995346218,16,0.0042584624970913865,True
1,LARGE_MAZE,3170,3170,5,7,5,9,beam_3,34,0.07372510002460331,16,0.004607818751537707,True
1,LARGE_MAZE,3400,3400,6,7,6,9,greedy,34,0.0662233000039123,16,0.004138956250244519,True
1,LARGE_MAZE,3400,3400,6,7,6,9,beam_2,34,0.07186239998554811,16,0.004491399999096757,True
1,LARGE_MAZE,3400,3400,6,7,6,9,beam_3,34,0.0852228999719955,16,0.005326431248249719,True
1,LARGE_MAZE,3447,3447,6,9,7,2,greedy,34,0.09261650004191324,16,0.005788531252619578,True
1,LARGE_MAZE,3447,3447,6,9,7,2,beam_2,34,0.08310960000380874,16,0.005194350000238046,True
1,LARGE_MAZE,3447,3447,6,9,7,2,beam_3,34,0.0985899000079371,16,0.006161868750496069,True
1,LARGE_MAZE,3722,3722,7,7,7,9,greedy,34,0.06583949999185279,16,0.004114968749490799,True
1,LARGE_MAZE,3722,3722,7,7,7,9,beam_2,34,0.08161639998434111,16,0.00510102499902132,True
1,LARGE_MAZE,3722,3722,7,7,7,9,beam_3,34,0.07347490004030988,16,0.004592181252519367,True
1,LARGE_MAZE,3767,3767,7,9,7,7,greedy,34,0.057266300020273775,16,0.003579143751267111,True
1,LARGE_MAZE,3767,3767,7,9,7,7,beam_2,34,0.08071180002298206,16,0.005044487501436379,True
1,LARGE_MAZE,3767,3767,7,9,7,7,beam_3,34,0.07454049994703382,16,0.004658781246689614,True
1,LARGE_MAZE,3811,3811,7,10,7,6,greedy,34,0.056017099996097386,16,0.0035010687497560866,True
1,LARGE_MAZE,3811,3811,7,10,7,6,beam_2,34,0.059519600006751716,16,0.0037199750004219823,True
1,LARGE_MAZE,3811,3811,7,10,7,6,beam_3,34,0.06446159997722134,16,0.004028849998576334,True
1,LARGE_MAZE,2508,2508,3,3,7,10,greedy,36,0.06783030001679435,19,0.0035700157903575977,False
1,LARGE_MAZE,2508,2508,3,3,7,10,beam_2,36,0.09064449998550117,17,0.0053320294109118335,True
1,LARGE_MAZE,2508,2508,3,3,7,10,beam_3,36,0.0902940999949351,17,0.005311417646760888,True
1,LARGE_MAZE,3423,3423,6,9,3,1,greedy,36,0.07051429996499792,17,0.004147899997941054,True
1,LARGE_MAZE,3423,3423,6,9,3,1,beam_2,36,0.06710849999217317,17,0.00394755882306901,True
1,LARGE_MAZE,3423,3423,6,9,3,1,beam_3,36,0.08486089995130897,17,0.004991817644194645,True
1,LARGE_MAZE,3588,3588,7,3,7,10,greedy,36,0.08704660000512376,17,0.005120388235595515,True
1,LARGE_MAZE,3588,3588,7,3,7,10,beam_2,36,0.07538940000813454,17,0.004434670588713796,True
1,LARGE_MAZE,3588,3588,7,3,7,10,beam_3,36,0.07913820003159344,17,0.004655188237152556,True
1,LARGE_MAZE,3760,3760,7,9,6,7,greedy,36,0.06994249997660518,17,0.004114264704506187,True
1,LARGE_MAZE,3760,3760,7,9,6,7,beam_2,36,0.0740730999968946,17,0.004357241176287918,True
1,LARGE_MAZE,3760,3760,7,9,6,7,beam_3,36,0.07311159995151684,17,0.004300682350089226,True
1,LARGE_MAZE,3809,3809,7,10,7,3,greedy,36,0.07157379999989644,19,0.003767042105257707,False
1,LARGE_MAZE,3809,3809,7,10,7,3,beam_2,36,0.06718640000326559,17,0.003952141176662682,True
1,LARGE_MAZE,3809,3809,7,10,7,3,beam_3,36,0.0819027999532409,17,0.004817811761955347,True
1,LARGE_MAZE,2823,2823,4,1,7,10,greedy,38,0.07128370000282302,19,0.0037517736843591066,False
1,LARGE_MAZE,2823,2823,4,1,7,10,beam_2,38,0.07835440000053495,18,0.0043530222222519415,True
1,LARGE_MAZE,2823,2823,4,1,7,10,beam_3,38,0.13778910000110045,18,0.007654950000061136,True
1,LARGE_MAZE,3738,3738,7,9,3,1,greedy,38,0.1606309000053443,18,0.008923938889185794,True
1,LARGE_MAZE,3738,3738,7,9,3,1,beam_2,38,0.08902240003226325,18,0.004945688890681292,True
1,LARGE_MAZE,3738,3738,7,9,3,1,beam_3,38,0.10846989997662604,18,0.006026105554257002,True
1,LARGE_MAZE,3792,3792,7,10,4,1,greedy,38,0.08244230004493147,19,0.004339068423417446,False
1,LARGE_MAZE,3792,3792,7,10,4,1,beam_2,38,0.0760411000228487,18,0.004224505556824927,True
1,LARGE_MAZE,3792,3792,7,10,4,1,beam_3,38,0.09033380000619218,18,0.005018544444788454,True
1,LARGE_MAZE,3498,3498,7,1,7,10,greedy,40,0.07472269999561831,19,0.003932773683979911,True
1,LARGE_MAZE,3498,3498,7,1,7,10,beam_2,40,0.09768629999598488,19,0.005141384210314993,True
1,LARGE_MAZE,3498,3498,7,1,7,10,beam_3,40,0.10976740001933649,19,0.005777231579965078,True
