cv_fold,maze_name,episode_id,query_index,start_x,start_y,goal_x,goal_y,strategy,requested_steps,compute_seconds,steps_until_stop,seconds_per_step,goal_reached
0,OPEN,0,0,2,2,2,3,greedy,16,0.013951100001577288,1,0.013951100001577288,True
0,OPEN,0,0,2,2,2,3,beam_2,16,0.005158299987670034,1,0.005158299987670034,True
0,OPEN,0,0,2,2,2,3,beam_3,16,0.003936199995223433,1,0.003936199995223433,True
0,OPEN,31,31,2,4,2,3,greedy,16,0.005454200028907508,1,0.005454200028907508,True
0,OPEN,31,31,2,4,2,3,beam_2,16,0.007522400002926588,1,0.007522400002926588,True
0,OPEN,31,31,2,4,2,3,beam_3,16,0.009360100026242435,1,0.009360100026242435,True
0,OPEN,60,60,3,2,2,2,greedy,16,0.023214099986944348,3,0.007738033328981449,True
0,OPEN,60,60,3,2,2,2,beam_2,16,0.05958300002384931,3,0.01986100000794977,True
0,OPEN,60,60,3,2,2,2,beam_3,16,0.018320299976039678,1,0.018320299976039678,True
0,OPEN,80,80,3,3,3,4,greedy,16,0.026444600021932274,1,0.026444600021932274,True
0,OPEN,80,80,3,3,3,4,beam_2,16,0.04396380000980571,1,0.04396380000980571,True
0,OPEN,80,80,3,3,3,4,beam_3,16,0.021627899957820773,1,0.021627899957820773,True
0,OPEN,99,99,3,4,4,4,greedy,16,0.5383049999945797,16,0.03364406249966123,False
0,OPEN,99,99,3,4,4,4,beam_2,16,0.1067503999802284,5,0.021350079996045677,True
0,OPEN,99,99,3,4,4,4,beam_3,16,0.12560349999694154,5,0.025120699999388308,True
0,OPEN,128,128,4,2,4,3,greedy,16,0.012319299974478781,1,0.012319299974478781,True
0,OPEN,128,128,4,2,4,3,beam_2,16,0.011586800043005496,1,0.011586800043005496,True
0,OPEN,128,128,4,2,4,3,beam_3,16,0.01003649999620393,1,0.01003649999620393,True
0,OPEN,147,147,4,3,5,3,greedy,16,0.07467459997860715,7,0.010667799996943879,True
0,OPEN,147,147,4,3,5,3,beam_2,16,0.006786400044802576,1,0.006786400044802576,True
0,OPEN,147,147,4,3,5,3,beam_3,16,0.006078599952161312,1,0.006078599952161312,True
0,OPEN,172,172,4,5,3,5,greedy,16,0.006774400011636317,1,0.006774400011636317,True
0,OPEN,172,172,4,5,3,5,beam_2,16,0.0343838999979198,1,0.0343838999979198,True
0,OPEN,172,172,4,5,3,5,beam_3,16,0.0046990999835543334,1,0.0046990999835543334,True
0,OPEN,204,204,5,3,4,3,greedy,16,0.17936670000199229,16,0.011210418750124518,False
0,OPEN,204,204,5,3,4,3,beam_2,16,0.06045560003258288,7,0.008636514290368982,True
0,OPEN,204,204,5,3,4,3,beam_3,16,0.006553499959409237,1,0.006553499959409237,True
0,OPEN,224,224,5,4,5,5,greedy,16,0.0058732000179588795,1,0.0058732000179588795,True
0,OPEN,224,224,5,4,5,5,beam_2,16,0.007939400034956634,1,0.007939400034956634,True
0,OPEN,224,224,5,4,5,5,beam_3,16,0.0071712000062689185,1,0.0071712000062689185,True
0,OPEN,7,7,2,2,4,2,greedy,16,0.08580010000150651,10,0.008580010000150651,True
0,OPEN,7,7,2,2,4,2,beam_2,16,0.03136259998427704,4,0.00784064999606926,True
0,OPEN,7,7,2,2,4,2,beam_3,16,0.038648299989290535,4,0.009662074997322634,True
0,OPEN,30,30,2,4,2,2,greedy,16,0.014702500018756837,2,0.007351250009378418,True
0,OPEN,30,30,2,4,2,2,beam_2,16,0.014933700032997876,2,0.007466850016498938,True
0,OPEN,30,30,2,4,2,2,beam_3,16,0.01598650001687929,2,0.007993250008439645,True
0,OPEN,50,50,2,5,3,4,greedy,16,0.13849370001116768,16,0.00865585625069798,False
0,OPEN,50,50,2,5,3,4,beam_2,16,0.01626639999449253,2,0.008133199997246265,True
0,OPEN,50,50,2,5,3,4,beam_3,16,0.02006100001744926,2,0.01003050000872463,True
0,OPEN,71,71,3,2,5,2,greedy,16,0.03020969999488443,4,0.007552424998721108,True
0,OPEN,71,71,3,2,5,2,beam_2,16,0.012036199972499162,2,0.006018099986249581,True
0,OPEN,71,71,3,2,5,2,beam_3,16,0.013847700029145926,2,0.006923850014572963,True
0,OPEN,84,84,3,3,4,4,greedy,16,0.017354500014334917,2,0.008677250007167459,True
0,OPEN,84,84,3,3,4,4,beam_2,16,0.013523500005248934,2,0.006761750002624467,True
0,OPEN,84,84,3,3,4,4,beam_3,16,0.01656560000265017,2,0.008282800001325086,True
0,OPEN,98,98,3,4,4,3,greedy,16,0.016705400019418448,2,0.008352700009709224,True
0,OPEN,98,98,3,4,4,3,beam_2,16,0.013517600018531084,2,0.006758800009265542,True
0,OPEN,98,98,3,4,4,3,beam_3,16,0.011633899994194508,2,0.005816949997097254,True
0,OPEN,114,114,3,5,4,4,greedy,16,0.13081120001152158,16,0.008175700000720099,False
0,OPEN,114,114,3,5,4,4,beam_2,16,0.21717000001808628,16,0.013573125001130393,False
0,OPEN,114,114,3,5,4,4,beam_3,16,0.14477810001699254,16,0.009048631251062034,False
0,OPEN,132,132,4,2,5,3,greedy,16,0.009058700001332909,2,0.0045293500006664544,True
0,OPEN,132,132,4,2,5,3,beam_2,16,0.010334799997508526,2,0.005167399998754263,True
0,OPEN,132,132,4,2,5,3,beam_3,16,0.012680399988312274,2,0.006340199994156137,True
0,OPEN,146,146,4,3,5,2,greedy,16,0.00868960004299879,2,0.004344800021499395,True
0,OPEN,146,146,4,3,5,2,beam_2,16,0.012049299955833703,2,0.006024649977916852,True
0,OPEN,146,146,4,3,5,2,beam_3,16,0.010389800008852035,2,0.005194900004426017,True
0,OPEN,158,158,4,4,4,2,greedy,16,0.03056119999382645,6,0.005093533332304408,True
0,OPEN,158,158,4,4,4,2,beam_2,16,0.05148239998379722,8,0.006435299997974653,True
0,OPEN,158,158,4,4,4,2,beam_3,16,0.021293200028594583,4,0.005323300007148646,True
0,OPEN,174,174,4,5,4,3,greedy,16,0.021995000017341226,4,0.005498750004335307,True
0,OPEN,174,174,4,5,4,3,beam_2,16,0.023608999967109412,4,0.005902249991777353,True
0,OPEN,174,174,4,5,4,3,beam_3,16,0.02721690002363175,4,0.006804225005907938,True
0,OPEN,200,200,5,3,3,3,greedy,16,0.04411730001447722,8,0.005514662501809653,True
0,OPEN,200,200,5,3,3,3,beam_2,16,0.022219899983610958,4,0.0055549749959027395,True
0,OPEN,200,200,5,3,3,3,beam_3,16,0.009935100039001554,2,0.004967550019500777,True
0,OPEN,219,219,5,4,4,3,greedy,16,0.05479000002378598,10,0.005479000002378598,True
0,OPEN,219,219,5,4,4,3,beam_2,16,0.010337000014260411,2,0.005168500007130206,True
0,OPEN,219,219,5,4,4,3,beam_3,16,0.010467100015375763,2,0.005233550007687882,True
0,OPEN,238,238,5,5,5,3,greedy,16,0.008980199985671788,2,0.004490099992835894,True
0,OPEN,238,238,5,5,5,3,beam_2,16,0.009600299992598593,2,0.004800149996299297,True
0,OPEN,238,238,5,5,5,3,beam_3,16,0.010764999955426902,2,0.005382499977713451,True
0,OPEN,21,21,2,3,3,5,greedy,16,0.014200800040271133,3,0.004733600013423711,True
0,OPEN,21,21,2,3,3,5,beam_2,16,0.015234699996653944,3,0.005078233332217981,True
0,OPEN,21,21,2,3,3,5,beam_3,16,0.019032100040931255,3,0.006344033346977085,True
0,OPEN,38,38,2,4,4,3,greedy,16,0.1138440000358969,16,0.007115250002243556,False
0,OPEN,38,38,2,4,4,3,beam_2,16,0.017150599975138903,3,0.005716866658379634,True
0,OPEN,38,38,2,4,4,3,beam_3,16,0.020146199967712164,3,0.006715399989237388,True
0,OPEN,54,54,2,5,4,4,greedy,16,0.15483709995169193,16,0.009677318746980745,False
0,OPEN,54,54,2,5,4,4,beam_2,16,0.18354410002939403,16,0.011471506251837127,False
0,OPEN,54,54,2,5,4,4,beam_3,16,0.0970946000306867,9,0.010788288892298523,True
0,OPEN,72,72,3,2,5,3,greedy,16,0.028166200034320354,3,0.009388733344773451,True
0,OPEN,72,72,3,2,5,3,beam_2,16,0.032744299969635904,3,0.010914766656545302,True
0,OPEN,72,72,3,2,5,3,beam_3,16,0.03412630001548678,3,0.011375433338495592,True
0,OPEN,90,90,3,4,2,2,greedy,16,0.025558500026818365,3,0.008519500008939454,True
0,OPEN,90,90,3,4,2,2,beam_2,16,0.02510299999266863,3,0.008367666664222876,True
0,OPEN,90,90,3,4,2,2,beam_3,16,0.05013630003668368,3,0.016712100012227893,True
0,OPEN,109,109,3,5,3,2,greedy,16,0.0568597000092268,5,0.01137194000184536,True
0,OPEN,109,109,3,5,3,2,beam_2,16,0.06396289996337146,5,0.012792579992674292,True
0,OPEN,109,109,3,5,3,2,beam_3,16,0.019765699980780482,3,0.0065885666602601605,True
0,OPEN,130,130,4,2,4,5,greedy,16,0.03515870001865551,5,0.007031740003731102,True
0,OPEN,130,130,4,2,4,5,beam_2,16,0.05251000000862405,5,0.010502000001724809,True
0,OPEN,130,130,4,2,4,5,beam_3,16,0.03524930001003668,5,0.007049860002007335,True
0,OPEN,149,149,4,3,5,5,greedy,16,0.05205329996533692,7,0.007436185709333846,True
0,OPEN,149,149,4,3,5,5,beam_2,16,0.03372539998963475,5,0.0067450799979269505,True
0,OPEN,149,149,4,3,5,5,beam_3,16,0.022483599954284728,3,0.007494533318094909,True
0,OPEN,167,167,4,5,2,4,greedy,16,0.024054300040006638,3,0.008018100013335546,True
0,OPEN,167,167,4,5,2,4,beam_2,16,0.022471099975518882,3,0.007490366658506294,True
0,OPEN,167,167,4,5,2,4,beam_3,16,0.025948500027880073,3,0.008649500009293357,True
0,OPEN,185,185,5,2,3,3,greedy,16,0.1578204999677837,16,0.00986378124798648,False
0,OPEN,185,185,5,2,3,3,beam_2,16,0.027132799965329468,3,0.009044266655109823,True
0,OPEN,185,185,5,2,3,3,beam_3,16,0.025146299973130226,3,0.00838209999104341,True
0,OPEN,201,201,5,3,3,4,greedy,16,0.15424750000238419,16,0.009640468750149012,False
0,OPEN,201,201,5,3,3,4,beam_2,16,0.16136420000111684,16,0.010085262500069803,False
0,OPEN,201,201,5,3,3,4,beam_3,16,0.02157360001001507,3,0.0071912000033383565,True
0,OPEN,218,218,5,4,4,2,greedy,16,0.018870399973820895,3,0.006290133324606965,True
0,OPEN,218,218,5,4,4,2,beam_2,16,0.018460099992807955,3,0.006153366664269318,True
0,OPEN,218,218,5,4,4,2,beam_3,16,0.028013599978294224,3,0.009337866659431407,True
0,OPEN,6,6,2,2,3,5,greedy,16,0.03892640001140535,4,0.009731600002851337,True
0,OPEN,6,6,2,2,3,5,beam_2,16,0.04055570001946762,4,0.010138925004866906,True
0,OPEN,6,6,2,2,3,5,beam_3,16,0.04714209999656305,4,0.011785524999140762,True
0,OPEN,28,28,2,3,5,4,greedy,16,0.039611299987882376,4,0.009902824996970594,True
0,OPEN,28,28,2,3,5,4,beam_2,16,0.034959100012201816,4,0.008739775003050454,True
0,OPEN,28,28,2,3,5,4,beam_3,16,0.035003800003323704,4,0.008750950000830926,True
0,OPEN,53,53,2,5,4,3,greedy,16,0.12592469999799505,16,0.00787029374987469,False
0,OPEN,53,53,2,5,4,3,beam_2,16,0.02832849998958409,4,0.007082124997396022,True
0,OPEN,53,53,2,5,4,3,beam_3,16,0.024774499994236976,4,0.006193624998559244,True
0,OPEN,89,89,3,3,5,5,greedy,16,0.03592979995300993,4,0.008982449988252483,True
0,OPEN,89,89,3,3,5,5,beam_2,16,0.03545369999483228,4,0.00886342499870807,True
0,OPEN,89,89,3,3,5,5,beam_3,16,0.036546200048178434,4,0.009136550012044609,True
0,OPEN,122,122,4,2,2,4,greedy,16,0.13121449999744073,16,0.008200906249840045,False
0,OPEN,122,122,4,2,2,4,beam_2,16,0.026821100036613643,4,0.006705275009153411,True
0,OPEN,122,122,4,2,2,4,beam_3,16,0.0317963000270538,4,0.00794907500676345,True
0,OPEN,166,166,4,5,2,3,greedy,16,0.030263799999374896,4,0.007565949999843724,True
0,OPEN,166,166,4,5,2,3,beam_2,16,0.030197200016118586,4,0.0075493000040296465,True
0,OPEN,166,166,4,5,2,3,beam_3,16,0.03694999997969717,4,0.009237499994924292,True
0,OPEN,191,191,5,2,4,5,greedy,16,0.023579100030474365,4,0.005894775007618591,True
0,OPEN,191,191,5,2,4,5,beam_2,16,0.027075499994680285,4,0.006768874998670071,True
0,OPEN,191,191,5,2,4,5,beam_3,16,0.027760400029364973,4,0.006940100007341243,True
0,OPEN,213,213,5,4,2,5,greedy,16,0.0353393999976106,4,0.00883484999940265,True
0,OPEN,213,213,5,4,2,5,beam_2,16,0.03265210002427921,4,0.008163025006069802,True
0,OPEN,213,213,5,4,2,5,beam_3,16,0.030203100002836436,4,0.007550775000709109,True
0,OPEN,10,10,2,2,4,5,greedy,16,0.026403099996969104,5,0.005280619999393821,True
0,OPEN,10,10,2,2,4,5,beam_2,16,0.039657499990426004,5,0.007931499998085201,True
0,OPEN,10,10,2,2,4,5,beam_3,16,0.03387970000039786,5,0.006775940000079572,True
0,OPEN,57,57,2,5,5,3,greedy,16,0.046866899996530265,7,0.006695271428075752,True
0,OPEN,57,57,2,5,5,3,beam_2,16,0.03566520003369078,5,0.007133040006738156,True
0,OPEN,57,57,2,5,5,3,beam_3,16,0.042238199966959655,5,0.008447639993391931,True
0,OPEN,182,182,5,2,2,4,greedy,16,0.05150340002728626,7,0.007357628575326609,True
0,OPEN,182,182,5,2,2,4,beam_2,16,0.04877140000462532,7,0.006967342857803617,True
0,OPEN,182,182,5,2,2,4,beam_3,16,0.037501900049392134,5,0.007500380009878427,True
0,OPEN,229,229,5,5,3,2,greedy,16,0.028172899968922138,5,0.005634579993784428,True
0,OPEN,229,229,5,5,3,2,beam_2,16,0.03346159995999187,5,0.0066923199919983745,True
0,OPEN,229,229,5,5,3,2,beam_3,16,0.05005769996205345,5,0.01001153999241069,True
0,U_MAZE,240,240,2,2,2,3,greedy,16,0.006100800004787743,1,0.006100800004787743,True
0,U_MAZE,240,240,2,2,2,3,beam_2,16,0.00526559998979792,1,0.00526559998979792,True
0,U_MAZE,240,240,2,2,2,3,beam_3,16,0.005725299997720867,1,0.005725299997720867,True
0,U_MAZE,260,260,2,4,2,5,greedy,16,0.13297390000661835,16,0.008310868750413647,False
0,U_MAZE,260,260,2,4,2,5,beam_2,16,0.005927800026256591,1,0.005927800026256591,True
0,U_MAZE,260,260,2,4,2,5,beam_3,16,0.004556900006718934,1,0.004556900006718934,True
0,U_MAZE,290,290,4,2,5,2,greedy,16,0.06453079998027533,11,0.005866436361843212,True
0,U_MAZE,290,290,4,2,5,2,beam_2,16,0.004767599981278181,1,0.004767599981278181,True
0,U_MAZE,290,290,4,2,5,2,beam_3,16,0.0036312000011093915,1,0.0036312000011093915,True
0,U_MAZE,319,319,5,4,5,3,greedy,16,0.004087599983904511,1,0.004087599983904511,True
0,U_MAZE,319,319,5,4,5,3,beam_2,16,0.0037112999707460403,1,0.0037112999707460403,True
0,U_MAZE,319,319,5,4,5,3,beam_3,16,0.005005800048820674,1,0.005005800048820674,True
0,U_MAZE,251,251,2,3,2,5,greedy,16,0.0870483000180684,16,0.005440518751129275,False
0,U_MAZE,251,251,2,3,2,5,beam_2,16,0.010521500022150576,2,0.005260750011075288,True
0,U_MAZE,251,251,2,3,2,5,beam_3,16,0.010099900013301522,2,0.005049950006650761,True
0,U_MAZE,281,281,3,2,5,2,greedy,16,0.008314899983815849,2,0.004157449991907924,True
0,U_MAZE,281,281,3,2,5,2,beam_2,16,0.01003200002014637,2,0.005016000010073185,True
0,U_MAZE,281,281,3,2,5,2,beam_3,16,0.009549600013997406,2,0.004774800006998703,True
0,U_MAZE,308,308,5,3,4,2,greedy,16,0.008101300045382231,2,0.004050650022691116,True
0,U_MAZE,308,308,5,3,4,2,beam_2,16,0.008554799947887659,2,0.0042773999739438295,True
0,U_MAZE,308,308,5,3,4,2,beam_3,16,0.009062000026460737,2,0.0045310000132303685,True
0,U_MAZE,245,245,2,2,5,2,greedy,16,0.04407309996895492,9,0.004897011107661658,True
0,U_MAZE,245,245,2,2,5,2,beam_2,16,0.016652499965857714,3,0.005550833321952571,True
0,U_MAZE,245,245,2,2,5,2,beam_3,16,0.016872200008947402,3,0.005624066669649134,True
0,U_MAZE,282,282,3,2,5,3,greedy,16,0.012150099966675043,3,0.004050033322225015,True
0,U_MAZE,282,282,3,2,5,3,beam_2,16,0.013529399991966784,3,0.004509799997322261,True
0,U_MAZE,282,282,3,2,5,3,beam_3,16,0.015669899992644787,3,0.005223299997548263,True
0,U_MAZE,307,307,5,3,3,2,greedy,16,0.014328099961858243,3,0.0047760333206194145,True
0,U_MAZE,307,307,5,3,3,2,beam_2,16,0.01381020003464073,3,0.00460340001154691,True
0,U_MAZE,307,307,5,3,3,2,beam_3,16,0.018474599986802787,3,0.006158199995600929,True
0,U_MAZE,262,262,2,4,4,2,greedy,16,0.017556499980855733,4,0.004389124995213933,True
0,U_MAZE,262,262,2,4,4,2,beam_2,16,0.01886209996882826,4,0.004715524992207065,True
0,U_MAZE,262,262,2,4,4,2,beam_3,16,0.022452700010035187,4,0.005613175002508797,True
0,U_MAZE,293,293,4,2,5,5,greedy,16,0.06966479995753616,14,0.004976057139824012,True
0,U_MAZE,293,293,4,2,5,5,beam_2,16,0.02062689996091649,4,0.005156724990229122,True
0,U_MAZE,293,293,4,2,5,5,beam_3,16,0.021359900012612343,4,0.005339975003153086,True
0,U_MAZE,247,247,2,2,5,4,greedy,16,0.053462699986994267,11,0.004860245453363115,True
0,U_MAZE,247,247,2,2,5,4,beam_2,16,0.026161099958699197,5,0.005232219991739839,True
0,U_MAZE,247,247,2,2,5,4,beam_3,16,0.026515499979723245,5,0.005303099995944649,True
0,U_MAZE,288,288,4,2,2,5,greedy,16,0.02121049998095259,5,0.004242099996190518,True
0,U_MAZE,288,288,4,2,2,5,beam_2,16,0.023989700013771653,5,0.00479794000275433,True
0,U_MAZE,288,288,4,2,2,5,beam_3,16,0.029537700000219047,5,0.00590754000004381,True
0,U_MAZE,248,248,2,2,5,5,greedy,16,0.06659870001021773,12,0.0055498916675181436,True
0,U_MAZE,248,248,2,2,5,5,beam_2,16,0.048262600030284375,8,0.006032825003785547,True
0,U_MAZE,248,248,2,2,5,5,beam_3,16,0.04147940000984818,6,0.006913233334974696,True
0,U_MAZE,305,305,5,3,2,4,greedy,16,0.052594800014048815,10,0.005259480001404882,True
0,U_MAZE,305,305,5,3,2,4,beam_2,16,0.03414239996345714,6,0.005690399993909523,True
0,U_MAZE,305,305,5,3,2,4,beam_3,16,0.04754790000151843,6,0.007924650000253072,True
0,U_MAZE,273,273,2,5,5,3,greedy,16,0.039398299995809793,7,0.00562832857082997,True
0,U_MAZE,273,273,2,5,5,3,beam_2,16,0.048975099984090775,7,0.006996442854870111,True
0,U_MAZE,273,273,2,5,5,3,beam_3,16,0.04829780000727624,7,0.006899685715325177,True
0,U_MAZE,274,274,2,5,5,4,greedy,18,0.043371699983254075,8,0.005421462497906759,True
0,U_MAZE,274,274,2,5,5,4,beam_2,18,0.04875650000758469,8,0.006094562500948086,True
0,U_MAZE,274,274,2,5,5,4,beam_3,18,0.04418600001372397,8,0.005523250001715496,True
0,SMALL_MAZE,420,420,2,2,2,3,greedy,16,0.004554099985398352,1,0.004554099985398352,True
0,SMALL_MAZE,420,420,2,2,2,3,beam_2,16,0.004212100000586361,1,0.004212100000586361,True
0,SMALL_MAZE,420,420,2,2,2,3,beam_3,16,0.003996499988716096,1,0.003996499988716096,True
0,SMALL_MAZE,431,431,2,5,2,4,greedy,16,0.0033888000180013478,1,0.0033888000180013478,True
0,SMALL_MAZE,431,431,2,5,2,4,beam_2,16,0.005025200021918863,1,0.005025200021918863,True
0,SMALL_MAZE,431,431,2,5,2,4,beam_3,16,0.003688500029966235,1,0.003688500029966235,True
0,SMALL_MAZE,440,440,5,4,5,5,greedy,16,0.004129000008106232,1,0.004129000008106232,True
0,SMALL_MAZE,440,440,5,4,5,5,beam_2,16,0.00347880000481382,1,0.00347880000481382,True
0,SMALL_MAZE,440,440,5,4,5,5,beam_3,16,0.0043114000000059605,1,0.0043114000000059605,True
0,SMALL_MAZE,430,430,2,5,2,3,greedy,16,0.009004699997603893,2,0.004502349998801947,True
0,SMALL_MAZE,430,430,2,5,2,3,beam_2,16,0.008960100007243454,2,0.004480050003621727,True
0,SMALL_MAZE,430,430,2,5,2,3,beam_3,16,0.008249900012742728,2,0.004124950006371364,True
0,SMALL_MAZE,422,422,2,2,2,5,greedy,16,0.01381760003278032,3,0.00460586667759344,True
0,SMALL_MAZE,422,422,2,2,2,5,beam_2,16,0.012964900000952184,3,0.004321633333650728,True
0,SMALL_MAZE,422,422,2,2,2,5,beam_3,16,0.01431820000289008,3,0.004772733334296693,True
0,MEDIUM_MAZE,444,444,1,1,1,2,greedy,16,0.0035664999741129577,1,0.0035664999741129577,True
0,MEDIUM_MAZE,444,444,1,1,1,2,beam_2,16,0.0037889000377617776,1,0.0037889000377617776,True
0,MEDIUM_MAZE,444,444,1,1,1,2,beam_3,16,0.004131799971219152,1,0.004131799971219152,True
0,MEDIUM_MAZE,500,500,1,5,2,5,greedy,16,0.003489999973680824,1,0.003489999973680824,True
0,MEDIUM_MAZE,500,500,1,5,2,5,beam_2,16,0.003894000023137778,1,0.003894000023137778,True
0,MEDIUM_MAZE,500,500,1,5,2,5,beam_3,16,0.003354799991939217,1,0.003354799991939217,True
0,MEDIUM_MAZE,570,570,2,2,1,2,greedy,16,0.020060500013642013,5,0.004012100002728403,True
0,MEDIUM_MAZE,570,570,2,2,1,2,beam_2,16,0.013019300007726997,3,0.004339766669242333,True
0,MEDIUM_MAZE,570,570,2,2,1,2,beam_3,16,0.004744299978483468,1,0.004744299978483468,True
0,MEDIUM_MAZE,621,621,2,5,1,5,greedy,16,0.0037061000475659966,1,0.0037061000475659966,True
0,MEDIUM_MAZE,621,621,2,5,1,5,beam_2,16,0.00419150001835078,1,0.00419150001835078,True
0,MEDIUM_MAZE,621,621,2,5,1,5,beam_3,16,0.0033494000090286136,1,0.0033494000090286136,True
0,MEDIUM_MAZE,675,675,3,3,2,3,greedy,16,0.0036956999683752656,1,0.0036956999683752656,True
0,MEDIUM_MAZE,675,675,3,3,2,3,beam_2,16,0.0032153999782167375,1,0.0032153999782167375,True
0,MEDIUM_MAZE,675,675,3,3,2,3,beam_3,16,0.0042545999749563634,1,0.0042545999749563634,True
0,MEDIUM_MAZE,726,726,3,5,2,5,greedy,16,0.0033970000222325325,1,0.0033970000222325325,True
0,MEDIUM_MAZE,726,726,3,5,2,5,beam_2,16,0.004701300000306219,1,0.004701300000306219,True
0,MEDIUM_MAZE,726,726,3,5,2,5,beam_3,16,0.0035999000538140535,1,0.0035999000538140535,True
0,MEDIUM_MAZE,781,781,4,2,4,1,greedy,16,0.08143189997645095,16,0.005089493748528184,False
0,MEDIUM_MAZE,781,781,4,2,4,1,beam_2,16,0.003914100001566112,1,0.003914100001566112,True
0,MEDIUM_MAZE,781,781,4,2,4,1,beam_3,16,0.0034894999698735774,1,0.0034894999698735774,True
0,MEDIUM_MAZE,830,830,4,5,3,5,greedy,16,0.0032933999900706112,1,0.0032933999900706112,True
0,MEDIUM_MAZE,830,830,4,5,3,5,beam_2,16,0.0038229000056162477,1,0.0038229000056162477,True
0,MEDIUM_MAZE,830,830,4,5,3,5,beam_3,16,0.003575399983674288,1,0.003575399983674288,True
0,MEDIUM_MAZE,889,889,5,1,6,1,greedy,16,0.08363700000336394,16,0.005227312500210246,False
0,MEDIUM_MAZE,889,889,5,1,6,1,beam_2,16,0.003783699998166412,1,0.003783699998166412,True
0,MEDIUM_MAZE,889,889,5,1,6,1,beam_3,16,0.0033219000324606895,1,0.0033219000324606895,True
0,MEDIUM_MAZE,960,960,5,6,4,6,greedy,16,0.004406899970490485,1,0.004406899970490485,True
0,MEDIUM_MAZE,960,960,5,6,4,6,beam_2,16,0.0031912000267766416,1,0.0031912000267766416,True
0,MEDIUM_MAZE,960,960,5,6,4,6,beam_3,16,0.004001499968580902,1,0.004001499968580902,True
0,MEDIUM_MAZE,1038,1038,6,4,5,4,greedy,16,0.08874689997173846,16,0.005546681248233654,False
0,MEDIUM_MAZE,1038,1038,6,4,5,4,beam_2,16,0.005584400030784309,1,0.005584400030784309,True
0,MEDIUM_MAZE,1038,1038,6,4,5,4,beam_3,16,0.005934300017543137,1,0.005934300017543137,True
0,MEDIUM_MAZE,1093,1093,6,6,6,5,greedy,16,0.004271599987987429,1,0.004271599987987429,True
0,MEDIUM_MAZE,1093,1093,6,6,6,5,beam_2,16,0.0052831999491900206,1,0.0052831999491900206,True
0,MEDIUM_MAZE,1093,1093,6,6,6,5,beam_3,16,0.004585200047586113,1,0.004585200047586113,True
0,MEDIUM_MAZE,504,504,1,5,3,5,greedy,16,0.008497299975715578,2,0.004248649987857789,True
0,MEDIUM_MAZE,504,504,1,5,3,5,beam_2,16,0.010016400017775595,2,0.005008200008887798,True
0,MEDIUM_MAZE,504,504,1,5,3,5,beam_3,16,0.009587000007741153,2,0.004793500003870577,True
0,MEDIUM_MAZE,577,577,2,2,3,3,greedy,16,0.009043099998962134,2,0.004521549999481067,True
0,MEDIUM_MAZE,577,577,2,2,3,3,beam_2,16,0.011550399998668581,2,0.005775199999334291,True
0,MEDIUM_MAZE,577,577,2,2,3,3,beam_3,16,0.009821299987379462,2,0.004910649993689731,True
0,MEDIUM_MAZE,622,622,2,5,1,6,greedy,16,0.008316099992953241,2,0.0041580499964766204,True
0,MEDIUM_MAZE,622,622,2,5,1,6,beam_2,16,0.008390899980440736,2,0.004195449990220368,True
0,MEDIUM_MAZE,622,622,2,5,1,6,beam_3,16,0.0101888999924995,2,0.00509444999624975,True
0,MEDIUM_MAZE,674,674,3,3,2,2,greedy,16,0.08246669999789447,16,0.005154168749868404,False
0,MEDIUM_MAZE,674,674,3,3,2,2,beam_2,16,0.08051940001314506,14,0.005751385715224647,True
0,MEDIUM_MAZE,674,674,3,3,2,2,beam_3,16,0.008913500001654029,2,0.0044567500008270144,True
0,MEDIUM_MAZE,701,701,3,4,2,5,greedy,16,0.007937600021250546,2,0.003968800010625273,True
0,MEDIUM_MAZE,701,701,3,4,2,5,beam_2,16,0.008054999983869493,2,0.0040274999919347465,True
0,MEDIUM_MAZE,701,701,3,4,2,5,beam_3,16,0.00975039997138083,2,0.004875199985690415,True
0,MEDIUM_MAZE,728,728,3,5,3,3,greedy,16,0.008600400004070252,2,0.004300200002035126,True
0,MEDIUM_MAZE,728,728,3,5,3,3,beam_2,16,0.008827699988614768,2,0.004413849994307384,True
0,MEDIUM_MAZE,728,728,3,5,3,3,beam_3,16,0.008653400000184774,2,0.004326700000092387,True
0,MEDIUM_MAZE,785,785,4,2,5,1,greedy,16,0.07791360002011061,16,0.004869600001256913,False
0,MEDIUM_MAZE,785,785,4,2,5,1,beam_2,16,0.09787749999668449,16,0.006117343749792781,False
0,MEDIUM_MAZE,785,785,4,2,5,1,beam_3,16,0.01224850001744926,2,0.00612425000872463,True
0,MEDIUM_MAZE,812,812,4,3,5,4,greedy,16,0.05655829998431727,10,0.005655829998431727,True
0,MEDIUM_MAZE,812,812,4,3,5,4,beam_2,16,0.010120100050698966,2,0.005060050025349483,True
0,MEDIUM_MAZE,812,812,4,3,5,4,beam_3,16,0.010066999995615333,2,0.005033499997807667,True
0,MEDIUM_MAZE,868,868,4,6,6,6,greedy,16,0.054249600041657686,10,0.005424960004165769,True
0,MEDIUM_MAZE,868,868,4,6,6,6,beam_2,16,0.008584700000938028,2,0.004292350000469014,True
0,MEDIUM_MAZE,868,868,4,6,6,6,beam_3,16,0.01225430000340566,2,0.00612715000170283,True
0,MEDIUM_MAZE,916,916,5,3,6,4,greedy,16,0.009031800029333681,2,0.0045159000146668404,True
0,MEDIUM_MAZE,916,916,5,3,6,4,beam_2,16,0.008888799988199025,2,0.004444399994099513,True
0,MEDIUM_MAZE,916,916,5,3,6,4,beam_3,16,0.011522899963892996,2,0.005761449981946498,True
0,MEDIUM_MAZE,981,981,6,1,4,1,greedy,16,0.008219600014854223,2,0.004109800007427111,True
0,MEDIUM_MAZE,981,981,6,1,4,1,beam_2,16,0.008979499980341643,2,0.0044897499901708215,True
0,MEDIUM_MAZE,981,981,6,1,4,1,beam_3,16,0.009503400011453778,2,0.004751700005726889,True
0,MEDIUM_MAZE,1064,1064,6,5,5,6,greedy,16,0.00864070001989603,2,0.004320350009948015,True
0,MEDIUM_MAZE,1064,1064,6,5,5,6,beam_2,16,0.008788999984972179,2,0.0043944999924860895,True
0,MEDIUM_MAZE,1064,1064,6,5,5,6,beam_3,16,0.009041099983733147,2,0.004520549991866574,True
0,MEDIUM_MAZE,503,503,1,5,3,4,greedy,16,0.013123099983204156,3,0.004374366661068052,True
0,MEDIUM_MAZE,503,503,1,5,3,4,beam_2,16,0.012757799995597452,3,0.004252599998532484,True
0,MEDIUM_MAZE,503,503,1,5,3,4,beam_3,16,0.014433500007726252,3,0.004811166669242084,True
0,MEDIUM_MAZE,582,582,2,2,4,3,greedy,16,0.012283799995202571,3,0.004094599998400857,True
0,MEDIUM_MAZE,582,582,2,2,4,3,beam_2,16,0.013874700001906604,3,0.0046249000006355345,True
0,MEDIUM_MAZE,582,582,2,2,4,3,beam_3,16,0.014955200022086501,3,0.004985066674028833,True
0,MEDIUM_MAZE,627,627,2,5,3,3,greedy,16,0.013973600056488067,3,0.004657866685496022,True
0,MEDIUM_MAZE,627,627,2,5,3,3,beam_2,16,0.013483299990184605,3,0.004494433330061535,True
0,MEDIUM_MAZE,627,627,2,5,3,3,beam_3,16,0.014558999973814934,3,0.004852999991271645,True
0,MEDIUM_MAZE,673,673,3,3,2,1,greedy,16,0.051981399999931455,11,0.004725581818175587,True
0,MEDIUM_MAZE,673,673,3,3,2,1,beam_2,16,0.06545619998360053,11,0.005950563634872775,True
0,MEDIUM_MAZE,673,673,3,3,2,1,beam_3,16,0.015966499981004745,3,0.005322166660334915,True
0,MEDIUM_MAZE,696,696,3,4,1,5,greedy,16,0.013900499965529889,3,0.004633499988509963,True
0,MEDIUM_MAZE,696,696,3,4,1,5,beam_2,16,0.015049500041641295,3,0.005016500013880432,True
0,MEDIUM_MAZE,696,696,3,4,1,5,beam_3,16,0.016982999979518354,3,0.005660999993172784,True
0,MEDIUM_MAZE,711,711,3,4,5,3,greedy,16,0.012771700043231249,3,0.00425723334774375,True
0,MEDIUM_MAZE,711,711,3,4,5,3,beam_2,16,0.012998199963476509,3,0.004332733321158837,True
0,MEDIUM_MAZE,711,711,3,4,5,3,beam_3,16,0.014468799985479563,3,0.004822933328493188,True
0,MEDIUM_MAZE,753,753,4,1,3,3,greedy,16,0.013199400040321052,3,0.004399800013440351,True
0,MEDIUM_MAZE,753,753,4,1,3,3,beam_2,16,0.013694999972358346,3,0.004564999990786116,True
0,MEDIUM_MAZE,753,753,4,1,3,3,beam_3,16,0.014820199983660132,3,0.004940066661220044,True
0,MEDIUM_MAZE,787,787,4,2,5,4,greedy,16,0.01167650002753362,3,0.0038921666758445403,True
0,MEDIUM_MAZE,787,787,4,2,5,4,beam_2,16,0.01512569998158142,3,0.005041899993860473,True
0,MEDIUM_MAZE,787,787,4,2,5,4,beam_3,16,0.013983200013171881,3,0.004661066671057294,True
0,MEDIUM_MAZE,816,816,4,3,6,4,greedy,16,0.048454899981152266,9,0.0053838777756835855,True
0,MEDIUM_MAZE,816,816,4,3,6,4,beam_2,16,0.012459299992769957,3,0.004153099997589986,True
0,MEDIUM_MAZE,816,816,4,3,6,4,beam_3,16,0.017035699973348528,3,0.005678566657782842,True
0,MEDIUM_MAZE,851,851,4,6,2,5,greedy,16,0.011796300008427352,3,0.0039321000028091175,True
0,MEDIUM_MAZE,851,851,4,6,2,5,beam_2,16,0.012596099986694753,3,0.004198699995564918,True
0,MEDIUM_MAZE,851,851,4,6,2,5,beam_3,16,0.014958799991291016,3,0.004986266663763672,True
0,MEDIUM_MAZE,904,904,5,3,3,4,greedy,16,0.0849963000509888,16,0.0053122687531868,False
0,MEDIUM_MAZE,904,904,5,3,3,4,beam_2,16,0.01537439995445311,3,0.005124799984817703,True
0,MEDIUM_MAZE,904,904,5,3,3,4,beam_3,16,0.016671799996402115,3,0.005557266665467371,True
0,MEDIUM_MAZE,943,943,5,4,6,6,greedy,16,0.012182899983599782,3,0.004060966661199927,True
0,MEDIUM_MAZE,943,943,5,4,6,6,beam_2,16,0.01329740002984181,3,0.004432466676613937,True
0,MEDIUM_MAZE,943,943,5,4,6,6,beam_3,16,0.015253599965944886,3,0.0050845333219816284,True
0,MEDIUM_MAZE,1033,1033,6,4,4,3,greedy,16,0.08644719998119399,16,0.005402949998824624,False
0,MEDIUM_MAZE,1033,1033,6,4,4,3,beam_2,16,0.015265399997588247,3,0.005088466665862749,True
0,MEDIUM_MAZE,1033,1033,6,4,4,3,beam_3,16,0.015050899994093925,3,0.005016966664697975,True
0,MEDIUM_MAZE,1088,1088,6,6,5,4,greedy,16,0.012665399990510195,3,0.004221799996836732,True
0,MEDIUM_MAZE,1088,1088,6,6,5,4,beam_2,16,0.013865199987776577,3,0.004621733329258859,True
0,MEDIUM_MAZE,1088,1088,6,6,5,4,beam_3,16,0.015172599989455193,3,0.005057533329818398,True
0,MEDIUM_MAZE,509,509,1,5,4,6,greedy,16,0.01699530001496896,4,0.00424882500374224,True
0,MEDIUM_MAZE,509,509,1,5,4,6,beam_2,16,0.020576899987645447,4,0.005144224996911362,True
0,MEDIUM_MAZE,509,509,1,5,4,6,beam_3,16,0.019224599993322045,4,0.004806149998330511,True
0,MEDIUM_MAZE,579,579,2,2,3,5,greedy,16,0.01622210000641644,4,0.00405552500160411,True
0,MEDIUM_MAZE,579,579,2,2,3,5,beam_2,16,0.02267289999872446,4,0.005668224999681115,True
0,MEDIUM_MAZE,579,579,2,2,3,5,beam_3,16,0.02432800002861768,4,0.00608200000715442,True
0,MEDIUM_MAZE,608,608,2,3,4,5,greedy,16,0.021380300051532686,4,0.0053450750128831714,True
0,MEDIUM_MAZE,608,608,2,3,4,5,beam_2,16,0.025702600018121302,4,0.0064256500045303255,True
0,MEDIUM_MAZE,608,608,2,3,4,5,beam_3,16,0.02542109997011721,4,0.006355274992529303,True
0,MEDIUM_MAZE,652,652,2,6,3,3,greedy,16,0.0199690000154078,4,0.00499225000385195,True
0,MEDIUM_MAZE,652,652,2,6,3,3,beam_2,16,0.025530300044920295,4,0.006382575011230074,True
0,MEDIUM_MAZE,652,652,2,6,3,3,beam_3,16,0.023714999959338456,4,0.005928749989834614,True
0,MEDIUM_MAZE,684,684,3,3,4,6,greedy,16,0.04037539998535067,8,0.0050469249981688336,True
0,MEDIUM_MAZE,684,684,3,3,4,6,beam_2,16,0.020198300015181303,4,0.005049575003795326,True
0,MEDIUM_MAZE,684,684,3,3,4,6,beam_3,16,0.031910200021229684,4,0.007977550005307421,True
0,MEDIUM_MAZE,698,698,3,4,2,1,greedy,16,0.016797999967820942,4,0.004199499991955236,True
0,MEDIUM_MAZE,698,698,3,4,2,1,beam_2,16,0.021104399987962097,4,0.005276099996990524,True
0,MEDIUM_MAZE,698,698,3,4,2,1,beam_3,16,0.02182550000725314,4,0.005456375001813285,True
0,MEDIUM_MAZE,731,731,3,5,4,2,greedy,16,0.01886840001679957,4,0.004717100004199892,True
0,MEDIUM_MAZE,731,731,3,5,4,2,beam_2,16,0.020850100030656904,4,0.005212525007664226,True
0,MEDIUM_MAZE,731,731,3,5,4,2,beam_3,16,0.01980439998442307,4,0.004951099996105768,True
0,MEDIUM_MAZE,762,762,4,1,5,4,greedy,16,0.017917699995450675,4,0.004479424998862669,True
0,MEDIUM_MAZE,762,762,4,1,5,4,beam_2,16,0.019680900033563375,4,0.004920225008390844,True
0,MEDIUM_MAZE,762,762,4,1,5,4,beam_3,16,0.021962500002700835,4,0.005490625000675209,True
0,MEDIUM_MAZE,795,795,4,3,1,2,greedy,16,0.016515100025571883,4,0.004128775006392971,True
0,MEDIUM_MAZE,795,795,4,3,1,2,beam_2,16,0.019540299952495843,4,0.004885074988123961,True
0,MEDIUM_MAZE,795,795,4,3,1,2,beam_3,16,0.022259899997152388,4,0.005564974999288097,True
0,MEDIUM_MAZE,817,817,4,3,6,5,greedy,16,0.01780150004196912,4,0.00445037501049228,True
0,MEDIUM_MAZE,817,817,4,3,6,5,beam_2,16,0.020088199991732836,4,0.005022049997933209,True
0,MEDIUM_MAZE,817,817,4,3,6,5,beam_3,16,0.01930849999189377,4,0.004827124997973442,True
0,MEDIUM_MAZE,846,846,4,6,1,5,greedy,16,0.016190399997867644,4,0.004047599999466911,True
0,MEDIUM_MAZE,846,846,4,6,1,5,beam_2,16,0.022220300044864416,4,0.005555075011216104,True
0,MEDIUM_MAZE,846,846,4,6,1,5,beam_3,16,0.02017049997812137,4,0.0050426249945303425,True
0,MEDIUM_MAZE,886,886,5,1,5,3,greedy,16,0.06729779997840524,14,0.004806985712743231,True
0,MEDIUM_MAZE,886,886,5,1,5,3,beam_2,16,0.018581099982839078,4,0.004645274995709769,True
0,MEDIUM_MAZE,886,886,5,1,5,3,beam_3,16,0.020446599985007197,4,0.005111649996251799,True
0,MEDIUM_MAZE,925,925,5,4,2,3,greedy,16,0.020701900008134544,4,0.005175475002033636,True
0,MEDIUM_MAZE,925,925,5,4,2,3,beam_2,16,0.023591200006194413,4,0.005897800001548603,True
0,MEDIUM_MAZE,925,925,5,4,2,3,beam_3,16,0.023072499956469983,4,0.005768124989117496,True
0,MEDIUM_MAZE,954,954,5,6,3,4,greedy,16,0.061791300016921014,12,0.005149275001410085,True
0,MEDIUM_MAZE,954,954,5,6,3,4,beam_2,16,0.0192061000270769,4,0.004801525006769225,True
0,MEDIUM_MAZE,954,954,5,6,3,4,beam_3,16,0.02082219999283552,4,0.00520554999820888,True
0,MEDIUM_MAZE,1032,1032,6,4,4,2,greedy,16,0.07877899997401983,16,0.004923687498376239,True
0,MEDIUM_MAZE,1032,1032,6,4,4,2,beam_2,16,0.05522959999507293,10,0.005522959999507293,True
0,MEDIUM_MAZE,1032,1032,6,4,4,2,beam_3,16,0.021116099960636348,4,0.005279024990159087,True
0,MEDIUM_MAZE,1087,1087,6,6,5,3,greedy,16,0.016876499983482063,4,0.004219124995870516,True
0,MEDIUM_MAZE,1087,1087,6,6,5,3,beam_2,16,0.020957900036592036,4,0.005239475009148009,True
0,MEDIUM_MAZE,1087,1087,6,6,5,3,beam_3,16,0.02358559996355325,4,0.0058963999908883125,True
0,MEDIUM_MAZE,486,486,1,2,5,3,greedy,16,0.02215450000949204,5,0.004430900001898408,True
0,MEDIUM_MAZE,486,486,1,2,5,3,beam_2,16,0.02519020001636818,5,0.005038040003273636,True
0,MEDIUM_MAZE,486,486,1,2,5,3,beam_3,16,0.027517199981957674,5,0.005503439996391535,True
0,MEDIUM_MAZE,534,534,1,6,4,6,greedy,16,0.06589329999405891,13,0.0050687153841583775,True
0,MEDIUM_MAZE,534,534,1,6,4,6,beam_2,16,0.03420379996532574,5,0.006840759993065148,True
0,MEDIUM_MAZE,534,534,1,6,4,6,beam_3,16,0.038338699960149825,5,0.007667739992029965,True
0,MEDIUM_MAZE,580,580,2,2,4,1,greedy,16,0.0238287000101991,5,0.00476574000203982,True
0,MEDIUM_MAZE,580,580,2,2,4,1,beam_2,16,0.021942899969872087,5,0.004388579993974418,True
0,MEDIUM_MAZE,580,580,2,2,4,1,beam_3,16,0.023229499987792224,5,0.004645899997558445,True
0,MEDIUM_MAZE,609,609,2,3,4,6,greedy,16,0.023190699983388186,5,0.0046381399966776374,True
0,MEDIUM_MAZE,609,609,2,3,4,6,beam_2,16,0.021528900018893182,5,0.004305780003778637,True
0,MEDIUM_MAZE,609,609,2,3,4,6,beam_3,16,0.024184899986721575,5,0.004836979997344315,True
0,MEDIUM_MAZE,636,636,2,5,5,3,greedy,16,0.06790810002712533,16,0.004244256251695333,False
0,MEDIUM_MAZE,636,636,2,5,5,3,beam_2,16,0.01760590000776574,5,0.003521180001553148,True
0,MEDIUM_MAZE,636,636,2,5,5,3,beam_3,16,0.018209700006991625,5,0.003641940001398325,True
0,MEDIUM_MAZE,672,672,3,3,1,6,greedy,16,0.01585309999063611,5,0.003170619998127222,True
0,MEDIUM_MAZE,672,672,3,3,1,6,beam_2,16,0.018337399989832193,5,0.0036674799979664386,True
0,MEDIUM_MAZE,672,672,3,3,1,6,beam_3,16,0.018193299998529255,5,0.003638659999705851,True
0,MEDIUM_MAZE,710,710,3,4,5,1,greedy,16,0.016811999958008528,5,0.0033623999916017056,True
0,MEDIUM_MAZE,710,710,3,4,5,1,beam_2,16,0.02013780002016574,5,0.004027560004033148,True
0,MEDIUM_MAZE,710,710,3,4,5,1,beam_3,16,0.018321999988984317,5,0.0036643999977968634,True
0,MEDIUM_MAZE,730,730,3,5,4,1,greedy,16,0.017149999970570207,5,0.0034299999941140415,True
0,MEDIUM_MAZE,730,730,3,5,4,1,beam_2,16,0.01793909998377785,5,0.0035878199967555703,True
0,MEDIUM_MAZE,730,730,3,5,4,1,beam_3,16,0.018587499973364174,5,0.003717499994672835,True
0,MEDIUM_MAZE,766,766,4,1,6,4,greedy,16,0.01645739999366924,5,0.003291479998733848,True
0,MEDIUM_MAZE,766,766,4,1,6,4,beam_2,16,0.017004700028337538,5,0.0034009400056675076,True
0,MEDIUM_MAZE,766,766,4,1,6,4,beam_3,16,0.020655700005590916,5,0.004131140001118183,True
0,MEDIUM_MAZE,792,792,4,2,6,5,greedy,16,0.020587699953466654,5,0.004117539990693331,True
0,MEDIUM_MAZE,792,792,4,2,6,5,beam_2,16,0.017866100009996444,5,0.003573220001999289,True
0,MEDIUM_MAZE,792,792,4,2,6,5,beam_3,16,0.019144199963193387,5,0.0038288399926386775,True
0,MEDIUM_MAZE,815,815,4,3,6,2,greedy,16,0.05543549999129027,16,0.003464718749455642,False
0,MEDIUM_MAZE,815,815,4,3,6,2,beam_2,16,0.0783287999802269,16,0.0048955499987641815,False
0,MEDIUM_MAZE,815,815,4,3,6,2,beam_3,16,0.11648560001049191,16,0.007280350000655744,False
0,MEDIUM_MAZE,841,841,4,5,6,4,greedy,16,0.03686270001344383,7,0.005266100001920547,True
0,MEDIUM_MAZE,841,841,4,5,6,4,beam_2,16,0.02727609995054081,5,0.005455219990108162,True
0,MEDIUM_MAZE,841,841,4,5,6,4,beam_3,16,0.03242200001841411,5,0.006484400003682822,True
0,MEDIUM_MAZE,875,875,5,1,2,3,greedy,16,0.025718300021253526,5,0.005143660004250705,True
0,MEDIUM_MAZE,875,875,5,1,2,3,beam_2,16,0.03356160002294928,5,0.006712320004589855,True
0,MEDIUM_MAZE,875,875,5,1,2,3,beam_3,16,0.03420170000754297,5,0.006840340001508594,True
0,MEDIUM_MAZE,901,901,5,3,2,5,greedy,16,0.047592899994924664,9,0.005288099999436074,True
0,MEDIUM_MAZE,901,901,5,3,2,5,beam_2,16,0.02678590000141412,5,0.005357180000282824,True
0,MEDIUM_MAZE,901,901,5,3,2,5,beam_3,16,0.017836800019722432,5,0.0035673600039444866,True
0,MEDIUM_MAZE,930,930,5,4,3,5,greedy,16,0.01782240002648905,5,0.00356448000529781,True
0,MEDIUM_MAZE,930,930,5,4,3,5,beam_2,16,0.019724200014024973,5,0.003944840002804995,True
0,MEDIUM_MAZE,930,930,5,4,3,5,beam_3,16,0.01976159994956106,5,0.003952319989912212,True
0,MEDIUM_MAZE,953,953,5,6,3,3,greedy,16,0.01913520001107827,5,0.0038270400022156537,True
0,MEDIUM_MAZE,953,953,5,6,3,3,beam_2,16,0.019322199979797006,5,0.0038644399959594012,True
0,MEDIUM_MAZE,953,953,5,6,3,3,beam_3,16,0.020238099968992174,5,0.004047619993798435,True
0,MEDIUM_MAZE,1025,1025,6,4,2,3,greedy,16,0.020191999967209995,5,0.004038399993441999,True
0,MEDIUM_MAZE,1025,1025,6,4,2,3,beam_2,16,0.027317300031427294,5,0.005463460006285459,True
0,MEDIUM_MAZE,1025,1025,6,4,2,3,beam_3,16,0.031481899961363524,5,0.0062963799922727045,True
0,MEDIUM_MAZE,1055,1055,6,5,3,5,greedy,16,0.031003299984149635,5,0.006200659996829927,True
0,MEDIUM_MAZE,1055,1055,6,5,3,5,beam_2,16,0.026136700005736202,5,0.005227340001147241,True
0,MEDIUM_MAZE,1055,1055,6,5,3,5,beam_3,16,0.034785599971655756,5,0.006957119994331152,True
0,MEDIUM_MAZE,454,454,1,1,3,5,greedy,16,0.035661300003994256,6,0.005943550000665709,True
0,MEDIUM_MAZE,454,454,1,1,3,5,beam_2,16,0.030833899974822998,6,0.005138983329137166,True
0,MEDIUM_MAZE,454,454,1,1,3,5,beam_3,16,0.040217600006144494,6,0.006702933334357415,True
0,MEDIUM_MAZE,483,483,1,2,4,5,greedy,16,0.02929139998741448,6,0.004881899997902413,True
0,MEDIUM_MAZE,483,483,1,2,4,5,beam_2,16,0.039129899989347905,6,0.0065216499982246505,True
0,MEDIUM_MAZE,483,483,1,2,4,5,beam_3,16,0.03039210004499182,6,0.005065350007498637,True
0,MEDIUM_MAZE,518,518,1,5,6,6,greedy,16,0.03455829998711124,6,0.00575971666451854,True
0,MEDIUM_MAZE,518,518,1,5,6,6,beam_2,16,0.041552499984391034,6,0.006925416664065172,True
0,MEDIUM_MAZE,518,518,1,5,6,6,beam_3,16,0.04280619998462498,6,0.007134366664104164,True
0,MEDIUM_MAZE,555,555,2,1,4,1,greedy,16,0.05617689999053255,6,0.009362816665088758,True
0,MEDIUM_MAZE,555,555,2,1,4,1,beam_2,16,0.04030709998914972,6,0.00671784999819162,True
0,MEDIUM_MAZE,555,555,2,1,4,1,beam_3,16,0.03603709995513782,6,0.006006183325856303,True
0,MEDIUM_MAZE,584,584,2,2,4,6,greedy,16,0.03557219996582717,6,0.0059286999943045275,True
0,MEDIUM_MAZE,584,584,2,2,4,6,beam_2,16,0.06167750002350658,6,0.010279583337251097,True
0,MEDIUM_MAZE,584,584,2,2,4,6,beam_3,16,0.05087090004235506,6,0.00847848334039251,True
0,MEDIUM_MAZE,614,614,2,3,6,1,greedy,16,0.031179899990092963,6,0.0051966499983488275,True
0,MEDIUM_MAZE,614,614,2,3,6,1,beam_2,16,0.15175509999971837,6,0.02529251666661973,True
0,MEDIUM_MAZE,614,614,2,3,6,1,beam_3,16,0.04283350001787767,6,0.007138916669646278,True
0,MEDIUM_MAZE,637,637,2,5,5,4,greedy,16,0.15570830000797287,16,0.009731768750498304,False
0,MEDIUM_MAZE,637,637,2,5,5,4,beam_2,16,0.0595653000054881,6,0.009927550000914684,True
0,MEDIUM_MAZE,637,637,2,5,5,4,beam_3,16,0.21695979998912662,6,0.03615996666485444,True
0,MEDIUM_MAZE,668,668,2,6,6,6,greedy,16,0.0977343000122346,6,0.0162890500020391,True
0,MEDIUM_MAZE,668,668,2,6,6,6,beam_2,16,0.07462719996692613,6,0.012437866661154354,True
0,MEDIUM_MAZE,668,668,2,6,6,6,beam_3,16,0.04343739995965734,6,0.0072395666599428905,True
0,MEDIUM_MAZE,719,719,3,5,1,1,greedy,16,0.03275870002107695,6,0.005459783336846158,True
0,MEDIUM_MAZE,719,719,3,5,1,1,beam_2,16,0.04220009996788576,6,0.007033349994647627,True
0,MEDIUM_MAZE,719,719,3,5,1,1,beam_3,16,0.07466919999569654,6,0.012444866665949425,True
0,MEDIUM_MAZE,751,751,4,1,2,5,greedy,16,0.04700130003038794,6,0.007833550005064657,True
0,MEDIUM_MAZE,751,751,4,1,2,5,beam_2,16,0.06377010000869632,6,0.010628350001449386,True
0,MEDIUM_MAZE,751,751,4,1,2,5,beam_3,16,0.05288909998489544,6,0.008814849997482574,True
0,MEDIUM_MAZE,777,777,4,2,2,6,greedy,16,0.0931037999689579,16,0.005818987498059869,False
0,MEDIUM_MAZE,777,777,4,2,2,6,beam_2,16,0.033951499965041876,6,0.005658583327506979,True
0,MEDIUM_MAZE,777,777,4,2,2,6,beam_3,16,0.041355299996212125,6,0.006892549999368687,True
0,MEDIUM_MAZE,820,820,4,5,1,2,greedy,16,0.07609530002810061,12,0.0063412750023417175,True
0,MEDIUM_MAZE,820,820,4,5,1,2,beam_2,16,0.03639020002447069,6,0.006065033337411781,True
0,MEDIUM_MAZE,820,820,4,5,1,2,beam_3,16,0.034975700022187084,6,0.005829283337031181,True
0,MEDIUM_MAZE,857,857,4,6,4,2,greedy,16,0.09109459997853264,16,0.00569341249865829,False
0,MEDIUM_MAZE,857,857,4,6,4,2,beam_2,16,0.03126439999323338,6,0.005210733332205564,True
0,MEDIUM_MAZE,857,857,4,6,4,2,beam_3,16,0.03693659999407828,6,0.006156099999013047,True
0,MEDIUM_MAZE,894,894,5,3,1,1,greedy,16,0.032447799982037395,6,0.005407966663672899,True
0,MEDIUM_MAZE,894,894,5,3,1,1,beam_2,16,0.058441300003323704,6,0.009740216667220617,True
0,MEDIUM_MAZE,894,894,5,3,1,1,beam_3,16,0.051689599989913404,6,0.008614933331652233,True
0,MEDIUM_MAZE,920,920,5,4,1,2,greedy,16,0.05475840001599863,8,0.006844800001999829,True
0,MEDIUM_MAZE,920,920,5,4,1,2,beam_2,16,0.04818730003898963,8,0.006023412504873704,True
0,MEDIUM_MAZE,920,920,5,4,1,2,beam_3,16,0.05010170000605285,6,0.008350283334342143,True
0,MEDIUM_MAZE,947,947,5,6,1,6,greedy,16,0.06081980001181364,6,0.010136633335302273,True
0,MEDIUM_MAZE,947,947,5,6,1,6,beam_2,16,0.09193589998176321,6,0.015322649996960536,True
0,MEDIUM_MAZE,947,947,5,6,1,6,beam_3,16,0.20915860001696274,6,0.03485976666949379,True
0,MEDIUM_MAZE,988,988,6,1,5,4,greedy,16,0.035326699959114194,6,0.005887783326519032,True
0,MEDIUM_MAZE,988,988,6,1,5,4,beam_2,16,0.03093320003245026,6,0.0051555333387417095,True
0,MEDIUM_MAZE,988,988,6,1,5,4,beam_3,16,0.03318320005200803,6,0.0055305333420013385,True
0,MEDIUM_MAZE,1036,1036,6,4,5,1,greedy,16,0.025037400017026812,6,0.004172900002837802,True
0,MEDIUM_MAZE,1036,1036,6,4,5,1,beam_2,16,0.04828560003079474,6,0.008047600005132457,True
0,MEDIUM_MAZE,1036,1036,6,4,5,1,beam_3,16,0.038708999985828996,6,0.006451499997638166,True
0,MEDIUM_MAZE,1071,1071,6,6,1,5,greedy,16,0.02409649995388463,6,0.004016083325647439,True
0,MEDIUM_MAZE,1071,1071,6,6,1,5,beam_2,16,0.024605599988717586,6,0.004100933331452931,True
0,MEDIUM_MAZE,1071,1071,6,6,1,5,beam_3,16,0.031434399948921055,6,0.005239066658153509,True
0,MEDIUM_MAZE,455,455,1,1,4,1,greedy,16,0.025236499961465597,7,0.003605214280209371,True
0,MEDIUM_MAZE,455,455,1,1,4,1,beam_2,16,0.03003360005095601,7,0.004290514292993716,True
0,MEDIUM_MAZE,455,455,1,1,4,1,beam_3,16,0.030204599956050515,7,0.0043149428508643594,True
0,MEDIUM_MAZE,484,484,1,2,4,6,greedy,16,0.024564500025007874,7,0.003509214289286839,True
0,MEDIUM_MAZE,484,484,1,2,4,6,beam_2,16,0.030085999984294176,7,0.004297999997756311,True
0,MEDIUM_MAZE,484,484,1,2,4,6,beam_3,16,0.028160199988633394,7,0.004022885712661913,True
0,MEDIUM_MAZE,505,505,1,5,4,1,greedy,16,0.027457699994556606,7,0.003922528570650944,True
0,MEDIUM_MAZE,505,505,1,5,4,1,beam_2,16,0.02695329999551177,7,0.0038504714279302527,True
0,MEDIUM_MAZE,505,505,1,5,4,1,beam_3,16,0.02755609998712316,7,0.003936585712446166,True
0,MEDIUM_MAZE,536,536,1,6,5,3,greedy,16,0.02200360002461821,7,0.0031433714320883155,True
0,MEDIUM_MAZE,536,536,1,6,5,3,beam_2,16,0.025077199970837682,7,0.0035824571386910975,True
0,MEDIUM_MAZE,536,536,1,6,5,3,beam_3,16,0.02734289999352768,7,0.0039061285705039544,True
0,MEDIUM_MAZE,560,560,2,1,5,1,greedy,16,0.028918900003191084,7,0.004131271429027298,True
0,MEDIUM_MAZE,560,560,2,1,5,1,beam_2,16,0.029677099955733865,7,0.00423958570796198,True
0,MEDIUM_MAZE,560,560,2,1,5,1,beam_3,16,0.038995300012174994,7,0.005570757144596428,True
0,MEDIUM_MAZE,592,592,2,2,6,5,greedy,16,0.02991329994983971,7,0.004273328564262816,True
0,MEDIUM_MAZE,592,592,2,2,6,5,beam_2,16,0.029342900030314922,7,0.00419184286147356,True
0,MEDIUM_MAZE,592,592,2,2,6,5,beam_3,16,0.03060400002868846,7,0.004372000004098352,True
0,MEDIUM_MAZE,641,641,2,5,6,4,greedy,16,0.023076899989973754,7,0.0032966999985676792,True
0,MEDIUM_MAZE,641,641,2,5,6,4,beam_2,16,0.03232320002280176,7,0.004617600003257394,True
0,MEDIUM_MAZE,641,641,2,5,6,4,beam_3,16,0.028967800026293844,7,0.0041382571466134065,True
0,MEDIUM_MAZE,667,667,2,6,6,5,greedy,16,0.03533079999033362,7,0.005047257141476231,True
0,MEDIUM_MAZE,667,667,2,6,6,5,beam_2,16,0.039977199980057776,9,0.004441911108895308,True
0,MEDIUM_MAZE,667,667,2,6,6,5,beam_3,16,0.03655730001628399,7,0.005222471430897713,True
0,MEDIUM_MAZE,752,752,4,1,2,6,greedy,16,0.10405240004183725,16,0.006503275002614828,False
0,MEDIUM_MAZE,752,752,4,1,2,6,beam_2,16,0.036011299991514534,7,0.0051444714273592195,True
0,MEDIUM_MAZE,752,752,4,1,2,6,beam_3,16,0.03546260000439361,7,0.005066085714913372,True
0,MEDIUM_MAZE,819,819,4,5,1,1,greedy,16,0.030186899995896965,7,0.004312414285128138,True
0,MEDIUM_MAZE,819,819,4,5,1,1,beam_2,16,0.03423869999824092,7,0.00489124285689156,True
0,MEDIUM_MAZE,819,819,4,5,1,1,beam_3,16,0.0371315999655053,7,0.005304514280786472,True
0,MEDIUM_MAZE,870,870,5,1,1,2,greedy,16,0.03607229999033734,9,0.004008033332259704,True
0,MEDIUM_MAZE,870,870,5,1,1,2,beam_2,16,0.04145570000400767,9,0.004606188889334185,True
0,MEDIUM_MAZE,870,870,5,1,1,2,beam_3,16,0.0290718000032939,7,0.0041531142861848435,True
0,MEDIUM_MAZE,897,897,5,3,1,6,greedy,16,0.06224860000656918,11,0.005658963636960834,True
0,MEDIUM_MAZE,897,897,5,3,1,6,beam_2,16,0.02806630003033206,7,0.00400947143290458,True
0,MEDIUM_MAZE,897,897,5,3,1,6,beam_3,16,0.036708900006487966,7,0.005244128572355423,True
0,MEDIUM_MAZE,949,949,5,6,2,2,greedy,16,0.09583559999009594,16,0.0059897249993809965,False
0,MEDIUM_MAZE,949,949,5,6,2,2,beam_2,16,0.08346330001950264,7,0.011923328574214662,True
0,MEDIUM_MAZE,949,949,5,6,2,2,beam_3,16,0.03983339999103919,7,0.0056904857130055985,True
0,MEDIUM_MAZE,1000,1000,6,2,2,3,greedy,16,0.03690860001370311,7,0.00527265714481473,True
0,MEDIUM_MAZE,1000,1000,6,2,2,3,beam_2,16,0.03784279996762052,7,0.005406114281088646,True
0,MEDIUM_MAZE,1000,1000,6,2,2,3,beam_3,16,0.04507930000545457,7,0.006439900000779224,True
0,MEDIUM_MAZE,1026,1026,6,4,2,5,greedy,16,0.094396400032565,16,0.005899775002035312,False
0,MEDIUM_MAZE,1026,1026,6,4,2,5,beam_2,16,0.0403587999753654,7,0.005765542853623629,True
0,MEDIUM_MAZE,1026,1026,6,4,2,5,beam_3,16,0.04428660002304241,7,0.006326657146148916,True
0,MEDIUM_MAZE,1061,1061,6,5,5,1,greedy,16,0.037125599978026,7,0.005303657139718,True
0,MEDIUM_MAZE,1061,1061,6,5,5,1,beam_2,16,0.04037120001157746,7,0.005767314287368208,True
0,MEDIUM_MAZE,1061,1061,6,5,5,1,beam_3,16,0.04176940000616014,7,0.005967057143737163,True
0,MEDIUM_MAZE,451,451,1,1,2,6,greedy,18,0.0954941000090912,18,0.0053052277782828445,False
0,MEDIUM_MAZE,451,451,1,1,2,6,beam_2,18,0.12615260004531592,18,0.007008477780295329,False
0,MEDIUM_MAZE,451,451,1,1,2,6,beam_3,18,0.06442700000479817,8,0.008053375000599772,True
0,MEDIUM_MAZE,488,488,1,2,5,6,greedy,18,0.043389600003138185,8,0.005423700000392273,True
0,MEDIUM_MAZE,488,488,1,2,5,6,beam_2,18,0.04545610002242029,8,0.005682012502802536,True
0,MEDIUM_MAZE,488,488,1,2,5,6,beam_3,18,0.050486399966757745,8,0.006310799995844718,True
0,MEDIUM_MAZE,516,516,1,5,6,4,greedy,18,0.04479760001413524,8,0.005599700001766905,True
0,MEDIUM_MAZE,516,516,1,5,6,4,beam_2,18,0.0674017000128515,8,0.008425212501606438,True
0,MEDIUM_MAZE,516,516,1,5,6,4,beam_3,18,0.08910879999166355,8,0.011138599998957943,True
0,MEDIUM_MAZE,542,542,1,6,6,5,greedy,18,0.031794400012586266,8,0.003974300001573283,True
0,MEDIUM_MAZE,542,542,1,6,6,5,beam_2,18,0.03390360000776127,8,0.004237950000970159,True
0,MEDIUM_MAZE,542,542,1,6,6,5,beam_3,18,0.03546500002266839,8,0.004433125002833549,True
0,MEDIUM_MAZE,590,590,2,2,6,2,greedy,18,0.08010850002756342,18,0.004450472223753523,False
0,MEDIUM_MAZE,590,590,2,2,6,2,beam_2,18,0.03318660001968965,8,0.004148325002461206,True
0,MEDIUM_MAZE,590,590,2,2,6,2,beam_3,18,0.03451690002111718,8,0.004314612502639648,True
0,MEDIUM_MAZE,666,666,2,6,6,4,greedy,18,0.03567120002117008,8,0.00445890000264626,True
0,MEDIUM_MAZE,666,666,2,6,6,4,beam_2,18,0.040362800005823374,8,0.005045350000727922,True
0,MEDIUM_MAZE,666,666,2,6,6,4,beam_3,18,0.04942759999539703,8,0.006178449999424629,True
0,MEDIUM_MAZE,844,844,4,6,1,1,greedy,18,0.04636199999367818,8,0.005795249999209773,True
0,MEDIUM_MAZE,844,844,4,6,1,1,beam_2,18,0.04181089997291565,8,0.005226362496614456,True
0,MEDIUM_MAZE,844,844,4,6,1,1,beam_3,18,0.0401119000161998,8,0.005013987502024975,True
0,MEDIUM_MAZE,885,885,5,1,4,6,greedy,18,0.0781182999489829,18,0.004339905552721272,False
0,MEDIUM_MAZE,885,885,5,1,4,6,beam_2,18,0.03424409998115152,8,0.00428051249764394,True
0,MEDIUM_MAZE,885,885,5,1,4,6,beam_3,18,0.047179499990306795,8,0.005897437498788349,True
0,MEDIUM_MAZE,956,956,5,6,4,1,greedy,18,0.034630400012247264,8,0.004328800001530908,True
0,MEDIUM_MAZE,956,956,5,6,4,1,beam_2,18,0.03819689998636022,8,0.004774612498295028,True
0,MEDIUM_MAZE,956,956,5,6,4,1,beam_3,18,0.04982190002920106,8,0.006227737503650133,True
0,MEDIUM_MAZE,992,992,6,1,6,5,greedy,18,0.03731509996578097,8,0.004664387495722622,True
0,MEDIUM_MAZE,992,992,6,1,6,5,beam_2,18,0.047336500021629035,8,0.0059170625027036294,True
0,MEDIUM_MAZE,992,992,6,1,6,5,beam_3,18,0.055473400047048926,8,0.006934175005881116,True
0,MEDIUM_MAZE,1021,1021,6,4,1,5,greedy,18,0.04221089999191463,8,0.005276362498989329,True
0,MEDIUM_MAZE,1021,1021,6,4,1,5,beam_2,18,0.050028700032271445,8,0.006253587504033931,True
0,MEDIUM_MAZE,1021,1021,6,4,1,5,beam_3,18,0.0512933999998495,8,0.006411674999981187,True
0,MEDIUM_MAZE,1048,1048,6,5,2,1,greedy,18,0.04247510002460331,8,0.005309387503075413,True
0,MEDIUM_MAZE,1048,1048,6,5,2,1,beam_2,18,0.07178759999806061,8,0.008973449999757577,True
0,MEDIUM_MAZE,1048,1048,6,5,2,1,beam_3,18,0.04226170002948493,8,0.005282712503685616,True
0,MEDIUM_MAZE,463,463,1,1,5,6,greedy,20,0.03236409998498857,9,0.0035960111094431747,True
0,MEDIUM_MAZE,463,463,1,1,5,6,beam_2,20,0.04233520000707358,9,0.004703911111897064,True
0,MEDIUM_MAZE,463,463,1,1,5,6,beam_3,20,0.04281850002007559,9,0.004757611113341732,True
0,MEDIUM_MAZE,514,514,1,5,6,1,greedy,20,0.03836070001125336,9,0.004262300001250373,True
0,MEDIUM_MAZE,514,514,1,5,6,1,beam_2,20,0.04437900002812967,9,0.0049310000031255186,True
0,MEDIUM_MAZE,514,514,1,5,6,1,beam_3,20,0.04136790003394708,9,0.004596433337105231,True
0,MEDIUM_MAZE,568,568,2,1,6,6,greedy,20,0.03229750000173226,9,0.0035886111113035846,True
0,MEDIUM_MAZE,568,568,2,1,6,6,beam_2,20,0.039991999976336956,9,0.004443555552926328,True
0,MEDIUM_MAZE,568,568,2,1,6,6,beam_3,20,0.04318979999516159,9,0.004798866666129066,True
0,MEDIUM_MAZE,872,872,5,1,1,6,greedy,20,0.03581329999724403,9,0.003979255555249337,True
0,MEDIUM_MAZE,872,872,5,1,1,6,beam_2,20,0.17036729998653755,9,0.018929699998504173,True
0,MEDIUM_MAZE,872,872,5,1,1,6,beam_3,20,0.06300780002493411,9,0.0070008666694371235,True
0,MEDIUM_MAZE,971,971,6,1,1,5,greedy,20,0.08567679999396205,9,0.00951964444377356,True
0,MEDIUM_MAZE,971,971,6,1,1,5,beam_2,20,0.08090440003434196,9,0.008989377781593552,True
0,MEDIUM_MAZE,971,971,6,1,1,5,beam_3,20,0.06522170000243932,9,0.007246855555826591,True
0,MEDIUM_MAZE,998,998,6,2,2,1,greedy,20,0.04289969999808818,9,0.004766633333120909,True
0,MEDIUM_MAZE,998,998,6,2,2,1,beam_2,20,0.045755499973893166,9,0.005083944441543685,True
0,MEDIUM_MAZE,998,998,6,2,2,1,beam_3,20,0.07560559996636584,9,0.008400622218485095,True
0,MEDIUM_MAZE,1044,1044,6,5,1,1,greedy,20,0.06732279999414459,9,0.00748031111046051,True
0,MEDIUM_MAZE,1044,1044,6,5,1,1,beam_2,20,0.08231109997723252,9,0.009145677775248058,True
0,MEDIUM_MAZE,1044,1044,6,5,1,1,beam_3,20,0.05560040002455935,9,0.006177822224951039,True
0,MEDIUM_MAZE,465,465,1,1,6,2,greedy,22,0.0984164000255987,19,0.005179810527663089,False
0,MEDIUM_MAZE,465,465,1,1,6,2,beam_2,22,0.09065079997526482,19,0.004771094735540254,False
0,MEDIUM_MAZE,465,465,1,1,6,2,beam_3,22,0.05251880001742393,10,0.005251880001742393,True
0,MEDIUM_MAZE,865,865,4,6,6,2,greedy,22,0.07832639996195212,19,0.0041224421032606375,False
0,MEDIUM_MAZE,865,865,4,6,6,2,beam_2,22,0.13706510001793504,19,0.007213952632522897,False
0,MEDIUM_MAZE,865,865,4,6,6,2,beam_3,22,0.0740844999672845,10,0.00740844999672845,True
0,MEDIUM_MAZE,996,996,6,2,1,5,greedy,22,0.08353999996325001,10,0.008353999996325,True
0,MEDIUM_MAZE,996,996,6,2,1,5,beam_2,22,0.05452740000328049,10,0.005452740000328049,True
0,MEDIUM_MAZE,996,996,6,2,1,5,beam_3,22,0.0477118999697268,10,0.00477118999697268,True
0,MEDIUM_MAZE,1091,1091,6,6,6,2,greedy,22,0.18330749997403473,19,0.009647763156528143,False
0,MEDIUM_MAZE,1091,1091,6,6,6,2,beam_2,22,0.06188170000677928,10,0.006188170000677928,True
0,MEDIUM_MAZE,1091,1091,6,6,6,2,beam_3,22,0.050265599973499775,10,0.005026559997349978,True
0,LARGE_MAZE,1744,1744,1,1,1,2,greedy,16,0.004781399969942868,1,0.004781399969942868,True
0,LARGE_MAZE,1744,1744,1,1,1,2,beam_2,16,0.0033004999859258533,1,0.0033004999859258533,True
0,LARGE_MAZE,1744,1744,1,1,1,2,beam_3,16,0.0037459000013768673,1,0.0037459000013768673,True
0,LARGE_MAZE,1836,1836,1,3,1,4,greedy,16,0.0036631000111810863,1,0.0036631000111810863,True
0,LARGE_MAZE,1836,1836,1,3,1,4,beam_2,16,0.004405500018037856,1,0.004405500018037856,True
0,LARGE_MAZE,1836,1836,1,3,1,4,beam_3,16,0.003373799961991608,1,0.003373799961991608,True
0,LARGE_MAZE,1934,1934,1,5,2,5,greedy,16,0.0047916999901644886,1,0.0047916999901644886,True
0,LARGE_MAZE,1934,1934,1,5,2,5,beam_2,16,0.010453099966980517,1,0.010453099966980517,True
0,LARGE_MAZE,1934,1934,1,5,2,5,beam_3,16,0.00370110000949353,1,0.00370110000949353,True
0,LARGE_MAZE,2065,2065,1,9,1,8,greedy,16,0.0048531999927945435,1,0.0048531999927945435,True
0,LARGE_MAZE,2065,2065,1,9,1,8,beam_2,16,0.003577499999664724,1,0.003577499999664724,True
0,LARGE_MAZE,2065,2065,1,9,1,8,beam_3,16,0.0037459000013768673,1,0.0037459000013768673,True
0,LARGE_MAZE,2162,2162,2,1,3,1,greedy,16,0.07452020002529025,16,0.004657512501580641,False
0,LARGE_MAZE,2162,2162,2,1,3,1,beam_2,16,0.0037071999977342784,1,0.0037071999977342784,True
0,LARGE_MAZE,2162,2162,2,1,3,1,beam_3,16,0.0044775999849662185,1,0.0044775999849662185,True
0,LARGE_MAZE,2289,2289,2,7,1,7,greedy,16,0.005354300024919212,1,0.005354300024919212,True
0,LARGE_MAZE,2289,2289,2,7,1,7,beam_2,16,0.004108800028916448,1,0.004108800028916448,True
0,LARGE_MAZE,2289,2289,2,7,1,7,beam_3,16,0.004787399957422167,1,0.004787399957422167,True
0,LARGE_MAZE,2388,2388,3,1,3,2,greedy,16,0.08957539999391884,16,0.005598462499619927,False
0,LARGE_MAZE,2388,2388,3,1,3,2,beam_2,16,0.0037630999577231705,1,0.0037630999577231705,True
0,LARGE_MAZE,2388,2388,3,1,3,2,beam_3,16,0.006488099985290319,1,0.006488099985290319,True
0,LARGE_MAZE,2479,2479,3,3,3,2,greedy,16,0.0826534999650903,16,0.005165843747818144,False
0,LARGE_MAZE,2479,2479,3,3,3,2,beam_2,16,0.0032606999739073217,1,0.0032606999739073217,True
0,LARGE_MAZE,2479,2479,3,3,3,2,beam_3,16,0.003982900001574308,1,0.003982900001574308,True
0,LARGE_MAZE,2572,2572,3,6,3,7,greedy,16,0.0741610000259243,16,0.0046350625016202684,False
0,LARGE_MAZE,2572,2572,3,6,3,7,beam_2,16,0.00486109999474138,1,0.00486109999474138,True
0,LARGE_MAZE,2572,2572,3,6,3,7,beam_3,16,0.005207600013818592,1,0.005207600013818592,True
0,LARGE_MAZE,2664,2664,3,8,3,9,greedy,16,0.07427380001172423,16,0.004642112500732765,False
0,LARGE_MAZE,2664,2664,3,8,3,9,beam_2,16,0.0031116000027395785,1,0.0031116000027395785,True
0,LARGE_MAZE,2664,2664,3,8,3,9,beam_3,16,0.003795800032094121,1,0.003795800032094121,True
0,LARGE_MAZE,2758,2758,3,10,4,10,greedy,16,0.06752139999298379,16,0.004220087499561487,False
0,LARGE_MAZE,2758,2758,3,10,4,10,beam_2,16,0.0033634999999776483,1,0.0033634999999776483,True
0,LARGE_MAZE,2758,2758,3,10,4,10,beam_3,16,0.003868300002068281,1,0.003868300002068281,True
0,LARGE_MAZE,2891,2891,4,10,3,10,greedy,16,0.002789399994071573,1,0.002789399994071573,True
0,LARGE_MAZE,2891,2891,4,10,3,10,beam_2,16,0.00297359999967739,1,0.00297359999967739,True
0,LARGE_MAZE,2891,2891,4,10,3,10,beam_3,16,0.003334200009703636,1,0.003334200009703636,True
0,LARGE_MAZE,2986,2986,5,2,5,3,greedy,16,0.00284620001912117,1,0.00284620001912117,True
0,LARGE_MAZE,2986,2986,5,2,5,3,beam_2,16,0.0036168000078760087,1,0.0036168000078760087,True
0,LARGE_MAZE,2986,2986,5,2,5,3,beam_3,16,0.002613699994981289,1,0.002613699994981289,True
0,LARGE_MAZE,3078,3078,5,4,5,5,greedy,16,0.003550700028426945,1,0.003550700028426945,True
0,LARGE_MAZE,3078,3078,5,4,5,5,beam_2,16,0.0039049999904818833,1,0.0039049999904818833,True
0,LARGE_MAZE,3078,3078,5,4,5,5,beam_3,16,0.0035561000113375485,1,0.0035561000113375485,True
0,LARGE_MAZE,3216,3216,5,9,5,10,greedy,16,0.002986999985296279,1,0.002986999985296279,True
0,LARGE_MAZE,3216,3216,5,9,5,10,beam_2,16,0.002535899984650314,1,0.002535899984650314,True
0,LARGE_MAZE,3216,3216,5,9,5,10,beam_3,16,0.0033384999842382967,1,0.0033384999842382967,True
0,LARGE_MAZE,3313,3313,6,3,7,3,greedy,16,0.05806399998255074,16,0.0036289999989094213,False
0,LARGE_MAZE,3313,3313,6,3,7,3,beam_2,16,0.0031840999727137387,1,0.0031840999727137387,True
0,LARGE_MAZE,3313,3313,6,3,7,3,beam_3,16,0.003049299994017929,1,0.003049299994017929,True
0,LARGE_MAZE,3441,3441,6,9,5,9,greedy,16,0.003155499987769872,1,0.003155499987769872,True
0,LARGE_MAZE,3441,3441,6,9,5,9,beam_2,16,0.0030738000059500337,1,0.0030738000059500337,True
0,LARGE_MAZE,3441,3441,6,9,5,9,beam_3,16,0.003487400012090802,1,0.003487400012090802,True
0,LARGE_MAZE,3578,3578,7,3,6,3,greedy,16,0.0034413000103086233,1,0.0034413000103086233,True
0,LARGE_MAZE,3578,3578,7,3,6,3,beam_2,16,0.0034293000353500247,1,0.0034293000353500247,True
0,LARGE_MAZE,3578,3578,7,3,6,3,beam_3,16,0.003506599983666092,1,0.003506599983666092,True
0,LARGE_MAZE,3676,3676,7,6,7,7,greedy,16,0.05841319996397942,16,0.003650824997748714,False
0,LARGE_MAZE,3676,3676,7,6,7,7,beam_2,16,0.002887299982830882,1,0.002887299982830882,True
0,LARGE_MAZE,3676,3676,7,6,7,7,beam_3,16,0.003774499986320734,1,0.003774499986320734,True
0,LARGE_MAZE,3813,3813,7,10,7,9,greedy,16,0.004473700013477355,1,0.004473700013477355,True
0,LARGE_MAZE,3813,3813,7,10,7,9,beam_2,16,0.003977900021709502,1,0.003977900021709502,True
0,LARGE_MAZE,3813,3813,7,10,7,9,beam_3,16,0.00309960002778098,1,0.00309960002778098,True
0,LARGE_MAZE,1798,1798,1,2,2,3,greedy,16,0.06747680000262335,16,0.004217300000163959,False
0,LARGE_MAZE,1798,1798,1,2,2,3,beam_2,16,0.08285070001147687,16,0.005178168750717305,False
0,LARGE_MAZE,1798,1798,1,2,2,3,beam_3,16,0.0865019999910146,16,0.0054063749994384125,False
0,LARGE_MAZE,1888,1888,1,4,2,3,greedy,16,0.06666679994668812,16,0.004166674996668007,False
0,LARGE_MAZE,1888,1888,1,4,2,3,beam_2,16,0.07574269996257499,16,0.004733918747660937,False
0,LARGE_MAZE,1888,1888,1,4,2,3,beam_3,16,0.0077451999532058835,2,0.0038725999766029418,True
0,LARGE_MAZE,1987,1987,1,7,3,7,greedy,16,0.0064093999681063,2,0.00320469998405315,True
0,LARGE_MAZE,1987,1987,1,7,3,7,beam_2,16,0.006667400011792779,2,0.0033337000058963895,True
0,LARGE_MAZE,1987,1987,1,7,3,7,beam_3,16,0.006639099970925599,2,0.0033195499854627997,True
0,LARGE_MAZE,2110,2110,1,10,1,8,greedy,16,0.007057900016661733,2,0.0035289500083308667,True
0,LARGE_MAZE,2110,2110,1,10,1,8,beam_2,16,0.007133200007956475,2,0.0035666000039782375,True
0,LARGE_MAZE,2110,2110,1,10,1,8,beam_3,16,0.007492200005799532,2,0.003746100002899766,True
0,LARGE_MAZE,2195,2195,2,3,1,2,greedy,16,0.06129119999241084,16,0.0038306999995256774,False
0,LARGE_MAZE,2195,2195,2,3,1,2,beam_2,16,0.006647699978202581,2,0.0033238499891012907,True
0,LARGE_MAZE,2195,2195,2,3,1,2,beam_3,16,0.007583700004033744,2,0.003791850002016872,True
0,LARGE_MAZE,2262,2262,2,5,4,5,greedy,16,0.06032659998163581,16,0.003770412498852238,False
0,LARGE_MAZE,2262,2262,2,5,4,5,beam_2,16,0.08468880003783852,16,0.005293050002364907,False
0,LARGE_MAZE,2262,2262,2,5,4,5,beam_3,16,0.00986890000058338,2,0.00493445000029169,True
0,LARGE_MAZE,2349,2349,2,10,3,9,greedy,16,0.008744799997657537,2,0.004372399998828769,True
0,LARGE_MAZE,2349,2349,2,10,3,9,beam_2,16,0.009469799988437444,2,0.004734899994218722,True
0,LARGE_MAZE,2349,2349,2,10,3,9,beam_3,16,0.009137900022324175,2,0.004568950011162087,True
0,LARGE_MAZE,2428,2428,3,2,2,1,greedy,16,0.1034122999990359,16,0.006463268749939743,False
0,LARGE_MAZE,2428,2428,3,2,2,1,beam_2,16,0.009978300018701702,2,0.004989150009350851,True
0,LARGE_MAZE,2428,2428,3,2,2,1,beam_3,16,0.009387900005094707,2,0.0046939500025473535,True
0,LARGE_MAZE,2513,2513,3,5,1,5,greedy,16,0.08259389997692779,16,0.005162118748557987,False
0,LARGE_MAZE,2513,2513,3,5,1,5,beam_2,16,0.009438099979888648,2,0.004719049989944324,True
0,LARGE_MAZE,2513,2513,3,5,1,5,beam_3,16,0.00778440001886338,2,0.00389220000943169,True
0,LARGE_MAZE,2573,2573,3,6,3,8,greedy,16,0.06465230003232136,16,0.004040768752020085,False
0,LARGE_MAZE,2573,2573,3,6,3,8,beam_2,16,0.007183700043242425,2,0.0035918500216212124,True
0,LARGE_MAZE,2573,2573,3,6,3,8,beam_3,16,0.008072199998423457,2,0.004036099999211729,True
0,LARGE_MAZE,2656,2656,3,8,2,7,greedy,16,0.057201300049200654,16,0.003575081253075041,False
0,LARGE_MAZE,2656,2656,3,8,2,7,beam_2,16,0.007427499978803098,2,0.003713749989401549,True
0,LARGE_MAZE,2656,2656,3,8,2,7,beam_3,16,0.00669979996746406,2,0.00334989998373203,True
0,LARGE_MAZE,2713,2713,3,9,4,10,greedy,16,0.006159699987620115,2,0.0030798499938100576,True
0,LARGE_MAZE,2713,2713,3,9,4,10,beam_2,16,0.007174200029112399,2,0.0035871000145561993,True
0,LARGE_MAZE,2713,2713,3,9,4,10,beam_3,16,0.008167699968907982,2,0.004083849984453991,True
0,LARGE_MAZE,2794,2794,4,1,3,2,greedy,16,0.007407400000374764,2,0.003703700000187382,True
0,LARGE_MAZE,2794,2794,4,1,3,2,beam_2,16,0.006920300016645342,2,0.003460150008322671,True
0,LARGE_MAZE,2794,2794,4,1,3,2,beam_3,16,0.006510500039439648,2,0.003255250019719824,True
0,LARGE_MAZE,2858,2858,4,5,6,5,greedy,16,0.005879499949514866,2,0.002939749974757433,True
0,LARGE_MAZE,2858,2858,4,5,6,5,beam_2,16,0.006696899945382029,2,0.0033484499726910144,True
0,LARGE_MAZE,2858,2858,4,5,6,5,beam_3,16,0.007333399960771203,2,0.0036666999803856015,True
0,LARGE_MAZE,2941,2941,5,1,5,3,greedy,16,0.006127999979071319,2,0.0030639999895356596,True
0,LARGE_MAZE,2941,2941,5,1,5,3,beam_2,16,0.0052358999964781106,2,0.0026179499982390553,True
0,LARGE_MAZE,2941,2941,5,1,5,3,beam_3,16,0.007247400004416704,2,0.003623700002208352,True
0,LARGE_MAZE,3033,3033,5,3,5,5,greedy,16,0.006758600007742643,2,0.0033793000038713217,True
0,LARGE_MAZE,3033,3033,5,3,5,5,beam_2,16,0.006703699997160584,2,0.003351849998580292,True
0,LARGE_MAZE,3033,3033,5,3,5,5,beam_3,16,0.007555300020612776,2,0.003777650010306388,True
0,LARGE_MAZE,3083,3083,5,4,6,5,greedy,16,0.05668749997857958,16,0.003542968748661224,False
0,LARGE_MAZE,3083,3083,5,4,6,5,beam_2,16,0.007680899987462908,2,0.003840449993731454,True
0,LARGE_MAZE,3083,3083,5,4,6,5,beam_3,16,0.006991300033405423,2,0.0034956500167027116,True
0,LARGE_MAZE,3209,3209,5,9,4,10,greedy,16,0.006152999994810671,2,0.0030764999974053353,True
0,LARGE_MAZE,3209,3209,5,9,4,10,beam_2,16,0.006637699960265309,2,0.0033188499801326543,True
0,LARGE_MAZE,3209,3209,5,9,4,10,beam_3,16,0.008447699947282672,2,0.004223849973641336,True
0,LARGE_MAZE,3303,3303,6,3,5,4,greedy,16,0.0069503000122494996,2,0.0034751500061247498,True
0,LARGE_MAZE,3303,3303,6,3,5,4,beam_2,16,0.0071295000379905105,2,0.0035647500189952552,True
0,LARGE_MAZE,3303,3303,6,3,5,4,beam_3,16,0.007608200015965849,2,0.0038041000079829246,True
0,LARGE_MAZE,3405,3405,6,7,7,6,greedy,16,0.007772800046950579,2,0.0038864000234752893,True
0,LARGE_MAZE,3405,3405,6,7,7,6,beam_2,16,0.0067331999889574945,2,0.0033665999944787472,True
0,LARGE_MAZE,3405,3405,6,7,7,6,beam_3,16,0.0067544999765232205,2,0.0033772499882616103,True
0,LARGE_MAZE,3572,3572,7,3,5,3,greedy,16,0.006310699973255396,2,0.003155349986627698,True
0,LARGE_MAZE,3572,3572,7,3,5,3,beam_2,16,0.006762899982277304,2,0.003381449991138652,True
0,LARGE_MAZE,3572,3572,7,3,5,3,beam_3,16,0.00667899998370558,2,0.00333949999185279,True
0,LARGE_MAZE,3670,3670,7,6,6,7,greedy,16,0.06157959997653961,16,0.0038487249985337257,False
0,LARGE_MAZE,3670,3670,7,6,6,7,beam_2,16,0.006797200010623783,2,0.0033986000053118914,True
0,LARGE_MAZE,3670,3670,7,6,6,7,beam_3,16,0.006754699978046119,2,0.0033773499890230596,True
0,LARGE_MAZE,1746,1746,1,1,1,4,greedy,16,0.00896070001181215,3,0.0029869000039373836,True
0,LARGE_MAZE,1746,1746,1,1,1,4,beam_2,16,0.009221200016327202,3,0.003073733338775734,True
0,LARGE_MAZE,1746,1746,1,1,1,4,beam_3,16,0.009934399975463748,3,0.003311466658487916,True
0,LARGE_MAZE,1802,1802,1,2,3,1,greedy,16,0.009020299999974668,3,0.0030067666666582227,True
0,LARGE_MAZE,1802,1802,1,2,3,1,beam_2,16,0.010292899969499558,3,0.003430966656499853,True
0,LARGE_MAZE,1802,1802,1,2,3,1,beam_3,16,0.01049710001097992,3,0.003499033336993307,True
0,LARGE_MAZE,1879,1879,1,4,1,1,greedy,16,0.009775299986358732,3,0.003258433328786244,True
0,LARGE_MAZE,1879,1879,1,4,1,1,beam_2,16,0.010203499987255782,3,0.003401166662418594,True
0,LARGE_MAZE,1879,1879,1,4,1,1,beam_3,16,0.011171699967235327,3,0.003723899989078442,True
0,LARGE_MAZE,1941,1941,1,5,3,6,greedy,16,0.00952230003895238,3,0.003174100012984127,True
0,LARGE_MAZE,1941,1941,1,5,3,6,beam_2,16,0.010271199978888035,3,0.0034237333262960115,True
0,LARGE_MAZE,1941,1941,1,5,3,6,beam_3,16,0.0159908999921754,3,0.0053302999973918,True
0,LARGE_MAZE,2026,2026,1,8,2,10,greedy,16,0.06828780000796542,16,0.0042679875004978385,False
0,LARGE_MAZE,2026,2026,1,8,2,10,beam_2,16,0.014197900018189102,3,0.004732633339396368,True
0,LARGE_MAZE,2026,2026,1,8,2,10,beam_3,16,0.014651699981186539,3,0.004883899993728846,True
0,LARGE_MAZE,2124,2124,1,10,3,9,greedy,16,0.06897279998520389,16,0.004310799999075243,False
0,LARGE_MAZE,2124,2124,1,10,3,9,beam_2,16,0.024089100013952702,3,0.0080297000046509,True
0,LARGE_MAZE,2124,2124,1,10,3,9,beam_3,16,0.016109999967738986,3,0.005369999989246328,True
0,LARGE_MAZE,2194,2194,2,3,1,1,greedy,16,0.015898199984803796,3,0.005299399994934599,True
0,LARGE_MAZE,2194,2194,2,3,1,1,beam_2,16,0.010192800022196025,3,0.0033976000073986747,True
0,LARGE_MAZE,2194,2194,2,3,1,1,beam_3,16,0.010359100007917732,3,0.0034530333359725773,True
0,LARGE_MAZE,2268,2268,2,5,5,5,greedy,16,0.011530499963555485,3,0.0038434999878518283,True
0,LARGE_MAZE,2268,2268,2,5,5,5,beam_2,16,0.011873100011143833,3,0.003957700003714611,True
0,LARGE_MAZE,2268,2268,2,5,5,5,beam_3,16,0.01254920003702864,3,0.0041830666790095465,True
0,LARGE_MAZE,2348,2348,2,10,3,8,greedy,16,0.00932529999408871,3,0.003108433331362903,True
0,LARGE_MAZE,2348,2348,2,10,3,8,beam_2,16,0.010792299988679588,3,0.0035974333295598626,True
0,LARGE_MAZE,2348,2348,2,10,3,8,beam_3,16,0.011527499998919666,3,0.0038424999996398887,True
0,LARGE_MAZE,2419,2419,3,2,1,1,greedy,16,0.06761379999807104,16,0.00422586249987944,False
0,LARGE_MAZE,2419,2419,3,2,1,1,beam_2,16,0.01381460000993684,3,0.0046048666699789464,True
0,LARGE_MAZE,2419,2419,3,2,1,1,beam_3,16,0.014563800010364503,3,0.004854600003454834,True
0,LARGE_MAZE,2473,2473,3,3,2,1,greedy,16,0.07720669999253005,16,0.004825418749533128,False
0,LARGE_MAZE,2473,2473,3,3,2,1,beam_2,16,0.02019419998396188,5,0.004038839996792376,True
0,LARGE_MAZE,2473,2473,3,3,2,1,beam_3,16,0.01445889996830374,3,0.004819633322767913,True
0,LARGE_MAZE,2537,2537,3,5,5,4,greedy,16,0.08215580001706257,16,0.005134737501066411,False
0,LARGE_MAZE,2537,2537,3,5,5,4,beam_2,16,0.013192899990826845,3,0.004397633330275615,True
0,LARGE_MAZE,2537,2537,3,5,5,4,beam_3,16,0.015541400003712624,3,0.005180466667904208,True
0,LARGE_MAZE,2583,2583,3,6,5,5,greedy,16,0.012478500022552907,3,0.004159500007517636,True
0,LARGE_MAZE,2583,2583,3,6,5,5,beam_2,16,0.01282040000660345,3,0.004273466668867816,True
0,LARGE_MAZE,2583,2583,3,6,5,5,beam_3,16,0.013984600023832172,3,0.004661533341277391,True
0,LARGE_MAZE,2649,2649,3,8,1,7,greedy,16,0.09046300000045449,16,0.005653937500028405,False
0,LARGE_MAZE,2649,2649,3,8,1,7,beam_2,16,0.014610399957746267,3,0.0048701333192487555,True
0,LARGE_MAZE,2649,2649,3,8,1,7,beam_3,16,0.012539700022898614,3,0.004179900007632871,True
0,LARGE_MAZE,2701,2701,3,9,2,7,greedy,16,0.028272500028833747,7,0.004038928575547678,True
0,LARGE_MAZE,2701,2701,3,9,2,7,beam_2,16,0.02228189999004826,3,0.007427299996682753,True
0,LARGE_MAZE,2701,2701,3,9,2,7,beam_3,16,0.01915839995490387,3,0.00638613331830129,True
0,LARGE_MAZE,2765,2765,3,10,5,9,greedy,16,0.09256869996897876,16,0.005785543748061173,False
0,LARGE_MAZE,2765,2765,3,10,5,9,beam_2,16,0.016031500010285527,3,0.0053438333367618425,True
0,LARGE_MAZE,2765,2765,3,10,5,9,beam_3,16,0.017627099994570017,3,0.005875699998190005,True
0,LARGE_MAZE,2843,2843,4,5,3,7,greedy,16,0.07165609998628497,16,0.004478506249142811,False
0,LARGE_MAZE,2843,2843,4,5,3,7,beam_2,16,0.012319300032686442,3,0.004106433344228814,True
0,LARGE_MAZE,2843,2843,4,5,3,7,beam_3,16,0.013372100016567856,3,0.004457366672189285,True
0,LARGE_MAZE,2905,2905,4,10,6,9,greedy,16,0.09544959996128455,16,0.005965599997580284,False
0,LARGE_MAZE,2905,2905,4,10,6,9,beam_2,16,0.07632829999784008,16,0.004770518749865005,False
0,LARGE_MAZE,2905,2905,4,10,6,9,beam_3,16,0.014859599992632866,3,0.004953199997544289,True
0,LARGE_MAZE,2973,2973,5,2,3,1,greedy,16,0.03977229999145493,9,0.004419144443494992,True
0,LARGE_MAZE,2973,2973,5,2,3,1,beam_2,16,0.01980160002131015,3,0.006600533340436717,True
0,LARGE_MAZE,2973,2973,5,2,3,1,beam_3,16,0.017924999992828816,3,0.005974999997609605,True
0,LARGE_MAZE,3038,3038,5,3,6,5,greedy,16,0.06393409997690469,16,0.003995881248556543,False
0,LARGE_MAZE,3038,3038,5,3,6,5,beam_2,16,0.011182199988979846,3,0.0037273999963266156,True
0,LARGE_MAZE,3038,3038,5,3,6,5,beam_3,16,0.011152999999467283,3,0.0037176666664890945,True
0,LARGE_MAZE,3089,3089,5,4,7,5,greedy,16,0.06062290002591908,16,0.0037889312516199425,False
0,LARGE_MAZE,3089,3089,5,4,7,5,beam_2,16,0.06319259997690096,16,0.00394953749855631,False
0,LARGE_MAZE,3089,3089,5,4,7,5,beam_3,16,0.0103506000014022,3,0.0034502000004673996,True
0,LARGE_MAZE,3135,3135,5,5,7,6,greedy,16,0.05718369997339323,16,0.003573981248337077,False
0,LARGE_MAZE,3135,3135,5,5,7,6,beam_2,16,0.06401629996253178,16,0.004001018747658236,False
0,LARGE_MAZE,3135,3135,5,5,7,6,beam_3,16,0.07818799995584413,16,0.004886749997240258,False
0,LARGE_MAZE,3250,3250,5,10,3,9,greedy,16,0.012682200002018362,3,0.004227400000672787,True
0,LARGE_MAZE,3250,3250,5,10,3,9,beam_2,16,0.010870099999010563,3,0.0036233666663368544,True
0,LARGE_MAZE,3250,3250,5,10,3,9,beam_3,16,0.010831799998413771,3,0.003610599999471257,True
0,LARGE_MAZE,3336,3336,6,5,3,5,greedy,16,0.010958599974401295,3,0.003652866658133765,True
0,LARGE_MAZE,3336,3336,6,5,3,5,beam_2,16,0.012225700018461794,3,0.004075233339487265,True
0,LARGE_MAZE,3336,3336,6,5,3,5,beam_3,16,0.01297879999037832,3,0.00432626666345944,True
0,LARGE_MAZE,3488,3488,7,1,6,3,greedy,16,0.01834060001419857,3,0.0061135333380661905,True
0,LARGE_MAZE,3488,3488,7,1,6,3,beam_2,16,0.012383499997667968,3,0.00412783333255599,True
0,LARGE_MAZE,3488,3488,7,1,6,3,beam_3,16,0.010982699983287603,3,0.003660899994429201,True
0,LARGE_MAZE,3618,3618,7,5,5,4,greedy,16,0.009291800030041486,3,0.0030972666766804955,True
0,LARGE_MAZE,3618,3618,7,5,5,4,beam_2,16,0.010742700018454343,3,0.0035809000061514475,True
0,LARGE_MAZE,3618,3618,7,5,5,4,beam_3,16,0.011063500016462058,3,0.003687833338820686,True
0,LARGE_MAZE,3757,3757,7,9,5,10,greedy,16,0.009757500025443733,3,0.003252500008481244,True
0,LARGE_MAZE,3757,3757,7,9,5,10,beam_2,16,0.009827799978666008,3,0.0032759333262220025,True
0,LARGE_MAZE,3757,3757,7,9,5,10,beam_3,16,0.01059049996547401,3,0.0035301666551580033,True
0,LARGE_MAZE,1799,1799,1,2,2,5,greedy,16,0.013032900053076446,4,0.0032582250132691115,True
0,LARGE_MAZE,1799,1799,1,2,2,5,beam_2,16,0.014803000027313828,4,0.003700750006828457,True
0,LARGE_MAZE,1799,1799,1,2,2,5,beam_3,16,0.01447230001213029,4,0.0036180750030325726,True
0,LARGE_MAZE,1887,1887,1,4,2,1,greedy,16,0.01247809996129945,4,0.0031195249903248623,True
0,LARGE_MAZE,1887,1887,1,4,2,1,beam_2,16,0.015650800021830946,4,0.0039127000054577366,True
0,LARGE_MAZE,1887,1887,1,4,2,1,beam_3,16,0.01360259996727109,4,0.0034006499918177724,True
0,LARGE_MAZE,1939,1939,1,5,3,3,greedy,16,0.05657910002628341,16,0.0035361937516427133,False
0,LARGE_MAZE,1939,1939,1,5,3,3,beam_2,16,0.049132400017697364,12,0.004094366668141447,True
0,LARGE_MAZE,1939,1939,1,5,3,3,beam_3,16,0.01458780001848936,4,0.00364695000462234,True
0,LARGE_MAZE,1989,1989,1,7,3,9,greedy,16,0.05080879997694865,16,0.0031755499985592905,False
0,LARGE_MAZE,1989,1989,1,7,3,9,beam_2,16,0.061952600022777915,16,0.0038720375014236197,False
0,LARGE_MAZE,1989,1989,1,7,3,9,beam_3,16,0.013777700020000339,4,0.0034444250050000846,True
0,LARGE_MAZE,2079,2079,1,9,3,9,greedy,16,0.05262520001269877,16,0.003289075000793673,False
0,LARGE_MAZE,2079,2079,1,9,3,9,beam_2,16,0.0638586999848485,16,0.003991168749053031,False
0,LARGE_MAZE,2079,2079,1,9,3,9,beam_3,16,0.013351899979170412,4,0.003337974994792603,True
0,LARGE_MAZE,2152,2152,2,1,1,4,greedy,16,0.012311199971009046,4,0.0030777999927522615,True
0,LARGE_MAZE,2152,2152,2,1,1,4,beam_2,16,0.013931400026194751,4,0.003482850006548688,True
0,LARGE_MAZE,2152,2152,2,1,1,4,beam_3,16,0.014189600013196468,4,0.003547400003299117,True
0,LARGE_MAZE,2216,2216,2,3,4,1,greedy,16,0.052166500012390316,16,0.0032604062507743947,False
0,LARGE_MAZE,2216,2216,2,3,4,1,beam_2,16,0.019784900010563433,6,0.0032974833350939057,True
0,LARGE_MAZE,2216,2216,2,3,4,1,beam_3,16,0.013009599992074072,4,0.003252399998018518,True
0,LARGE_MAZE,2267,2267,2,5,5,4,greedy,16,0.011021200043614954,4,0.0027553000109037384,True
0,LARGE_MAZE,2267,2267,2,5,5,4,beam_2,16,0.011965900019276887,4,0.002991475004819222,True
0,LARGE_MAZE,2267,2267,2,5,5,4,beam_3,16,0.012216500006616116,4,0.003054125001654029,True
0,LARGE_MAZE,2307,2307,2,7,4,5,greedy,16,0.010552700026892126,4,0.0026381750067230314,True
0,LARGE_MAZE,2307,2307,2,7,4,5,beam_2,16,0.01156989997252822,4,0.002892474993132055,True
0,LARGE_MAZE,2307,2307,2,7,4,5,beam_3,16,0.012295000022277236,4,0.003073750005569309,True
0,LARGE_MAZE,2401,2401,3,1,5,3,greedy,16,0.04598569998051971,16,0.002874106248782482,False
0,LARGE_MAZE,2401,2401,3,1,5,3,beam_2,16,0.03811400005361065,12,0.003176166671134221,True
0,LARGE_MAZE,2401,2401,3,1,5,3,beam_3,16,0.012193900009151548,4,0.003048475002287887,True
0,LARGE_MAZE,2468,2468,3,3,1,5,greedy,16,0.009962100011762232,4,0.002490525002940558,True
0,LARGE_MAZE,2468,2468,3,3,1,5,beam_2,16,0.011365999991539866,4,0.0028414999978849664,True
0,LARGE_MAZE,2468,2468,3,3,1,5,beam_3,16,0.012044899980537593,4,0.0030112249951343983,True
0,LARGE_MAZE,2536,2536,3,5,5,3,greedy,16,0.010321200010366738,4,0.0025803000025916845,True
0,LARGE_MAZE,2536,2536,3,5,5,3,beam_2,16,0.011462700029369444,4,0.002865675007342361,True
0,LARGE_MAZE,2536,2536,3,5,5,3,beam_3,16,0.012624500028323382,4,0.0031561250070808455,True
0,LARGE_MAZE,2582,2582,3,6,5,4,greedy,16,0.010555399989243597,4,0.002638849997310899,True
0,LARGE_MAZE,2582,2582,3,6,5,4,beam_2,16,0.011528800008818507,4,0.002882200002204627,True
0,LARGE_MAZE,2582,2582,3,6,5,4,beam_3,16,0.012174600036814809,4,0.003043650009203702,True
0,LARGE_MAZE,2623,2623,3,7,4,10,greedy,16,0.01079500000923872,4,0.00269875000230968,True
0,LARGE_MAZE,2623,2623,3,7,4,10,beam_2,16,0.011856400000397116,4,0.002964100000099279,True
0,LARGE_MAZE,2623,2623,3,7,4,10,beam_3,16,0.012071200006175786,4,0.0030178000015439466,True
0,LARGE_MAZE,2667,2667,3,8,4,5,greedy,16,0.010326199990231544,4,0.002581549997557886,True
0,LARGE_MAZE,2667,2667,3,8,4,5,beam_2,16,0.012394600023981184,4,0.003098650005995296,True
0,LARGE_MAZE,2667,2667,3,8,4,5,beam_3,16,0.012578300025779754,4,0.0031445750064449385,True
0,LARGE_MAZE,2720,2720,3,9,5,9,greedy,16,0.01140529999975115,4,0.0028513249999377877,True
0,LARGE_MAZE,2720,2720,3,9,5,9,beam_2,16,0.014295200002379715,4,0.003573800000594929,True
0,LARGE_MAZE,2720,2720,3,9,5,9,beam_3,16,0.01399980002315715,4,0.0034999500057892874,True
0,LARGE_MAZE,2780,2780,4,1,1,2,greedy,16,0.010702400002628565,4,0.002675600000657141,True
0,LARGE_MAZE,2780,2780,4,1,1,2,beam_2,16,0.013163800002075732,4,0.003290950000518933,True
0,LARGE_MAZE,2780,2780,4,1,1,2,beam_3,16,0.01350790000287816,4,0.00337697500071954,True
0,LARGE_MAZE,2836,2836,4,5,2,7,greedy,16,0.05535599996801466,16,0.003459749998000916,False
0,LARGE_MAZE,2836,2836,4,5,2,7,beam_2,16,0.016286400030367076,4,0.004071600007591769,True
0,LARGE_MAZE,2836,2836,4,5,2,7,beam_3,16,0.01735129998996854,4,0.004337824997492135,True
0,LARGE_MAZE,2876,2876,4,10,1,9,greedy,16,0.0132797000114806,4,0.00331992500287015,True
0,LARGE_MAZE,2876,2876,4,10,1,9,beam_2,16,0.01717020000796765,4,0.004292550001991913,True
0,LARGE_MAZE,2876,2876,4,10,1,9,beam_3,16,0.016443200001958758,4,0.004110800000489689,True
0,LARGE_MAZE,2943,2943,5,1,5,5,greedy,16,0.013302000006660819,4,0.0033255000016652048,True
0,LARGE_MAZE,2943,2943,5,1,5,5,beam_2,16,0.01842049998231232,4,0.00460512499557808,True
0,LARGE_MAZE,2943,2943,5,1,5,5,beam_3,16,0.017987100000027567,4,0.004496775000006892,True
0,LARGE_MAZE,2993,2993,5,2,6,5,greedy,16,0.014025899989064783,4,0.0035064749972661957,True
0,LARGE_MAZE,2993,2993,5,2,6,5,beam_2,16,0.01473439997062087,4,0.0036835999926552176,True
0,LARGE_MAZE,2993,2993,5,2,6,5,beam_3,16,0.014861100004054606,4,0.0037152750010136515,True
0,LARGE_MAZE,3044,3044,5,3,7,5,greedy,16,0.015986900019925088,4,0.003996725004981272,True
0,LARGE_MAZE,3044,3044,5,3,7,5,beam_2,16,0.01750840002205223,4,0.004377100005513057,True
0,LARGE_MAZE,3044,3044,5,3,7,5,beam_3,16,0.016622799972537905,4,0.004155699993134476,True
0,LARGE_MAZE,3090,3090,5,4,7,6,greedy,16,0.05109780002385378,16,0.003193612501490861,False
0,LARGE_MAZE,3090,3090,5,4,7,6,beam_2,16,0.058679699955973774,16,0.003667481247248361,False
0,LARGE_MAZE,3090,3090,5,4,7,6,beam_3,16,0.014712099975440651,4,0.003678024993860163,True
0,LARGE_MAZE,3136,3136,5,5,7,7,greedy,16,0.05570870003430173,16,0.003481793752143858,False
0,LARGE_MAZE,3136,3136,5,5,7,7,beam_2,16,0.01325580000411719,4,0.0033139500010292977,True
0,LARGE_MAZE,3136,3136,5,5,7,7,beam_3,16,0.014246699982322752,4,0.003561674995580688,True
0,LARGE_MAZE,3249,3249,5,10,3,8,greedy,16,0.01179199997568503,4,0.0029479999939212576,True
0,LARGE_MAZE,3249,3249,5,10,3,8,beam_2,16,0.013892000017222017,4,0.0034730000043055043,True
0,LARGE_MAZE,3249,3249,5,10,3,8,beam_3,16,0.013010800001211464,4,0.003252700000302866,True
0,LARGE_MAZE,3330,3330,6,5,2,5,greedy,16,0.050919100001920015,16,0.003182443750120001,False
0,LARGE_MAZE,3330,3330,6,5,2,5,beam_2,16,0.013397099974099547,4,0.0033492749935248867,True
0,LARGE_MAZE,3330,3330,6,5,2,5,beam_3,16,0.012981000007130206,4,0.0032452500017825514,True
0,LARGE_MAZE,3399,3399,6,7,6,5,greedy,16,0.010911300021689385,4,0.0027278250054223463,True
0,LARGE_MAZE,3399,3399,6,7,6,5,beam_2,16,0.012948199990205467,4,0.0032370499975513667,True
0,LARGE_MAZE,3399,3399,6,7,6,5,beam_3,16,0.013618100027088076,4,0.003404525006772019,True
0,LARGE_MAZE,3570,3570,7,3,5,1,greedy,16,0.011609399982262403,4,0.0029023499955656007,True
0,LARGE_MAZE,3570,3570,7,3,5,1,beam_2,16,0.012853400025051087,4,0.003213350006262772,True
0,LARGE_MAZE,3570,3570,7,3,5,1,beam_3,16,0.013603700033854693,4,0.0034009250084636733,True
0,LARGE_MAZE,3658,3658,7,6,4,5,greedy,16,0.011724300042260438,4,0.0029310750105651096,True
0,LARGE_MAZE,3658,3658,7,6,4,5,beam_2,16,0.013672699977178127,4,0.0034181749942945316,True
0,LARGE_MAZE,3658,3658,7,6,4,5,beam_3,16,0.014390099968295544,4,0.003597524992073886,True
0,LARGE_MAZE,1754,1754,1,1,2,5,greedy,16,0.014459199970588088,5,0.0028918399941176174,True
0,LARGE_MAZE,1754,1754,1,1,2,5,beam_2,16,0.015451400016900152,5,0.0030902800033800306,True
0,LARGE_MAZE,1754,1754,1,1,2,5,beam_3,16,0.01710200001252815,5,0.0034204000025056303,True
0,LARGE_MAZE,1856,1856,1,3,4,1,greedy,16,0.034608100017067045,11,0.0031461909106424587,True
0,LARGE_MAZE,1856,1856,1,3,4,1,beam_2,16,0.018107699987012893,5,0.0036215399974025785,True
0,LARGE_MAZE,1856,1856,1,3,4,1,beam_3,16,0.019300299987662584,5,0.0038600599975325165,True
0,LARGE_MAZE,1932,1932,1,5,2,1,greedy,16,0.03834859997732565,11,0.0034862363615750587,True
0,LARGE_MAZE,1932,1932,1,5,2,1,beam_2,16,0.01521589996991679,5,0.0030431799939833583,True
0,LARGE_MAZE,1932,1932,1,5,2,1,beam_3,16,0.016976699989754707,5,0.0033953399979509413,True
0,LARGE_MAZE,1958,1958,1,5,6,5,greedy,16,0.013869700022041798,5,0.0027739400044083594,True
0,LARGE_MAZE,1958,1958,1,5,6,5,beam_2,16,0.016176700009964406,5,0.0032353400019928813,True
0,LARGE_MAZE,1958,1958,1,5,6,5,beam_3,16,0.016844000027049333,5,0.0033688000054098665,True
0,LARGE_MAZE,2034,2034,1,8,3,9,greedy,16,0.051169599988497794,16,0.003198099999281112,False
0,LARGE_MAZE,2034,2034,1,8,3,9,beam_2,16,0.058103099989239126,16,0.0036314437493274454,False
0,LARGE_MAZE,2034,2034,1,8,3,9,beam_3,16,0.016631499980576336,5,0.003326299996115267,True
0,LARGE_MAZE,2122,2122,1,10,3,7,greedy,16,0.01387649995740503,5,0.002775299991481006,True
0,LARGE_MAZE,2122,2122,1,10,3,7,beam_2,16,0.015353200025856495,5,0.003070640005171299,True
0,LARGE_MAZE,2122,2122,1,10,3,7,beam_3,16,0.01760300004389137,5,0.003520600008778274,True
0,LARGE_MAZE,2219,2219,2,3,5,1,greedy,16,0.05568320001475513,11,0.005062109092250466,True
0,LARGE_MAZE,2219,2219,2,3,5,1,beam_2,16,0.01960010000038892,5,0.003920020000077784,True
0,LARGE_MAZE,2219,2219,2,3,5,1,beam_3,16,0.01794940000399947,5,0.003589880000799894,True
0,LARGE_MAZE,2266,2266,2,5,5,3,greedy,16,0.0139435000019148,5,0.00278870000038296,True
0,LARGE_MAZE,2266,2266,2,5,5,3,beam_2,16,0.018754600023385137,5,0.0037509200046770275,True
0,LARGE_MAZE,2266,2266,2,5,5,3,beam_3,16,0.02595159999327734,5,0.005190319998655468,True
0,LARGE_MAZE,2313,2313,2,7,5,5,greedy,16,0.019645099993795156,5,0.003929019998759031,True
0,LARGE_MAZE,2313,2313,2,7,5,5,beam_2,16,0.1279738000012003,5,0.02559476000024006,True
0,LARGE_MAZE,2313,2313,2,7,5,5,beam_3,16,0.0985468999715522,5,0.01970937999431044,True
0,LARGE_MAZE,2402,2402,3,1,5,4,greedy,16,0.19141819997457787,16,0.011963637498411117,False
0,LARGE_MAZE,2402,2402,3,1,5,4,beam_2,16,0.055519599991384894,11,0.005047236362853172,True
0,LARGE_MAZE,2402,2402,3,1,5,4,beam_3,16,0.03636730002472177,5,0.007273460004944355,True
0,LARGE_MAZE,2490,2490,3,3,5,2,greedy,16,0.06955660000676289,5,0.013911320001352579,True
0,LARGE_MAZE,2490,2490,3,3,5,2,beam_2,16,0.04133580002235249,5,0.008267160004470498,True
0,LARGE_MAZE,2490,2490,3,3,5,2,beam_3,16,0.08446310000726953,5,0.016892620001453907,True
0,LARGE_MAZE,2535,2535,3,5,5,2,greedy,16,0.12424780003493652,16,0.007765487502183532,False
0,LARGE_MAZE,2535,2535,3,5,5,2,beam_2,16,0.0396951999864541,5,0.00793903999729082,True
0,LARGE_MAZE,2535,2535,3,5,5,2,beam_3,16,0.031963600020390004,5,0.006392720004078001,True
0,LARGE_MAZE,2567,2567,3,6,2,10,greedy,16,0.023121700040064752,5,0.004624340008012951,True
0,LARGE_MAZE,2567,2567,3,6,2,10,beam_2,16,0.02520789997652173,5,0.005041579995304346,True
0,LARGE_MAZE,2567,2567,3,6,2,10,beam_3,16,0.026901000004727393,5,0.005380200000945479,True
0,LARGE_MAZE,2607,2607,3,7,1,10,greedy,16,0.024143599963281304,5,0.0048287199926562606,True
0,LARGE_MAZE,2607,2607,3,7,1,10,beam_2,16,0.025353499979246408,5,0.005070699995849281,True
0,LARGE_MAZE,2607,2607,3,7,1,10,beam_3,16,0.02274129999568686,5,0.004548259999137372,True
0,LARGE_MAZE,2651,2651,3,8,1,9,greedy,16,0.020393999991938472,5,0.004078799998387695,True
0,LARGE_MAZE,2651,2651,3,8,1,9,beam_2,16,0.02118270000210032,5,0.004236540000420064,True
0,LARGE_MAZE,2651,2651,3,8,1,9,beam_3,16,0.026003099977970123,5,0.005200619995594025,True
0,LARGE_MAZE,2712,2712,3,9,4,5,greedy,16,0.02374410000629723,5,0.0047488200012594465,True
0,LARGE_MAZE,2712,2712,3,9,4,5,beam_2,16,0.023179400013759732,5,0.0046358800027519464,True
0,LARGE_MAZE,2712,2712,3,9,4,5,beam_3,16,0.020851300039794296,5,0.0041702600079588596,True
0,LARGE_MAZE,2781,2781,4,1,1,3,greedy,16,0.01659539999673143,5,0.0033190799993462862,True
0,LARGE_MAZE,2781,2781,4,1,1,3,beam_2,16,0.019140199990943074,5,0.0038280399981886148,True
0,LARGE_MAZE,2781,2781,4,1,1,3,beam_3,16,0.026928599982056767,5,0.005385719996411353,True
0,LARGE_MAZE,2845,2845,4,5,3,9,greedy,16,0.01818799995817244,5,0.003637599991634488,True
0,LARGE_MAZE,2845,2845,4,5,3,9,beam_2,16,0.018368399993050843,5,0.0036736799986101685,True
0,LARGE_MAZE,2845,2845,4,5,3,9,beam_3,16,0.02028589998371899,5,0.004057179996743798,True
0,LARGE_MAZE,2881,2881,4,10,2,7,greedy,16,0.015585799992550164,5,0.003117159998510033,True
0,LARGE_MAZE,2881,2881,4,10,2,7,beam_2,16,0.018153699988033623,5,0.0036307399976067247,True
0,LARGE_MAZE,2881,2881,4,10,2,7,beam_3,16,0.0247397999628447,5,0.00494795999256894,True
0,LARGE_MAZE,2938,2938,5,1,4,5,greedy,16,0.021798299974761903,5,0.004359659994952381,True
0,LARGE_MAZE,2938,2938,5,1,4,5,beam_2,16,0.028351099987048656,5,0.005670219997409731,True
0,LARGE_MAZE,2938,2938,5,1,4,5,beam_3,16,0.02756969997426495,5,0.00551393999485299,True
0,LARGE_MAZE,2976,2976,5,2,3,5,greedy,16,0.024348899954929948,5,0.00486977999098599,True
0,LARGE_MAZE,2976,2976,5,2,3,5,beam_2,16,0.05701799999224022,5,0.011403599998448043,True
0,LARGE_MAZE,2976,2976,5,2,3,5,beam_3,16,0.03219469997566193,5,0.0064389399951323865,True
0,LARGE_MAZE,3019,3019,5,3,3,2,greedy,16,0.041950799990445375,5,0.008390159998089074,True
0,LARGE_MAZE,3019,3019,5,3,3,2,beam_2,16,0.052486400003544986,5,0.010497280000708997,True
0,LARGE_MAZE,3019,3019,5,3,3,2,beam_3,16,0.03472100000362843,5,0.006944200000725686,True
0,LARGE_MAZE,3068,3068,5,4,3,7,greedy,16,0.040658899990376085,5,0.008131779998075217,True
0,LARGE_MAZE,3068,3068,5,4,3,7,beam_2,16,0.03786250000121072,5,0.007572500000242144,True
0,LARGE_MAZE,3068,3068,5,4,3,7,beam_3,16,0.03366469999309629,5,0.006732939998619259,True
0,LARGE_MAZE,3114,3114,5,5,3,8,greedy,16,0.024145000032149255,5,0.004829000006429851,True
0,LARGE_MAZE,3114,3114,5,5,3,8,beam_2,16,0.04507930000545457,5,0.009015860001090914,True
0,LARGE_MAZE,3114,3114,5,5,3,8,beam_3,16,0.0205703999963589,5,0.00411407999927178,True
0,LARGE_MAZE,3192,3192,5,9,1,10,greedy,16,0.03701889998046681,11,0.0033653545436788013,True
0,LARGE_MAZE,3192,3192,5,9,1,10,beam_2,16,0.018234699964523315,5,0.003646939992904663,True
0,LARGE_MAZE,3192,3192,5,9,1,10,beam_3,16,0.01970689999870956,5,0.003941379999741912,True
0,LARGE_MAZE,3291,3291,6,3,3,5,greedy,16,0.015176600019913167,5,0.0030353200039826334,True
0,LARGE_MAZE,3291,3291,6,3,3,5,beam_2,16,0.016326899989508092,5,0.0032653799979016187,True
0,LARGE_MAZE,3291,3291,6,3,3,5,beam_3,16,0.016594299988355488,5,0.0033188599976710976,True
0,LARGE_MAZE,3350,3350,6,5,5,7,greedy,16,0.05273779999697581,16,0.003296112499810988,False
0,LARGE_MAZE,3350,3350,6,5,5,7,beam_2,16,0.01716460002353415,5,0.00343292000470683,True
0,LARGE_MAZE,3350,3350,6,5,5,7,beam_3,16,0.01744119997601956,5,0.003488239995203912,True
0,LARGE_MAZE,3481,3481,7,1,5,2,greedy,16,0.01877470000181347,5,0.0037549400003626943,True
0,LARGE_MAZE,3481,3481,7,1,5,2,beam_2,16,0.01717299997108057,5,0.0034345999942161144,True
0,LARGE_MAZE,3481,3481,7,1,5,2,beam_3,16,0.016812500020023435,5,0.0033625000040046872,True
0,LARGE_MAZE,3568,3568,7,3,4,5,greedy,16,0.014372900011949241,5,0.002874580002389848,True
0,LARGE_MAZE,3568,3568,7,3,4,5,beam_2,16,0.016618900001049042,5,0.0033237800002098084,True
0,LARGE_MAZE,3568,3568,7,3,4,5,beam_3,16,0.017377500014845282,5,0.0034755000029690563,True
0,LARGE_MAZE,3623,3623,7,5,6,3,greedy,16,0.014135300007183105,5,0.002827060001436621,True
0,LARGE_MAZE,3623,3623,7,5,6,3,beam_2,16,0.015909800014924258,5,0.0031819600029848517,True
0,LARGE_MAZE,3623,3623,7,5,6,3,beam_3,16,0.019814200000837445,5,0.003962840000167489,True
0,LARGE_MAZE,3746,3746,7,9,3,10,greedy,16,0.01497910002944991,5,0.002995820005889982,True
0,LARGE_MAZE,3746,3746,7,9,3,10,beam_2,16,0.0160844000056386,5,0.00321688000112772,True
0,LARGE_MAZE,3746,3746,7,9,3,10,beam_3,16,0.01829810003982857,5,0.0036596200079657137,True
0,LARGE_MAZE,1812,1812,1,2,4,5,greedy,16,0.058519500016700476,16,0.0036574687510437798,False
0,LARGE_MAZE,1812,1812,1,2,4,5,beam_2,16,0.018832300032954663,6,0.0031387166721591107,True
0,LARGE_MAZE,1812,1812,1,2,4,5,beam_3,16,0.021232100029010326,6,0.0035386833381683878,True
0,LARGE_MAZE,1890,1890,1,4,2,7,greedy,16,0.017199099995195866,6,0.0028665166658659777,True
0,LARGE_MAZE,1890,1890,1,4,2,7,beam_2,16,0.019443299970589578,6,0.003240549995098263,True
0,LARGE_MAZE,1890,1890,1,4,2,7,beam_3,16,0.02014089998556301,6,0.0033568166642605015,True
0,LARGE_MAZE,1928,1928,1,5,1,7,greedy,16,0.017086899955756962,6,0.002847816659292827,True
0,LARGE_MAZE,1928,1928,1,5,1,7,beam_2,16,0.019074399955570698,6,0.003179066659261783,True
0,LARGE_MAZE,1928,1928,1,5,1,7,beam_3,16,0.02183749998221174,6,0.003639583330368623,True
0,LARGE_MAZE,1973,1973,1,7,1,5,greedy,16,0.05298550002044067,16,0.0033115937512775417,False
0,LARGE_MAZE,1973,1973,1,7,1,5,beam_2,16,0.018595000030472875,6,0.003099166671745479,True
0,LARGE_MAZE,1973,1973,1,7,1,5,beam_3,16,0.020092599967028946,6,0.003348766661171491,True
0,LARGE_MAZE,2046,2046,1,8,5,10,greedy,16,0.017482299997936934,6,0.0029137166663228222,True
0,LARGE_MAZE,2046,2046,1,8,5,10,beam_2,16,0.01848750002682209,6,0.0030812500044703484,True
0,LARGE_MAZE,2046,2046,1,8,5,10,beam_3,16,0.022618800052441657,6,0.003769800008740276,True
0,LARGE_MAZE,2159,2159,2,1,2,5,greedy,16,0.01981189998332411,6,0.0033019833305540183,True
0,LARGE_MAZE,2159,2159,2,1,2,5,beam_2,16,0.02307599998312071,6,0.003845999997186785,True
0,LARGE_MAZE,2159,2159,2,1,2,5,beam_3,16,0.024414500046987087,6,0.004069083341164514,True
0,LARGE_MAZE,2220,2220,2,3,5,2,greedy,16,0.05831880000187084,16,0.0036449250001169275,False
0,LARGE_MAZE,2220,2220,2,3,5,2,beam_2,16,0.024118200002703816,6,0.004019700000450636,True
0,LARGE_MAZE,2220,2220,2,3,5,2,beam_3,16,0.02840369998011738,6,0.00473394999668623,True
0,LARGE_MAZE,2265,2265,2,5,5,2,greedy,16,0.022501599974930286,6,0.003750266662488381,True
0,LARGE_MAZE,2265,2265,2,5,5,2,beam_2,16,0.024012699956074357,6,0.0040021166593457265,True
0,LARGE_MAZE,2265,2265,2,5,5,2,beam_3,16,0.026073899993207306,6,0.004345649998867884,True
0,LARGE_MAZE,2316,2316,2,7,5,10,greedy,16,0.05425520002609119,16,0.0033909500016306993,False
0,LARGE_MAZE,2316,2316,2,7,5,10,beam_2,16,0.02692520001437515,8,0.0033656500017968938,True
0,LARGE_MAZE,2316,2316,2,7,5,10,beam_3,16,0.02030239999294281,6,0.003383733332157135,True
0,LARGE_MAZE,2403,2403,3,1,5,5,greedy,16,0.0497793999966234,16,0.0031112124997889623,False
0,LARGE_MAZE,2403,2403,3,1,5,5,beam_2,16,0.04056749999290332,10,0.004056749999290332,True
0,LARGE_MAZE,2403,2403,3,1,5,5,beam_3,16,0.03229599999031052,6,0.005382666665051754,True
0,LARGE_MAZE,2480,2480,3,3,3,5,greedy,16,0.02220760000636801,6,0.0037012666677280017,True
0,LARGE_MAZE,2480,2480,3,3,3,5,beam_2,16,0.021965500025544316,6,0.0036609166709240526,True
0,LARGE_MAZE,2480,2480,3,3,3,5,beam_3,16,0.021353799966163933,6,0.003558966661027322,True
0,LARGE_MAZE,2525,2525,3,5,3,3,greedy,16,0.0517468000180088,16,0.00323417500112555,False
0,LARGE_MAZE,2525,2525,3,5,3,3,beam_2,16,0.039095900021493435,10,0.003909590002149343,True
0,LARGE_MAZE,2525,2525,3,5,3,3,beam_3,16,0.020353300031274557,6,0.0033922166718790927,True
0,LARGE_MAZE,2555,2555,3,6,1,2,greedy,16,0.01800579996779561,6,0.0030009666612992683,True
0,LARGE_MAZE,2555,2555,3,6,1,2,beam_2,16,0.018748600035905838,6,0.003124766672650973,True
0,LARGE_MAZE,2555,2555,3,6,1,2,beam_3,16,0.02043560001766309,6,0.0034059333362771818,True
0,LARGE_MAZE,2587,2587,3,6,6,3,greedy,16,0.017019799968693405,6,0.0028366333281155676,True
0,LARGE_MAZE,2587,2587,3,6,6,3,beam_2,16,0.01796600001398474,6,0.0029943333356641233,True
0,LARGE_MAZE,2587,2587,3,6,6,3,beam_3,16,0.019460900046397,6,0.0032434833410661668,True
0,LARGE_MAZE,2639,2639,3,7,7,5,greedy,16,0.016798799973912537,6,0.0027997999956520894,True
0,LARGE_MAZE,2639,2639,3,7,7,5,beam_2,16,0.018399200052954257,6,0.0030665333421590426,True
0,LARGE_MAZE,2639,2639,3,7,7,5,beam_3,16,0.021656199998687953,6,0.003609366666447992,True
0,LARGE_MAZE,2693,2693,3,9,1,5,greedy,16,0.04867270000977442,16,0.003042043750610901,False
0,LARGE_MAZE,2693,2693,3,9,1,5,beam_2,16,0.04326529998797923,12,0.003605441665664936,True
0,LARGE_MAZE,2693,2693,3,9,1,5,beam_3,16,0.020316900045145303,6,0.003386150007524217,True
0,LARGE_MAZE,2778,2778,3,10,7,10,greedy,16,0.01750959997298196,6,0.00291826666216366,True
0,LARGE_MAZE,2778,2778,3,10,7,10,beam_2,16,0.01887700002407655,6,0.0031461666706794253,True
0,LARGE_MAZE,2778,2778,3,10,7,10,beam_3,16,0.021017300023231655,6,0.003502883337205276,True
0,LARGE_MAZE,2825,2825,4,5,1,2,greedy,16,0.049687699996866286,16,0.003105481249804143,False
0,LARGE_MAZE,2825,2825,4,5,1,2,beam_2,16,0.019289699965156615,6,0.0032149499941927693,True
0,LARGE_MAZE,2825,2825,4,5,1,2,beam_3,16,0.020135300001129508,6,0.0033558833335215845,True
0,LARGE_MAZE,2859,2859,4,5,6,7,greedy,16,0.01777490001404658,6,0.00296248333567443,True
0,LARGE_MAZE,2859,2859,4,5,6,7,beam_2,16,0.022897700022440404,6,0.0038162833370734006,True
0,LARGE_MAZE,2859,2859,4,5,6,7,beam_3,16,0.020877700007986277,6,0.0034796166679977127,True
0,LARGE_MAZE,2931,2931,5,1,3,5,greedy,16,0.019211500009987503,6,0.0032019166683312505,True
0,LARGE_MAZE,2931,2931,5,1,3,5,beam_2,16,0.023928200011141598,6,0.003988033335190266,True
0,LARGE_MAZE,2931,2931,5,1,3,5,beam_3,16,0.0244805000256747,6,0.00408008333761245,True
0,LARGE_MAZE,2970,2970,5,2,2,5,greedy,16,0.058513499971013516,16,0.0036570937481883448,False
0,LARGE_MAZE,2970,2970,5,2,2,5,beam_2,16,0.02467010001419112,6,0.00411168333569852,True
0,LARGE_MAZE,2970,2970,5,2,2,5,beam_3,16,0.02504510001745075,6,0.004174183336241792,True
0,LARGE_MAZE,3020,3020,5,3,3,3,greedy,16,0.060555600037332624,16,0.003784725002333289,False
0,LARGE_MAZE,3020,3020,5,3,3,3,beam_2,16,0.023578799969982356,6,0.003929799994997059,True
0,LARGE_MAZE,3020,3020,5,3,3,3,beam_3,16,0.02443310001399368,6,0.004072183335665613,True
0,LARGE_MAZE,3061,3061,5,4,2,7,greedy,16,0.020360399968922138,6,0.0033933999948203564,True
0,LARGE_MAZE,3061,3061,5,4,2,7,beam_2,16,0.023844000010285527,6,0.003974000001714255,True
0,LARGE_MAZE,3061,3061,5,4,2,7,beam_3,16,0.02269349998096004,6,0.0037822499968266734,True
0,LARGE_MAZE,3099,3099,5,5,1,7,greedy,16,0.018294200010132045,6,0.0030490333350220076,True
0,LARGE_MAZE,3099,3099,5,5,1,7,beam_2,16,0.018858600000385195,6,0.0031431000000641993,True
0,LARGE_MAZE,3099,3099,5,5,1,7,beam_3,16,0.021418899996206164,6,0.003569816666034361,True
0,LARGE_MAZE,3169,3169,5,7,5,5,greedy,16,0.018230600049719214,6,0.0030384333416198692,True
0,LARGE_MAZE,3169,3169,5,7,5,5,beam_2,16,0.019537399988621473,6,0.003256233331436912,True
0,LARGE_MAZE,3169,3169,5,7,5,5,beam_3,16,0.0198639000300318,6,0.0033106500050053,True
0,LARGE_MAZE,3247,3247,5,10,3,6,greedy,16,0.01967109995894134,6,0.003278516659823557,True
0,LARGE_MAZE,3247,3247,5,10,3,6,beam_2,16,0.019412599969655275,6,0.0032354333282758794,True
0,LARGE_MAZE,3247,3247,5,10,3,6,beam_3,16,0.0200316000264138,6,0.0033386000044023,True
0,LARGE_MAZE,3315,3315,6,3,7,6,greedy,16,0.016162999963853508,6,0.002693833327308918,True
0,LARGE_MAZE,3315,3315,6,3,7,6,beam_2,16,0.01951839996036142,6,0.0032530666600602367,True
0,LARGE_MAZE,3315,3315,6,3,7,6,beam_3,16,0.020865899976342916,6,0.0034776499960571527,True
0,LARGE_MAZE,3357,3357,6,5,7,2,greedy,16,0.034283599990885705,12,0.002856966665907142,True
0,LARGE_MAZE,3357,3357,6,5,7,2,beam_2,16,0.01817490003304556,6,0.0030291500055075935,True
0,LARGE_MAZE,3357,3357,6,5,7,2,beam_3,16,0.019567899988032877,6,0.003261316664672146,True
0,LARGE_MAZE,3480,3480,7,1,5,1,greedy,16,0.015357500000391155,6,0.002559583333398526,True
0,LARGE_MAZE,3480,3480,7,1,5,1,beam_2,16,0.018530800007283688,6,0.0030884666678806147,True
0,LARGE_MAZE,3480,3480,7,1,5,1,beam_3,16,0.01938549999613315,6,0.0032309166660221913,True
0,LARGE_MAZE,3558,3558,7,3,3,1,greedy,16,0.01667530002305284,6,0.002779216670508807,True
0,LARGE_MAZE,3558,3558,7,3,3,1,beam_2,16,0.018233500013593584,6,0.003038916668932264,True
0,LARGE_MAZE,3558,3558,7,3,3,1,beam_3,16,0.019015800033230335,6,0.003169300005538389,True
0,LARGE_MAZE,3615,3615,7,5,5,1,greedy,16,0.015747199999168515,6,0.0026245333331947527,True
0,LARGE_MAZE,3615,3615,7,5,5,1,beam_2,16,0.018041900009848177,6,0.0030069833349746964,True
0,LARGE_MAZE,3615,3615,7,5,5,1,beam_3,16,0.01984449999872595,6,0.003307416666454325,True
0,LARGE_MAZE,3668,3668,7,6,6,3,greedy,16,0.017628500005230308,6,0.0029380833342050514,True
0,LARGE_MAZE,3668,3668,7,6,6,3,beam_2,16,0.017249099968466908,6,0.0028748499947444848,True
0,LARGE_MAZE,3668,3668,7,6,6,3,beam_3,16,0.018579899973701686,6,0.0030966499956169478,True
0,LARGE_MAZE,3791,3791,7,10,3,10,greedy,16,0.015142999996896833,6,0.002523833332816139,True
0,LARGE_MAZE,3791,3791,7,10,3,10,beam_2,16,0.01852149999467656,6,0.0030869166657794267,True
0,LARGE_MAZE,3791,3791,7,10,3,10,beam_3,16,0.018024100048933178,6,0.0030040166748221964,True
0,LARGE_MAZE,1807,1807,1,2,3,7,greedy,16,0.018017499998677522,7,0.002573928571239646,True
0,LARGE_MAZE,1807,1807,1,2,3,7,beam_2,16,0.020821699989028275,7,0.0029745285698611823,True
0,LARGE_MAZE,1807,1807,1,2,3,7,beam_3,16,0.021104299987200648,7,0.0030148999981715213,True
0,LARGE_MAZE,1860,1860,1,3,5,2,greedy,16,0.018412400037050247,7,0.0026303428624357495,True
0,LARGE_MAZE,1860,1860,1,3,5,2,beam_2,16,0.025847400014754385,7,0.0036924857163934837,True
0,LARGE_MAZE,1860,1860,1,3,5,2,beam_3,16,0.022564600047189742,7,0.0032235142924556775,True
0,LARGE_MAZE,1904,1904,1,4,5,1,greedy,16,0.020199700025841594,7,0.002885671432263085,True
0,LARGE_MAZE,1904,1904,1,4,5,1,beam_2,16,0.027545500022824854,7,0.003935071431832122,True
0,LARGE_MAZE,1904,1904,1,4,5,1,beam_3,16,0.023646900022868067,7,0.003378128574695438,True
0,LARGE_MAZE,1946,1946,1,5,4,1,greedy,16,0.024598499992862344,9,0.0027331666658735937,True
0,LARGE_MAZE,1946,1946,1,5,4,1,beam_2,16,0.02832260000286624,9,0.0031469555558740264,True
0,LARGE_MAZE,1946,1946,1,5,4,1,beam_3,16,0.023018899955786765,7,0.003288414279398109,True
0,LARGE_MAZE,1997,1997,1,7,5,4,greedy,16,0.01913650002097711,7,0.0027337857172824442,True
0,LARGE_MAZE,1997,1997,1,7,5,4,beam_2,16,0.02223289996618405,7,0.0031761285665977213,True
0,LARGE_MAZE,1997,1997,1,7,5,4,beam_3,16,0.022935800021514297,7,0.003276542860216328,True
0,LARGE_MAZE,2045,2045,1,8,5,9,greedy,16,0.01885619998211041,7,0.0026937428545872016,True
0,LARGE_MAZE,2045,2045,1,8,5,9,beam_2,16,0.021880999964196235,7,0.0031258571377423194,True
0,LARGE_MAZE,2045,2045,1,8,5,9,beam_3,16,0.024990800011437386,7,0.003570114287348198,True
0,LARGE_MAZE,2147,2147,1,10,7,9,greedy,16,0.03845789999468252,13,0.002958299999590963,True
0,LARGE_MAZE,2147,2147,1,10,7,9,beam_2,16,0.023624600027687848,7,0.003374942861098264,True
0,LARGE_MAZE,2147,2147,1,10,7,9,beam_3,16,0.026162800029851496,7,0.0037375428614073564,True
0,LARGE_MAZE,2221,2221,2,3,5,3,greedy,16,0.030070999986492097,9,0.003341222220721344,True
0,LARGE_MAZE,2221,2221,2,3,5,3,beam_2,16,0.05030340002849698,9,0.005589266669832998,True
0,LARGE_MAZE,2221,2221,2,3,5,3,beam_3,16,0.036126499995589256,7,0.005160928570798465,True
0,LARGE_MAZE,2263,2263,2,5,4,10,greedy,16,0.030473299964796752,7,0.004353328566399536,True
0,LARGE_MAZE,2263,2263,2,5,4,10,beam_2,16,0.030595600022934377,7,0.0043708000032763395,True
0,LARGE_MAZE,2263,2263,2,5,4,10,beam_3,16,0.029202100005932152,7,0.004171728572276022,True
0,LARGE_MAZE,2311,2311,2,7,5,3,greedy,16,0.020714899990707636,7,0.002959271427243948,True
0,LARGE_MAZE,2311,2311,2,7,5,3,beam_2,16,0.023469100007787347,7,0.0033527285725410494,True
0,LARGE_MAZE,2311,2311,2,7,5,3,beam_3,16,0.02478289999999106,7,0.0035404142857130083,True
0,LARGE_MAZE,2373,2373,2,10,7,10,greedy,16,0.020827800035476685,7,0.002975400005068098,True
0,LARGE_MAZE,2373,2373,2,10,7,10,beam_2,16,0.02360169996973127,7,0.0033716714242473245,True
0,LARGE_MAZE,2373,2373,2,10,7,10,beam_3,16,0.025381700019352138,7,0.003625957145621734,True
0,LARGE_MAZE,2435,2435,3,2,3,5,greedy,16,0.019667499989736825,7,0.0028096428556766894,True
0,LARGE_MAZE,2435,2435,3,2,3,5,beam_2,16,0.02183440001681447,7,0.003119200002402067,True
0,LARGE_MAZE,2435,2435,3,2,3,5,beam_3,16,0.022472500044386834,7,0.003210357149198119,True
0,LARGE_MAZE,2492,2492,3,3,5,4,greedy,16,0.032181500049773604,11,0.002925590913615782,True
0,LARGE_MAZE,2492,2492,3,3,5,4,beam_2,16,0.02085189998615533,7,0.0029788428551650475,True
0,LARGE_MAZE,2492,2492,3,3,5,4,beam_3,16,0.022651700011920184,7,0.003235957144560026,True
0,LARGE_MAZE,2531,2531,3,5,4,1,greedy,16,0.024388099962379783,9,0.0027097888847088646,True
0,LARGE_MAZE,2531,2531,3,5,4,1,beam_2,16,0.02124899998307228,7,0.003035571426153183,True
0,LARGE_MAZE,2531,2531,3,5,4,1,beam_3,16,0.021485199977178127,7,0.003069314282454018,True
0,LARGE_MAZE,2570,2570,3,6,3,3,greedy,16,0.051273300021421164,16,0.0032045812513388228,False
0,LARGE_MAZE,2570,2570,3,6,3,3,beam_2,16,0.02243289997568354,7,0.00320469999652622,True
0,LARGE_MAZE,2570,2570,3,6,3,3,beam_3,16,0.021599199972115457,7,0.0030855999960164937,True
0,LARGE_MAZE,2600,2600,3,7,1,2,greedy,16,0.019741800031624734,7,0.002820257147374962,True
0,LARGE_MAZE,2600,2600,3,7,1,2,beam_2,16,0.025736199982929975,7,0.003676599997561425,True
0,LARGE_MAZE,2600,2600,3,7,1,2,beam_3,16,0.025614799989853054,7,0.003659257141407579,True
0,LARGE_MAZE,2640,2640,3,7,7,6,greedy,16,0.021194100030697882,7,0.0030277285758139832,True
0,LARGE_MAZE,2640,2640,3,7,7,6,beam_2,16,0.020614300039596856,7,0.0029449000056566937,True
0,LARGE_MAZE,2640,2640,3,7,7,6,beam_3,16,0.024345999991055578,7,0.0034779999987222254,True
0,LARGE_MAZE,2692,2692,3,9,1,4,greedy,16,0.01909070002147928,7,0.0027272428602113257,True
0,LARGE_MAZE,2692,2692,3,9,1,4,beam_2,16,0.020869300002232194,7,0.0029813285717474563,True
0,LARGE_MAZE,2692,2692,3,9,1,4,beam_3,16,0.023392700008116663,7,0.003341814286873809,True
0,LARGE_MAZE,2763,2763,3,10,5,5,greedy,16,0.01855859998613596,7,0.0026512285694479942,True
0,LARGE_MAZE,2763,2763,3,10,5,5,beam_2,16,0.10745690000476316,7,0.015350985714966165,True
0,LARGE_MAZE,2763,2763,3,10,5,5,beam_3,16,0.07825809996575117,7,0.011179728566535882,True
0,LARGE_MAZE,2824,2824,4,5,1,1,greedy,16,0.12518969998927787,16,0.007824356249329867,False
0,LARGE_MAZE,2824,2824,4,5,1,1,beam_2,16,0.029825799982063472,7,0.004260828568866211,True
0,LARGE_MAZE,2824,2824,4,5,1,1,beam_3,16,0.056086900003720075,7,0.008012414286245726,True
0,LARGE_MAZE,2848,2848,4,5,4,10,greedy,16,0.03335929999593645,7,0.004765614285133779,True
0,LARGE_MAZE,2848,2848,4,5,4,10,beam_2,16,0.060158099979162216,7,0.008594014282737459,True
0,LARGE_MAZE,2848,2848,4,5,4,10,beam_3,16,0.03731460002018139,7,0.0053306571457401985,True
0,LARGE_MAZE,2917,2917,5,1,1,4,greedy,16,0.07882779999636114,16,0.004926737499772571,False
0,LARGE_MAZE,2917,2917,5,1,1,4,beam_2,16,0.030161800037603825,7,0.004308828576800546,True
0,LARGE_MAZE,2917,2917,5,1,1,4,beam_3,16,0.02977419999660924,7,0.0042534571423727486,True
0,LARGE_MAZE,2963,2963,5,2,1,5,greedy,16,0.07458279997808859,16,0.004661424998630537,False
0,LARGE_MAZE,2963,2963,5,2,1,5,beam_2,16,0.03265859995735809,7,0.004665514279622585,True
0,LARGE_MAZE,2963,2963,5,2,1,5,beam_3,16,0.03708709997590631,7,0.005298157139415187,True
0,LARGE_MAZE,3014,3014,5,3,2,3,greedy,16,0.08445989998290315,9,0.009384433331433684,True
0,LARGE_MAZE,3014,3014,5,3,2,3,beam_2,16,0.04652000003261492,9,0.0051688888925127685,True
0,LARGE_MAZE,3014,3014,5,3,2,3,beam_3,16,0.04721529997186735,9,0.005246144441318595,True
0,LARGE_MAZE,3051,3051,5,4,1,3,greedy,16,0.0416632000124082,9,0.004629244445823133,True
0,LARGE_MAZE,3051,3051,5,4,1,3,beam_2,16,0.03251390001969412,7,0.004644842859956303,True
0,LARGE_MAZE,3051,3051,5,4,1,3,beam_3,16,0.0331183000234887,7,0.004731185717641243,True
0,LARGE_MAZE,3095,3095,5,5,1,2,greedy,16,0.028644500009249896,7,0.004092071429892842,True
0,LARGE_MAZE,3095,3095,5,5,1,2,beam_2,16,0.03135490004206076,7,0.004479271434580109,True
0,LARGE_MAZE,3095,3095,5,5,1,2,beam_3,16,0.03580869996221736,7,0.005115528566031051,True
0,LARGE_MAZE,3116,3116,5,5,3,10,greedy,16,0.030009600042831153,7,0.00428708572040445,True
0,LARGE_MAZE,3116,3116,5,5,3,10,beam_2,16,0.029942799999844283,7,0.004277542857120612,True
0,LARGE_MAZE,3116,3116,5,5,3,10,beam_3,16,0.033944400027394295,7,0.004849200003913471,True
0,LARGE_MAZE,3202,3202,5,9,3,6,greedy,16,0.028373799985274673,7,0.004053399997896382,True
0,LARGE_MAZE,3202,3202,5,9,3,6,beam_2,16,0.03262529999483377,7,0.00466075714211911,True
0,LARGE_MAZE,3202,3202,5,9,3,6,beam_3,16,0.035070600046310574,7,0.00501008572090151,True
0,LARGE_MAZE,3290,3290,6,3,3,3,greedy,16,0.030706999998074025,7,0.004386714285439146,True
0,LARGE_MAZE,3290,3290,6,3,3,3,beam_2,16,0.03352009999798611,7,0.004788585713998016,True
0,LARGE_MAZE,3290,3290,6,3,3,3,beam_3,16,0.0333400999661535,7,0.004762871423736215,True
0,LARGE_MAZE,3333,3333,6,5,3,1,greedy,16,0.028469800017774105,7,0.004067114288253444,True
0,LARGE_MAZE,3333,3333,6,5,3,1,beam_2,16,0.031567900034133345,7,0.0045097000048761925,True
0,LARGE_MAZE,3333,3333,6,5,3,1,beam_3,16,0.03232449997449294,7,0.0046177857106418484,True
0,LARGE_MAZE,3416,3416,6,9,1,9,greedy,16,0.06579349999083206,16,0.004112093749427004,False
0,LARGE_MAZE,3416,3416,6,9,1,9,beam_2,16,0.028892500034999102,7,0.004127500004999872,True
0,LARGE_MAZE,3416,3416,6,9,1,9,beam_3,16,0.03147660003742203,7,0.004496657148203147,True
0,LARGE_MAZE,3513,3513,7,2,3,1,greedy,16,0.029413799988105893,7,0.004201971426872271,True
0,LARGE_MAZE,3513,3513,7,2,3,1,beam_2,16,0.03230920003261417,7,0.004615600004659167,True
0,LARGE_MAZE,3513,3513,7,2,3,1,beam_3,16,0.03344920004019514,7,0.0047784571485993054,True
0,LARGE_MAZE,3559,3559,7,3,3,2,greedy,16,0.068340000056196,16,0.00427125000351225,False
0,LARGE_MAZE,3559,3559,7,3,3,2,beam_2,16,0.030800700013060123,7,0.004400100001865732,True
0,LARGE_MAZE,3559,3559,7,3,3,2,beam_3,16,0.03182950004702434,7,0.004547071435289192,True
0,LARGE_MAZE,3609,3609,7,5,3,8,greedy,16,0.027044099988415837,7,0.003863442855487977,True
0,LARGE_MAZE,3609,3609,7,5,3,8,beam_2,16,0.031414000026416034,7,0.004487714289488005,True
0,LARGE_MAZE,3609,3609,7,5,3,8,beam_3,16,0.03452159999869764,7,0.004931657142671091,True
0,LARGE_MAZE,3660,3660,7,6,5,1,greedy,16,0.02872820000629872,7,0.004104028572328389,True
0,LARGE_MAZE,3660,3660,7,6,5,1,beam_2,16,0.029419299971777946,7,0.0042027571388254205,True
0,LARGE_MAZE,3660,3660,7,6,5,1,beam_3,16,0.02871510002296418,7,0.00410215714613774,True
0,LARGE_MAZE,3713,3713,7,7,6,3,greedy,16,0.05907760001718998,16,0.0036923500010743737,False
0,LARGE_MAZE,3713,3713,7,7,6,3,beam_2,16,0.062082800024654716,16,0.0038801750015409198,False
0,LARGE_MAZE,3713,3713,7,7,6,3,beam_3,16,0.020839599950704724,7,0.002977085707243532,True
0,LARGE_MAZE,1762,1762,1,1,3,7,greedy,18,0.021348799986299127,8,0.002668599998287391,True
0,LARGE_MAZE,1762,1762,1,1,3,7,beam_2,18,0.025825099961366504,8,0.003228137495170813,True
0,LARGE_MAZE,1762,1762,1,1,3,7,beam_3,18,0.026409400044940412,8,0.0033011750056175515,True
0,LARGE_MAZE,1817,1817,1,2,5,4,greedy,18,0.022181599983014166,8,0.002772699997876771,True
0,LARGE_MAZE,1817,1817,1,2,5,4,beam_2,18,0.020058299996890128,8,0.002507287499611266,True
0,LARGE_MAZE,1817,1817,1,2,5,4,beam_3,18,0.02593379997415468,8,0.003241724996769335,True
0,LARGE_MAZE,1861,1861,1,3,5,3,greedy,18,0.02705679996870458,8,0.0033820999960880727,True
0,LARGE_MAZE,1861,1861,1,3,5,3,beam_2,18,0.02867039997363463,8,0.003583799996704329,True
0,LARGE_MAZE,1861,1861,1,3,5,3,beam_3,18,0.029970300034619868,8,0.0037462875043274835,True
0,LARGE_MAZE,1912,1912,1,4,6,3,greedy,18,0.05421749997185543,18,0.0030120833317697463,False
0,LARGE_MAZE,1912,1912,1,4,6,3,beam_2,18,0.02506010001525283,8,0.0031325125019066036,True
0,LARGE_MAZE,1912,1912,1,4,6,3,beam_3,18,0.03272840002318844,8,0.004091050002898555,True
0,LARGE_MAZE,1949,1949,1,5,5,1,greedy,18,0.024634100031107664,8,0.003079262503888458,True
0,LARGE_MAZE,1949,1949,1,5,5,1,beam_2,18,0.025211500003933907,8,0.0031514375004917383,True
0,LARGE_MAZE,1949,1949,1,5,5,1,beam_3,18,0.023988100001588464,8,0.002998512500198558,True
0,LARGE_MAZE,2000,2000,1,7,5,9,greedy,18,0.023127099964767694,8,0.002890887495595962,True
0,LARGE_MAZE,2000,2000,1,7,5,9,beam_2,18,0.031468299974221736,8,0.003933537496777717,True
0,LARGE_MAZE,2000,2000,1,7,5,9,beam_3,18,0.03611079999245703,8,0.004513849999057129,True
0,LARGE_MAZE,2050,2050,1,8,6,9,greedy,18,0.06753659999230877,18,0.0037520333329060427,False
0,LARGE_MAZE,2050,2050,1,8,6,9,beam_2,18,0.033973800018429756,8,0.0042467250023037195,True
0,LARGE_MAZE,2050,2050,1,8,6,9,beam_3,18,0.0321119999862276,8,0.00401399999827845,True
0,LARGE_MAZE,2127,2127,1,10,4,5,greedy,18,0.02828830003272742,8,0.0035360375040909275,True
0,LARGE_MAZE,2127,2127,1,10,4,5,beam_2,18,0.029646300012245774,8,0.003705787501530722,True
0,LARGE_MAZE,2127,2127,1,10,4,5,beam_3,18,0.03518850001273677,8,0.004398562501592096,True
0,LARGE_MAZE,2187,2187,2,1,7,2,greedy,18,0.031285100034438074,8,0.003910637504304759,True
0,LARGE_MAZE,2187,2187,2,1,7,2,beam_2,18,0.03717540000798181,8,0.004646925000997726,True
0,LARGE_MAZE,2187,2187,2,1,7,2,beam_3,18,0.03464029997121543,8,0.004330037496401928,True
0,LARGE_MAZE,2228,2228,2,3,6,5,greedy,18,0.03730379999615252,10,0.003730379999615252,True
0,LARGE_MAZE,2228,2228,2,3,6,5,beam_2,18,0.02948999998625368,8,0.00368624999828171,True
0,LARGE_MAZE,2228,2228,2,3,6,5,beam_3,18,0.030881799990311265,8,0.003860224998788908,True
0,LARGE_MAZE,2277,2277,2,5,7,2,greedy,18,0.042281300004106015,8,0.005285162500513252,True
0,LARGE_MAZE,2277,2277,2,5,7,2,beam_2,18,0.032199200009927154,8,0.004024900001240894,True
0,LARGE_MAZE,2277,2277,2,5,7,2,beam_3,18,0.03404869994847104,8,0.00425608749355888,True
0,LARGE_MAZE,2320,2320,2,7,6,9,greedy,18,0.03709759999765083,8,0.004637199999706354,True
0,LARGE_MAZE,2320,2320,2,7,6,9,beam_2,18,0.0368220999953337,8,0.004602762499416713,True
0,LARGE_MAZE,2320,2320,2,7,6,9,beam_3,18,0.030441799957770854,8,0.0038052249947213568,True
0,LARGE_MAZE,2411,2411,3,1,7,1,greedy,18,0.030874099989887327,8,0.003859262498735916,True
0,LARGE_MAZE,2411,2411,3,1,7,1,beam_2,18,0.029746899963356555,8,0.0037183624954195693,True
0,LARGE_MAZE,2411,2411,3,1,7,1,beam_3,18,0.0371026000357233,8,0.004637825004465412,True
0,LARGE_MAZE,2457,2457,3,2,7,2,greedy,18,0.033467400004155934,8,0.004183425000519492,True
0,LARGE_MAZE,2457,2457,3,2,7,2,beam_2,18,0.0330130000365898,8,0.004126625004573725,True
0,LARGE_MAZE,2457,2457,3,2,7,2,beam_3,18,0.03504700004123151,8,0.004380875005153939,True
0,LARGE_MAZE,2539,2539,3,5,5,7,greedy,18,0.05367219995241612,18,0.00298178888624534,False
0,LARGE_MAZE,2539,2539,3,5,5,7,beam_2,18,0.031431599985808134,8,0.003928949998226017,True
0,LARGE_MAZE,2539,2539,3,5,5,7,beam_3,18,0.030717599962372333,8,0.0038396999952965416,True
0,LARGE_MAZE,2576,2576,3,6,4,1,greedy,18,0.032095200032927096,8,0.004011900004115887,True
0,LARGE_MAZE,2576,2576,3,6,4,1,beam_2,18,0.03413650003494695,8,0.0042670625043683685,True
0,LARGE_MAZE,2576,2576,3,6,4,1,beam_3,18,0.03619740001158789,8,0.004524675001448486,True
0,LARGE_MAZE,2615,2615,3,7,3,3,greedy,18,0.06879990000743419,18,0.0038222166670796773,False
0,LARGE_MAZE,2615,2615,3,7,3,3,beam_2,18,0.02566270000534132,8,0.003207837500667665,True
0,LARGE_MAZE,2615,2615,3,7,3,3,beam_3,18,0.021742000011727214,8,0.0027177500014659017,True
0,LARGE_MAZE,2645,2645,3,8,1,2,greedy,18,0.022758000006433576,8,0.002844750000804197,True
0,LARGE_MAZE,2645,2645,3,8,1,2,beam_2,18,0.028955699992366135,8,0.003619462499045767,True
0,LARGE_MAZE,2645,2645,3,8,1,2,beam_3,18,0.03133160003926605,8,0.003916450004908256,True
0,LARGE_MAZE,2688,2688,3,8,7,10,greedy,18,0.02709730004426092,8,0.003387162505532615,True
0,LARGE_MAZE,2688,2688,3,8,7,10,beam_2,18,0.030262899992521852,8,0.0037828624990652315,True
0,LARGE_MAZE,2688,2688,3,8,7,10,beam_3,18,0.03226589999394491,8,0.004033237499243114,True
0,LARGE_MAZE,2762,2762,3,10,5,4,greedy,18,0.025349700008518994,8,0.0031687125010648742,True
0,LARGE_MAZE,2762,2762,3,10,5,4,beam_2,18,0.02550589997554198,8,0.0031882374969427474,True
0,LARGE_MAZE,2762,2762,3,10,5,4,beam_3,18,0.0277504000114277,8,0.0034688000014284626,True
0,LARGE_MAZE,2832,2832,4,5,1,10,greedy,18,0.01894400001037866,8,0.0023680000012973323,True
0,LARGE_MAZE,2832,2832,4,5,1,10,beam_2,18,0.028253199998289347,8,0.0035316499997861683,True
0,LARGE_MAZE,2832,2832,4,5,1,10,beam_3,18,0.030380700016394258,8,0.003797587502049282,True
0,LARGE_MAZE,2898,2898,4,10,5,5,greedy,18,0.04626289999578148,8,0.005782862499472685,True
0,LARGE_MAZE,2898,2898,4,10,5,5,beam_2,18,0.05765769997378811,8,0.007207212496723514,True
0,LARGE_MAZE,2898,2898,4,10,5,5,beam_3,18,0.04659330000868067,8,0.005824162501085084,True
0,LARGE_MAZE,2971,2971,5,2,2,7,greedy,18,0.03349719999823719,8,0.004187149999779649,True
0,LARGE_MAZE,2971,2971,5,2,2,7,beam_2,18,0.03298540000105277,8,0.004123175000131596,True
0,LARGE_MAZE,2971,2971,5,2,2,7,beam_3,18,0.034871599986217916,8,0.0043589499982772395,True
0,LARGE_MAZE,3025,3025,5,3,3,9,greedy,18,0.028569300018716604,8,0.0035711625023395754,True
0,LARGE_MAZE,3025,3025,5,3,3,9,beam_2,18,0.03055540000787005,8,0.003819425000983756,True
0,LARGE_MAZE,3025,3025,5,3,3,9,beam_3,18,0.03415099997073412,8,0.004268874996341765,True
0,LARGE_MAZE,3071,3071,5,4,3,10,greedy,18,0.02435750002041459,8,0.003044687502551824,True
0,LARGE_MAZE,3071,3071,5,4,3,10,beam_2,18,0.03005290002329275,8,0.0037566125029115938,True
0,LARGE_MAZE,3071,3071,5,4,3,10,beam_3,18,0.034015300043392926,8,0.004251912505424116,True
0,LARGE_MAZE,3119,3119,5,5,4,10,greedy,18,0.026521399966441095,8,0.003315174995805137,True
0,LARGE_MAZE,3119,3119,5,5,4,10,beam_2,18,0.03981029998976737,8,0.004976287498720922,True
0,LARGE_MAZE,3119,3119,5,5,4,10,beam_3,18,0.03447979997145012,8,0.004309974996431265,True
0,LARGE_MAZE,3240,3240,5,10,2,5,greedy,18,0.03196870000101626,8,0.003996087500127032,True
0,LARGE_MAZE,3240,3240,5,10,2,5,beam_2,18,0.03765620000194758,8,0.004707025000243448,True
0,LARGE_MAZE,3240,3240,5,10,2,5,beam_3,18,0.03189300000667572,8,0.003986625000834465,True
0,LARGE_MAZE,3286,3286,6,3,2,7,greedy,18,0.03155039995908737,8,0.0039437999948859215,True
0,LARGE_MAZE,3286,3286,6,3,2,7,beam_2,18,0.03328010003315285,8,0.004160012504144106,True
0,LARGE_MAZE,3286,3286,6,3,2,7,beam_3,18,0.034376800002064556,8,0.0042971000002580695,True
0,LARGE_MAZE,3328,3328,6,5,2,1,greedy,18,0.026149899989832193,8,0.003268737498729024,True
0,LARGE_MAZE,3328,3328,6,5,2,1,beam_2,18,0.03247730003204197,8,0.004059662504005246,True
0,LARGE_MAZE,3328,3328,6,5,2,1,beam_3,18,0.03280539996922016,8,0.00410067499615252,True
0,LARGE_MAZE,3382,3382,6,7,3,6,greedy,18,0.02758579998044297,8,0.0034482249975553714,True
0,LARGE_MAZE,3382,3382,6,7,3,6,beam_2,18,0.02712220000103116,8,0.003390275000128895,True
0,LARGE_MAZE,3382,3382,6,7,3,6,beam_3,18,0.029353099991567433,8,0.003669137498945929,True
0,LARGE_MAZE,3427,3427,6,9,3,6,greedy,18,0.025299200031440705,8,0.003162400003930088,True
0,LARGE_MAZE,3427,3427,6,9,3,6,beam_2,18,0.02740079996874556,8,0.003425099996093195,True
0,LARGE_MAZE,3427,3427,6,9,3,6,beam_3,18,0.037522299971897155,8,0.004690287496487144,True
0,LARGE_MAZE,3510,3510,7,2,2,5,greedy,18,0.06568949995562434,18,0.0036494166642013523,False
0,LARGE_MAZE,3510,3510,7,2,2,5,beam_2,18,0.036633099953178316,8,0.0045791374941472895,True
0,LARGE_MAZE,3510,3510,7,2,2,5,beam_3,18,0.03317289997357875,8,0.004146612496697344,True
0,LARGE_MAZE,3548,3548,7,3,1,5,greedy,18,0.045694800035562366,12,0.0038079000029635304,True
0,LARGE_MAZE,3548,3548,7,3,1,5,beam_2,18,0.03340149996802211,8,0.0041751874960027635,True
0,LARGE_MAZE,3548,3548,7,3,1,5,beam_3,18,0.033585800032597035,8,0.004198225004074629,True
0,LARGE_MAZE,3594,3594,7,5,1,7,greedy,18,0.030302500003017485,8,0.0037878125003771856,True
0,LARGE_MAZE,3594,3594,7,5,1,7,beam_2,18,0.033078900014515966,8,0.004134862501814496,True
0,LARGE_MAZE,3594,3594,7,5,1,7,beam_3,18,0.03893410001182929,8,0.004866762501478661,True
0,LARGE_MAZE,3646,3646,7,6,2,7,greedy,18,0.0291597000323236,8,0.00364496250404045,True
0,LARGE_MAZE,3646,3646,7,6,2,7,beam_2,18,0.03367129998514429,8,0.004208912498143036,True
0,LARGE_MAZE,3646,3646,7,6,2,7,beam_3,18,0.03725689998827875,8,0.004657112498534843,True
0,LARGE_MAZE,3698,3698,7,7,3,7,greedy,18,0.03284460003487766,8,0.004105575004359707,True
0,LARGE_MAZE,3698,3698,7,7,3,7,beam_2,18,0.04346440004883334,8,0.0054330500061041676,True
0,LARGE_MAZE,3698,3698,7,7,3,7,beam_3,18,0.035760800004936755,8,0.004470100000617094,True
0,LARGE_MAZE,3777,3777,7,10,1,10,greedy,18,0.06024799996521324,14,0.004303428568943802,True
0,LARGE_MAZE,3777,3777,7,10,1,10,beam_2,18,0.0327141999732703,8,0.004089274996658787,True
0,LARGE_MAZE,3777,3777,7,10,1,10,beam_3,18,0.03525580000132322,8,0.004406975000165403,True
0,LARGE_MAZE,1782,1782,1,1,7,2,greedy,20,0.046160000027157366,13,0.0035507692328582588,True
0,LARGE_MAZE,1782,1782,1,1,7,2,beam_2,20,0.04453369998373091,9,0.004948188887081212,True
0,LARGE_MAZE,1782,1782,1,1,7,2,beam_3,20,0.07884570001624525,9,0.00876063333513836,True
0,LARGE_MAZE,1839,1839,1,3,1,8,greedy,20,0.03846800001338124,9,0.004274222223709027,True
0,LARGE_MAZE,1839,1839,1,3,1,8,beam_2,20,0.03370490000816062,9,0.0037449888897956246,True
0,LARGE_MAZE,1839,1839,1,3,1,8,beam_3,20,0.040690199995879084,9,0.004521133332875454,True
0,LARGE_MAZE,1891,1891,1,4,2,10,greedy,20,0.05166830000234768,9,0.005740922222483075,True
0,LARGE_MAZE,1891,1891,1,4,2,10,beam_2,20,0.03905850002774969,9,0.004339833336416632,True
0,LARGE_MAZE,1891,1891,1,4,2,10,beam_3,20,0.03945019998354837,9,0.004383355553727597,True
0,LARGE_MAZE,1956,1956,1,5,5,10,greedy,20,0.04366780002601445,9,0.004851977780668272,True
0,LARGE_MAZE,1956,1956,1,5,5,10,beam_2,20,0.04146530001889914,9,0.00460725555765546,True
0,LARGE_MAZE,1956,1956,1,5,5,10,beam_3,20,0.04084899998269975,9,0.004538777775855528,True
0,LARGE_MAZE,1995,1995,1,7,5,2,greedy,20,0.07345679996069521,19,0.0038661473663523793,False
0,LARGE_MAZE,1995,1995,1,7,5,2,beam_2,20,0.034280700027011335,9,0.003808966669667926,True
0,LARGE_MAZE,1995,1995,1,7,5,2,beam_3,20,0.03563719999510795,9,0.003959688888345327,True
0,LARGE_MAZE,2041,2041,1,8,5,3,greedy,20,0.030339200049638748,9,0.0033710222277376386,True
0,LARGE_MAZE,2041,2041,1,8,5,3,beam_2,20,0.0336828000145033,9,0.003742533334944811,True
0,LARGE_MAZE,2041,2041,1,8,5,3,beam_3,20,0.03536259999964386,9,0.003929177777738207,True
0,LARGE_MAZE,2093,2093,1,9,6,5,greedy,20,0.033914700034074485,9,0.003768300003786054,True
0,LARGE_MAZE,2093,2093,1,9,6,5,beam_2,20,0.03695530002005398,9,0.004106144446672665,True
0,LARGE_MAZE,2093,2093,1,9,6,5,beam_3,20,0.07215889997314662,9,0.008017655552571846,True
0,LARGE_MAZE,2186,2186,2,1,7,1,greedy,20,0.10834400000749156,19,0.005702315789867977,False
0,LARGE_MAZE,2186,2186,2,1,7,1,beam_2,20,0.056688400043640286,9,0.006298711115960032,True
0,LARGE_MAZE,2186,2186,2,1,7,1,beam_3,20,0.06090909999329597,9,0.006767677777032886,True
0,LARGE_MAZE,2234,2234,2,3,7,5,greedy,20,0.03605500003322959,9,0.004006111114803288,True
0,LARGE_MAZE,2234,2234,2,3,7,5,beam_2,20,0.03343239997047931,9,0.0037147111078310343,True
0,LARGE_MAZE,2234,2234,2,3,7,5,beam_3,20,0.03552399994805455,9,0.003947111105339395,True
0,LARGE_MAZE,2299,2299,2,7,3,3,greedy,20,0.059528500016313046,19,0.0031330789482270026,False
0,LARGE_MAZE,2299,2299,2,7,3,3,beam_2,20,0.029149700014386326,9,0.003238855557154036,True
0,LARGE_MAZE,2299,2299,2,7,3,3,beam_3,20,0.029998800018802285,9,0.003333200002089143,True
0,LARGE_MAZE,2332,2332,2,10,1,4,greedy,20,0.024728800053708255,9,0.0027476444504120285,True
0,LARGE_MAZE,2332,2332,2,10,1,4,beam_2,20,0.026213400007691234,9,0.0029126000008545816,True
0,LARGE_MAZE,2332,2332,2,10,1,4,beam_3,20,0.03357329999562353,9,0.0037303666661803923,True
0,LARGE_MAZE,2437,2437,3,2,3,7,greedy,20,0.023562299960758537,9,0.002618033328973171,True
0,LARGE_MAZE,2437,2437,3,2,3,7,beam_2,20,0.02754459995776415,9,0.003060511106418239,True
0,LARGE_MAZE,2437,2437,3,2,3,7,beam_3,20,0.02874450001399964,9,0.003193833334888849,True
0,LARGE_MAZE,2498,2498,3,3,6,5,greedy,20,0.023368599999230355,9,0.002596511111025595,True
0,LARGE_MAZE,2498,2498,3,3,6,5,beam_2,20,0.026768700045067817,9,0.0029743000050075352,True
0,LARGE_MAZE,2498,2498,3,3,6,5,beam_3,20,0.030506799987051636,9,0.0033896444430057374,True
0,LARGE_MAZE,2591,2591,3,6,7,1,greedy,20,0.02944259997457266,9,0.00327139999717474,True
0,LARGE_MAZE,2591,2591,3,6,7,1,beam_2,20,0.02610419999109581,9,0.0029004666656773123,True
0,LARGE_MAZE,2591,2591,3,6,7,1,beam_3,20,0.03093729994725436,9,0.0034374777719171513,True
0,LARGE_MAZE,2634,2634,3,7,6,7,greedy,20,0.054926900018472224,19,0.002890889474656433,False
0,LARGE_MAZE,2634,2634,3,7,6,7,beam_2,20,0.03642399999080226,9,0.00404711111008914,True
0,LARGE_MAZE,2634,2634,3,7,6,7,beam_3,20,0.03833479998866096,9,0.004259422220962329,True
0,LARGE_MAZE,2669,2669,3,8,5,1,greedy,20,0.039610200037714094,9,0.004401133337523788,True
0,LARGE_MAZE,2669,2669,3,8,5,1,beam_2,20,0.046072900004219264,9,0.005119211111579918,True
0,LARGE_MAZE,2669,2669,3,8,5,1,beam_3,20,0.0369211999932304,9,0.004102355554803378,True
0,LARGE_MAZE,2715,2715,3,9,5,2,greedy,20,0.08239169995067641,19,0.0043364052605619164,False
0,LARGE_MAZE,2715,2715,3,9,5,2,beam_2,20,0.04374420002568513,9,0.00486046666952057,True
0,LARGE_MAZE,2715,2715,3,9,5,2,beam_3,20,0.04838309995830059,9,0.005375899995366733,True
0,LARGE_MAZE,2774,2774,3,10,7,5,greedy,20,0.037033300031907856,9,0.004114811114656429,True
0,LARGE_MAZE,2774,2774,3,10,7,5,beam_2,20,0.029280300019308925,9,0.0032533666688121026,True
0,LARGE_MAZE,2774,2774,3,10,7,5,beam_3,20,0.03549219999695197,9,0.003943577777439107,True
0,LARGE_MAZE,2897,2897,4,10,5,4,greedy,20,0.035830200009513646,9,0.0039811333343904055,True
0,LARGE_MAZE,2897,2897,4,10,5,4,beam_2,20,0.035506099986378103,9,0.0039451222207086785,True
0,LARGE_MAZE,2897,2897,4,10,5,4,beam_3,20,0.03968660003738478,9,0.0044096222263760865,True
0,LARGE_MAZE,2964,2964,5,2,1,7,greedy,20,0.030357100011315197,9,0.003373011112368355,True
0,LARGE_MAZE,2964,2964,5,2,1,7,beam_2,20,0.031016099965199828,9,0.0034462333294666475,True
0,LARGE_MAZE,2964,2964,5,2,1,7,beam_3,20,0.039728600007947534,9,0.0044142888897719485,True
0,LARGE_MAZE,3056,3056,5,4,1,9,greedy,20,0.02718909998657182,9,0.003021011109619091,True
0,LARGE_MAZE,3056,3056,5,4,1,9,beam_2,20,0.02867209998657927,9,0.0031857888873976967,True
0,LARGE_MAZE,3056,3056,5,4,1,9,beam_3,20,0.030504299968015403,9,0.0033893666631128225,True
0,LARGE_MAZE,3150,3150,5,7,2,5,greedy,20,0.024637900001835078,9,0.002737544444648342,True
0,LARGE_MAZE,3150,3150,5,7,2,5,beam_2,20,0.027205499995034188,9,0.0030228333327815765,True
0,LARGE_MAZE,3150,3150,5,7,2,5,beam_3,20,0.02884840004844591,9,0.0032053777831606567,True
0,LARGE_MAZE,3208,3208,5,9,4,5,greedy,20,0.025556900014635175,9,0.002839655557181686,True
0,LARGE_MAZE,3208,3208,5,9,4,5,beam_2,20,0.02653119998285547,9,0.0029479111092061633,True
0,LARGE_MAZE,3208,3208,5,9,4,5,beam_3,20,0.02723609999520704,9,0.0030262333328007823,True
0,LARGE_MAZE,3295,3295,6,3,3,9,greedy,20,0.023247000004630536,9,0.002583000000514504,True
0,LARGE_MAZE,3295,3295,6,3,3,9,beam_2,20,0.026687500008847564,9,0.0029652777787608406,True
0,LARGE_MAZE,3295,3295,6,3,3,9,beam_3,20,0.029958800005260855,9,0.003328755556140095,True
0,LARGE_MAZE,3335,3335,6,5,3,3,greedy,20,0.06035280000651255,19,0.0031764631582375026,False
0,LARGE_MAZE,3335,3335,6,5,3,3,beam_2,20,0.030650599976070225,9,0.0034056222195633585,True
0,LARGE_MAZE,3335,3335,6,5,3,3,beam_3,20,0.031007800018414855,9,0.003445311113157206,True
0,LARGE_MAZE,3403,3403,6,7,7,3,greedy,20,0.024048199993558228,9,0.00267202222150647,True
0,LARGE_MAZE,3403,3403,6,7,7,3,beam_2,20,0.031123199965804815,9,0.0034581333295338685,True
0,LARGE_MAZE,3403,3403,6,7,7,3,beam_3,20,0.0358412999776192,9,0.003982366664179911,True
0,LARGE_MAZE,3469,3469,7,1,3,2,greedy,20,0.07106250000651926,19,0.0037401315792904874,False
0,LARGE_MAZE,3469,3469,7,1,3,2,beam_2,20,0.028548599977511913,9,0.0031720666641679904,True
0,LARGE_MAZE,3469,3469,7,1,3,2,beam_3,20,0.03255840000929311,9,0.0036176000010325676,True
0,LARGE_MAZE,3515,3515,7,2,3,3,greedy,20,0.05850139999529347,19,0.0030790210523838667,False
0,LARGE_MAZE,3515,3515,7,2,3,3,beam_2,20,0.027356599981430918,9,0.003039622220158991,True
0,LARGE_MAZE,3515,3515,7,2,3,3,beam_3,20,0.029010799946263433,9,0.0032234222162514925,True
0,LARGE_MAZE,3554,3554,7,3,2,3,greedy,20,0.05585210002027452,19,0.002939584211593396,False
0,LARGE_MAZE,3554,3554,7,3,2,3,beam_2,20,0.060450099990703166,19,0.0031815842100370085,False
0,LARGE_MAZE,3554,3554,7,3,2,3,beam_3,20,0.0285872999811545,9,0.0031763666645727223,True
0,LARGE_MAZE,3595,3595,7,5,1,8,greedy,20,0.023293300007935613,9,0.0025881444453261793,True
0,LARGE_MAZE,3595,3595,7,5,1,8,beam_2,20,0.026307799969799817,9,0.002923088885533313,True
0,LARGE_MAZE,3595,3595,7,5,1,8,beam_3,20,0.030327499960549176,9,0.0033697222178387973,True
0,LARGE_MAZE,3636,3636,7,6,1,3,greedy,20,0.030463499948382378,9,0.003384833327598042,True
0,LARGE_MAZE,3636,3636,7,6,1,3,beam_2,20,0.033007999998517334,9,0.003667555555390815,True
0,LARGE_MAZE,3636,3636,7,6,1,3,beam_3,20,0.033842100005131215,9,0.0037602333339034682,True
0,LARGE_MAZE,3682,3682,7,7,1,4,greedy,20,0.02792550000594929,9,0.0031028333339943653,True
0,LARGE_MAZE,3682,3682,7,7,1,4,beam_2,20,0.031843199976719916,9,0.0035381333307466572,True
0,LARGE_MAZE,3682,3682,7,7,1,4,beam_3,20,0.04549859999679029,9,0.005055399999643366,True
0,LARGE_MAZE,3730,3730,7,9,1,8,greedy,20,0.08999950002180412,19,0.00473681579062127,False
0,LARGE_MAZE,3730,3730,7,9,1,8,beam_2,20,0.11167210002895445,19,0.005877478948892339,False
0,LARGE_MAZE,3730,3730,7,9,1,8,beam_3,20,0.060702099988702685,11,0.005518372726245699,True
0,LARGE_MAZE,1748,1748,1,1,1,7,greedy,22,0.04133390000788495,10,0.004133390000788495,True
0,LARGE_MAZE,1748,1748,1,1,1,7,beam_2,22,0.032342699996661395,10,0.0032342699996661395,True
0,LARGE_MAZE,1748,1748,1,1,1,7,beam_3,22,0.03578320000087842,10,0.0035783200000878423,True
0,LARGE_MAZE,1810,1810,1,2,3,10,greedy,22,0.030455200001597404,10,0.0030455200001597406,True
0,LARGE_MAZE,1810,1810,1,2,3,10,beam_2,22,0.03650629997719079,10,0.003650629997719079,True
0,LARGE_MAZE,1810,1810,1,2,3,10,beam_3,22,0.040013200021348894,10,0.0040013200021348895,True
0,LARGE_MAZE,1858,1858,1,3,4,10,greedy,22,0.04172530001960695,10,0.0041725300019606944,True
0,LARGE_MAZE,1858,1858,1,3,4,10,beam_2,22,0.042058899998664856,10,0.004205889999866486,True
0,LARGE_MAZE,1858,1858,1,3,4,10,beam_3,22,0.0493074000114575,10,0.0049307400011457505,True
0,LARGE_MAZE,1914,1914,1,4,6,7,greedy,22,0.03608099999837577,10,0.0036080999998375773,True
0,LARGE_MAZE,1914,1914,1,4,6,7,beam_2,22,0.03424880001693964,10,0.003424880001693964,True
0,LARGE_MAZE,1914,1914,1,4,6,7,beam_3,22,0.03497640002751723,10,0.003497640002751723,True
0,LARGE_MAZE,1969,1969,1,7,1,1,greedy,22,0.029242900025565177,10,0.002924290002556518,True
0,LARGE_MAZE,1969,1969,1,7,1,1,beam_2,22,0.033733699994627386,10,0.0033733699994627385,True
0,LARGE_MAZE,1969,1969,1,7,1,1,beam_3,22,0.03491240000585094,10,0.003491240000585094,True
0,LARGE_MAZE,2012,2012,1,7,7,9,greedy,22,0.03410210000583902,10,0.003410210000583902,True
0,LARGE_MAZE,2012,2012,1,7,7,9,beam_2,22,0.032640299992635846,10,0.0032640299992635845,True
0,LARGE_MAZE,2012,2012,1,7,7,9,beam_3,22,0.032363500038627535,10,0.0032363500038627537,True
0,LARGE_MAZE,2055,2055,1,8,7,6,greedy,22,0.02655180002329871,10,0.002655180002329871,True
0,LARGE_MAZE,2055,2055,1,8,7,6,beam_2,22,0.031305800017435104,10,0.0031305800017435103,True
0,LARGE_MAZE,2055,2055,1,8,7,6,beam_3,22,0.031587200006470084,10,0.0031587200006470083,True
0,LARGE_MAZE,2107,2107,1,10,1,4,greedy,22,0.026875599985942245,10,0.0026875599985942246,True
0,LARGE_MAZE,2107,2107,1,10,1,4,beam_2,22,0.028827200003433973,10,0.0028827200003433973,True
0,LARGE_MAZE,2107,2107,1,10,1,4,beam_3,22,0.035095300001557916,10,0.0035095300001557915,True
0,LARGE_MAZE,2190,2190,2,1,7,6,greedy,22,0.047176600026432425,12,0.003931383335536036,True
0,LARGE_MAZE,2190,2190,2,1,7,6,beam_2,22,0.04089860001113266,10,0.004089860001113266,True
0,LARGE_MAZE,2190,2190,2,1,7,6,beam_3,22,0.04474270000355318,10,0.004474270000355318,True
0,LARGE_MAZE,2275,2275,2,5,6,9,greedy,22,0.060551100003067404,19,0.0031869000001614424,False
0,LARGE_MAZE,2275,2275,2,5,6,9,beam_2,22,0.03219130000798032,10,0.0032191300007980315,True
0,LARGE_MAZE,2275,2275,2,5,6,9,beam_3,22,0.03249920002417639,10,0.003249920002417639,True
0,LARGE_MAZE,2322,2322,2,7,7,2,greedy,22,0.02789560001110658,10,0.002789560001110658,True
0,LARGE_MAZE,2322,2322,2,7,7,2,beam_2,22,0.02953839994734153,10,0.0029538399947341533,True
0,LARGE_MAZE,2322,2322,2,7,7,2,beam_3,22,0.034930899972096086,10,0.0034930899972096087,True
0,LARGE_MAZE,2392,2392,3,1,3,7,greedy,22,0.026479599997401237,10,0.0026479599997401237,True
0,LARGE_MAZE,2392,2392,3,1,3,7,beam_2,22,0.0301325999898836,10,0.0030132599989883603,True
0,LARGE_MAZE,2392,2392,3,1,3,7,beam_3,22,0.031261100026313215,10,0.0031261100026313215,True
0,LARGE_MAZE,2469,2469,3,3,1,7,greedy,22,0.055500000016763806,19,0.002921052632461253,False
0,LARGE_MAZE,2469,2469,3,3,1,7,beam_2,22,0.03178499999921769,10,0.003178499999921769,True
0,LARGE_MAZE,2469,2469,3,3,1,7,beam_3,22,0.035760700004175305,10,0.0035760700004175304,True
0,LARGE_MAZE,2598,2598,3,6,7,10,greedy,22,0.027095999976154417,10,0.0027095999976154417,True
0,LARGE_MAZE,2598,2598,3,6,7,10,beam_2,22,0.03193439997266978,10,0.003193439997266978,True
0,LARGE_MAZE,2598,2598,3,6,7,10,beam_3,22,0.03262479999102652,10,0.003262479999102652,True
0,LARGE_MAZE,2659,2659,3,8,3,2,greedy,22,0.055064599961042404,19,0.0028981368400548633,False
0,LARGE_MAZE,2659,2659,3,8,3,2,beam_2,22,0.030314700037706643,10,0.0030314700037706644,True
0,LARGE_MAZE,2659,2659,3,8,3,2,beam_3,22,0.033366499992553145,10,0.0033366499992553145,True
0,LARGE_MAZE,2705,2705,3,9,3,3,greedy,22,0.05478280002716929,19,0.0028833052645878573,False
0,LARGE_MAZE,2705,2705,3,9,3,3,beam_2,22,0.02988689998164773,10,0.002988689998164773,True
0,LARGE_MAZE,2705,2705,3,9,3,3,beam_3,22,0.032855500001460314,10,0.0032855500001460316,True
0,LARGE_MAZE,2744,2744,3,10,2,3,greedy,22,0.03470909997122362,10,0.0034709099971223624,True
0,LARGE_MAZE,2744,2744,3,10,2,3,beam_2,22,0.030759999994188547,10,0.003075999999418855,True
0,LARGE_MAZE,2744,2744,3,10,2,3,beam_3,22,0.033302899973932654,10,0.0033302899973932654,True
0,LARGE_MAZE,2799,2799,4,1,3,8,greedy,22,0.0382625000202097,12,0.0031885416683508083,True
0,LARGE_MAZE,2799,2799,4,1,3,8,beam_2,22,0.0400808000122197,10,0.004008080001221969,True
0,LARGE_MAZE,2799,2799,4,1,3,8,beam_3,22,0.03746940003475174,10,0.0037469400034751744,True
0,LARGE_MAZE,2909,2909,4,10,7,5,greedy,22,0.02921730000525713,10,0.002921730000525713,True
0,LARGE_MAZE,2909,2909,4,10,7,5,beam_2,22,0.032463999988976866,10,0.0032463999988976864,True
0,LARGE_MAZE,2909,2909,4,10,7,5,beam_3,22,0.03570169996237382,10,0.0035701699962373823,True
0,LARGE_MAZE,2981,2981,5,2,3,10,greedy,22,0.03191540000261739,10,0.003191540000261739,True
0,LARGE_MAZE,2981,2981,5,2,3,10,beam_2,22,0.03713960002642125,10,0.003713960002642125,True
0,LARGE_MAZE,2981,2981,5,2,3,10,beam_3,22,0.039165500027593225,10,0.003916550002759323,True
0,LARGE_MAZE,3081,3081,5,4,5,10,greedy,22,0.03709479997633025,10,0.003709479997633025,True
0,LARGE_MAZE,3081,3081,5,4,5,10,beam_2,22,0.04072019999148324,10,0.0040720199991483245,True
0,LARGE_MAZE,3081,3081,5,4,5,10,beam_3,22,0.038777400040999055,10,0.0038777400040999055,True
0,LARGE_MAZE,3178,3178,5,7,7,3,greedy,22,0.062207500042859465,19,0.0032740789496241824,False
0,LARGE_MAZE,3178,3178,5,7,7,3,beam_2,22,0.03333960002055392,10,0.003333960002055392,True
0,LARGE_MAZE,3178,3178,5,7,7,3,beam_3,22,0.034710500040091574,10,0.0034710500040091574,True
0,LARGE_MAZE,3263,3263,5,10,6,5,greedy,22,0.02835919999051839,10,0.002835919999051839,True
0,LARGE_MAZE,3263,3263,5,10,6,5,beam_2,22,0.030872900038957596,10,0.0030872900038957595,True
0,LARGE_MAZE,3263,3263,5,10,6,5,beam_3,22,0.03274890000466257,10,0.003274890000466257,True
0,LARGE_MAZE,3367,3367,6,7,1,4,greedy,22,0.05644800001755357,18,0.003136000000975198,True
0,LARGE_MAZE,3367,3367,6,7,1,4,beam_2,22,0.032366200000979006,10,0.003236620000097901,True
0,LARGE_MAZE,3367,3367,6,7,1,4,beam_3,22,0.03609069995582104,10,0.0036090699955821036,True
0,LARGE_MAZE,3420,3420,6,9,2,5,greedy,22,0.03063069999916479,10,0.003063069999916479,True
0,LARGE_MAZE,3420,3420,6,9,2,5,beam_2,22,0.03216229996178299,10,0.0032162299961782993,True
0,LARGE_MAZE,3420,3420,6,9,2,5,beam_3,22,0.03438829997321591,10,0.0034388299973215908,True
0,LARGE_MAZE,3473,3473,7,1,3,7,greedy,22,0.03059370000846684,10,0.003059370000846684,True
0,LARGE_MAZE,3473,3473,7,1,3,7,beam_2,22,0.03205709997564554,10,0.003205709997564554,True
0,LARGE_MAZE,3473,3473,7,1,3,7,beam_3,22,0.03859709994867444,10,0.003859709994867444,True
0,LARGE_MAZE,3511,3511,7,2,2,7,greedy,22,0.028156699961982667,10,0.002815669996198267,True
0,LARGE_MAZE,3511,3511,7,2,2,7,beam_2,22,0.03665810002712533,10,0.0036658100027125327,True
0,LARGE_MAZE,3511,3511,7,2,2,7,beam_3,22,0.041258900018874556,10,0.004125890001887456,True
0,LARGE_MAZE,3565,3565,7,3,3,9,greedy,22,0.03374909999547526,10,0.003374909999547526,True
0,LARGE_MAZE,3565,3565,7,3,3,9,beam_2,22,0.035493900009896606,10,0.0035493900009896605,True
0,LARGE_MAZE,3565,3565,7,3,3,9,beam_3,22,0.03813690005335957,10,0.0038136900053359567,True
0,LARGE_MAZE,3605,3605,7,5,3,3,greedy,22,0.06158859998686239,19,0.003241505262466442,False
0,LARGE_MAZE,3605,3605,7,5,3,3,beam_2,22,0.03300160000799224,10,0.003300160000799224,True
0,LARGE_MAZE,3605,3605,7,5,3,3,beam_3,22,0.03642070002388209,10,0.0036420700023882093,True
0,LARGE_MAZE,3644,3644,7,6,2,3,greedy,22,0.06478789995890111,19,0.003409889471521111,False
0,LARGE_MAZE,3644,3644,7,6,2,3,beam_2,22,0.03517310001188889,10,0.0035173100011888893,True
0,LARGE_MAZE,3644,3644,7,6,2,3,beam_3,22,0.03792859998065978,10,0.0037928599980659784,True
0,LARGE_MAZE,3693,3693,7,7,3,1,greedy,22,0.04944809997687116,14,0.003532007141205083,True
0,LARGE_MAZE,3693,3693,7,7,3,1,beam_2,22,0.040491499996278435,10,0.004049149999627843,True
0,LARGE_MAZE,3693,3693,7,7,3,1,beam_3,22,0.04369720001704991,10,0.004369720001704991,True
0,LARGE_MAZE,3775,3775,7,10,1,8,greedy,22,0.06855319999158382,19,0.0036080631574517802,False
0,LARGE_MAZE,3775,3775,7,10,1,8,beam_2,22,0.07706109998980537,19,0.004055847367884493,False
0,LARGE_MAZE,3775,3775,7,10,1,8,beam_3,22,0.07126060000155121,19,0.003750557894818485,False
0,LARGE_MAZE,1785,1785,1,1,7,6,greedy,24,0.04487169999629259,15,0.002991446666419506,True
0,LARGE_MAZE,1785,1785,1,1,7,6,beam_2,24,0.039407200005371124,11,0.0035824727277610114,True
0,LARGE_MAZE,1785,1785,1,1,7,6,beam_3,24,0.04424120002659038,11,0.00402192727514458,True
0,LARGE_MAZE,1831,1831,1,2,7,7,greedy,24,0.0357108999742195,11,0.0032464454522017727,True
0,LARGE_MAZE,1831,1831,1,2,7,7,beam_2,24,0.03472900000633672,11,0.0031571818187578833,True
0,LARGE_MAZE,1831,1831,1,2,7,7,beam_3,24,0.059762599994428456,11,0.005432963635857132,True
0,LARGE_MAZE,1909,1909,1,4,5,7,greedy,24,0.033363800030201674,11,0.003033072730018334,True
0,LARGE_MAZE,1909,1909,1,4,5,7,beam_2,24,0.04355070000747219,11,0.0039591545461338355,True
0,LARGE_MAZE,1909,1909,1,4,5,7,beam_3,24,0.05738269997527823,11,0.0052166090886616575,True
0,LARGE_MAZE,1983,1983,1,7,3,2,greedy,24,0.08669400005601346,19,0.004562842108211235,False
0,LARGE_MAZE,1983,1983,1,7,3,2,beam_2,24,0.04824550001649186,11,0.004385954546953805,True
0,LARGE_MAZE,1983,1983,1,7,3,2,beam_3,24,0.046641700027976185,11,0.004240154547997835,True
0,LARGE_MAZE,2014,2014,1,8,1,1,greedy,24,0.03275350003968924,11,0.0029775909126990223,True
0,LARGE_MAZE,2014,2014,1,8,1,1,beam_2,24,0.03681499999947846,11,0.003346818181770769,True
0,LARGE_MAZE,2014,2014,1,8,1,1,beam_3,24,0.0417676999932155,11,0.003797063635746864,True
0,LARGE_MAZE,2060,2060,1,9,1,2,greedy,24,0.03979259997140616,11,0.003617509088309651,True
0,LARGE_MAZE,2060,2060,1,9,1,2,beam_2,24,0.04442170000402257,11,0.004038336364002052,True
0,LARGE_MAZE,2060,2060,1,9,1,2,beam_3,24,0.04863079998176545,11,0.004420981816524131,True
0,LARGE_MAZE,2106,2106,1,10,1,3,greedy,24,0.04024000000208616,11,0.0036581818183714695,True
0,LARGE_MAZE,2106,2106,1,10,1,3,beam_2,24,0.044105099979788065,11,0.004009554543617097,True
0,LARGE_MAZE,2106,2106,1,10,1,3,beam_3,24,0.05554230004781857,11,0.005049300004347143,True
0,LARGE_MAZE,2191,2191,2,1,7,7,greedy,24,0.055986299994401634,11,0.005089663635854694,True
0,LARGE_MAZE,2191,2191,2,1,7,7,beam_2,24,0.05676900001708418,11,0.005160818183371289,True
0,LARGE_MAZE,2191,2191,2,1,7,7,beam_3,24,0.05348190001677722,11,0.00486199091061611,True
0,LARGE_MAZE,2236,2236,2,3,7,7,greedy,24,0.05398329999297857,13,0.004152561537921429,True
0,LARGE_MAZE,2236,2236,2,3,7,7,beam_2,24,0.05177189997630194,11,0.004706536361481994,True
0,LARGE_MAZE,2236,2236,2,3,7,7,beam_3,24,0.05410839995602146,11,0.004918945450547405,True
0,LARGE_MAZE,2330,2330,2,10,1,2,greedy,24,0.046441500016953796,11,0.004221954546995799,True
0,LARGE_MAZE,2330,2330,2,10,1,2,beam_2,24,0.051191799982916564,11,0.004653799998446961,True
0,LARGE_MAZE,2330,2330,2,10,1,2,beam_3,24,0.05165360000682995,11,0.004695781818802722,True
0,LARGE_MAZE,2386,2386,3,1,2,7,greedy,24,0.04697690001921728,11,0.004270627274474298,True
0,LARGE_MAZE,2386,2386,3,1,2,7,beam_2,24,0.049594599986448884,11,0.004508599998768081,True
0,LARGE_MAZE,2386,2386,3,1,2,7,beam_3,24,0.05658989999210462,11,0.005144536362918602,True
0,LARGE_MAZE,2461,2461,3,2,7,7,greedy,24,0.048835800029337406,13,0.0037566000022567236,True
0,LARGE_MAZE,2461,2461,3,2,7,7,beam_2,24,0.04046359995845705,11,0.003678509087132459,True
0,LARGE_MAZE,2461,2461,3,2,7,7,beam_3,24,0.05012560001341626,11,0.004556872728492387,True
0,LARGE_MAZE,2658,2658,3,8,3,1,greedy,24,0.041230700036976486,11,0.003748245457906953,True
0,LARGE_MAZE,2658,2658,3,8,3,1,beam_2,24,0.04600969998864457,11,0.004182699998967688,True
0,LARGE_MAZE,2658,2658,3,8,3,1,beam_3,24,0.05119959998410195,11,0.004654509089463813,True
0,LARGE_MAZE,2711,2711,3,9,4,1,greedy,24,0.03966249997029081,11,0.0036056818154809826,True
0,LARGE_MAZE,2711,2711,3,9,4,1,beam_2,24,0.03908290003892034,11,0.0035529909126291222,True
0,LARGE_MAZE,2711,2711,3,9,4,1,beam_3,24,0.041313499968964607,11,0.003755772724451328,True
0,LARGE_MAZE,2759,2759,3,10,5,1,greedy,24,0.03249429998686537,11,0.0029540272715332157,True
0,LARGE_MAZE,2759,2759,3,10,5,1,beam_2,24,0.03895750001538545,11,0.0035415909104895863,True
0,LARGE_MAZE,2759,2759,3,10,5,1,beam_3,24,0.03786209999816492,11,0.0034420090907422655,True
0,LARGE_MAZE,2809,2809,4,1,5,7,greedy,24,0.030782799993176013,11,0.002798436363016001,True
0,LARGE_MAZE,2809,2809,4,1,5,7,beam_2,24,0.03586529998574406,11,0.0032604818168858237,True
0,LARGE_MAZE,2809,2809,4,1,5,7,beam_3,24,0.04277130000991747,11,0.003888300000901588,True
0,LARGE_MAZE,2902,2902,4,10,6,3,greedy,24,0.04351749998750165,11,0.00395613636250015,True
0,LARGE_MAZE,2902,2902,4,10,6,3,beam_2,24,0.05703759996686131,11,0.005185236360623755,True
0,LARGE_MAZE,2902,2902,4,10,6,3,beam_3,24,0.05327910004416481,11,0.004843554549469528,True
0,LARGE_MAZE,2972,2972,5,2,2,10,greedy,24,0.04048760002478957,11,0.0036806909113445067,True
0,LARGE_MAZE,2972,2972,5,2,2,10,beam_2,24,0.04684530000668019,11,0.004258663636970927,True
0,LARGE_MAZE,2972,2972,5,2,2,10,beam_3,24,0.04466600000159815,11,0.004060545454690741,True
0,LARGE_MAZE,3130,3130,5,5,6,9,greedy,24,0.038716699986252934,11,0.0035196999987502668,True
0,LARGE_MAZE,3130,3130,5,5,6,9,beam_2,24,0.04739490000065416,11,0.004308627272786742,True
0,LARGE_MAZE,3130,3130,5,5,6,9,beam_3,24,0.04366919997846708,11,0.003969927270769735,True
0,LARGE_MAZE,3177,3177,5,7,7,2,greedy,24,0.06744970002910122,19,0.0035499842120579593,False
0,LARGE_MAZE,3177,3177,5,7,7,2,beam_2,24,0.04208629997447133,11,0.0038260272704064846,True
0,LARGE_MAZE,3177,3177,5,7,7,2,beam_3,24,0.044801299984101206,11,0.00407284545310011,True
0,LARGE_MAZE,3257,3257,5,10,5,3,greedy,24,0.03806140000233427,11,0.0034601272729394787,True
0,LARGE_MAZE,3257,3257,5,10,5,3,beam_2,24,0.043607399973552674,11,0.003964309088504789,True
0,LARGE_MAZE,3257,3257,5,10,5,3,beam_3,24,0.04529429995454848,11,0.00411766363223168,True
0,LARGE_MAZE,3351,3351,6,5,5,9,greedy,24,0.036473400017712265,11,0.0033157636379738424,True
0,LARGE_MAZE,3351,3351,6,5,5,9,beam_2,24,0.040547799959313124,11,0.0036861636326648295,True
0,LARGE_MAZE,3351,3351,6,5,5,9,beam_3,24,0.06044659996405244,11,0.005495145451277494,True
0,LARGE_MAZE,3401,3401,6,7,7,1,greedy,24,0.042266500007826835,11,0.0038424090916206214,True
0,LARGE_MAZE,3401,3401,6,7,7,1,beam_2,24,0.04159909998998046,11,0.0037817363627254963,True
0,LARGE_MAZE,3401,3401,6,7,7,1,beam_3,24,0.05047489999560639,11,0.0045886272723278535,True
0,LARGE_MAZE,3464,3464,7,1,2,3,greedy,24,0.0769659000216052,19,0.004050836843242378,False
0,LARGE_MAZE,3464,3464,7,1,2,3,beam_2,24,0.08010730001842603,19,0.004216173685180317,False
0,LARGE_MAZE,3464,3464,7,1,2,3,beam_3,24,0.05115730001125485,13,0.0039351769239426805,True
0,LARGE_MAZE,3504,3504,7,2,1,7,greedy,24,0.06381820002570748,19,0.0033588526329319727,False
0,LARGE_MAZE,3504,3504,7,2,1,7,beam_2,24,0.040195200010202825,11,0.0036541090918366203,True
0,LARGE_MAZE,3504,3504,7,2,1,7,beam_3,24,0.04592380003305152,11,0.004174890912095593,True
0,LARGE_MAZE,3597,3597,7,5,1,10,greedy,24,0.04663689999142662,11,0.004239718181038784,True
0,LARGE_MAZE,3597,3597,7,5,1,10,beam_2,24,0.04495129996212199,11,0.004086481814738363,True
0,LARGE_MAZE,3597,3597,7,5,1,10,beam_3,24,0.0426482999464497,11,0.0038771181769499726,True
0,LARGE_MAZE,3650,3650,7,6,3,3,greedy,24,0.05840449995594099,19,0.0030739210503126836,False
0,LARGE_MAZE,3650,3650,7,6,3,3,beam_2,24,0.03395079995971173,11,0.0030864363599737935,True
0,LARGE_MAZE,3650,3650,7,6,3,3,beam_3,24,0.03857069998048246,11,0.003506427270952951,True
0,LARGE_MAZE,3689,3689,7,7,2,3,greedy,24,0.0315419000107795,11,0.002867445455525409,True
0,LARGE_MAZE,3689,3689,7,7,2,3,beam_2,24,0.05042059998959303,11,0.004583690908144821,True
0,LARGE_MAZE,3689,3689,7,7,2,3,beam_3,24,0.04438020003726706,11,0.004034563639751551,True
0,LARGE_MAZE,3774,3774,7,10,1,7,greedy,24,0.0696289999759756,19,0.003664684209261874,False
0,LARGE_MAZE,3774,3774,7,10,1,7,beam_2,24,0.0679550000349991,19,0.0035765789492104793,False
0,LARGE_MAZE,3774,3774,7,10,1,7,beam_3,24,0.04310249997070059,11,0.003918409088245508,True
0,LARGE_MAZE,1786,1786,1,1,7,7,greedy,26,0.053787400014698505,16,0.0033617125009186566,True
0,LARGE_MAZE,1786,1786,1,1,7,7,beam_2,26,0.04492980003124103,12,0.003744150002603419,True
0,LARGE_MAZE,1786,1786,1,1,7,7,beam_3,26,0.04790720000164583,12,0.003992266666803819,True
0,LARGE_MAZE,1865,1865,1,3,5,9,greedy,26,0.03784010000526905,12,0.0031533416671057544,True
0,LARGE_MAZE,1865,1865,1,3,5,9,beam_2,26,0.0433311999659054,12,0.0036109333304921165,True
0,LARGE_MAZE,1865,1865,1,3,5,9,beam_3,26,0.043734399951063097,12,0.003644533329255258,True
0,LARGE_MAZE,1999,1999,1,7,5,7,greedy,26,0.03531799995107576,12,0.002943166662589647,True
0,LARGE_MAZE,1999,1999,1,7,5,7,beam_2,26,0.03855870000552386,12,0.0032132250004603216,True
0,LARGE_MAZE,1999,1999,1,7,5,7,beam_3,26,0.05180139996809885,12,0.004316783330674904,True
0,LARGE_MAZE,2049,2049,1,8,6,7,greedy,26,0.04515919997356832,12,0.0037632666644640267,True
0,LARGE_MAZE,2049,2049,1,8,6,7,beam_2,26,0.04824410000583157,12,0.004020341667152631,True
0,LARGE_MAZE,2049,2049,1,8,6,7,beam_3,26,0.046490400040056556,12,0.0038742000033380464,True
0,LARGE_MAZE,2098,2098,1,9,7,3,greedy,26,0.036813999991863966,12,0.0030678333326553306,True
0,LARGE_MAZE,2098,2098,1,9,7,3,beam_2,26,0.04469300003256649,12,0.0037244166693805405,True
0,LARGE_MAZE,2098,2098,1,9,7,3,beam_3,26,0.05038349999813363,12,0.004198624999844469,True
0,LARGE_MAZE,2137,2137,1,10,6,3,greedy,26,0.04476919997250661,12,0.003730766664375551,True
0,LARGE_MAZE,2137,2137,1,10,6,3,beam_2,26,0.11374629999045283,12,0.009478858332537735,True
0,LARGE_MAZE,2137,2137,1,10,6,3,beam_3,26,0.1491096000536345,12,0.012425800004469542,True
0,LARGE_MAZE,2202,2202,2,3,1,10,greedy,26,0.048967699985951185,12,0.004080641665495932,True
0,LARGE_MAZE,2202,2202,2,3,1,10,beam_2,26,0.05106680002063513,12,0.004255566668386261,True
0,LARGE_MAZE,2202,2202,2,3,1,10,beam_3,26,0.06669750000583008,12,0.00555812500048584,True
0,LARGE_MAZE,2344,2344,2,10,3,3,greedy,26,0.11616540001705289,19,0.006113968421950152,False
0,LARGE_MAZE,2344,2344,2,10,3,3,beam_2,26,0.07771839998895302,12,0.006476533332412752,True
0,LARGE_MAZE,2344,2344,2,10,3,3,beam_3,26,0.059774599969387054,12,0.004981216664115588,True
0,LARGE_MAZE,2394,2394,3,1,3,9,greedy,26,0.054991900047753006,12,0.0045826583373127505,True
0,LARGE_MAZE,2394,2394,3,1,3,9,beam_2,26,0.05309649999253452,12,0.0044247083327112096,True
0,LARGE_MAZE,2394,2394,3,1,3,9,beam_3,26,0.0581310999696143,12,0.004844258330801192,True
0,LARGE_MAZE,2471,2471,3,3,1,9,greedy,26,0.05119119997834787,14,0.003656514284167705,True
0,LARGE_MAZE,2471,2471,3,3,1,9,beam_2,26,0.05106209998484701,12,0.0042551749987372505,True
0,LARGE_MAZE,2471,2471,3,3,1,9,beam_3,26,0.045688999991398305,12,0.0038074166659498587,True
0,LARGE_MAZE,2719,2719,3,9,5,7,greedy,26,0.042314000020269305,12,0.0035261666683557755,True
0,LARGE_MAZE,2719,2719,3,9,5,7,beam_2,26,0.03837510000448674,12,0.003197925000373895,True
0,LARGE_MAZE,2719,2719,3,9,5,7,beam_3,26,0.03848899999866262,12,0.0032074166665552184,True
0,LARGE_MAZE,2769,2769,3,10,6,7,greedy,26,0.03277729998808354,12,0.0027314416656736284,True
0,LARGE_MAZE,2769,2769,3,10,6,7,beam_2,26,0.04122600000118837,12,0.0034355000000990308,True
0,LARGE_MAZE,2769,2769,3,10,6,7,beam_3,26,0.04927229997701943,12,0.004106024998084952,True
0,LARGE_MAZE,2869,2869,4,10,1,1,greedy,26,0.03961909998906776,12,0.0033015916657556468,True
0,LARGE_MAZE,2869,2869,4,10,1,1,beam_2,26,0.046951199998147786,12,0.003912599999845649,True
0,LARGE_MAZE,2869,2869,4,10,1,1,beam_3,26,0.0458706000354141,12,0.003822550002951175,True
0,LARGE_MAZE,2921,2921,5,1,1,9,greedy,26,0.047216400038450956,14,0.003372600002746497,True
0,LARGE_MAZE,2921,2921,5,1,1,9,beam_2,26,0.04312340001342818,12,0.003593616667785682,True
0,LARGE_MAZE,2921,2921,5,1,1,9,beam_3,26,0.04039310000371188,12,0.00336609166697599,True
0,LARGE_MAZE,3035,3035,5,3,5,9,greedy,26,0.033169500005897135,12,0.0027641250004914277,True
0,LARGE_MAZE,3035,3035,5,3,5,9,beam_2,26,0.03693369997199625,12,0.0030778083309996873,True
0,LARGE_MAZE,3035,3035,5,3,5,9,beam_3,26,0.0358352999901399,12,0.0029862749991783253,True
0,LARGE_MAZE,3153,3153,5,7,3,1,greedy,26,0.028182400041259825,12,0.002348533336771652,True
0,LARGE_MAZE,3153,3153,5,7,3,1,beam_2,26,0.03207640000618994,12,0.002673033333849162,True
0,LARGE_MAZE,3153,3153,5,7,3,1,beam_3,26,0.03361050004605204,12,0.0028008750038376697,True
0,LARGE_MAZE,3224,3224,5,9,7,5,greedy,26,0.03999770001973957,12,0.003333141668311631,True
0,LARGE_MAZE,3224,3224,5,9,7,5,beam_2,26,0.06597579998197034,12,0.005497983331830862,True
0,LARGE_MAZE,3224,3224,5,9,7,5,beam_3,26,0.05291219998616725,12,0.004409349998847271,True
0,LARGE_MAZE,3270,3270,5,10,7,6,greedy,26,0.04029769997578114,12,0.0033581416646484286,True
0,LARGE_MAZE,3270,3270,5,10,7,6,beam_2,26,0.04421369999181479,12,0.0036844749993178993,True
0,LARGE_MAZE,3270,3270,5,10,7,6,beam_3,26,0.04508350003743544,12,0.0037569583364529535,True
0,LARGE_MAZE,3370,3370,6,7,1,8,greedy,26,0.06484499998623505,19,0.0034128947361176344,False
0,LARGE_MAZE,3370,3370,6,7,1,8,beam_2,26,0.04379309999058023,12,0.0036494249992150194,True
0,LARGE_MAZE,3370,3370,6,7,1,8,beam_3,26,0.044952399970497936,12,0.003746033330874828,True
0,LARGE_MAZE,3412,3412,6,9,1,4,greedy,26,0.037492599978577346,12,0.003124383331548112,True
0,LARGE_MAZE,3412,3412,6,9,1,4,beam_2,26,0.0415326000074856,12,0.0034610500006238,True
0,LARGE_MAZE,3412,3412,6,9,1,4,beam_3,26,0.045948400045745075,12,0.003829033337145423,True
0,LARGE_MAZE,3475,3475,7,1,3,9,greedy,26,0.037171099975239486,12,0.0030975916646032906,True
0,LARGE_MAZE,3475,3475,7,1,3,9,beam_2,26,0.04551329999230802,12,0.003792774999359002,True
0,LARGE_MAZE,3475,3475,7,1,3,9,beam_3,26,0.048942800029180944,12,0.004078566669098412,True
0,LARGE_MAZE,3557,3557,7,3,2,10,greedy,26,0.04541369999060407,12,0.003784474999217006,True
0,LARGE_MAZE,3557,3557,7,3,2,10,beam_2,26,0.05543829995440319,12,0.004619858329533599,True
0,LARGE_MAZE,3557,3557,7,3,2,10,beam_3,26,0.05674870003713295,12,0.004729058336427745,True
0,LARGE_MAZE,3679,3679,7,7,1,1,greedy,26,0.04767790000187233,12,0.003973158333489361,True
0,LARGE_MAZE,3679,3679,7,7,1,1,beam_2,26,0.04757019999669865,12,0.00396418333305822,True
0,LARGE_MAZE,3679,3679,7,7,1,1,beam_3,26,0.05056750000221655,12,0.004213958333518046,True
0,LARGE_MAZE,3728,3728,7,9,1,5,greedy,26,0.04336700000567362,12,0.0036139166671394682,True
0,LARGE_MAZE,3728,3728,7,9,1,5,beam_2,26,0.043991099984850734,12,0.003665924998737561,True
0,LARGE_MAZE,3728,3728,7,9,1,5,beam_3,26,0.06132070004241541,12,0.005110058336867951,True
0,LARGE_MAZE,1776,1776,1,1,5,10,greedy,28,0.050002000003587455,13,0.0038463076925836504,True
0,LARGE_MAZE,1776,1776,1,1,5,10,beam_2,28,0.05792500003008172,13,0.004455769233083209,True
0,LARGE_MAZE,1776,1776,1,1,5,10,beam_3,28,0.05358970002271235,13,0.004122284617131719,True
0,LARGE_MAZE,1922,1922,1,4,7,9,greedy,28,0.04292820004047826,13,0.003302169233882943,True
0,LARGE_MAZE,1922,1922,1,4,7,9,beam_2,28,0.058494700002484024,13,0.0044995923078833865,True
0,LARGE_MAZE,1922,1922,1,4,7,9,beam_3,28,0.06679559999611229,13,0.005138123076624022,True
0,LARGE_MAZE,2067,2067,1,9,2,1,greedy,28,0.058022000011987984,13,0.004463230770152922,True
0,LARGE_MAZE,2067,2067,1,9,2,1,beam_2,28,0.061875500017777085,13,0.004759653847521314,True
0,LARGE_MAZE,2067,2067,1,9,2,1,beam_3,28,0.054454299970529974,13,0.004188792305425382,True
0,LARGE_MAZE,2104,2104,1,10,1,1,greedy,28,0.10785630001919344,13,0.00829663846301488,True
0,LARGE_MAZE,2104,2104,1,10,1,1,beam_2,28,0.05686719994992018,13,0.004374399996147706,True
0,LARGE_MAZE,2104,2104,1,10,1,1,beam_3,28,0.05793999996967614,13,0.0044569230745904725,True
0,LARGE_MAZE,2156,2156,2,1,1,9,greedy,28,0.053679100004956126,15,0.003578606666997075,True
0,LARGE_MAZE,2156,2156,2,1,1,9,beam_2,28,0.053039400023408234,13,0.00407995384795448,True
0,LARGE_MAZE,2156,2156,2,1,1,9,beam_3,28,0.06422569998539984,13,0.004940438460415373,True
0,LARGE_MAZE,2225,2225,2,3,5,9,greedy,28,0.055962400045245886,13,0.004304800003480453,True
0,LARGE_MAZE,2225,2225,2,3,5,9,beam_2,28,0.05953129997942597,13,0.004579330767648151,True
0,LARGE_MAZE,2225,2225,2,3,5,9,beam_3,28,0.06134880002355203,13,0.004719138463350156,True
0,LARGE_MAZE,2367,2367,2,10,7,2,greedy,28,0.049856700003147125,13,0.0038351307694728556,True
0,LARGE_MAZE,2367,2367,2,10,7,2,beam_2,28,0.05085719999624416,13,0.003912092307403397,True
0,LARGE_MAZE,2367,2367,2,10,7,2,beam_3,28,0.04835480003384873,13,0.003719600002603749,True
0,LARGE_MAZE,2443,2443,3,2,4,10,greedy,28,0.04706940002506599,13,0.00362072307885123,True
0,LARGE_MAZE,2443,2443,3,2,4,10,beam_2,28,0.06050439999671653,13,0.00465418461513204,True
0,LARGE_MAZE,2443,2443,3,2,4,10,beam_3,28,0.054671899997629225,13,0.004205530769048402,True
0,LARGE_MAZE,2748,2748,3,10,3,1,greedy,28,0.04538040002807975,13,0.0034908000021599806,True
0,LARGE_MAZE,2748,2748,3,10,3,1,beam_2,28,0.05330700002377853,13,0.0041005384633675795,True
0,LARGE_MAZE,2748,2748,3,10,3,1,beam_3,28,0.05933489999733865,13,0.004564223076718358,True
0,LARGE_MAZE,2803,2803,4,1,4,10,greedy,28,0.05479620001278818,15,0.003653080000852545,True
0,LARGE_MAZE,2803,2803,4,1,4,10,beam_2,28,0.055075099982786924,13,0.004236546152522071,True
0,LARGE_MAZE,2803,2803,4,1,4,10,beam_3,28,0.05811599997105077,13,0.004470461536234675,True
0,LARGE_MAZE,2907,2907,4,10,7,2,greedy,28,0.04621250001946464,13,0.0035548076938049723,True
0,LARGE_MAZE,2907,2907,4,10,7,2,beam_2,28,0.051498399989213794,13,0.003961415383785676,True
0,LARGE_MAZE,2907,2907,4,10,7,2,beam_3,28,0.05673490004846826,13,0.004364223080651404,True
0,LARGE_MAZE,3092,3092,5,4,7,9,greedy,28,0.05266789998859167,13,0.004051376922199359,True
0,LARGE_MAZE,3092,3092,5,4,7,9,beam_2,28,0.05430239997804165,13,0.004177107690618589,True
0,LARGE_MAZE,3092,3092,5,4,7,9,beam_3,28,0.05366540001705289,13,0.004128107693619453,True
0,LARGE_MAZE,3149,3149,5,7,2,3,greedy,28,0.06782579998252913,19,0.003569778946448902,False
0,LARGE_MAZE,3149,3149,5,7,2,3,beam_2,28,0.04854879999766126,13,0.003734523076743174,True
0,LARGE_MAZE,3149,3149,5,7,2,3,beam_3,28,0.05993510002736002,13,0.004610392309796925,True
0,LARGE_MAZE,3211,3211,5,9,5,2,greedy,28,0.05433000001357868,13,0.004179230770275284,True
0,LARGE_MAZE,3211,3211,5,9,5,2,beam_2,28,0.06616850005229935,13,0.005089884619407643,True
0,LARGE_MAZE,3211,3211,5,9,5,2,beam_3,28,0.07021900004474446,13,0.00540146154190342,True
0,LARGE_MAZE,3255,3255,5,10,5,1,greedy,28,0.0801041999948211,19,0.004216010526043216,False
0,LARGE_MAZE,3255,3255,5,10,5,1,beam_2,28,0.04784840001957491,13,0.0036806461553519163,True
0,LARGE_MAZE,3255,3255,5,10,5,1,beam_3,28,0.0566361999954097,13,0.004356630768877669,True
0,LARGE_MAZE,3364,3364,6,7,1,1,greedy,28,0.042494499997701496,13,0.003268807692130884,True
0,LARGE_MAZE,3364,3364,6,7,1,1,beam_2,28,0.04627669998444617,13,0.0035597461526497053,True
0,LARGE_MAZE,3364,3364,6,7,1,1,beam_3,28,0.050499499950092286,13,0.003884576919237868,True
0,LARGE_MAZE,3411,3411,6,9,1,3,greedy,28,0.045303699967917055,13,0.0034848999975320813,True
0,LARGE_MAZE,3411,3411,6,9,1,3,beam_2,28,0.05107350001344457,13,0.003928730770264967,True
0,LARGE_MAZE,3411,3411,6,9,1,3,beam_3,28,0.05632440000772476,13,0.004332646154440367,True
0,LARGE_MAZE,3506,3506,7,2,1,9,greedy,28,0.07240710000041872,19,0.0038109000000220382,False
0,LARGE_MAZE,3506,3506,7,2,1,9,beam_2,28,0.04722479998599738,13,0.003632676921999798,True
0,LARGE_MAZE,3506,3506,7,2,1,9,beam_3,28,0.04547289997572079,13,0.0034979153827477535,True
0,LARGE_MAZE,3626,3626,7,5,6,9,greedy,28,0.04071579995797947,13,0.003131984612152267,True
0,LARGE_MAZE,3626,3626,7,5,6,9,beam_2,28,0.04579180001746863,13,0.0035224461551898946,True
0,LARGE_MAZE,3626,3626,7,5,6,9,beam_3,28,0.051434500026516616,13,0.00395650000203974,True
0,LARGE_MAZE,3753,3753,7,9,5,4,greedy,28,0.0415146000450477,13,0.003193430772695977,True
0,LARGE_MAZE,3753,3753,7,9,5,4,beam_2,28,0.04178279999177903,13,0.003214061537829156,True
0,LARGE_MAZE,3753,3753,7,9,5,4,beam_3,28,0.045610500033944845,13,0.003508500002611142,True
0,LARGE_MAZE,1775,1775,1,1,5,9,greedy,30,0.04473299998790026,14,0.003195214284850018,True
0,LARGE_MAZE,1775,1775,1,1,5,9,beam_2,30,0.04847799998242408,14,0.0034627142844588627,True
0,LARGE_MAZE,1775,1775,1,1,5,9,beam_3,30,0.055310700030531734,14,0.003950764287895124,True
0,LARGE_MAZE,2089,2089,1,9,5,7,greedy,30,0.05060620000585914,14,0.003614728571847081,True
0,LARGE_MAZE,2089,2089,1,9,5,7,beam_2,30,0.0673778000054881,14,0.004812700000392007,True
0,LARGE_MAZE,2089,2089,1,9,5,7,beam_3,30,0.059461899974849075,14,0.004247278569632077,True
0,LARGE_MAZE,2139,2139,1,10,6,7,greedy,30,0.04468659998383373,14,0.0031918999988452663,True
0,LARGE_MAZE,2139,2139,1,10,6,7,beam_2,30,0.04790629999479279,14,0.003421878571056628,True
0,LARGE_MAZE,2139,2139,1,10,6,7,beam_3,30,0.049686199985444546,14,0.0035490142846746103,True
0,LARGE_MAZE,2342,2342,2,10,3,1,greedy,30,0.08331580000231043,14,0.005951128571593601,True
0,LARGE_MAZE,2342,2342,2,10,3,1,beam_2,30,0.04676659998949617,14,0.003340471427821155,True
0,LARGE_MAZE,2342,2342,2,10,3,1,beam_3,30,0.04836090002208948,14,0.00345435000157782,True
0,LARGE_MAZE,2398,2398,3,1,4,10,greedy,30,0.03803679998964071,14,0.0027169142849743366,True
0,LARGE_MAZE,2398,2398,3,1,4,10,beam_2,30,0.041160500026308,14,0.002940035716164857,True
0,LARGE_MAZE,2398,2398,3,1,4,10,beam_3,30,0.051717600028496236,14,0.0036941142877497312,True
0,LARGE_MAZE,2787,2787,4,1,1,10,greedy,30,0.059174699999857694,19,0.0031144578947293524,False
0,LARGE_MAZE,2787,2787,4,1,1,10,beam_2,30,0.044657799997366965,14,0.003189842856954783,True
0,LARGE_MAZE,2787,2787,4,1,1,10,beam_3,30,0.04669589997502044,14,0.003335421426787174,True
0,LARGE_MAZE,2945,2945,5,1,5,9,greedy,30,0.03981330001261085,14,0.002843807143757918,True
0,LARGE_MAZE,2945,2945,5,1,5,9,beam_2,30,0.04347460001008585,14,0.0031053285721489893,True
0,LARGE_MAZE,2945,2945,5,1,5,9,beam_3,30,0.048184000013861805,14,0.0034417142867044148,True
0,LARGE_MAZE,3146,3146,5,7,1,9,greedy,30,0.03814570000395179,14,0.0027246928574251278,True
0,LARGE_MAZE,3146,3146,5,7,1,9,beam_2,30,0.042834200023207814,14,0.0030595857159434153,True
0,LARGE_MAZE,3146,3146,5,7,1,9,beam_3,30,0.04424479999579489,14,0.0031603428568424924,True
0,LARGE_MAZE,3200,3200,5,9,3,3,greedy,30,0.05715079995570704,19,0.003007936839774055,False
0,LARGE_MAZE,3200,3200,5,9,3,3,beam_2,30,0.048023999959696084,14,0.003430285711406863,True
0,LARGE_MAZE,3200,3200,5,9,3,3,beam_3,30,0.050092299992684275,14,0.003578021428048877,True
0,LARGE_MAZE,3244,3244,5,10,3,2,greedy,30,0.04245129995979369,14,0.003032235711413835,True
0,LARGE_MAZE,3244,3244,5,10,3,2,beam_2,30,0.05163790000369772,14,0.0036884214288355516,True
0,LARGE_MAZE,3244,3244,5,10,3,2,beam_3,30,0.05613380001159385,14,0.004009557143685275,True
0,LARGE_MAZE,3363,3363,6,5,7,10,greedy,30,0.04260660003637895,14,0.0030433285740270677,True
0,LARGE_MAZE,3363,3363,6,5,7,10,beam_2,30,0.04972170002292842,14,0.003551550001637744,True
0,LARGE_MAZE,3363,3363,6,5,7,10,beam_3,30,0.051013699965551496,14,0.003643835711825107,True
0,LARGE_MAZE,3436,3436,6,9,5,2,greedy,30,0.040265699964948,14,0.0028761214260677142,True
0,LARGE_MAZE,3436,3436,6,9,5,2,beam_2,30,0.04315070004668087,14,0.0030821928604772048,True
0,LARGE_MAZE,3436,3436,6,9,5,2,beam_3,30,0.044543900003191084,14,0.0031817071430850774,True
0,LARGE_MAZE,3479,3479,7,1,4,10,greedy,30,0.03960489999735728,14,0.002828921428382663,True
0,LARGE_MAZE,3479,3479,7,1,4,10,beam_2,30,0.04368699999758974,14,0.0031204999998278382,True
0,LARGE_MAZE,3479,3479,7,1,4,10,beam_3,30,0.045734999992419034,14,0.003266785713744217,True
0,LARGE_MAZE,3671,3671,7,6,6,9,greedy,30,0.03781170002184808,14,0.0027008357158462915,True
0,LARGE_MAZE,3671,3671,7,6,6,9,beam_2,30,0.0419238000176847,14,0.0029945571441203356,True
0,LARGE_MAZE,3671,3671,7,6,6,9,beam_3,30,0.04845000000204891,14,0.0034607142858606365,True
0,LARGE_MAZE,3772,3772,7,10,1,4,greedy,30,0.040473899978678674,14,0.0028909928556199054,True
0,LARGE_MAZE,3772,3772,7,10,1,4,beam_2,30,0.04325950000202283,14,0.003089964285858774,True
0,LARGE_MAZE,3772,3772,7,10,1,4,beam_3,30,0.04480999999213964,14,0.0032007142851528314,True
0,LARGE_MAZE,1878,1878,1,3,7,10,greedy,32,0.04093189997365698,15,0.0027287933315771323,True
0,LARGE_MAZE,1878,1878,1,3,7,10,beam_2,32,0.04950439999811351,15,0.0033002933332075676,True
0,LARGE_MAZE,1878,1878,1,3,7,10,beam_3,32,0.05807570001343265,15,0.0038717133342288435,True
0,LARGE_MAZE,2237,2237,2,3,7,9,greedy,32,0.052378299995325506,17,0.003081076470313265,True
0,LARGE_MAZE,2237,2237,2,3,7,9,beam_2,32,0.05100739997578785,15,0.00340049333171919,True
0,LARGE_MAZE,2237,2237,2,3,7,9,beam_3,32,0.049201699963305146,15,0.0032801133308870095,True
0,LARGE_MAZE,2810,2810,4,1,5,9,greedy,32,0.05223390000173822,17,0.0030725823530434247,True
0,LARGE_MAZE,2810,2810,4,1,5,9,beam_2,32,0.047470200050156564,15,0.003164680003343771,True
0,LARGE_MAZE,2810,2810,4,1,5,9,beam_3,32,0.050596199987921864,15,0.003373079999194791,True
0,LARGE_MAZE,3171,3171,5,7,5,10,greedy,32,0.05481349996989593,15,0.0036542333313263954,True
0,LARGE_MAZE,3171,3171,5,7,5,10,beam_2,32,0.055267599993385375,15,0.0036845066662256915,True
0,LARGE_MAZE,3171,3171,5,7,5,10,beam_3,32,0.0560657000169158,15,0.003737713334461053,True
0,LARGE_MAZE,3222,3222,5,9,7,2,greedy,32,0.04648640000959858,15,0.003099093333973239,True
0,LARGE_MAZE,3222,3222,5,9,7,2,beam_2,32,0.04861840000376105,15,0.0032412266669174035,True
0,LARGE_MAZE,3222,3222,5,9,7,2,beam_3,32,0.05056439997861162,15,0.0033709599985741077,True
0,LARGE_MAZE,3396,3396,6,7,5,9,greedy,32,0.043645700032357126,15,0.002909713335490475,True
0,LARGE_MAZE,3396,3396,6,7,5,9,beam_2,32,0.04832369997166097,15,0.0032215799981107312,True
0,LARGE_MAZE,3396,3396,6,7,5,9,beam_3,32,0.05312290001893416,15,0.003541526667928944,True
0,LARGE_MAZE,3451,3451,6,9,7,7,greedy,32,0.04031130002113059,15,0.0026874200014087063,True
0,LARGE_MAZE,3451,3451,6,9,7,7,beam_2,32,0.048251899948809296,15,0.00321679332992062,True
0,LARGE_MAZE,3451,3451,6,9,7,7,beam_3,32,0.05329599999822676,15,0.0035530666665484507,True
0,LARGE_MAZE,3633,3633,7,5,7,10,greedy,32,0.047370699991006404,15,0.0031580466660670937,True
0,LARGE_MAZE,3633,3633,7,5,7,10,beam_2,32,0.053399399970658123,15,0.003559959998043875,True
0,LARGE_MAZE,3633,3633,7,5,7,10,beam_3,32,0.053731199994217604,15,0.003582079999614507,True
0,LARGE_MAZE,3751,3751,7,9,5,2,greedy,32,0.04626269999425858,15,0.0030841799996172386,True
0,LARGE_MAZE,3751,3751,7,9,5,2,beam_2,32,0.04828360001556575,15,0.0032189066677043836,True
0,LARGE_MAZE,3751,3751,7,9,5,2,beam_3,32,0.051468899997416884,15,0.003431259999827792,True
0,LARGE_MAZE,3810,3810,7,10,7,5,greedy,32,0.04537090001394972,15,0.0030247266675966483,True
0,LARGE_MAZE,3810,3810,7,10,7,5,beam_2,32,0.04921940003987402,15,0.003281293335991601,True
0,LARGE_MAZE,3810,3810,7,10,7,5,beam_3,32,0.057428000029176474,15,0.0038285333352784316,True
0,LARGE_MAZE,2405,2405,3,1,5,9,greedy,34,0.04575599997770041,16,0.0028597499986062758,True
0,LARGE_MAZE,2405,2405,3,1,5,9,beam_2,34,0.050856699992436916,16,0.0031785437495273072,True
0,LARGE_MAZE,2405,2405,3,1,5,9,beam_3,34,0.054723800043575466,16,0.0034202375027234666,True
0,LARGE_MAZE,3003,3003,5,2,7,10,greedy,34,0.05502840003464371,16,0.003439275002165232,True
0,LARGE_MAZE,3003,3003,5,2,7,10,beam_2,34,0.06102859997190535,16,0.0038142874982440844,True
0,LARGE_MAZE,3003,3003,5,2,7,10,beam_3,34,0.061953799973707646,16,0.003872112498356728,True
0,LARGE_MAZE,3318,3318,6,3,7,10,greedy,34,0.050549899984616786,16,0.003159368749038549,True
0,LARGE_MAZE,3318,3318,6,3,7,10,beam_2,34,0.0571005999809131,16,0.003568787498807069,True
0,LARGE_MAZE,3318,3318,6,3,7,10,beam_3,34,0.054485299973748624,16,0.003405331248359289,True
0,LARGE_MAZE,3445,3445,6,9,6,7,greedy,34,0.04473289998713881,16,0.0027958062491961755,True
0,LARGE_MAZE,3445,3445,6,9,6,7,beam_2,34,0.05724049999844283,16,0.003577531249902677,True
0,LARGE_MAZE,3445,3445,6,9,6,7,beam_3,34,0.057506300043314695,16,0.0035941437527071685,True
0,LARGE_MAZE,3678,3678,7,6,7,10,greedy,34,0.04973040003096685,16,0.003108150001935428,True
0,LARGE_MAZE,3678,3678,7,6,7,10,beam_2,34,0.05333719996269792,16,0.00333357499766862,True
0,LARGE_MAZE,3678,3678,7,6,7,10,beam_3,34,0.05431400000816211,16,0.003394625000510132,True
0,LARGE_MAZE,3764,3764,7,9,7,3,greedy,34,0.04575390001991764,16,0.0028596187512448523,True
0,LARGE_MAZE,3764,3764,7,9,7,3,beam_2,34,0.05668450001394376,16,0.003542781250871485,True
0,LARGE_MAZE,3764,3764,7,9,7,3,beam_3,34,0.054590600018855184,16,0.003411912501178449,True
0,LARGE_MAZE,3803,3803,7,10,6,3,greedy,34,0.053413999965414405,16,0.0033383749978384003,True
0,LARGE_MAZE,3803,3803,7,10,6,3,beam_2,34,0.05211840005358681,16,0.0032574000033491757,True
0,LARGE_MAZE,3803,3803,7,10,6,3,beam_3,34,0.05959489999804646,16,0.0037246812498779036,True
0,LARGE_MAZE,2462,2462,3,2,7,9,greedy,36,0.05133909999858588,17,0.0030199470587403457,True
0,LARGE_MAZE,2462,2462,3,2,7,9,beam_2,36,0.05681310000363737,17,0.0033419470590374924,True
0,LARGE_MAZE,2462,2462,3,2,7,9,beam_3,36,0.06039189995499328,17,0.0035524647032348987,True
0,LARGE_MAZE,3407,3407,6,7,7,9,greedy,36,0.04782629996770993,17,0.002813311762806466,True
0,LARGE_MAZE,3407,3407,6,7,7,9,beam_2,36,0.055411400040611625,17,0.003259494120035978,True
0,LARGE_MAZE,3407,3407,6,7,7,9,beam_3,36,0.07644719997188076,17,0.0044968941159929865,True
0,LARGE_MAZE,3542,3542,7,2,7,9,greedy,36,0.05882889998611063,17,0.0034605235285947427,True
0,LARGE_MAZE,3542,3542,7,2,7,9,beam_2,36,0.06918470002710819,17,0.004069688236888717,True
0,LARGE_MAZE,3542,3542,7,2,7,9,beam_3,36,0.07213230000343174,17,0.004243076470790102,True
0,LARGE_MAZE,3747,3747,7,9,4,1,greedy,36,0.05454199999803677,17,0.0032083529410609868,True
0,LARGE_MAZE,3747,3747,7,9,4,1,beam_2,36,0.05698540003504604,17,0.0033520823550027084,True
0,LARGE_MAZE,3747,3747,7,9,4,1,beam_3,36,0.06078900001011789,17,0.0035758235300069347,True
0,LARGE_MAZE,3795,3795,7,10,5,1,greedy,36,0.05031479999888688,17,0.0029596941175815813,True
0,LARGE_MAZE,3795,3795,7,10,5,1,beam_2,36,0.06054169998969883,17,0.003561276469982284,True
0,LARGE_MAZE,3795,3795,7,10,5,1,beam_3,36,0.062734899984207,17,0.003690288234365118,True
0,LARGE_MAZE,2463,2463,3,2,7,10,greedy,38,0.05176870001014322,18,0.002876038889452401,True
0,LARGE_MAZE,2463,2463,3,2,7,10,beam_2,38,0.057581900036893785,18,0.003198994446494099,True
0,LARGE_MAZE,2463,2463,3,2,7,10,beam_3,38,0.06491979997372255,18,0.003606655554095697,True
0,LARGE_MAZE,3543,3543,7,2,7,10,greedy,38,0.05179860000498593,18,0.002877700000276996,True
0,LARGE_MAZE,3543,3543,7,2,7,10,beam_2,38,0.05731619999278337,18,0.0031842333329324094,True
0,LARGE_MAZE,3543,3543,7,2,7,10,beam_3,38,0.06059579999418929,18,0.003366433333010516,True
0,LARGE_MAZE,3784,3784,7,10,3,2,greedy,38,0.05380940000759438,18,0.002989411111533021,True
0,LARGE_MAZE,3784,3784,7,10,3,2,beam_2,38,0.06460209999931976,18,0.0035890055555177647,True
0,LARGE_MAZE,3784,3784,7,10,3,2,beam_3,38,0.06417690002126619,18,0.0035653833345147884,True
0,LARGE_MAZE,3183,3183,5,7,7,10,greedy,40,0.060337600007187575,19,0.00317566315827303,True
0,LARGE_MAZE,3183,3183,5,7,7,10,beam_2,40,0.0727774000260979,19,0.003830389475057784,True
0,LARGE_MAZE,3183,3183,5,7,7,10,beam_3,40,0.0851795999915339,19,0.004483136841659679,True
